groupID,n_PAS,n_sig,n_big,min_padj,max_absL2FC,mean_absL2FC,dir_consensus,perGeneQ
DMAC1,4,1,0,6.28062597747185e-05,0.132178988185993,0.132178988185993,Decreased_only,6.28062594522638e-05
LASP1,2,1,0,6.28062597747185e-05,0.017616545826554,0.017616545826554,Decreased_only,8.9044261517901e-05
HBEGF,2,1,0,0.000136357945922319,0.14767419373117,0.14767419373117,Decreased_only,0.000136357936893724
LIFR,3,2,0,0.000136357945922319,0.255058145433262,0.253284419273116,Increased_only,0.000149755589606126
ACBD5,3,1,0,0.000136357945922319,0.0722369761720909,0.0722369761720909,Increased_only,0.000167537167531558
PCNX4,5,1,1,0.000136357945922319,0.628942192981703,0.628942192981703,Increased_only,0.000179024449829535
DKC1,2,2,0,0.000235272623281388,0.426138006662556,0.294670929085171,Mixed,0.000235272587309779
SLC35D2,2,1,0,0.000235272623281388,0.00380082543013494,0.00380082543013494,Increased_only,0.000258165058427811
CAPN1,2,1,0,0.000307276498620237,0.128755618288332,0.128755618288332,Increased_only,0.000307276429396948
SH3BP2,3,1,0,0.000332689285350577,0.295515651869469,0.295515651869469,Increased_only,0.000332689195315372
FNBP1L,2,2,1,0.000362248191070871,0.613435058405454,0.441092555132289,Mixed,0.000362248052275309
NBEA,2,2,1,0.000362248191070871,0.515326922096718,0.452864495530056,Mixed,0.000365766214250107
CENPS-CORT,2,2,2,0.000362248191070871,3.84869640106246,2.57234763166555,Mixed,0.000370077320108094
TMEM254,2,2,0,0.000417359866312826,0.397803261778614,0.336096937087339,Mixed,0.000417359653636962
COX7B,2,1,0,0.000417359866312826,0.00751959397177515,0.00751959397177515,Increased_only,0.000438682920603149
SH3BP1,2,2,1,0.000548672842934031,0.598875308297109,0.496860571900411,Mixed,0.00054867242641097
HMGXB4,2,1,0,0.000548672842934031,0.442569146852112,0.442569146852112,Decreased_only,0.000550865807446663
LAPTM4A,2,1,0,0.000622384003520623,0.108148561695099,0.108148561695099,Decreased_only,0.000622383404469985
GATB,2,1,0,0.000622384003520623,0.131187280821474,0.131187280821474,Increased_only,0.000641455844846465
EMC4,2,1,0,0.000715354869539223,0.270131532938148,0.270131532938148,Decreased_only,0.000715354036557175
AKIRIN2,4,1,0,0.000781019664317755,0.358115174900767,0.358115174900767,Decreased_only,0.000781018572048739
TRMT10C,3,2,0,0.000781019664317755,0.197857777790194,0.128270943064594,Increased_only,0.000804005098649033
EIF3E,2,1,0,0.000889643786700279,0.0391546896544206,0.0391546896544206,Increased_only,0.000889642240683622
NUP37,2,2,0,0.000889643786700279,0.36516231540403,0.275403764484552,Mixed,0.000893243544777595
SLC39A6,2,1,0,0.00103071581467584,0.195452175130351,0.195452175130351,Decreased_only,0.00103071365305713
RPL4,4,2,1,0.00104455935675644,0.596057154555099,0.343141803500553,Mixed,0.00104455704786893
CHCHD4,2,1,0,0.00111092932068582,0.00789665939289641,0.00789665939289641,Decreased_only,0.00111092660860634
ZNF746,2,1,0,0.00126863258214701,0.165670527925299,0.165670527925299,Decreased_only,0.00126862865248375
DAP,2,2,0,0.00126863258214701,0.0761818591868497,0.0519164858074515,Mixed,0.0012779699514999
ST6GALNAC6,2,1,1,0.00126863258214701,0.557814563041219,0.557814563041219,Increased_only,0.0013043160066888
ZNF324,2,2,2,0.00179200016258683,2.03925063849772,1.78919027528359,Mixed,0.00179199153772474
VDAC3,3,1,0,0.00179200016258683,0.0464341947518232,0.0464341947518232,Increased_only,0.00182690868095568
ZNF557,3,1,1,0.00179200016258683,0.62412130193523,0.62412130193523,Decreased_only,0.00182965677752915
GNB5,4,1,0,0.00185704408075811,0.160581430357823,0.160581430357823,Increased_only,0.00185703425705152
MSX1,3,2,2,0.00185704408075811,0.918974855314191,0.889502964802815,Mixed,0.00185819137823266
RTF2,2,1,1,0.0019761974021618,0.52307338939996,0.52307338939996,Decreased_only,0.00197618564172022
RPL7A,2,1,0,0.0019761974021618,0.486364410494964,0.486364410494964,Increased_only,0.00197982903374441
SNX21,3,1,1,0.00204794825184084,1.16919506467861,1.16919506467861,Increased_only,0.00210044574140693
HSPD1,2,2,0,0.00204794825184084,0.267172850657434,0.188582730083143,Mixed,0.0021279045648441
CHMP7,2,1,0,0.00260955091014394,0.0590589385465528,0.0590589385465528,Decreased_only,0.00267476639127761
TMUB2,3,1,1,0.00265133325449839,0.713742888588848,0.713742888588848,Increased_only,0.00271597530399802
CRYZL1,5,1,1,0.00283989480822173,1.00155145587262,1.00155145587262,Increased_only,0.00296608013364915
ZNF703,3,1,0,0.00283281234702806,0.268221396808508,0.268221396808508,Increased_only,0.00296767806716664
FAM136A,2,2,1,0.00283989480822173,0.822083229996712,0.643657858121188,Mixed,0.00299883983513071
ANGPT1,2,1,0,0.00283989480822173,0.199545259099456,0.199545259099456,Increased_only,0.00306361806510276
IST1,2,1,0,0.00297308758673844,0.123344476914388,0.123344476914388,Increased_only,0.00310231623152334
TBCCD1,2,2,1,0.0031009007245705,0.609730908749667,0.520056823565914,Mixed,0.00322742655989438
ANGPT2,5,1,1,0.0031009007245705,0.679447448270636,0.679447448270636,Increased_only,0.00324234927410757
OTUD7B,8,1,1,0.0031009007245705,1.6328384712228,1.6328384712228,Decreased_only,0.00329154178617585
FGFRL1,2,1,1,0.00328120592872589,0.517365138468286,0.517365138468286,Increased_only,0.00341240677856565
SLC25A25,2,1,0,0.00331694886857195,0.0621317453217571,0.0621317453217571,Decreased_only,0.00347416368914184
TBC1D23,3,1,0,0.00331694886857195,0.274947264248662,0.274947264248662,Increased_only,0.00348899293093046
TRAF4,2,1,0,0.00331694886857195,0.213100054047723,0.213100054047723,Increased_only,0.00349084111390552
ESYT1,2,1,1,0.00331694886857195,0.711741292021552,0.711741292021552,Decreased_only,0.00350474782436915
ZFC3H1,3,1,1,0.00331694886857195,0.608907295132862,0.608907295132862,Decreased_only,0.00352105963941887
NUBP1,2,1,1,0.00337449336090751,0.799186849029555,0.799186849029555,Increased_only,0.00354315672277428
PIGP,2,1,0,0.00337449336090751,0.162106992625192,0.162106992625192,Decreased_only,0.00356591653185274
KLHDC10,5,1,1,0.00331694886857195,1.82683378675615,1.82683378675615,Increased_only,0.00357114107153179
C3orf52,2,1,0,0.00331694886857195,0.247127556937676,0.247127556937676,Decreased_only,0.00362594915843258
SLC23A2,3,1,1,0.00347233216747555,0.716682877144027,0.716682877144027,Decreased_only,0.00364303671040747
RNPS1,2,2,0,0.00331694886857195,0.347469684646667,0.254464195631835,Mixed,0.0036631749819327
DMWD,4,1,1,0.00367946319172697,2.45334572826612,2.45334572826612,Decreased_only,0.00385742664700169
TBPL1,4,1,0,0.00390750182843597,0.17405611498039,0.17405611498039,Decreased_only,0.00409348742264323
NUDT9,2,1,1,0.00393369741807936,1.14380413764699,1.14380413764699,Increased_only,0.00411800115068958
SIL1,2,2,0,0.00425982770173701,0.213046980241519,0.166912154728822,Mixed,0.00445633007265038
ZFX,5,1,1,0.00487689411718982,2.59969712159831,2.59969712159831,Increased_only,0.00509512094373716
OARD1,2,1,1,0.00487689411718982,4.25036551951185,4.25036551951185,Increased_only,0.00511184285775781
CCT4,2,1,1,0.00615143508824404,0.524193287372455,0.524193287372455,Increased_only,0.0065027047472581
EXOSC2,5,1,0,0.00615143508824404,0.305241602918608,0.305241602918608,Increased_only,0.00653361788758298
ZMYM6,2,1,0,0.00615143508824404,0.245623409978309,0.245623409978309,Decreased_only,0.00659526235538597
ICAM1,3,1,0,0.00630660747200054,0.450037710916143,0.450037710916143,Increased_only,0.00665191209946037
CDC16,2,1,1,0.00630660747200054,0.670491084512115,0.670491084512115,Increased_only,0.00666660977692436
POGLUT3,2,1,0,0.00630660747200054,0.159833244597328,0.159833244597328,Decreased_only,0.00666846753441231
URM1,2,1,0,0.00641002000265571,0.495208739176961,0.495208739176961,Decreased_only,0.00684284743595932
TSPAN17,2,1,0,0.00660505317396471,0.20472728185622,0.20472728185622,Increased_only,0.00704508706862743
LZTR1,2,1,0,0.00674708045619613,0.00473549172791987,0.00473549172791987,Decreased_only,0.00719064748633473
CSTF2,2,1,0,0.00696149843021876,0.332498813641933,0.332498813641933,Decreased_only,0.00741319936236698
HSD17B11,2,1,1,0.00709446086516257,0.530202977613108,0.530202977613108,Increased_only,0.00754887221603547
UBE2D1,2,2,0,0.00729214445428729,0.182990253616572,0.130640549467388,Mixed,0.00775328605069315
AKAP11,2,1,1,0.00731861055517564,0.987772888448291,0.987772888448291,Increased_only,0.00777563002874421
POC1A,2,1,0,0.00776216804332193,0.472355316459732,0.472355316459732,Decreased_only,0.00824086648327823
BOP1,2,1,0,0.00784774533206515,0.282262744480102,0.282262744480102,Increased_only,0.0083258037335081
SRGAP1,2,2,0,0.00837599357478788,0.328268599653005,0.297811483588446,Mixed,0.00888003877796007
TMBIM1,2,1,0,0.00874860574765865,0.0353419266615944,0.0353419266615944,Increased_only,0.00926263602894677
SNRPC,2,1,0,0.00874860574765865,0.114807793835059,0.114807793835059,Increased_only,0.00931996025850317
BCKDK,3,1,0,0.00882681423220625,0.459467134325822,0.459467134325822,Decreased_only,0.00933939054123312
DNAJC2,3,1,0,0.00887310794374939,0.234582673021018,0.234582673021018,Decreased_only,0.00938243330443127
NCS1,7,1,0,0.00910953672593666,0.0260633047241168,0.0260633047241168,Increased_only,0.00962063795602729
NRN1,2,1,0,0.00910953672593666,0.472659005371921,0.472659005371921,Decreased_only,0.00971096754931536
UPF1,2,1,0,0.00932546190380826,0.192427062608697,0.192427062608697,Decreased_only,0.00983713315255162
PHLDB1,2,1,0,0.00940516325512383,0.296993250580284,0.296993250580284,Decreased_only,0.00991557718322106
CPSF4,2,1,0,0.00932546190380826,0.259542686846958,0.259542686846958,Increased_only,0.0099331948600465
MED17,2,1,0,0.00943091678598635,0.244621996950376,0.244621996950376,Increased_only,0.00993720781984215
MARCHF6,10,1,1,0.00944956399500215,2.56945909252643,2.56945909252643,Increased_only,0.00994095658591091
BICD2,2,1,0,0.00944956399500215,0.0990376736765075,0.0990376736765075,Decreased_only,0.0100230811872564
ARPC3,2,1,1,0.00944956399500215,0.651242221419432,0.651242221419432,Decreased_only,0.0100391805304943
SECISBP2,3,1,1,0.00963656022712241,0.714071956261745,0.714071956261745,Increased_only,0.0101324795352615
MRPL49,2,1,1,0.00970246497589532,0.685093020040246,0.685093020040246,Decreased_only,0.0101867435764921
JAK1,3,1,0,0.00969923361526726,0.209721379268421,0.209721379268421,Decreased_only,0.0101932636595433
EMILIN2,2,1,0,0.00970246497589532,0.264798990993341,0.264798990993341,Decreased_only,0.0102380285326036
KIF3A,3,2,0,0.00979569980926289,0.15847239361291,0.115288125164423,Mixed,0.0103155760509008
PTCD2,2,2,2,0.00979569980926289,1.4370600340084,1.18287641286557,Mixed,0.0103492492559579
PROSER2,2,1,1,0.00979569980926289,0.520190866289873,0.520190866289873,Increased_only,0.0104435743742417
GPCPD1,3,1,1,0.00979569980926289,1.71323652156319,1.71323652156319,Decreased_only,0.0104548020650467
PNPLA4,2,1,0,0.00979569980926289,0.316904550744796,0.316904550744796,Decreased_only,0.010477610968932
CENPA,2,1,0,0.00979569980926289,0.428604323777082,0.428604323777082,Decreased_only,0.0105142892888431
GALC,2,1,0,0.0099624783916278,0.353369362914549,0.353369362914549,Increased_only,0.0105201581268901
TMED2,2,1,0,0.0100668840795168,0.04584600851795,0.04584600851795,Decreased_only,0.0106251629748632
ACTL6A,2,1,0,0.0104624103556783,0.0120394007193516,0.0120394007193516,Increased_only,0.011011938287169
PDAP1,3,1,0,0.0104508448149876,0.0371198614218251,0.0371198614218251,Increased_only,0.0110146591739993
NSD1,3,1,0,0.0104508448149876,0.106105958841478,0.106105958841478,Decreased_only,0.0110435753519682
EIF4ENIF1,3,1,1,0.0104508448149876,0.500890459452755,0.500890459452755,Decreased_only,0.0110612312188588
GLRX,2,1,0,0.0104624103556783,0.04160564038113,0.04160564038113,Decreased_only,0.0110950284982377
SLC9B2,2,1,1,0.0104624103556783,0.704110920596695,0.704110920596695,Increased_only,0.0111209451668254
CETN2,2,1,0,0.0107152786006702,0.0147798079502444,0.0147798079502444,Decreased_only,0.0112635718212225
LDB1,3,1,0,0.0107152786006702,0.0766382617986414,0.0766382617986414,Increased_only,0.0112797191220855
YARS2,3,1,0,0.0107152786006702,0.066554671917781,0.066554671917781,Increased_only,0.0113521118595198
PDCD2,5,1,1,0.011323436800446,0.657122147719027,0.657122147719027,Increased_only,0.0119881292146593
CHCHD1,2,1,0,0.011323436800446,0.405978301234702,0.405978301234702,Increased_only,0.0120101022839982
YWHAB,8,1,1,0.0116303752843962,2.08077045660594,2.08077045660594,Increased_only,0.0123073342811846
RBBP7,3,1,0,0.0116948069781904,0.459758612138787,0.459758612138787,Decreased_only,0.0123534573258307
ADGRA3,2,1,0,0.0116948069781904,0.341517903415668,0.341517903415668,Decreased_only,0.0124150913315674
DUSP22,2,1,0,0.0117663486834388,0.3769673279046,0.3769673279046,Decreased_only,0.0124236937082113
USP32,2,1,1,0.0116948069781904,0.675948487327674,0.675948487327674,Increased_only,0.0124714961102741
PPRC1,2,1,0,0.0116948069781904,0.293168481166417,0.293168481166417,Decreased_only,0.0125269067856007
TM2D3,3,1,1,0.011902908234683,0.808748927676928,0.808748927676928,Decreased_only,0.0125421694289212
HMGCS1,3,1,0,0.011902908234683,0.402232195909875,0.402232195909875,Increased_only,0.0125527763618393
STIM2,2,1,0,0.011902908234683,0.221747133214938,0.221747133214938,Increased_only,0.0126284527958757
GZF1,6,1,1,0.0120135543353587,2.86963410836176,2.86963410836176,Decreased_only,0.0126393855029682
SPRY2,2,1,1,0.011902908234683,0.689764161340087,0.689764161340087,Decreased_only,0.0126437482434181
EID2,3,1,0,0.0120135543353587,0.00314606273737006,0.00314606273737006,Decreased_only,0.0126896417937926
BCAR1,3,1,1,0.011902908234683,0.810750341085058,0.810750341085058,Increased_only,0.0126931974515436
ZNF616,2,1,1,0.0120135543353587,0.705715225708405,0.705715225708405,Decreased_only,0.0127190159621478
NRP2,2,1,0,0.0120135543353587,0.0399144358904131,0.0399144358904131,Increased_only,0.0127370586889439
CPEB2,2,1,0,0.0121780412071087,0.241919947283232,0.241919947283232,Decreased_only,0.0128076925531681
IFI16,3,1,0,0.0123784868465286,0.277811087881817,0.277811087881817,Increased_only,0.0130137399427478
TTLL5,2,1,1,0.0126147233712609,1.0399790964947,1.0399790964947,Increased_only,0.0132526276705115
DDX42,2,1,0,0.0126147233712609,0.472178836430329,0.472178836430329,Decreased_only,0.0132835937130197
NGLY1,2,1,1,0.0127134482901245,0.862324166157434,0.862324166157434,Decreased_only,0.0133516767958295
SMYD4,2,2,2,0.0129116076098365,3.10174210631383,3.02819188259276,Mixed,0.013532764951676
PDGFB,3,1,0,0.0129116076098365,0.188389447861976,0.188389447861976,Increased_only,0.0135962076100198
VMP1,6,1,1,0.0129116076098365,2.13521556339727,2.13521556339727,Increased_only,0.0136072683564537
COX5A,2,1,0,0.0129116076098365,0.461489380412619,0.461489380412619,Increased_only,0.0136430605915708
ACO2,2,1,0,0.0129116076098365,0.130128201455889,0.130128201455889,Increased_only,0.0136441661609808
CPSF6,6,1,1,0.0129116076098365,1.05961470206474,1.05961470206474,Increased_only,0.0137140365944636
TTF1,2,1,1,0.0136983857198976,0.541873401991044,0.541873401991044,Decreased_only,0.0143527093099671
USP28,2,2,2,0.0138755342206212,0.618125496473564,0.57292877935105,Mixed,0.0145337462594492
ZW10,2,1,0,0.0149828328941758,0.147150948797195,0.147150948797195,Increased_only,0.0157842583008466
IFIT3,2,2,2,0.0149828328941758,1.9188377650549,1.89171396238,Mixed,0.0158176944102521
SGK3,3,1,1,0.0152120691650451,0.87698516274842,0.87698516274842,Decreased_only,0.0160202455775286
ETAA1,3,1,1,0.0153315085436226,0.974890828636996,0.974890828636996,Decreased_only,0.0161405714816518
JAM3,3,2,1,0.0155287845370447,0.740418413902573,0.478589946418754,Mixed,0.0163374226455089
GOSR2,11,1,0,0.0155287845370447,0.33804620439305,0.33804620439305,Increased_only,0.0163649385216951
ZDHHC13,2,1,0,0.0160159615322973,0.0626631611442043,0.0626631611442043,Increased_only,0.0169483580952326
PDCL,2,1,0,0.0160323582777521,0.113781570862025,0.113781570862025,Increased_only,0.0169536517758389
MTOR,2,1,0,0.0160323582777521,0.275979495177163,0.275979495177163,Decreased_only,0.0169802254978167
HECA,2,1,0,0.0164247707001243,0.00908590151690536,0.00908590151690536,Increased_only,0.0173624650823257
CFAP410,2,1,0,0.0165927655528137,0.362739174148919,0.362739174148919,Increased_only,0.017533968562361
STXBP1,3,1,0,0.0166822605237873,0.418931258149335,0.418931258149335,Decreased_only,0.0178250272707949
PLPP4,3,1,1,0.0166986822696953,0.742490853610679,0.742490853610679,Decreased_only,0.0178354166329389
FUNDC2,3,1,0,0.0167606881253535,0.356246185311829,0.356246185311829,Decreased_only,0.0178945363805588
TMEM38B,3,1,0,0.0166822605237873,0.141248845687659,0.141248845687659,Increased_only,0.0179337702259717
TRAPPC11,2,1,0,0.0169863814743577,0.332442820309375,0.332442820309375,Decreased_only,0.018147928151301
RORA,5,2,1,0.0169863814743577,1.46963128433124,0.738277481696834,Mixed,0.0181970082212551
DHTKD1,4,1,1,0.0169863814743577,1.40988308879918,1.40988308879918,Decreased_only,0.0182172966951634
PPP4R3A,3,1,0,0.017537365724945,0.296789317548437,0.296789317548437,Increased_only,0.0187349271490829
CSRP1,2,1,0,0.0175055204136732,0.0848781595963857,0.0848781595963857,Increased_only,0.0187436821405527
RPL27A,7,1,1,0.017537365724945,2.52461697994721,2.52461697994721,Increased_only,0.0187812071372989
ATG10,4,2,1,0.0175055204136732,1.10385306821708,0.612223825003941,Decreased_only,0.0187891299894514
APAF1,2,1,0,0.017537365724945,0.216598672145932,0.216598672145932,Increased_only,0.0187970248770862
MAPK8,4,1,1,0.0175055204136732,1.07324862293501,1.07324862293501,Increased_only,0.0188384481186307
ACP2,2,1,0,0.017537365724945,0.485234957641159,0.485234957641159,Increased_only,0.018859106288509
SAMD14,2,1,1,0.0175055204136732,0.745454828141211,0.745454828141211,Decreased_only,0.0189009677971873
MARVELD1,2,1,0,0.017537365724945,0.212179915587633,0.212179915587633,Increased_only,0.0189482076543998
SLC1A5,2,1,0,0.017537365724945,0.240443825419431,0.240443825419431,Decreased_only,0.0189963060520861
TNIP2,2,1,0,0.0188675225241471,0.0498996794114266,0.0498996794114266,Decreased_only,0.0202318241962628
ZFP64,3,1,0,0.0188675225241471,0.208393192728646,0.208393192728646,Increased_only,0.0203047867773653
HTATIP2,2,1,1,0.0188675225241471,0.504205081769333,0.504205081769333,Decreased_only,0.0203122261377547
CXADR,2,1,0,0.0188675225241471,0.30905942569288,0.30905942569288,Decreased_only,0.0203324994265214
SRP54,3,1,1,0.0191505952205098,0.748994553050419,0.748994553050419,Decreased_only,0.0205275184433553
RNF111,3,1,1,0.0192437420807714,0.637659492725892,0.637659492725892,Increased_only,0.0206196238027407
GFM2,2,1,0,0.0193317776650407,0.424732465707338,0.424732465707338,Increased_only,0.0206986899071814
SDHD,3,1,0,0.0193317776650407,0.162837819574797,0.162837819574797,Increased_only,0.0207447209045979
SNX17,2,1,0,0.0195489435271563,0.380939097541198,0.380939097541198,Increased_only,0.0208520563166868
ELK4,5,1,1,0.0195729224539371,1.36828010840522,1.36828010840522,Increased_only,0.0208708681093712
FBXL5,2,1,0,0.0196313951962315,0.414643935375782,0.414643935375782,Decreased_only,0.0209264891025785
FAM114A2,4,1,1,0.0195489435271563,0.526791621990368,0.526791621990368,Increased_only,0.0209425781455011
LETM1,5,1,1,0.0195489435271563,0.743462717557466,0.743462717557466,Increased_only,0.0209441506439501
ERVK3-1,5,1,1,0.0195489435271563,1.80362406669604,1.80362406669604,Decreased_only,0.020946242023233
DERA,2,1,0,0.0195489435271563,0.0144098360845639,0.0144098360845639,Decreased_only,0.0209675037914858
PAIP1,2,1,0,0.0197081330611752,0.39639665587517,0.39639665587517,Decreased_only,0.0209884615086142
DDX55,2,1,0,0.0195489435271563,0.483348793484588,0.483348793484588,Increased_only,0.0209940537769716
POLR3E,3,1,0,0.0195489435271563,0.00300565594614444,0.00300565594614444,Decreased_only,0.0209951164086624
AKAP1,4,1,1,0.0197081330611752,1.07616371563077,1.07616371563077,Decreased_only,0.0210177318350529
MICOS10,3,1,1,0.0195489435271563,1.30146450914745,1.30146450914745,Increased_only,0.021033887628186
CLIC4,13,1,1,0.0195489435271563,0.545948541455226,0.545948541455226,Decreased_only,0.0210429404955376
AGO3,5,1,1,0.0197081330611752,1.25500078232577,1.25500078232577,Decreased_only,0.0210533575420077
BBOF1,2,1,0,0.0195489435271563,0.39576583229108,0.39576583229108,Increased_only,0.0210671411106481
GEMIN4,3,1,0,0.0195489435271563,0.270970261228839,0.270970261228839,Decreased_only,0.0211709190424483
CEP250,2,1,0,0.0203191443103766,0.0186242678451762,0.0186242678451762,Decreased_only,0.0216322683572423
NECAB3,2,1,0,0.0203746372416202,0.183614447263899,0.183614447263899,Increased_only,0.0216847042185358
RAB3IP,3,1,1,0.0206760728545373,1.44537115756949,1.44537115756949,Increased_only,0.0219987515914489
TUBGCP4,4,1,1,0.0207619964548516,1.07206239464147,1.07206239464147,Decreased_only,0.0221472875028304
BDNF,7,1,1,0.0207619964548516,0.692600356397957,0.692600356397957,Decreased_only,0.0222520233149375
KDM5B,7,1,1,0.0211829666929271,0.812608419293234,0.812608419293234,Decreased_only,0.0226210668522854
COL6A3,2,1,0,0.0212761955299456,0.142213528703583,0.142213528703583,Increased_only,0.0227064751740768
NRGN,2,1,0,0.0212761955299456,0.142808779154406,0.142808779154406,Increased_only,0.0227155266889509
TSPAN18,4,1,1,0.0217682119485402,2.17804642949158,2.17804642949158,Decreased_only,0.0232242450944099
CBLL1,3,1,1,0.021865019219837,3.76040739665392,3.76040739665392,Decreased_only,0.0233064462779906
RAI14,5,1,1,0.021865019219837,1.01382667631929,1.01382667631929,Decreased_only,0.0234007237287913
CCNF,2,1,1,0.0220555317935936,0.953452050213157,0.953452050213157,Increased_only,0.0234956165573823
STAT5A,2,1,0,0.021865019219837,0.010396406217775,0.010396406217775,Decreased_only,0.0235010811852014
ODF2L,2,1,0,0.0220555317935936,0.287868129157401,0.287868129157401,Decreased_only,0.0235058908274046
NCEH1,3,1,0,0.0221230718304119,0.15919471083695,0.15919471083695,Increased_only,0.0235539313569982
POGK,2,1,0,0.0221230718304119,0.000854264277235117,0.000854264277235117,Increased_only,0.0236048693809221
MPC2,3,1,0,0.0224443869364934,0.216408818457531,0.216408818457531,Decreased_only,0.0238756504681864
ARL10,2,1,0,0.0224443869364934,0.198952125030803,0.198952125030803,Decreased_only,0.0239350001893655
TRNAU1AP,2,1,0,0.0224443869364934,0.128287237751075,0.128287237751075,Increased_only,0.0239548310339581
FGD1,2,1,0,0.0228458773978817,0.0264744546258848,0.0264744546258848,Increased_only,0.0242958178606396
SULF2,2,1,0,0.0229027077085499,0.114237256397274,0.114237256397274,Decreased_only,0.0243495312477193
TFDP1,4,1,0,0.0230201053598228,0.104370118572496,0.104370118572496,Decreased_only,0.0244610072228932
MTF2,5,1,1,0.0230201053598228,1.1266419394997,1.1266419394997,Decreased_only,0.0245632365243102
CANT1,2,1,0,0.023338111129267,0.206136988039868,0.206136988039868,Decreased_only,0.024792122562514
MORC2,2,1,0,0.0234996211757207,0.360424116320514,0.360424116320514,Increased_only,0.0249569863138286
STXBP5,8,1,1,0.0236941267124245,0.52918820428062,0.52918820428062,Increased_only,0.0251568324528352
GTPBP10,3,1,1,0.0240176175798428,0.820980063579415,0.820980063579415,Increased_only,0.0254934736724281
SEC62,14,1,0,0.0244469545581717,0.303994456024319,0.303994456024319,Increased_only,0.0259224440965395
LATS2,5,1,1,0.0244469545581717,2.03143890910102,2.03143890910102,Increased_only,0.0259399798693899
SNX6,4,1,0,0.0244469545581717,0.187355130213986,0.187355130213986,Increased_only,0.0259628821918834
SLC35F6,3,1,1,0.0244469545581717,1.09431352528588,1.09431352528588,Increased_only,0.0260244487143055
SRSF6,6,1,0,0.0246416799520895,0.346141248469282,0.346141248469282,Decreased_only,0.026115792274672
TLE4,2,1,0,0.0246416799520895,0.215643629781519,0.215643629781519,Increased_only,0.0261348878156936
USP53,4,1,1,0.0252962242710181,1.84810959754618,1.84810959754618,Decreased_only,0.0269109950522804
TRIM23,5,1,1,0.0253597570764685,0.987388355386834,0.987388355386834,Decreased_only,0.0269715198429425
TAB3,2,1,1,0.026849140146979,0.761406707734108,0.761406707734108,Decreased_only,0.0287755710854279
PIGG,2,1,0,0.0275094253074972,0.194473705288194,0.194473705288194,Increased_only,0.0294743391179231
EEIG1,2,1,0,0.0275408065202177,0.316647037570224,0.316647037570224,Increased_only,0.0294995106153853
CPEB4,2,1,0,0.0277879987174213,0.212370091081125,0.212370091081125,Increased_only,0.0297556937154944
DNM1L,5,1,1,0.0279129941764955,1.55789631711412,1.55789631711412,Decreased_only,0.0298727217842535
ALDH2,4,1,0,0.0279836011393171,0.148236786331031,0.148236786331031,Increased_only,0.0299399536103307
RSPH3,3,1,1,0.0279129941764955,0.764296153825564,0.764296153825564,Decreased_only,0.029960308675194
ARFGEF2,2,1,0,0.0285845988292293,0.326979792427547,0.326979792427547,Increased_only,0.030674599837682
MFSD8,3,1,0,0.0285838303603613,0.012364192555701,0.012364192555701,Decreased_only,0.0306825192908476
PDCL3,3,1,0,0.0285838303603613,0.362117876881875,0.362117876881875,Increased_only,0.0306977716484005
TIMM9,3,1,1,0.0286296505219688,5.52727137969194,5.52727137969194,Decreased_only,0.0307056125627728
LRRC1,2,1,1,0.0286296505219688,0.68569971967616,0.68569971967616,Increased_only,0.0307854657642328
VPS35L,2,1,0,0.029003643114057,0.0313022051670337,0.0313022051670337,Increased_only,0.0312150904265691
RPS28,2,1,0,0.0292946649547842,0.271041746451386,0.271041746451386,Decreased_only,0.0315098647193747
SREK1IP1,10,1,1,0.0293736433240136,1.36997376005795,1.36997376005795,Increased_only,0.0315857256737906
GNPDA1,2,1,1,0.0292946649547842,0.872597467317735,0.872597467317735,Increased_only,0.0316327046984871
ANXA5,2,1,0,0.0301970213352462,0.154679066030241,0.154679066030241,Increased_only,0.0324613088753128
MTRR,2,2,2,0.0302737470862584,0.813555134819157,0.756888615437821,Mixed,0.0325164441286681
EFHD2,5,1,0,0.0302737470862584,0.264134258286516,0.264134258286516,Increased_only,0.0325597386461299
DIABLO,3,1,0,0.0302737470862584,0.335012223758167,0.335012223758167,Decreased_only,0.0326015221142916
TMEM33,9,1,1,0.0304583766412611,1.5078678257072,1.5078678257072,Increased_only,0.0327056071794887
DVL3,3,1,1,0.0307599310346873,1.06683685748534,1.06683685748534,Increased_only,0.0330201590720965
SOS2,3,1,0,0.030964027056727,0.418717313984634,0.418717313984634,Increased_only,0.0331946875255667
TCF4,12,1,0,0.030964027056727,0.388817598229154,0.388817598229154,Increased_only,0.0332343694828274
ZNF621,2,1,1,0.030964027056727,0.834372533725637,0.834372533725637,Increased_only,0.0332951649106077
ALKBH4,2,1,1,0.030964027056727,0.762880558148541,0.762880558148541,Increased_only,0.0333120851357187
ZNF706,2,1,0,0.030964027056727,0.115075227188067,0.115075227188067,Decreased_only,0.0333555473149981
ALG12,2,1,0,0.0311832966903374,0.184568766544481,0.184568766544481,Decreased_only,0.0334121664862826
INO80C,2,1,0,0.0311764870611398,0.0488684091864053,0.0488684091864053,Increased_only,0.033413550482771
BABAM2,2,1,1,0.0315772439701361,0.515788727215549,0.515788727215549,Decreased_only,0.0338165877237348
INPP4A,4,1,1,0.0315772439701361,0.944262759707505,0.944262759707505,Increased_only,0.0338376258042061
NEMF,7,1,1,0.0317806900287742,5.47260116495046,5.47260116495046,Decreased_only,0.0340256535734427
SNRNP200,2,1,1,0.0325280596136492,0.661828551969261,0.661828551969261,Increased_only,0.0348164257977592
ING2,2,1,0,0.03264632833389,0.045835457529277,0.045835457529277,Decreased_only,0.0349341639909967
FAM110A,2,1,0,0.032795913470912,0.0508401972045673,0.0508401972045673,Decreased_only,0.0350767126004492
KMT2E,3,1,0,0.0327937344723207,0.0833891280989505,0.0833891280989505,Increased_only,0.0350830496716368
DMD,2,1,0,0.0332217249483755,0.477439002643387,0.477439002643387,Decreased_only,0.0355230656270887
RTN1,2,1,1,0.0332781576931006,1.08262586348347,1.08262586348347,Decreased_only,0.0355746928772381
ZNF777,2,1,1,0.0333080639858151,0.631288458081086,0.631288458081086,Decreased_only,0.0355980254874038
ASB6,2,1,0,0.0338100718080712,0.375047913737165,0.375047913737165,Decreased_only,0.0361254356241086
THOC2,5,1,0,0.0339694464319091,0.449845641534934,0.449845641534934,Increased_only,0.0362869276379411
ARHGEF15,2,1,1,0.0342026100038472,0.616585004348117,0.616585004348117,Increased_only,0.0365271379519983
ZNF461,3,1,0,0.0345177688581245,0.355422410247921,0.355422410247921,Increased_only,0.0368547625162917
POP5,2,1,0,0.0348005554278356,0.0279828971150238,0.0279828971150238,Decreased_only,0.0371676901465475
VPS53,6,1,1,0.0348005554278356,6.58934434779805,6.58934434779805,Decreased_only,0.0372280051058811
RPS26,2,1,0,0.0348005554278356,0.11874029422405,0.11874029422405,Increased_only,0.0372623327438284
TMEM154,7,1,1,0.0348005554278356,5.69818333218717,5.69818333218717,Decreased_only,0.0373361328601896
TPST1,2,1,0,0.0348005554278356,0.279117881275939,0.279117881275939,Increased_only,0.0373585556071721
VCP,4,1,1,0.0349885659394038,2.31833321798651,2.31833321798651,Increased_only,0.0374201508698704
CLK4,4,1,1,0.0348005554278356,5.10681015125752,5.10681015125752,Increased_only,0.0374396561037044
TRIM32,3,1,0,0.0353269705187547,0.161301896141453,0.161301896141453,Decreased_only,0.0377468005901114
TYMS,2,1,0,0.0353269705187547,0.0900838901015639,0.0900838901015639,Decreased_only,0.0378523642015016
ARHGAP29,14,1,1,0.0353269705187547,5.32889110123238,5.32889110123238,Decreased_only,0.037863080910747
PRMT2,2,1,0,0.0354482725847355,0.0920111682933289,0.0920111682933289,Increased_only,0.0378676769503064
TMEM184B,2,1,0,0.0353269705187547,0.0918249591714311,0.0918249591714311,Decreased_only,0.0378831356683421
SAYSD1,3,1,1,0.0354601272344844,0.965472251117318,0.965472251117318,Increased_only,0.0379938230964755
SELENON,2,1,0,0.035578755059389,0.244934162729031,0.244934162729031,Increased_only,0.038111856811896
CYB5A,3,1,0,0.0357130935017454,0.358988677463103,0.358988677463103,Increased_only,0.0382467000899141
FOXP1,6,1,1,0.0357660677366643,2.18253649219504,2.18253649219504,Decreased_only,0.0382856759370348
FKBP15,3,1,0,0.0357660677366643,0.17206845713275,0.17206845713275,Decreased_only,0.038329570831686
FOXK1,3,1,0,0.0360104790615315,0.0825074240580665,0.0825074240580665,Increased_only,0.0385382398164188
BAG3,3,1,1,0.0364404025985544,3.42630531241993,3.42630531241993,Increased_only,0.0389890398926837
THOC7,2,1,0,0.0366743782492256,0.0074197416638988,0.0074197416638988,Decreased_only,0.0392302737159563
SART1,2,1,0,0.0368464918141518,0.121415801296218,0.121415801296218,Increased_only,0.0393965603545201
UGGT1,11,1,0,0.0368464918141518,0.0276863014216833,0.0276863014216833,Decreased_only,0.0394452364720534
LARS2,2,1,1,0.0369459106093013,0.592480932353428,0.592480932353428,Increased_only,0.0394680604127503
SH2B3,2,1,0,0.0369459106093013,0.139716581681293,0.139716581681293,Increased_only,0.0395108565874001
CCNG1,2,1,0,0.0369459106093013,0.0145441219804372,0.0145441219804372,Increased_only,0.0395248649309671
DHX37,2,1,0,0.0369459106093013,0.0615087672313681,0.0615087672313681,Increased_only,0.0395442666733957
PLEC,2,1,0,0.0373285896916956,0.080053077687106,0.080053077687106,Decreased_only,0.0398678383719051
MAD2L1,2,1,1,0.0375292855352576,0.748215470788279,0.748215470788279,Increased_only,0.0400733599272258
SNRK,2,1,0,0.0375293742253653,0.423516990393193,0.423516990393193,Increased_only,0.0401347248226454
PARK7,2,1,0,0.0375293742253653,0.235147647342439,0.235147647342439,Increased_only,0.0401662159292323
NEPRO,3,1,1,0.0375293742253653,0.744667291609246,0.744667291609246,Increased_only,0.0402006249631251
DNAJC11,2,1,0,0.0375293742253653,0.100795230583833,0.100795230583833,Decreased_only,0.0402355409508958
STXBP4,3,1,1,0.0375293742253653,1.63268972875186,1.63268972875186,Increased_only,0.0402493391564014
ZNF71,2,1,1,0.0375293742253653,0.717530238614184,0.717530238614184,Decreased_only,0.0402625578853764
ERLIN1,3,2,2,0.0375293742253653,1.86997323020864,1.50965456948498,Mixed,0.0402840187087396
HS2ST1,9,1,1,0.038407022664816,0.674688916285331,0.674688916285331,Decreased_only,0.0411859993636982
RRP1,2,1,0,0.038454930586962,0.218858057921716,0.218858057921716,Decreased_only,0.0412282009956747
ITPRIPL2,8,1,0,0.038839464038335,0.00399606018340215,0.00399606018340215,Increased_only,0.0416308737436518
DAB2IP,2,1,0,0.038908579980265,0.213013517956004,0.213013517956004,Decreased_only,0.0416957651880145
CCNC,2,1,0,0.0389736485239238,0.00495081292749511,0.00495081292749511,Increased_only,0.0417294703436692
MAD2L2,2,1,0,0.039024419337031,0.260519424713319,0.260519424713319,Decreased_only,0.041774910961335
ASAP2,2,1,0,0.0390555948580805,0.156086534137906,0.156086534137906,Decreased_only,0.0417906733565716
BTG2,2,1,1,0.0389736485239238,1.20055374489015,1.20055374489015,Decreased_only,0.0418458226039888
ZNF529,2,1,0,0.0390555948580805,0.216360252508913,0.216360252508913,Decreased_only,0.0418962368589707
BARD1,2,1,0,0.0389736485239238,0.216483699016853,0.216483699016853,Decreased_only,0.041963285522564
MAPK1IP1L,10,1,1,0.0389736485239238,0.78565890031694,0.78565890031694,Decreased_only,0.0419698129991545
TYSND1,2,1,1,0.0397561562694457,1.95388352327294,1.95388352327294,Increased_only,0.0425987104412837
RHOT1,4,1,1,0.0397561562694457,0.512628305671909,0.512628305671909,Decreased_only,0.0427132703412531
LMNB2,3,1,0,0.0397561562694457,0.38760470189407,0.38760470189407,Decreased_only,0.0427421231426266
TARBP1,2,1,0,0.0397561562694457,0.0612039333325107,0.0612039333325107,Increased_only,0.0427546605728512
SCYL2,5,1,1,0.0397561562694457,0.578594028335135,0.578594028335135,Increased_only,0.0427741316604578
NAA30,6,1,1,0.0397561562694457,0.878467882334738,0.878467882334738,Decreased_only,0.0428823947981387
MRPS11,4,1,1,0.0397561562694457,0.994767550907065,0.994767550907065,Decreased_only,0.0429592702759582
ZNF333,3,1,0,0.0400735579555811,0.0233840774827758,0.0233840774827758,Decreased_only,0.043041020747911
FARSB,3,1,0,0.0400735579555811,0.446838246167797,0.446838246167797,Increased_only,0.0430715043218884
GLIPR2,5,1,1,0.0407313278217281,1.85866186736489,1.85866186736489,Increased_only,0.0437187946308245
BBS2,3,1,1,0.0407408666988872,0.778213871603506,0.778213871603506,Decreased_only,0.0437198381744779
LSM4,2,1,0,0.0407313278217281,0.0866341470870129,0.0866341470870129,Decreased_only,0.0437881456571773
ACAP2,2,1,0,0.0408386435627344,0.0121996422899509,0.0121996422899509,Decreased_only,0.0438154873949542
SNX29,3,1,0,0.0407313278217281,0.330150587326843,0.330150587326843,Increased_only,0.0439015243904477
POLK,6,1,0,0.0410685437539111,0.401784642004983,0.401784642004983,Increased_only,0.0440526975369787
SLC45A4,3,1,1,0.0410861288207881,0.998728085560501,0.998728085560501,Decreased_only,0.04406243680757
CD82,2,1,0,0.0411601572908304,0.45319609692181,0.45319609692181,Increased_only,0.0441326667066561
SEC23A,4,1,0,0.0414137811892878,0.109076573324982,0.109076573324982,Decreased_only,0.0443861877143153
DESI2,2,1,0,0.0414137811892878,0.16029442813285,0.16029442813285,Increased_only,0.0445118877964978
MTF1,5,1,1,0.0420925045721784,0.674914098914031,0.674914098914031,Increased_only,0.0450945361558705
RNF20,4,1,1,0.0420925045721784,1.57219046607745,1.57219046607745,Decreased_only,0.045160389002454
TMA7,3,1,1,0.042420737551412,1.19838082180869,1.19838082180869,Increased_only,0.0454366497605182
SEPTIN7,4,2,2,0.0426449223484561,1.31783373985281,1.10338105479727,Mixed,0.0456583601058392
NARS2,2,1,0,0.0426449223484561,0.397808030774103,0.397808030774103,Decreased_only,0.0457164903014233
CHMP5,3,1,1,0.0429039554208731,0.664693496216661,0.664693496216661,Decreased_only,0.045926306355471
CNOT9,4,1,0,0.0434180960771068,0.449918117410177,0.449918117410177,Increased_only,0.0465909295271546
RNASE1,2,1,0,0.0434859783452756,0.262542868386111,0.262542868386111,Increased_only,0.0466542669687174
TTC7A,4,1,0,0.0437427093936445,0.0519144605961803,0.0519144605961803,Increased_only,0.0469199222671356
PXN,2,1,0,0.0438903994931638,0.0351139243237597,0.0351139243237597,Decreased_only,0.0470687348116967
NPAT,3,1,1,0.0442908555346825,0.650088662453304,0.650088662453304,Decreased_only,0.0474788055861884
PPP3CB,2,1,0,0.0442908555346825,0.110564670923106,0.110564670923106,Increased_only,0.0474983337092231
JCAD,7,1,1,0.0444785682397792,0.691784735423356,0.691784735423356,Decreased_only,0.0476703908827902
PPP2R1A,2,1,0,0.0447089471473934,0.0829468185489084,0.0829468185489084,Increased_only,0.0479171414974329
SRPRA,2,1,0,0.0447089471473934,0.288364391258934,0.288364391258934,Decreased_only,0.0479945170967351
DLAT,7,1,1,0.0447089471473934,4.96907707814439,4.96907707814439,Decreased_only,0.0480455717854652
BMPR2,11,1,1,0.0447089471473934,1.82728446173625,1.82728446173625,Decreased_only,0.0480500862765805
SMU1,7,1,1,0.0447089471473934,0.683221753858666,0.683221753858666,Decreased_only,0.0480771577887174
GADD45GIP1,2,1,0,0.0448941697516814,0.0278228641862324,0.0278228641862324,Decreased_only,0.0481835806958132
PREX1,2,1,0,0.044931756203421,0.161246009377852,0.161246009377852,Increased_only,0.0482144176717126
VCF1,5,1,1,0.0457995743242891,1.71752362676071,1.71752362676071,Decreased_only,0.0492750102515097
TPR,2,1,0,0.0457995743242891,0.469935025798337,0.469935025798337,Decreased_only,0.0492753616992488
TBK1,3,1,0,0.0457995743242891,0.121925668283719,0.121925668283719,Decreased_only,0.0492835933001036
HOXB5,2,1,0,0.0459349859826587,0.294483771898578,0.294483771898578,Increased_only,0.0495015259920596
CRAMP1,2,1,1,0.0461205632724917,1.32993484610827,1.32993484610827,Increased_only,0.0496910869084622
ZNF423,3,1,1,0.0462533344768942,0.55140130704438,0.55140130704438,Decreased_only,0.0498238194930187
SERTAD2,5,1,1,0.0466837577950439,1.66953438147197,1.66953438147197,Increased_only,0.0502766246359476
ZNF597,2,1,1,0.0470310628025249,0.541522922351364,0.541522922351364,Increased_only,0.0506399214589012
PINX1,2,1,1,0.047201155039121,0.905612156951073,0.905612156951073,Increased_only,0.0507824987128958
STK4,2,1,0,0.047201155039121,0.168514291634263,0.168514291634263,Decreased_only,0.0508650049569092
BAG2,4,1,1,0.047201155039121,4.68836501432323,4.68836501432323,Decreased_only,0.0508949179335773
CA13,2,1,0,0.047201155039121,0.0740812615180242,0.0740812615180242,Decreased_only,0.0509062369622496
FAM107A,3,1,1,0.0481711118328404,0.866639848657104,0.866639848657104,Decreased_only,0.0518142553708251
GGA3,2,1,0,0.0484315688837608,0.109033054170099,0.109033054170099,Decreased_only,0.0520838146009064
TASP1,3,1,1,0.048944862503509,0.700700131370246,0.700700131370246,Decreased_only,0.052614566255621
COX19,8,1,1,0.048944862503509,1.39320987784939,1.39320987784939,Increased_only,0.0527140343331064
COPS7A,2,1,0,0.0498398835109552,0.448904725540677,0.448904725540677,Increased_only,0.0535443969702386
RNF150,2,1,0,0.0498398835109552,0.0464063740573524,0.0464063740573524,Increased_only,0.0535697380800436
COA6,2,1,0,0.0498398835109552,0.0454311557372922,0.0454311557372922,Increased_only,0.0536549653553873
FNDC3B,6,1,1,0.0498485469983721,1.46647654852049,1.46647654852049,Decreased_only,0.0537715495933069
PHF20,9,1,0,0.0498485469983721,0.28725962421434,0.28725962421434,Increased_only,0.0538847752428055
MOCS1,2,1,1,0.0498485469983721,0.966842405957562,0.966842405957562,Increased_only,0.0540117732255028
ABCB7,2,1,1,0.0498485469983721,1.10262109111705,1.10262109111705,Decreased_only,0.0540137168298031
PRKX,8,0,0,0.0503644870213986,NA,NA,NA,0.054284627396928
TBC1D14,2,0,0,0.0503644870213986,NA,NA,NA,0.0543723108891773
CUL4A,7,0,0,0.0503644870213986,NA,NA,NA,0.0544780743288945
OTUD4,2,0,0,0.0503644870213986,NA,NA,NA,0.054503201891006
ZNF182,2,0,0,0.0504917914159168,NA,NA,NA,0.0545400997480432
CIR1,3,0,0,0.0508417529254475,NA,NA,NA,0.0550361588977758
CLPP,2,0,0,0.0509576109682168,NA,NA,NA,0.0551390496212368
CIBAR1,3,0,0,0.0509576109682168,NA,NA,NA,0.055210226872441
PPP1R3D,3,0,0,0.0515356282460619,NA,NA,NA,0.0559893000367068
SNURF,2,0,0,0.0516113395144546,NA,NA,NA,0.0560597008750453
PRELID2,2,0,0,0.0515356282460619,NA,NA,NA,0.0561186090801703
TGFBI,2,0,0,0.0515356282460619,NA,NA,NA,0.0561233699793868
MSRB2,3,0,0,0.0517206090324166,NA,NA,NA,0.0561548861658403
HIF1AN,7,0,0,0.0517206090324166,NA,NA,NA,0.0562222908954612
ZNF410,3,0,0,0.0525422077336736,NA,NA,NA,0.0570653291496161
HSCB,2,0,0,0.0525422077336736,NA,NA,NA,0.0571404235187406
PDCD4,8,0,0,0.0525422077336736,NA,NA,NA,0.0571685625821909
RBM33,4,0,0,0.0529743795321244,NA,NA,NA,0.057597532855365
ZFYVE1,3,0,0,0.0532713912785936,NA,NA,NA,0.0579078440154232
KCNMB4,4,0,0,0.0533288225927823,NA,NA,NA,0.0579581924036332
EML4,2,0,0,0.053594888124958,NA,NA,NA,0.058234833945019
RIOX2,7,0,0,0.0536420380332435,NA,NA,NA,0.0582740489616387
GGCX,11,0,0,0.0537828423692292,NA,NA,NA,0.058414822990966
ARL15,2,0,0,0.0541414478191349,NA,NA,NA,0.0589234925776888
GID8,4,0,0,0.0544194328239863,NA,NA,NA,0.0592010010045071
GRPEL2,2,0,0,0.0544194328239863,NA,NA,NA,0.0593032954134428
COMMD8,4,0,0,0.0548159340440275,NA,NA,NA,0.0597517767204729
RMND5A,5,0,0,0.0548815205831452,NA,NA,NA,0.0598106268508865
SSR3,17,0,0,0.0551636105429753,NA,NA,NA,0.0601049261461284
NUS1,3,0,0,0.0552428930404276,NA,NA,NA,0.0601786713924567
WDR7,2,0,0,0.055534210901713,NA,NA,NA,0.0604704839595643
OCRL,2,0,0,0.055534210901713,NA,NA,NA,0.0605902628533964
POLA2,2,0,0,0.0557348448503305,NA,NA,NA,0.0606761009906963
GOSR1,4,0,0,0.0558525408581288,NA,NA,NA,0.0607670319251618
ZNF275,3,0,0,0.0558654558040275,NA,NA,NA,0.0607688539468828
PIGM,12,0,0,0.0558525408581288,NA,NA,NA,0.0609091671645526
ZNF292,4,0,0,0.0560253579687575,NA,NA,NA,0.060930247648222
CDT1,2,0,0,0.0558525408581288,NA,NA,NA,0.0609478808689563
VTI1A,7,0,0,0.0569256599812426,NA,NA,NA,0.061894959168166
SRGAP2,3,0,0,0.0575460193701972,NA,NA,NA,0.0625556137616504
SH3PXD2A,2,0,0,0.0577794441913929,NA,NA,NA,0.0628811735604088
TMEM65,8,0,0,0.057880600438069,NA,NA,NA,0.062978569213635
ZSWIM7,2,0,0,0.0579021097883442,NA,NA,NA,0.0629895234732354
TOM1L2,2,0,0,0.0577794441913929,NA,NA,NA,0.0630035719175076
RAD1,5,0,0,0.0577794441913929,NA,NA,NA,0.0630187450969903
RSBN1,2,0,0,0.0577794441913929,NA,NA,NA,0.0630246208667311
OGFRL1,8,0,0,0.0577794441913929,NA,NA,NA,0.063101435809
GALK2,3,0,0,0.0583867745620582,NA,NA,NA,0.0635031463875404
DHDDS,3,0,0,0.0587001048440905,NA,NA,NA,0.0638307069464519
PIK3CA,8,0,0,0.0587714523398886,NA,NA,NA,0.0640301917963761
SMAP2,2,0,0,0.0590215279299339,NA,NA,NA,0.0642892950681081
SLC17A9,2,0,0,0.0592524882265015,NA,NA,NA,0.0645149060403223
RAB5IF,2,0,0,0.0592524882265015,NA,NA,NA,0.0646035311775275
SMYD3,2,0,0,0.0593549613933681,NA,NA,NA,0.0646135923148069
ACOX3,4,0,0,0.0600333706035726,NA,NA,NA,0.0653249937873275
SEC22A,3,0,0,0.0600333706035726,NA,NA,NA,0.0654170444543309
ZNF33A,2,0,0,0.0602496012665933,NA,NA,NA,0.065547074352418
EPAS1,3,0,0,0.060271566983081,NA,NA,NA,0.065558310488247
TWIST2,3,0,0,0.0603091827265068,NA,NA,NA,0.0656005689358784
SAMD9L,2,0,0,0.0606191187830681,NA,NA,NA,0.0660458298643109
KIF14,2,0,0,0.0609911683759885,NA,NA,NA,0.0665602548581889
CCDC134,2,0,0,0.0609911683759885,NA,NA,NA,0.0666754866101004
MDH2,3,0,0,0.0612670115182828,NA,NA,NA,0.0668764769112983
HEATR1,5,0,0,0.0612670115182828,NA,NA,NA,0.0669039663089884
IGFBP3,2,0,0,0.0613005793364499,NA,NA,NA,0.0669274696356967
ERLIN2,6,0,0,0.0612670115182828,NA,NA,NA,0.0669787912684526
MTFMT,2,0,0,0.0612670115182828,NA,NA,NA,0.0670034409550629
WIPF1,3,0,0,0.0612670115182828,NA,NA,NA,0.0670057224686778
NKIRAS1,3,0,0,0.0612670115182828,NA,NA,NA,0.0670911300624715
RBMX,4,0,0,0.0612670115182828,NA,NA,NA,0.0671149215338002
PLRG1,4,0,0,0.0616441644138025,NA,NA,NA,0.0672885765322671
SYAP1,12,0,0,0.0616961982189066,NA,NA,NA,0.0673321965213569
ACADM,4,0,0,0.0619180703006875,NA,NA,NA,0.0676559213989172
MEF2A,9,0,0,0.0619180703006875,NA,NA,NA,0.0677464698484338
CTDSPL2,5,0,0,0.0619180703006875,NA,NA,NA,0.0677807560391925
GCFC2,2,0,0,0.0623079035448498,NA,NA,NA,0.0680804444348343
HYCC1,7,0,0,0.0624029968744612,NA,NA,NA,0.0681708772316087
LYRM2,7,0,0,0.0627862428758865,NA,NA,NA,0.0685752344071883
ABHD4,2,0,0,0.0632199645895404,NA,NA,NA,0.0690344433989359
MTG1,4,0,0,0.0635730475407447,NA,NA,NA,0.0695954041715839
KANSL2,2,0,0,0.0636025446740687,NA,NA,NA,0.0696961118046723
UQCC1,2,0,0,0.0638384756033743,NA,NA,NA,0.0699401392706823
FYN,3,0,0,0.0639726207247928,NA,NA,NA,0.0700729213689313
ISYNA1,2,0,0,0.0641211935945302,NA,NA,NA,0.0702214581138746
ABCG1,2,0,0,0.0641751317101751,NA,NA,NA,0.0702666464713556
PIAS1,8,0,0,0.0644174273818361,NA,NA,NA,0.0706118514170981
MRPL32,2,0,0,0.0644174273818361,NA,NA,NA,0.0706748443168223
SP2,3,0,0,0.0644174273818361,NA,NA,NA,0.0707190703208066
ARHGAP12,3,0,0,0.0644174273818361,NA,NA,NA,0.0707558318661465
TSC22D2,5,0,0,0.0646958114997404,NA,NA,NA,0.070902328706764
THSD4,2,0,0,0.0648455884575465,NA,NA,NA,0.0709436762041581
IFT56,2,0,0,0.0648455884575465,NA,NA,NA,0.0710222221795821
KATNAL1,6,0,0,0.0648455884575465,NA,NA,NA,0.0710347493989838
APOL2,2,0,0,0.0648455884575465,NA,NA,NA,0.0710542769304457
CIB1,3,0,0,0.0648455884575465,NA,NA,NA,0.071063407706317
MOB4,2,0,0,0.0648455884575465,NA,NA,NA,0.0710795245426359
ZNF266,2,0,0,0.0648455884575465,NA,NA,NA,0.0711853727513372
RIOK1,3,0,0,0.0648455884575465,NA,NA,NA,0.0712494141872531
CPSF2,8,0,0,0.0651546040248313,NA,NA,NA,0.071267415652805
SGTB,4,0,0,0.0652040433110283,NA,NA,NA,0.0713079983727433
CASP3,3,0,0,0.0648455884575465,NA,NA,NA,0.0713501673948697
FBXO33,3,0,0,0.0655352226104014,NA,NA,NA,0.071655794347196
EBPL,2,0,0,0.065596996677709,NA,NA,NA,0.0716965626360745
XPO4,4,0,0,0.065596996677709,NA,NA,NA,0.0717175167155538
USP25,3,0,0,0.0657625595629572,NA,NA,NA,0.0718505620503085
MSH2,2,0,0,0.0657625595629572,NA,NA,NA,0.0718997481688455
DOCK7,3,0,0,0.0660133601416562,NA,NA,NA,0.0721698328644768
CNNM3,3,0,0,0.0660133601416562,NA,NA,NA,0.0722305825332278
AHDC1,2,0,0,0.0664380853569395,NA,NA,NA,0.0726671083559793
TRMT6,2,0,0,0.0664380853569395,NA,NA,NA,0.0728126904585937
BBX,6,0,0,0.067749009858908,NA,NA,NA,0.0740694836626606
TMEM50A,7,0,0,0.067749009858908,NA,NA,NA,0.0741126999748835
NCK1,5,0,0,0.06896723418029,NA,NA,NA,0.0755211789244421
ISCA2,3,0,0,0.069242983684065,NA,NA,NA,0.0758081662592302
PNPLA8,4,0,0,0.0694835348546518,NA,NA,NA,0.0761805284542745
ATXN7,3,0,0,0.0694835348546518,NA,NA,NA,0.0763152739860548
ACO1,5,0,0,0.069927586965739,NA,NA,NA,0.0766515621890964
SLC35E3,7,0,0,0.0699455610391808,NA,NA,NA,0.0767193949448623
CLUH,2,0,0,0.0702169603151164,NA,NA,NA,0.0770631942668506
C2CD4B,2,0,0,0.0702768999093201,NA,NA,NA,0.0771143474550901
FNIP2,4,0,0,0.0702169603151164,NA,NA,NA,0.0771632553712709
CMTM8,2,0,0,0.0703878955702745,NA,NA,NA,0.0771927498322759
VWA8,2,0,0,0.0704139797834871,NA,NA,NA,0.077207033182643
SPRING1,11,0,0,0.0703790921273136,NA,NA,NA,0.0772117372909346
ZNF318,2,0,0,0.0703878955702745,NA,NA,NA,0.0772139043525516
CBFA2T2,2,0,0,0.0706097147172946,NA,NA,NA,0.0774067435249309
WWP1,9,0,0,0.0707985884089027,NA,NA,NA,0.0775989271999775
PRPF38B,7,0,0,0.0712376276914738,NA,NA,NA,0.0780643310253438
RBAK,2,0,0,0.0712962497554477,NA,NA,NA,0.0781141640921442
MRPL19,7,0,0,0.0725608880654044,NA,NA,NA,0.0796206792552042
CALCOCO2,6,0,0,0.072590352215036,NA,NA,NA,0.0796237041093222
PPIE,4,0,0,0.072590352215036,NA,NA,NA,0.0797512922337383
BNIP3,5,0,0,0.0728226366939311,NA,NA,NA,0.0798630729255403
IFT57,2,0,0,0.0737782633795505,NA,NA,NA,0.0808928041375485
NAPG,5,0,0,0.0739471139235493,NA,NA,NA,0.0810626165892062
SLC9A8,2,0,0,0.0741717479373629,NA,NA,NA,0.0812787181499656
TRIQK,4,0,0,0.0741717479373629,NA,NA,NA,0.081317785989341
KLHL8,3,0,0,0.074545368514991,NA,NA,NA,0.0816720720142625
PNRC1,2,0,0,0.0751053912200481,NA,NA,NA,0.0822687802528682
SRRD,4,0,0,0.0751896887529687,NA,NA,NA,0.0823315167198132
PPP1CB,6,0,0,0.0751896887529687,NA,NA,NA,0.0824097737880701
TOR1B,3,0,0,0.0758051680884032,NA,NA,NA,0.0831311979852396
EHD4,10,0,0,0.0764466701113619,NA,NA,NA,0.0838021617690264
WDR36,5,0,0,0.0764702836099329,NA,NA,NA,0.0838130300109942
CPT2,2,0,0,0.0765114709714728,NA,NA,NA,0.0838135381691033
WSB2,5,0,0,0.0764466701113619,NA,NA,NA,0.0838719053994009
RIPK2,6,0,0,0.0765114709714728,NA,NA,NA,0.0839031997673368
TMED7,7,0,0,0.0765114709714728,NA,NA,NA,0.0839666783897387
CYB5D2,2,0,0,0.0767528671672511,NA,NA,NA,0.0840622431604682
TGM2,2,0,0,0.0778012907785087,NA,NA,NA,0.0851469039489718
KIF5B,7,0,0,0.0778012907785087,NA,NA,NA,0.0852122610928881
GBE1,3,0,0,0.0778012907785087,NA,NA,NA,0.0852686030035429
TNFRSF21,4,0,0,0.0778012907785087,NA,NA,NA,0.085355639689666
IFIT5,3,0,0,0.0779812211468568,NA,NA,NA,0.0853949191050371
HNRNPA3,14,0,0,0.0779812211468568,NA,NA,NA,0.0854055564119076
LACTB,2,0,0,0.0780874725484054,NA,NA,NA,0.0855283790359456
GM2A,3,0,0,0.078103534667593,NA,NA,NA,0.0855311389126256
MRPS5,2,0,0,0.0780874725484054,NA,NA,NA,0.0856275869758184
SMARCD1,2,0,0,0.0780874725484054,NA,NA,NA,0.0856773076010845
VTA1,7,0,0,0.0784674075976271,NA,NA,NA,0.085898581256262
NIPBL,6,0,0,0.0784674075976271,NA,NA,NA,0.0859867449869983
ATP9A,5,0,0,0.0788894823610846,NA,NA,NA,0.0862710567727464
CCDC43,2,0,0,0.0788853205669908,NA,NA,NA,0.0863248445205041
MRPS27,2,0,0,0.0788853205669908,NA,NA,NA,0.0863864682411624
GNPTG,2,0,0,0.0788894823610846,NA,NA,NA,0.0864221908012846
CHID1,3,0,0,0.0788894823610846,NA,NA,NA,0.0865274994182102
PICALM,5,0,0,0.0791920768201058,NA,NA,NA,0.0865572935021373
SMIM19,2,0,0,0.0788894823610846,NA,NA,NA,0.0865984682918102
NFYB,6,0,0,0.0791920768201058,NA,NA,NA,0.0866041821950639
NUDT19,2,0,0,0.0791920768201058,NA,NA,NA,0.0867564013969414
TCEANC2,2,0,0,0.0805345459104496,NA,NA,NA,0.0882614382995866
NLK,4,0,0,0.0805127453853664,NA,NA,NA,0.0882677442379354
POMT2,3,0,0,0.0806249045923981,NA,NA,NA,0.0883152391528627
FIGN,2,0,0,0.0805345459104496,NA,NA,NA,0.0883228879642884
DUSP1,2,0,0,0.0806249045923981,NA,NA,NA,0.0883602540510394
SEC24B,2,0,0,0.0806249045923981,NA,NA,NA,0.0884074050276396
ZNF555,2,0,0,0.081754826955018,NA,NA,NA,0.089532815496481
PPP2R5E,8,0,0,0.0818139122394134,NA,NA,NA,0.0895822410349854
MEF2C,2,0,0,0.0823037722861109,NA,NA,NA,0.0901013392974526
SNRPD3,5,0,0,0.0828109108259548,NA,NA,NA,0.0905941134335121
CSNK2A1,8,0,0,0.0828109108259548,NA,NA,NA,0.0906229074009545
TRMT61A,2,0,0,0.0828109108259548,NA,NA,NA,0.0906492080990471
KIF11,2,0,0,0.0828109108259548,NA,NA,NA,0.0907229398240746
NUP98,2,0,0,0.0831631638139796,NA,NA,NA,0.090962887968824
SLC35D1,3,0,0,0.0833454614799009,NA,NA,NA,0.0911464937317105
HEBP2,6,0,0,0.0833955450215875,NA,NA,NA,0.0911861277031016
PIGH,2,0,0,0.0834789373711871,NA,NA,NA,0.0912620525053006
TBL1X,4,0,0,0.0834962993202582,NA,NA,NA,0.0913013114811144
LPCAT2,8,0,0,0.0835712855263371,NA,NA,NA,0.091590408176618
MCUB,3,0,0,0.0846021643707937,NA,NA,NA,0.0928773562070144
HMGB1,8,0,0,0.0848450264647793,NA,NA,NA,0.0931271201496969
RALGAPA2,3,0,0,0.0852119656390812,NA,NA,NA,0.0935124023328701
ZNF827,3,0,0,0.0852770109925775,NA,NA,NA,0.093567802279864
ANXA11,6,0,0,0.0854107562662039,NA,NA,NA,0.0936982621029795
ADGRG6,2,0,0,0.0861616654963731,NA,NA,NA,0.0944713222164896
NIN,3,0,0,0.0861401076967756,NA,NA,NA,0.0944790888166798
CLSPN,2,0,0,0.0862336593422945,NA,NA,NA,0.0945343164242705
DIAPH2,2,0,0,0.0861616654963731,NA,NA,NA,0.0945467862786514
CCDC86,2,0,0,0.0870940669683767,NA,NA,NA,0.095457567540968
ZKSCAN3,2,0,0,0.0876489950758315,NA,NA,NA,0.0961322059496494
TBCD,2,0,0,0.0876489950758315,NA,NA,NA,0.0962008997142542
NEK1,2,0,0,0.0876489950758315,NA,NA,NA,0.0962712263894538
SCCPDH,4,0,0,0.0876489950758315,NA,NA,NA,0.0962897596292518
DENND5A,2,0,0,0.0879118558951627,NA,NA,NA,0.0964033776771886
GTF3A,2,0,0,0.0876489950758315,NA,NA,NA,0.096443135401768
RPS8,3,0,0,0.0884721938956659,NA,NA,NA,0.097147426945447
CAMK2N1,5,0,0,0.0887546713067063,NA,NA,NA,0.0975722562541734
ZSWIM1,2,0,0,0.0887546713067063,NA,NA,NA,0.0975982629668292
SLC38A6,3,0,0,0.0891897306984383,NA,NA,NA,0.0981312267488535
BCDIN3D,3,0,0,0.0891454700045752,NA,NA,NA,0.0981321751867726
ENO1,2,0,0,0.0891897306984383,NA,NA,NA,0.0981863964881226
PELO,2,0,0,0.0891897306984383,NA,NA,NA,0.0982365449684064
PDS5B,6,0,0,0.0898152712140091,NA,NA,NA,0.0990802315983102
TBC1D22B,2,0,0,0.0898152712140091,NA,NA,NA,0.0991187456432233
PMP22,2,0,0,0.0901649841362623,NA,NA,NA,0.0994471907798995
ZNF644,3,0,0,0.090572933176109,NA,NA,NA,0.0998441602306153
PROS1,2,0,0,0.0905998352177577,NA,NA,NA,0.0998568468176617
PAK2,7,0,0,0.0906331983228487,NA,NA,NA,0.0998586715437723
AREL1,2,0,0,0.090572933176109,NA,NA,NA,0.0999558221493781
USP36,3,0,0,0.0906331983228487,NA,NA,NA,0.100006038735916
SLC30A7,10,0,0,0.0906331983228487,NA,NA,NA,0.10001837149793
GEMIN8,5,0,0,0.090572933176109,NA,NA,NA,0.100055476653514
OGFOD1,5,0,0,0.0906331983228487,NA,NA,NA,0.100072845359759
SCP2,5,0,0,0.0906903811249157,NA,NA,NA,0.100099902085383
PLEKHA5,2,0,0,0.0906826336737487,NA,NA,NA,0.10010824414462
RBM7,5,0,0,0.0906826336737487,NA,NA,NA,0.100170908818122
NDUFV3,7,0,0,0.0906826336737487,NA,NA,NA,0.100257843672976
ETFA,3,0,0,0.0906826336737487,NA,NA,NA,0.100314325403772
RTF1,4,0,0,0.0911787153516757,NA,NA,NA,0.100619299404711
ACTN1,6,0,0,0.0913437941910958,NA,NA,NA,0.100733377060236
BAZ2A,3,0,0,0.0913437941910958,NA,NA,NA,0.100750176845785
METTL2A,7,0,0,0.0913437941910958,NA,NA,NA,0.100894900992901
FITM2,2,0,0,0.0913437941910958,NA,NA,NA,0.100978326018107
ZBTB47,2,0,0,0.0918129253434385,NA,NA,NA,0.101344327112412
RXYLT1,2,0,0,0.0918129253434385,NA,NA,NA,0.101475329215882
IFT22,5,0,0,0.0918129253434385,NA,NA,NA,0.101603962487294
PIP4P2,3,0,0,0.0922781178357244,NA,NA,NA,0.101821370058482
INTS7,4,0,0,0.0922781178357244,NA,NA,NA,0.101931246244446
LMO7,2,0,0,0.0929693080660242,NA,NA,NA,0.102563118174968
TAF5,2,0,0,0.0930663252914965,NA,NA,NA,0.102635805798515
SUSD1,2,0,0,0.0930551329590759,NA,NA,NA,0.102640390323219
SPRY4,2,0,0,0.0931232120481445,NA,NA,NA,0.102681388821858
NUP155,5,0,0,0.0933595090750355,NA,NA,NA,0.102840428985749
SEPTIN2,3,0,0,0.0933595090750355,NA,NA,NA,0.102932877819314
ZNRF3,3,0,0,0.0933595090750355,NA,NA,NA,0.102944704405713
PLEKHA6,2,0,0,0.0933595090750355,NA,NA,NA,0.102951016593971
DIS3,9,0,0,0.0933595090750355,NA,NA,NA,0.103105694253729
C1D,3,0,0,0.0933595090750355,NA,NA,NA,0.103105710914639
VTI1B,4,0,0,0.0935780937934168,NA,NA,NA,0.10317598654261
ZNF143,4,0,0,0.0935780937934168,NA,NA,NA,0.103238186736894
EDC3,3,0,0,0.0935780937934168,NA,NA,NA,0.103298259015847
HSP90AA1,2,0,0,0.093767827664097,NA,NA,NA,0.103367388802222
ANK3,2,0,0,0.0938404374041458,NA,NA,NA,0.103430368228653
SPECC1L,2,0,0,0.0939596020145619,NA,NA,NA,0.103511334391926
GMEB1,6,0,0,0.0939596020145619,NA,NA,NA,0.103554150158449
NOL4L,3,0,0,0.0940502396129408,NA,NA,NA,0.103577746200385
TGFBRAP1,5,0,0,0.0939596020145619,NA,NA,NA,0.103693416439739
SMG1,3,0,0,0.0940502396129408,NA,NA,NA,0.103705313930304
BPNT2,15,0,0,0.0945569610893658,NA,NA,NA,0.104099865790869
RAB27A,6,0,0,0.0945569610893658,NA,NA,NA,0.104241340670047
C18orf54,3,0,0,0.0950983975947579,NA,NA,NA,0.104916902838252
TPRG1L,2,0,0,0.095093265041144,NA,NA,NA,0.104928045910409
RAD18,4,0,0,0.0950901816858719,NA,NA,NA,0.104958358659835
ZNF316,2,0,0,0.095093265041144,NA,NA,NA,0.105038105631843
PPP2CA,12,0,0,0.0956139780565069,NA,NA,NA,0.105705119251682
PLGRKT,2,0,0,0.0956139780565069,NA,NA,NA,0.105858228807415
CKAP2,4,0,0,0.0956139780565069,NA,NA,NA,0.105877746404954
PRRG1,2,0,0,0.0956139780565069,NA,NA,NA,0.105900548978044
OGFOD3,8,0,0,0.0959564711474795,NA,NA,NA,0.106064485909646
PABIR1,6,0,0,0.0962394312158982,NA,NA,NA,0.106358341515739
PRKRA,3,0,0,0.0966163923908488,NA,NA,NA,0.106586543457866
PARVA,16,0,0,0.0965001139166492,NA,NA,NA,0.106627656862087
GLRX5,5,0,0,0.0965315577577255,NA,NA,NA,0.106645110934632
SH3D19,2,0,0,0.0966163923908488,NA,NA,NA,0.106656371534569
CRNKL1,7,0,0,0.0965822517454224,NA,NA,NA,0.106683744797002
CC2D1B,3,0,0,0.0966163923908488,NA,NA,NA,0.106707918454806
CHD8,2,0,0,0.0966163923908488,NA,NA,NA,0.106759395849811
UQCC5,2,0,0,0.0967444724914932,NA,NA,NA,0.106824076796918
IGF2BP3,6,0,0,0.0966163923908488,NA,NA,NA,0.106865770598779
MPPE1,4,0,0,0.0967444724914932,NA,NA,NA,0.106890516470733
RNF170,3,0,0,0.0966163923908488,NA,NA,NA,0.107005838150859
IFRD2,2,0,0,0.0966163923908488,NA,NA,NA,0.107113238560751
HECTD2,3,0,0,0.0970952432093723,NA,NA,NA,0.107241849828859
LIMCH1,3,0,0,0.0966163923908488,NA,NA,NA,0.107250386835707
INIP,4,0,0,0.0970952432093723,NA,NA,NA,0.107331651054632
PHF8,2,0,0,0.0975292170762024,NA,NA,NA,0.107774546742408
MTAP,8,0,0,0.0975252402993504,NA,NA,NA,0.107787155834539
CRBN,2,0,0,0.0977362755000884,NA,NA,NA,0.107985034648887
PABIR2,4,0,0,0.0979674581261328,NA,NA,NA,0.10822198083362
C11orf24,2,0,0,0.0980829763890522,NA,NA,NA,0.108331896540886
SMG7,2,0,0,0.0983713968224124,NA,NA,NA,0.108631611400274
KLHL6,2,0,0,0.0986341539519636,NA,NA,NA,0.10888620433011
FRMD4B,6,0,0,0.0986341539519636,NA,NA,NA,0.108969292912479
PDE12,10,0,0,0.0988554016640619,NA,NA,NA,0.109255928497781
KCNK3,3,0,0,0.0993077128618109,NA,NA,NA,0.109735659286793
YES1,5,0,0,0.0994915737185851,NA,NA,NA,0.109920472974496
SYNE3,2,0,0,0.0997411190884746,NA,NA,NA,0.110466296584664
MEX3B,2,0,0,0.10023658518885,NA,NA,NA,0.111068323362671
FBXO45,3,0,0,0.10023658518885,NA,NA,NA,0.111088722582752
GYG1,2,0,0,0.10023658518885,NA,NA,NA,0.111159391033881
RAP1A,7,0,0,0.10023658518885,NA,NA,NA,0.111190367272121
MED14,4,0,0,0.100400345658574,NA,NA,NA,0.111231067720143
USP31,3,0,0,0.10023658518885,NA,NA,NA,0.111250829961371
AVL9,4,0,0,0.101165642616832,NA,NA,NA,0.1120559178507
BPGM,2,0,0,0.101494652912208,NA,NA,NA,0.112365139026599
EXOC2,4,0,0,0.101494652912208,NA,NA,NA,0.112462351734728
PGRMC2,9,0,0,0.101494652912208,NA,NA,NA,0.11249029838425
ASL,2,0,0,0.102438949260538,NA,NA,NA,0.113386174485075
NSA2,2,0,0,0.102630667860368,NA,NA,NA,0.113579324358924
MCTP1,13,0,0,0.102721698704913,NA,NA,NA,0.113661755765327
ARF1,2,0,0,0.103292368041346,NA,NA,NA,0.114271395602833
TMEM135,5,0,0,0.103805420327963,NA,NA,NA,0.114869774192319
ELL2,6,0,0,0.103805420327963,NA,NA,NA,0.114914322029665
NDUFB5,4,0,0,0.103874779226647,NA,NA,NA,0.114987161678011
ZBTB42,2,0,0,0.103864938826137,NA,NA,NA,0.114994178174653
HDDC3,2,0,0,0.103908474274496,NA,NA,NA,0.115006418960307
TMEM170A,5,0,0,0.10402269980138,NA,NA,NA,0.11504364261337
HOXA11,2,0,0,0.104050078967453,NA,NA,NA,0.115056185792383
EIF3H,2,0,0,0.104076429197265,NA,NA,NA,0.11506763625184
NUP160,3,0,0,0.104172926876607,NA,NA,NA,0.115156151535704
CDC27,11,0,0,0.10402269980138,NA,NA,NA,0.115173156774582
SIAH2,2,0,0,0.10402269980138,NA,NA,NA,0.115290139927385
ZNF280D,2,0,0,0.10402269980138,NA,NA,NA,0.115375105027597
GSTM3,5,0,0,0.10402269980138,NA,NA,NA,0.115454662332415
SND1,2,0,0,0.104736217650186,NA,NA,NA,0.11583226958849
YAF2,7,0,0,0.104736217650186,NA,NA,NA,0.115956759639598
PRICKLE3,3,0,0,0.104903563515352,NA,NA,NA,0.115998576295195
EVI5,2,0,0,0.104736217650186,NA,NA,NA,0.116013975589196
WWC3,2,0,0,0.104736217650186,NA,NA,NA,0.116059800257886
UBFD1,3,0,0,0.104736217650186,NA,NA,NA,0.116070955312849
HIC2,2,0,0,0.105010699557587,NA,NA,NA,0.116098751132782
SRSF10,12,0,0,0.106009743806372,NA,NA,NA,0.117178106944451
SLC36A4,5,0,0,0.106228027742408,NA,NA,NA,0.117400121320452
CTNNB1,2,0,0,0.106489800178312,NA,NA,NA,0.117669822241958
PIK3R1,2,0,0,0.10711833124491,NA,NA,NA,0.118324224527367
DPY19L1,7,0,0,0.10711833124491,NA,NA,NA,0.118417118895133
KIAA1671,3,0,0,0.107290053052905,NA,NA,NA,0.118459903058517
NAA25,6,0,0,0.107290053052905,NA,NA,NA,0.11852158210353
BTAF1,2,0,0,0.10741520751109,NA,NA,NA,0.118579628002586
SS18,5,0,0,0.107290053052905,NA,NA,NA,0.118603270208548
NIPAL2,2,0,0,0.108130809522094,NA,NA,NA,0.119311464335071
ERRFI1,3,0,0,0.108130809522094,NA,NA,NA,0.11935503815779
IQSEC1,2,0,0,0.108244267346176,NA,NA,NA,0.119418315139712
FANCC,3,0,0,0.108130809522094,NA,NA,NA,0.11943262994711
CDKN1B,2,0,0,0.108348304312236,NA,NA,NA,0.119497475147129
PGM3,10,0,0,0.108397642986445,NA,NA,NA,0.119534161645036
RAB9A,2,0,0,0.108502825215505,NA,NA,NA,0.119580331518442
MYO9A,3,0,0,0.10855028636774,NA,NA,NA,0.119615117760406
LRP5,2,0,0,0.108348304312236,NA,NA,NA,0.119626983012116
ZNF704,2,0,0,0.108502825215505,NA,NA,NA,0.119701232413448
TMEM214,2,0,0,0.108502825215505,NA,NA,NA,0.119764703739753
MEAK7,6,0,0,0.108502825215505,NA,NA,NA,0.119847126652123
ANAPC13,2,0,0,0.108818417779277,NA,NA,NA,0.120181962094197
EHHADH,2,0,0,0.108855149547873,NA,NA,NA,0.120204729866758
SPTLC2,4,0,0,0.109034638638431,NA,NA,NA,0.120384002789832
LIN7C,7,0,0,0.10942799147034,NA,NA,NA,0.120797618950908
BIRC6,4,0,0,0.110036204411412,NA,NA,NA,0.121446525085689
ZFAND1,2,0,0,0.110275875142263,NA,NA,NA,0.121691533412845
RNF44,3,0,0,0.110638895866528,NA,NA,NA,0.122218099366901
NCKAP1,5,0,0,0.110742286885239,NA,NA,NA,0.122313708032936
CYYR1,4,0,0,0.110991559530609,NA,NA,NA,0.122569223859642
TMEM237,9,0,0,0.111082177507437,NA,NA,NA,0.122650824825662
PHACTR2,8,0,0,0.111156410712371,NA,NA,NA,0.122860873521526
MPZL2,6,0,0,0.111461577872937,NA,NA,NA,0.123177743078688
PYGO1,5,0,0,0.112212169070489,NA,NA,NA,0.123982970154664
B3GALNT1,3,0,0,0.112330323187959,NA,NA,NA,0.124094575310066
B2M,2,0,0,0.112468188279978,NA,NA,NA,0.124227789709498
HIKESHI,3,0,0,0.112626555739506,NA,NA,NA,0.124740729232674
MTDH,12,0,0,0.113375475147243,NA,NA,NA,0.125630381271689
GLYR1,2,0,0,0.113896286072149,NA,NA,NA,0.126168215420739
CLIP3,2,0,0,0.113896286072149,NA,NA,NA,0.126276676245672
MRPS26,2,0,0,0.113896286072149,NA,NA,NA,0.126313715218836
HCFC1,2,0,0,0.113896286072149,NA,NA,NA,0.126368333070648
FN3KRP,2,0,0,0.113994631296198,NA,NA,NA,0.126514045732763
TFDP2,6,0,0,0.114045762617203,NA,NA,NA,0.126551525102248
NT5C2,2,0,0,0.114407995535947,NA,NA,NA,0.126912684039486
RHOJ,9,0,0,0.114407995535947,NA,NA,NA,0.127052905109284
SLC38A1,9,0,0,0.11521231772997,NA,NA,NA,0.127778944494663
POLGARF,2,0,0,0.115803713530779,NA,NA,NA,0.128858130195509
CTBP2,10,0,0,0.116542835356867,NA,NA,NA,0.129804194717162
ZFTA,2,0,0,0.116617565845235,NA,NA,NA,0.129866972869907
UFL1,4,0,0,0.117546358740362,NA,NA,NA,0.130872930313863
TMEM268,3,0,0,0.118129925662061,NA,NA,NA,0.131477453322023
EPM2AIP1,3,0,0,0.118119175506511,NA,NA,NA,0.131485489240202
PDHX,2,0,0,0.1183807843098,NA,NA,NA,0.131694795480525
SH3BGRL,3,0,0,0.118362947095847,NA,NA,NA,0.131694915954504
ZNF521,2,0,0,0.118362947095847,NA,NA,NA,0.131854372182846
GLCCI1,2,0,0,0.118652246820921,NA,NA,NA,0.132074705809084
ZNF322,2,0,0,0.118652246820921,NA,NA,NA,0.132202426363234
EXO1,2,0,0,0.118927152481002,NA,NA,NA,0.13236913703043
CEP85L,3,0,0,0.118927152481002,NA,NA,NA,0.132502509141313
STX16,6,0,0,0.119214902204712,NA,NA,NA,0.132879155197994
DENR,7,0,0,0.119214902204712,NA,NA,NA,0.132928077990623
THBS2,3,0,0,0.119214902204712,NA,NA,NA,0.132977704248031
SNX19,5,0,0,0.119672826285918,NA,NA,NA,0.13356494361452
SLC66A3,2,0,0,0.120153128548888,NA,NA,NA,0.134075958151684
EIF3M,2,0,0,0.12071583678281,NA,NA,NA,0.134809020563818
PPAN,2,0,0,0.12071583678281,NA,NA,NA,0.134873901139283
POLR3A,7,0,0,0.120820800620581,NA,NA,NA,0.134884006015062
MTHFS,2,0,0,0.120820800620581,NA,NA,NA,0.134944185121916
ALKBH5,2,0,0,0.120926888095124,NA,NA,NA,0.134980861722061
C18orf32,4,0,0,0.121234072857035,NA,NA,NA,0.135387145586806
INHBA,11,0,0,0.121234072857035,NA,NA,NA,0.135552070566146
GAREM2,2,0,0,0.121703184872028,NA,NA,NA,0.136060279685699
IKBIP,6,0,0,0.121703184872028,NA,NA,NA,0.136069831545428
AVEN,2,0,0,0.121751305079276,NA,NA,NA,0.136071961374132
FBXO7,2,0,0,0.121751305079276,NA,NA,NA,0.13620902839942
HSPA4L,3,0,0,0.12195199888912,NA,NA,NA,0.136268368066503
PHF23,5,0,0,0.12195199888912,NA,NA,NA,0.136323282852899
ARFIP1,3,0,0,0.121997650692276,NA,NA,NA,0.136391761260032
HNRNPD,5,0,0,0.121973972256752,NA,NA,NA,0.13640713864951
CREG1,3,0,0,0.122074356230417,NA,NA,NA,0.136456004165799
KLRG1,3,0,0,0.121997650692276,NA,NA,NA,0.136486101554521
PTGES3,4,0,0,0.122279104632531,NA,NA,NA,0.136758282923299
DPY30,2,0,0,0.122336168979831,NA,NA,NA,0.136801076810394
DHX40,2,0,0,0.122279104632531,NA,NA,NA,0.136907764025361
SOX13,2,0,0,0.122279104632531,NA,NA,NA,0.136965497475984
GOLGB1,2,0,0,0.122279104632531,NA,NA,NA,0.137021366536866
NRIP1,3,0,0,0.122571430169825,NA,NA,NA,0.137041310339953
MRPL30,9,0,0,0.122279104632531,NA,NA,NA,0.137095581143295
NARF,2,0,0,0.122279104632531,NA,NA,NA,0.137137193048626
ERAP1,2,0,0,0.122279104632531,NA,NA,NA,0.137142145060737
STARD3NL,3,0,0,0.122279104632531,NA,NA,NA,0.137155905633651
DPH5,2,0,0,0.122713341442367,NA,NA,NA,0.137178102988118
CEP120,2,0,0,0.122279104632531,NA,NA,NA,0.13719885747505
PGAM5,4,0,0,0.122279104632531,NA,NA,NA,0.1372415987238
CALU,12,0,0,0.122279104632531,NA,NA,NA,0.137259529586582
SETD1B,2,0,0,0.122279104632531,NA,NA,NA,0.137259707069219
UACA,5,0,0,0.122279104632531,NA,NA,NA,0.137328563149029
RBM25,5,0,0,0.122279104632531,NA,NA,NA,0.137415558284581
LHFPL2,3,0,0,0.122279104632531,NA,NA,NA,0.137418277486535
SNIP1,3,0,0,0.122279104632531,NA,NA,NA,0.137434105676583
FAM131A,2,0,0,0.122279104632531,NA,NA,NA,0.137457583806761
RRBP1,4,0,0,0.122279104632531,NA,NA,NA,0.137480136710084
ENTPD5,2,0,0,0.123287960165451,NA,NA,NA,0.13806845356531
ZBTB14,4,0,0,0.123402565114165,NA,NA,NA,0.138177157207506
TMEM192,9,0,0,0.123287960165451,NA,NA,NA,0.138188629744052
NCOA3,3,0,0,0.123402565114165,NA,NA,NA,0.13830130273381
ANKRD17,6,0,0,0.123693584601556,NA,NA,NA,0.138750846935057
PARP1,5,0,0,0.124075129634963,NA,NA,NA,0.139132670528372
ZNF791,7,0,0,0.124075129634963,NA,NA,NA,0.139266533814328
SLC25A36,5,0,0,0.124425265766725,NA,NA,NA,0.139479511066435
VPS37A,7,0,0,0.124425265766725,NA,NA,NA,0.139536499731212
C15orf40,5,0,0,0.124585187067607,NA,NA,NA,0.139636085331863
ADAM10,10,0,0,0.124936081648955,NA,NA,NA,0.140152309699297
FBXW2,5,0,0,0.125098052360769,NA,NA,NA,0.140185015041855
DUS4L-BCAP29,4,0,0,0.125025233291274,NA,NA,NA,0.140209081525631
TM4SF18,3,0,0,0.125098052360769,NA,NA,NA,0.140337183319925
CAPN2,4,0,0,0.125025233291274,NA,NA,NA,0.140371256327691
LSM8,6,0,0,0.125098052360769,NA,NA,NA,0.140431339257789
CIRBP,3,0,0,0.125346878722186,NA,NA,NA,0.140440281519368
RNF7,9,0,0,0.125098052360769,NA,NA,NA,0.140521971951554
MRPS30,2,0,0,0.125098052360769,NA,NA,NA,0.14061632042092
VPS4B,5,0,0,0.125643309460453,NA,NA,NA,0.140706654226069
MALSU1,2,0,0,0.125643309460453,NA,NA,NA,0.140745207260328
AMOTL2,2,0,0,0.125643309460453,NA,NA,NA,0.140825329670448
KLHL24,3,0,0,0.126321118728479,NA,NA,NA,0.141668370648623
PDXK,6,0,0,0.12667255399431,NA,NA,NA,0.142248269669503
KCNK6,7,0,0,0.126981507757907,NA,NA,NA,0.142570374890816
LIPG,7,0,0,0.127019465219489,NA,NA,NA,0.142591181213279
BMS1,2,0,0,0.127110120872269,NA,NA,NA,0.142670588097745
CYP51A1,2,0,0,0.127224749907272,NA,NA,NA,0.142755360632772
URB2,3,0,0,0.127224749907272,NA,NA,NA,0.14289803092571
YTHDF3,8,0,0,0.127556180791565,NA,NA,NA,0.143228118264904
PLAA,4,0,0,0.127556180791565,NA,NA,NA,0.143301766080947
CHIC2,3,0,0,0.127868311013499,NA,NA,NA,0.143646771458681
ENGASE,2,0,0,0.127868311013499,NA,NA,NA,0.143679381985966
CYRIA,6,0,0,0.128043918806865,NA,NA,NA,0.143853181597801
MARS1,2,0,0,0.128106543850198,NA,NA,NA,0.143901322305096
PSMD10,2,0,0,0.128124873124661,NA,NA,NA,0.144047096680049
BID,5,0,0,0.128443858187627,NA,NA,NA,0.144358851583439
CRIPT,8,0,0,0.128443858187627,NA,NA,NA,0.144484668293437
SYT11,5,0,0,0.128930953085776,NA,NA,NA,0.144857510651807
TMX4,8,0,0,0.128925504999494,NA,NA,NA,0.144873046990997
MSI2,7,0,0,0.12941610976304,NA,NA,NA,0.14567025794543
TTLL1,2,0,0,0.12986888112239,NA,NA,NA,0.146448148742456
NEDD4L,5,0,0,0.130819146486344,NA,NA,NA,0.147783377847866
IREB2,5,0,0,0.131015977954047,NA,NA,NA,0.148129253997824
VDAC1,2,0,0,0.131083996829283,NA,NA,NA,0.148159468884384
ATXN1,6,0,0,0.131083996829283,NA,NA,NA,0.148260391904986
AIMP1,4,0,0,0.131343121793203,NA,NA,NA,0.148403495763328
UBTF,3,0,0,0.131343121793203,NA,NA,NA,0.148527382555801
PAPSS1,4,0,0,0.131616907828901,NA,NA,NA,0.14868672077767
DCUN1D4,5,0,0,0.131726888562492,NA,NA,NA,0.148786817292644
KLHL5,8,0,0,0.131985386457966,NA,NA,NA,0.149052869131344
GTF2E2,2,0,0,0.132132917393803,NA,NA,NA,0.149395174372405
ZCCHC10,4,0,0,0.132132917393803,NA,NA,NA,0.149593873719918
CLMP,2,0,0,0.132132917393803,NA,NA,NA,0.149725063165491
FBXO31,3,0,0,0.132515023132989,NA,NA,NA,0.149998591868187
EAPP,2,0,0,0.132556607398523,NA,NA,NA,0.150021945557148
RRAGC,4,0,0,0.132650166373732,NA,NA,NA,0.150080384560672
PPP1R3B,4,0,0,0.132650166373732,NA,NA,NA,0.150136890784001
DPYSL4,2,0,0,0.132811111538605,NA,NA,NA,0.150237407514809
FAM162A,2,0,0,0.133235931801256,NA,NA,NA,0.150689636561304
VCF2,3,0,0,0.133591316562817,NA,NA,NA,0.151064061741713
AGGF1,5,0,0,0.133671839864683,NA,NA,NA,0.151131006992551
METTL8,8,0,0,0.134343082809882,NA,NA,NA,0.151858435401178
PLTP,3,0,0,0.134379214527476,NA,NA,NA,0.151875679364672
NEDD1,5,0,0,0.134813604731074,NA,NA,NA,0.152291836412936
KIAA1217,4,0,0,0.134813604731074,NA,NA,NA,0.15242745536634
CHRNA5,2,0,0,0.134854960518573,NA,NA,NA,0.152463696384656
LOC107985567,3,0,0,0.134813604731074,NA,NA,NA,0.152548708285673
AMOTL1,5,0,0,0.135274179922553,NA,NA,NA,0.152909164307555
ZNF331,3,0,0,0.135696690681094,NA,NA,NA,0.153334955296002
RGS19,2,0,0,0.135696690681094,NA,NA,NA,0.153479690567863
SGPL1,4,0,0,0.136481804446371,NA,NA,NA,0.154188863480693
SRFBP1,2,0,0,0.13654506006665,NA,NA,NA,0.154213021834437
EOGT,6,0,0,0.13654506006665,NA,NA,NA,0.154372637531784
RIOK2,2,0,0,0.137202075445353,NA,NA,NA,0.154900121162533
ABRAXAS2,2,0,0,0.137202075445353,NA,NA,NA,0.154997423608519
UBL3,5,0,0,0.137298673054693,NA,NA,NA,0.155134507445018
BTBD3,2,0,0,0.137661910145263,NA,NA,NA,0.155516855659531
ATP6V1A,5,0,0,0.138249723405683,NA,NA,NA,0.156300298528274
NDFIP2,8,0,0,0.138311473517229,NA,NA,NA,0.156345716418607
ELF1,2,0,0,0.138679679281564,NA,NA,NA,0.156733529810374
SNRNP40,2,0,0,0.138873636463082,NA,NA,NA,0.15692661056411
ARHGAP31,4,0,0,0.139199725117889,NA,NA,NA,0.157417986221609
PPCS,2,0,0,0.139698392793716,NA,NA,NA,0.158102658799485
SESN1,2,0,0,0.139774462243874,NA,NA,NA,0.158235897670512
DOCK10,4,0,0,0.140122928671887,NA,NA,NA,0.158632616779685
OPA1,8,0,0,0.140121969433105,NA,NA,NA,0.15865558254941
CLOCK,8,0,0,0.140121969433105,NA,NA,NA,0.158716506165065
STMP1,7,0,0,0.14042434355286,NA,NA,NA,0.158945784071235
MEA1,2,0,0,0.14099368582785,NA,NA,NA,0.159534445544308
EXOSC6,8,0,0,0.14099368582785,NA,NA,NA,0.159603460770945
ZFYVE9,3,0,0,0.142354881264697,NA,NA,NA,0.160887514989136
STRN,5,0,0,0.142354881264697,NA,NA,NA,0.160937468216775
SOX12,3,0,0,0.142470709418512,NA,NA,NA,0.16099292094051
RPL38,2,0,0,0.142324361172811,NA,NA,NA,0.160997842857213
OSBPL3,4,0,0,0.14250238010772,NA,NA,NA,0.161004397360713
ARL2BP,3,0,0,0.142354881264697,NA,NA,NA,0.161029679120166
NXPE3,6,0,0,0.142514616594412,NA,NA,NA,0.16107369252108
CDH11,3,0,0,0.142354881264697,NA,NA,NA,0.161100061678813
UBQLN2,2,0,0,0.142514616594412,NA,NA,NA,0.161118091897231
SLK,7,0,0,0.142354881264697,NA,NA,NA,0.161119177804574
PHACTR4,7,0,0,0.142514616594412,NA,NA,NA,0.16112784009828
SCUBE3,2,0,0,0.142354881264697,NA,NA,NA,0.161147115625183
GFM1,7,0,0,0.142514616594412,NA,NA,NA,0.161185553218783
PLSCR1,3,0,0,0.143190666030261,NA,NA,NA,0.161942250591626
EZR,4,0,0,0.143190666030261,NA,NA,NA,0.161957486593274
PM20D2,2,0,0,0.143190666030261,NA,NA,NA,0.161980603752132
CNST,2,0,0,0.143190666030261,NA,NA,NA,0.162151473221545
EIF4E,5,0,0,0.143190666030261,NA,NA,NA,0.162259952125197
MFN1,5,0,0,0.144024652664958,NA,NA,NA,0.163220595201974
ABHD18,3,0,0,0.144430750874511,NA,NA,NA,0.163650576250198
CEP89,2,0,0,0.144585856216689,NA,NA,NA,0.163896995195791
MARCKS,8,0,0,0.144585856216689,NA,NA,NA,0.163905326502964
SETD7,6,0,0,0.145690236831725,NA,NA,NA,0.165138055427384
PPP4R3B,4,0,0,0.146505066151248,NA,NA,NA,0.166025093165612
TMEM9B,4,0,0,0.146721074770499,NA,NA,NA,0.166241916900319
POLR2J,2,0,0,0.147002054674808,NA,NA,NA,0.166584833962836
MAFB,3,0,0,0.146998409791867,NA,NA,NA,0.166630463831045
NCOA1,4,0,0,0.147002054674808,NA,NA,NA,0.166639907292413
NKAPD1,6,0,0,0.146998409791867,NA,NA,NA,0.166771122131969
MARCHF5,9,0,0,0.146998409791867,NA,NA,NA,0.166789156832842
ATP9B,3,0,0,0.147319262482514,NA,NA,NA,0.166890063175328
ZNF670,2,0,0,0.147319262482514,NA,NA,NA,0.166959821879415
KLHL2,2,0,0,0.147655032648346,NA,NA,NA,0.167240742167948
AMD1,4,0,0,0.147769412005138,NA,NA,NA,0.167343851375887
TMEM101,3,0,0,0.149102999905866,NA,NA,NA,0.168882083283729
HDAC4,4,0,0,0.149102999905866,NA,NA,NA,0.168974707238866
PUDP,2,0,0,0.149743449795187,NA,NA,NA,0.169629072062153
ZNF587,2,0,0,0.150030332099142,NA,NA,NA,0.169924632326705
CHCHD2,2,0,0,0.150293986838314,NA,NA,NA,0.170194167217457
CCDC50,13,0,0,0.151158513173572,NA,NA,NA,0.17133149444991
MRI1,2,0,0,0.151174814324177,NA,NA,NA,0.171411972328115
COG2,2,0,0,0.151174814324177,NA,NA,NA,0.17145520570279
CEP164,2,0,0,0.15158865071417,NA,NA,NA,0.171849422684289
SMAD2,10,0,0,0.151913199866714,NA,NA,NA,0.172186896471497
AZI2,5,0,0,0.152269683327649,NA,NA,NA,0.172534501807169
MAP2K7,2,0,0,0.152269683327649,NA,NA,NA,0.17264979022795
CAPZA2,6,0,0,0.153144192317146,NA,NA,NA,0.173503260728598
ACTRT3,4,0,0,0.153144192317146,NA,NA,NA,0.173616379237049
SLC35F5,9,0,0,0.153467707290352,NA,NA,NA,0.17392676520504
SLC30A5,5,0,0,0.153579013437464,NA,NA,NA,0.173948941038513
RPRD2,4,0,0,0.153467707290352,NA,NA,NA,0.174080445760637
NLE1,3,0,0,0.153579013437464,NA,NA,NA,0.174088785214374
METAP2,6,0,0,0.153579013437464,NA,NA,NA,0.174102975508219
ZNF583,5,0,0,0.153579013437464,NA,NA,NA,0.174184514536786
EMC3,4,0,0,0.153884406651563,NA,NA,NA,0.174394103672849
PBXIP1,2,0,0,0.153884406651563,NA,NA,NA,0.174474651496643
RRP8,4,0,0,0.154056447029027,NA,NA,NA,0.17453525545292
CHST15,2,0,0,0.154036806869084,NA,NA,NA,0.174538849018578
CPNE3,4,0,0,0.154456808642556,NA,NA,NA,0.174906015574698
SPPL3,8,0,0,0.154456808642556,NA,NA,NA,0.175026684997163
CERS5,4,0,0,0.154456808642556,NA,NA,NA,0.175130773155563
USP30,3,0,0,0.154761836631742,NA,NA,NA,0.175310083617549
AP5M1,5,0,0,0.155224187609106,NA,NA,NA,0.176177121781241
NUDCD3,2,0,0,0.155702521395771,NA,NA,NA,0.176841759050542
COPS2,7,0,0,0.156530241066232,NA,NA,NA,0.177716014949586
ASB1,3,0,0,0.15657653044159,NA,NA,NA,0.177741623059119
IGF2BP1,7,0,0,0.156607977936381,NA,NA,NA,0.177750657626824
FNBP1,2,0,0,0.156530241066232,NA,NA,NA,0.177826793365084
OLA1,2,0,0,0.157148727181465,NA,NA,NA,0.178329454467191
IFT80,3,0,0,0.157198363413468,NA,NA,NA,0.178358813270265
RNF4,2,0,0,0.157349356726217,NA,NA,NA,0.178501540675894
LARP4,8,0,0,0.15786472287252,NA,NA,NA,0.179051607121897
WEE1,3,0,0,0.158232523684336,NA,NA,NA,0.179384310314668
HNRNPDL,5,0,0,0.158222450997865,NA,NA,NA,0.179425303144396
ZNF195,6,0,0,0.158232523684336,NA,NA,NA,0.17943062079153
SKA2,9,0,0,0.158672877447565,NA,NA,NA,0.179850167906835
STK17B,5,0,0,0.158881588892074,NA,NA,NA,0.180057183537263
GLRX3,4,0,0,0.158925088828361,NA,NA,NA,0.180079688448656
NPHP3,4,0,0,0.158978899167741,NA,NA,NA,0.180113737372543
ATR,2,0,0,0.159150636841324,NA,NA,NA,0.180435555235664
ZNF549,2,0,0,0.159519067355021,NA,NA,NA,0.180924668924689
TMEM167A,10,0,0,0.159519067355021,NA,NA,NA,0.181067096057289
SFT2D2,5,0,0,0.159519067355021,NA,NA,NA,0.181150083358484
PFN2,3,0,0,0.159592172362213,NA,NA,NA,0.181265381321464
PITPNC1,2,0,0,0.159592172362213,NA,NA,NA,0.181342814194644
HIVEP3,2,0,0,0.160291317631638,NA,NA,NA,0.182150659935676
MTMR3,5,0,0,0.160291317631638,NA,NA,NA,0.182214255654357
ASPM,2,0,0,0.160395933472415,NA,NA,NA,0.182241123471075
STK24,6,0,0,0.161119736880715,NA,NA,NA,0.183024489471725
FGF2,3,0,0,0.161300904021323,NA,NA,NA,0.183200491800664
ASB3,3,0,0,0.161534628798756,NA,NA,NA,0.183435259785874
SOAT1,8,0,0,0.161645562263446,NA,NA,NA,0.183532663231373
CARD8,9,0,0,0.161689972775423,NA,NA,NA,0.183555692255909
AMFR,4,0,0,0.162394362606439,NA,NA,NA,0.184600270579073
CSNK1G3,5,0,0,0.162683200084186,NA,NA,NA,0.184926684563652
NSD3,2,0,0,0.163009309742384,NA,NA,NA,0.185183862409947
MLF1,2,0,0,0.163172705055623,NA,NA,NA,0.18530855964407
RCHY1,3,0,0,0.163009309742384,NA,NA,NA,0.185360967228966
SLC9A7,8,0,0,0.163009309742384,NA,NA,NA,0.185400164384367
VPS54,4,0,0,0.163172705055623,NA,NA,NA,0.185440146911166
CEPT1,4,0,0,0.163172705055623,NA,NA,NA,0.185441904905109
ARPC5L,5,0,0,0.163009309742384,NA,NA,NA,0.185481246247362
NUF2,2,0,0,0.163172705055623,NA,NA,NA,0.185547299152108
EMP2,4,0,0,0.163172705055623,NA,NA,NA,0.18556830251723
GNB4,6,0,0,0.163172705055623,NA,NA,NA,0.185577104026014
IRF1,3,0,0,0.163172705055623,NA,NA,NA,0.185664304262346
DFFA,13,0,0,0.163172705055623,NA,NA,NA,0.185789961849567
GTPBP4,8,0,0,0.164013483950015,NA,NA,NA,0.186221816626025
GSE1,2,0,0,0.164424438973649,NA,NA,NA,0.186756934497619
FAM107B,5,0,0,0.164424438973649,NA,NA,NA,0.186793640306605
NARS1,5,0,0,0.164424438973649,NA,NA,NA,0.186883502426646
MARCHF9,2,0,0,0.165030182425209,NA,NA,NA,0.187449906792249
PROSER3,3,0,0,0.165030182425209,NA,NA,NA,0.18745583906524
NAMPT,8,0,0,0.165030182425209,NA,NA,NA,0.187625836455754
NAA40,3,0,0,0.165030182425209,NA,NA,NA,0.18767353505041
BTN2A2,2,0,0,0.165030182425209,NA,NA,NA,0.187834334243794
RSRC1,3,0,0,0.165545681610618,NA,NA,NA,0.188200306105833
GIPC2,2,0,0,0.165545681610618,NA,NA,NA,0.18822701162425
CENPU,3,0,0,0.165545681610618,NA,NA,NA,0.188274720341183
TRAK1,3,0,0,0.165545681610618,NA,NA,NA,0.188375535378644
PTBP3,9,0,0,0.165545681610618,NA,NA,NA,0.188395799709764
KRAS,5,0,0,0.165545681610618,NA,NA,NA,0.18845029296305
NEK4,2,0,0,0.165609655101214,NA,NA,NA,0.188482683596072
ARF6,4,0,0,0.165755067503702,NA,NA,NA,0.18856449204932
QSOX2,2,0,0,0.165545681610618,NA,NA,NA,0.188567292601798
CCDC66,2,0,0,0.165757479212422,NA,NA,NA,0.188613132574814
SEC11C,2,0,0,0.165755067503702,NA,NA,NA,0.18869072109516
ZMYND19,2,0,0,0.165545681610618,NA,NA,NA,0.18873296535029
SYTL4,3,0,0,0.165755067503702,NA,NA,NA,0.188742596248989
EXOC1,2,0,0,0.165755067503702,NA,NA,NA,0.188805501317003
AGPS,10,0,0,0.165755067503702,NA,NA,NA,0.18889023780596
RIC8B,2,0,0,0.165755067503702,NA,NA,NA,0.188971313379853
ADAMTSL5,2,0,0,0.165967828182891,NA,NA,NA,0.189013323339853
ORAI2,10,0,0,0.165967828182891,NA,NA,NA,0.189032742578342
MED21,5,0,0,0.165967828182891,NA,NA,NA,0.189053955167238
QRSL1,3,0,0,0.165967828182891,NA,NA,NA,0.189183555717875
PNO1,6,0,0,0.165967828182891,NA,NA,NA,0.189315747300679
ZC3H12C,3,0,0,0.167083426151724,NA,NA,NA,0.190706306640823
SELENOS,2,0,0,0.16724603910389,NA,NA,NA,0.191122143465017
GABARAPL1,2,0,0,0.167526883179368,NA,NA,NA,0.19168145024689
ZRANB1,5,0,0,0.167520904290045,NA,NA,NA,0.191759369410654
ITGA4,6,0,0,0.167526883179368,NA,NA,NA,0.191776486330294
BLOC1S5,2,0,0,0.167526883179368,NA,NA,NA,0.191958303509772
TMEM183A,6,0,0,0.168199190535379,NA,NA,NA,0.192353371455702
ALG14,3,0,0,0.168197032733741,NA,NA,NA,0.192379085127508
TMOD3,15,0,0,0.168174261053715,NA,NA,NA,0.192381657353083
LOC128125822,8,0,0,0.169236657623989,NA,NA,NA,0.193690989681845
KRR1,12,0,0,0.169236657623989,NA,NA,NA,0.193728465005774
MCFD2,6,0,0,0.169236657623989,NA,NA,NA,0.193858056754353
PPIC,5,0,0,0.17046176989947,NA,NA,NA,0.195094461790938
CPLANE1,2,0,0,0.170858806419487,NA,NA,NA,0.19551249242049
NUDT16,5,0,0,0.171057757524607,NA,NA,NA,0.195863267216793
SLC7A14,2,0,0,0.171324420636254,NA,NA,NA,0.196077116830353
RPL37A,7,0,0,0.17130134489486,NA,NA,NA,0.196079863934259
DNAJC3,8,0,0,0.17130134489486,NA,NA,NA,0.196202183877067
FIG4,2,0,0,0.17169009757851,NA,NA,NA,0.196741939091497
ANGPTL2,2,0,0,0.17169009757851,NA,NA,NA,0.196841590277539
FOXO3,3,0,0,0.171978436965848,NA,NA,NA,0.19700875812238
POLR1F,3,0,0,0.171978436965848,NA,NA,NA,0.197123381703904
GABPA,2,0,0,0.172271123345878,NA,NA,NA,0.197309323411799
DDX19A,5,0,0,0.172362660795646,NA,NA,NA,0.197383453937143
EHMT1,3,0,0,0.172861859521826,NA,NA,NA,0.197916262091758
VPS41,6,0,0,0.173066349843318,NA,NA,NA,0.198088517874627
ZNF773,2,0,0,0.173066349843318,NA,NA,NA,0.198271101083056
WDR43,2,0,0,0.173288110039785,NA,NA,NA,0.198309048676234
STX6,5,0,0,0.173427129624157,NA,NA,NA,0.198407726746187
ITCH,5,0,0,0.173427129624157,NA,NA,NA,0.198438742301768
FAM89A,2,0,0,0.173612595084827,NA,NA,NA,0.198587414833122
CEP57L1,4,0,0,0.174390880999949,NA,NA,NA,0.199318146288921
RBMS3,6,0,0,0.174373201844439,NA,NA,NA,0.199384450598575
ABCF2,5,0,0,0.174390880999949,NA,NA,NA,0.199401064053586
SERAC1,3,0,0,0.174373201844439,NA,NA,NA,0.199424121569141
NPLOC4,3,0,0,0.174390880999949,NA,NA,NA,0.199457493242221
EIF2AK3,2,0,0,0.174551910013318,NA,NA,NA,0.199470286241857
UVSSA,3,0,0,0.174619419313388,NA,NA,NA,0.199570802838097
POLR1B,6,0,0,0.174729979013678,NA,NA,NA,0.199768189764153
PLA2R1,5,0,0,0.174983692236586,NA,NA,NA,0.200024371018135
SPTLC1,4,0,0,0.175571452131379,NA,NA,NA,0.200655460063559
APPL1,5,0,0,0.175599997580415,NA,NA,NA,0.200658757872863
DCAF12,3,0,0,0.175850395172762,NA,NA,NA,0.20088233456984
NFIA,6,0,0,0.175935532532016,NA,NA,NA,0.200978176532974
GATC,6,0,0,0.175850395172762,NA,NA,NA,0.201031837354599
MGAT4A,6,0,0,0.175935532532016,NA,NA,NA,0.201047108643463
GATA3,5,0,0,0.175935532532016,NA,NA,NA,0.201063127324061
NOPCHAP1,3,0,0,0.17602914252159,NA,NA,NA,0.201123476986775
ARNT,3,0,0,0.176330976005765,NA,NA,NA,0.201537485063487
ZNF276,5,0,0,0.176417187481018,NA,NA,NA,0.201656544498113
ATP6V0A4,2,0,0,0.176640484356641,NA,NA,NA,0.201849637204984
KANSL3,2,0,0,0.176640484356641,NA,NA,NA,0.20201127529701
VHL,7,0,0,0.176927937456037,NA,NA,NA,0.20229844839337
DDX54,2,0,0,0.177370429558946,NA,NA,NA,0.20276623806316
STAT3,4,0,0,0.177780953931522,NA,NA,NA,0.203278573863124
GTF3C4,5,0,0,0.177830124998425,NA,NA,NA,0.203379644659092
ADAMTS7,2,0,0,0.178170860120236,NA,NA,NA,0.203627946055588
SMARCC2,2,0,0,0.178170860120236,NA,NA,NA,0.203707705833469
ARCN1,4,0,0,0.178170860120236,NA,NA,NA,0.203815758259449
DOK4,3,0,0,0.178170860120236,NA,NA,NA,0.203839375859008
NDRG4,3,0,0,0.178170860120236,NA,NA,NA,0.203909125403649
RSBN1L,5,0,0,0.178170860120236,NA,NA,NA,0.203917173311976
LURAP1L,2,0,0,0.178170860120236,NA,NA,NA,0.203997527508292
ZWINT,3,0,0,0.178170860120236,NA,NA,NA,0.204048138128528
CTTNBP2NL,13,0,0,0.178170860120236,NA,NA,NA,0.204073436276192
PDCD11,2,0,0,0.178170860120236,NA,NA,NA,0.20415126367839
PEDS1,6,0,0,0.17901519055593,NA,NA,NA,0.204546056615175
RHBDD1,3,0,0,0.179104418513687,NA,NA,NA,0.204617266852108
PNPLA2,3,0,0,0.179294732632056,NA,NA,NA,0.204801799182266
GPAT4,6,0,0,0.17975261883314,NA,NA,NA,0.205286156377505
NDUFB6,3,0,0,0.179877340404964,NA,NA,NA,0.205397085390439
GRSF1,7,0,0,0.180561470373975,NA,NA,NA,0.206217677980158
ECHS1,2,0,0,0.180561470373975,NA,NA,NA,0.206357993857874
GNE,3,0,0,0.180650930919153,NA,NA,NA,0.206479730695387
PAAF1,2,0,0,0.180650930919153,NA,NA,NA,0.206496904885802
NOL3,2,0,0,0.180561470373975,NA,NA,NA,0.2064991178507
TSKU,3,0,0,0.180650930919153,NA,NA,NA,0.206588862332614
RPL37,6,0,0,0.180886478865223,NA,NA,NA,0.206645252626794
RPAIN,2,0,0,0.180561470373975,NA,NA,NA,0.206672994488945
HOXC9,4,0,0,0.180650930919153,NA,NA,NA,0.206705929328679
ORAI3,2,0,0,0.180886478865223,NA,NA,NA,0.206723352168027
LOX,13,0,0,0.180886478865223,NA,NA,NA,0.206727837795517
ARMH4,2,0,0,0.180886478865223,NA,NA,NA,0.206892534449604
SEC63,6,0,0,0.181188600106707,NA,NA,NA,0.206954910036673
RBM24,3,0,0,0.18164931015493,NA,NA,NA,0.207596479457423
NFXL1,3,0,0,0.181962908065613,NA,NA,NA,0.207918905951919
ARL4D,3,0,0,0.182202958203122,NA,NA,NA,0.208158846792199
FRS2,7,0,0,0.182241169537032,NA,NA,NA,0.208327063311137
GATD1,2,0,0,0.182887801385483,NA,NA,NA,0.20917747365259
HMGB3,5,0,0,0.183717667950317,NA,NA,NA,0.20993204051708
DYNC1H1,3,0,0,0.183635763060223,NA,NA,NA,0.209957401289592
ZNF548,4,0,0,0.18366299620147,NA,NA,NA,0.209958574696572
TNFAIP8,2,0,0,0.183772471442876,NA,NA,NA,0.209964248189397
TMEM128,2,0,0,0.183717667950317,NA,NA,NA,0.209999432866184
ICE2,6,0,0,0.183717667950317,NA,NA,NA,0.21008036860253
ING5,3,0,0,0.183635763060223,NA,NA,NA,0.210081501560887
GET4,2,0,0,0.184279440845959,NA,NA,NA,0.210502832003198
MECR,2,0,0,0.184551054428483,NA,NA,NA,0.210932622034516
CERS6,5,0,0,0.184643189185976,NA,NA,NA,0.211161316765936
PLA2G12A,10,0,0,0.184724189829304,NA,NA,NA,0.211341875427378
DTNA,2,0,0,0.185018001132563,NA,NA,NA,0.21183215520897
MAVS,12,0,0,0.185046234545064,NA,NA,NA,0.211834152351706
CPOX,2,0,0,0.185339753226255,NA,NA,NA,0.212285762021535
DPYSL3,5,0,0,0.185754661325233,NA,NA,NA,0.212849465507213
SEMA3G,3,0,0,0.185754661325233,NA,NA,NA,0.212902826702427
CDK12,5,0,0,0.187642445592983,NA,NA,NA,0.214938508605801
CASD1,4,0,0,0.187890911529488,NA,NA,NA,0.215187111344436
IPO5,8,0,0,0.187975438155292,NA,NA,NA,0.215251758010265
ATP6V1G1,6,0,0,0.188952865156731,NA,NA,NA,0.216474630004442
ADGRA2,2,0,0,0.189179863723968,NA,NA,NA,0.216698910053097
TPCN2,2,0,0,0.189364453513584,NA,NA,NA,0.21687557539794
IDS,9,0,0,0.189881438727817,NA,NA,NA,0.217582131213793
TAL1,5,0,0,0.190335620396017,NA,NA,NA,0.218218512926619
TXNDC12,2,0,0,0.190716650003448,NA,NA,NA,0.218742104655567
GNPDA2,3,0,0,0.190716650003448,NA,NA,NA,0.218888246429983
HCFC2,4,0,0,0.191033857661519,NA,NA,NA,0.21906743514957
HAUS3,2,0,0,0.191150806778623,NA,NA,NA,0.219167870602955
CHTOP,7,0,0,0.191421366244131,NA,NA,NA,0.219440719975175
ARF4,6,0,0,0.192014581044213,NA,NA,NA,0.220134517718277
HACD4,2,0,0,0.192014581044213,NA,NA,NA,0.220328942846811
GEMIN5,3,0,0,0.192014581044213,NA,NA,NA,0.220512479631226
PHC3,4,0,0,0.192421485159763,NA,NA,NA,0.220754848166387
ATP13A3,6,0,0,0.192522460628307,NA,NA,NA,0.22083713545701
ARAP3,2,0,0,0.19337628239646,NA,NA,NA,0.221764501078826
SOS1,3,0,0,0.194329177541539,NA,NA,NA,0.222802595763097
TFEC,3,0,0,0.194513341856302,NA,NA,NA,0.222977912484761
MDM2,8,0,0,0.19472834206217,NA,NA,NA,0.223156537604988
CALHM5,11,0,0,0.19472834206217,NA,NA,NA,0.223280981607436
RAB22A,4,0,0,0.194912972148903,NA,NA,NA,0.223332336785199
SIRT5,3,0,0,0.19530340735673,NA,NA,NA,0.223676432995681
DSTN,8,0,0,0.19530340735673,NA,NA,NA,0.22383669154198
NAPB,2,0,0,0.195430233265026,NA,NA,NA,0.223854911745908
MPP4,2,0,0,0.19530340735673,NA,NA,NA,0.223978717978641
GTF2F2,5,0,0,0.195430233265026,NA,NA,NA,0.223983360730083
ROCK1,4,0,0,0.195633197097369,NA,NA,NA,0.224051307153266
SLC2A1,4,0,0,0.195430233265026,NA,NA,NA,0.224120450787315
TP53I11,2,0,0,0.195430233265026,NA,NA,NA,0.224129355726763
NCOR1,6,0,0,0.195430233265026,NA,NA,NA,0.224225768731599
STYK1,3,0,0,0.195430233265026,NA,NA,NA,0.224249027881573
UBA5,8,0,0,0.195430233265026,NA,NA,NA,0.224385678149209
PHKB,7,0,0,0.195430233265026,NA,NA,NA,0.224492926844599
RHOQ,6,0,0,0.195430233265026,NA,NA,NA,0.224568726007459
IK,2,0,0,0.196131369634029,NA,NA,NA,0.224599788842947
WNK3,3,0,0,0.196770067945991,NA,NA,NA,0.225420491658422
CYCS,7,0,0,0.196993172051304,NA,NA,NA,0.225639202933569
FBXL20,2,0,0,0.197796252603859,NA,NA,NA,0.226507369380002
CLEC16A,2,0,0,0.197837890137814,NA,NA,NA,0.226522695410395
C1orf50,2,0,0,0.198412044570923,NA,NA,NA,0.227134133541419
ENY2,6,0,0,0.198494156055075,NA,NA,NA,0.227493176377777
KIAA0586,3,0,0,0.198494156055075,NA,NA,NA,0.227661732121003
BACH1,4,0,0,0.198494156055075,NA,NA,NA,0.227729703924129
TMEM30A,12,0,0,0.198689686104349,NA,NA,NA,0.227795264952905
ITFG1,4,0,0,0.198494156055075,NA,NA,NA,0.227849327907937
SAMHD1,4,0,0,0.198494156055075,NA,NA,NA,0.227893166314231
TMEM164,2,0,0,0.198689686104349,NA,NA,NA,0.227962650897723
PCNA,2,0,0,0.198689686104349,NA,NA,NA,0.227981343911713
ZNF200,2,0,0,0.198494156055075,NA,NA,NA,0.228034975842806
ITGB3,5,0,0,0.200036941321742,NA,NA,NA,0.229875314827838
MED7,3,0,0,0.200036941321742,NA,NA,NA,0.230041638087906
PIGV,3,0,0,0.20059940691507,NA,NA,NA,0.230474696637704
FBXO22,6,0,0,0.200703545009705,NA,NA,NA,0.230634196081238
CMBL,2,0,0,0.200703545009705,NA,NA,NA,0.231002756733219
SPATA33,2,0,0,0.201099912754737,NA,NA,NA,0.23141589053393
VPS72,3,0,0,0.201896686819715,NA,NA,NA,0.232405295068664
ZDHHC6,2,0,0,0.202110053997438,NA,NA,NA,0.232481834522359
C1QTNF6,2,0,0,0.202140876672301,NA,NA,NA,0.232483928191964
MON2,5,0,0,0.201896686819715,NA,NA,NA,0.232506616842472
CHFR,3,0,0,0.202193085704694,NA,NA,NA,0.232510080723571
AMIGO1,2,0,0,0.202110053997438,NA,NA,NA,0.232640116253101
GPBP1L1,4,0,0,0.202110053997438,NA,NA,NA,0.232809774937496
RNGTT,5,0,0,0.20228324057938,NA,NA,NA,0.2328693362949
RPP14,8,0,0,0.202110053997438,NA,NA,NA,0.232890238800065
SS18L1,2,0,0,0.20228324057938,NA,NA,NA,0.233028330570196
CFH,2,0,0,0.202110053997438,NA,NA,NA,0.233044907880292
NT5DC1,4,0,0,0.20228324057938,NA,NA,NA,0.233106417179291
RUVBL2,2,0,0,0.20228324057938,NA,NA,NA,0.233197513430303
ABHD10,3,0,0,0.202439242929394,NA,NA,NA,0.233249237404775
VCPIP1,8,0,0,0.20228324057938,NA,NA,NA,0.233331303640044
RCN1,4,0,0,0.20228324057938,NA,NA,NA,0.233344324933528
MCL1,4,0,0,0.20228324057938,NA,NA,NA,0.233417270275954
RERE,3,0,0,0.20228324057938,NA,NA,NA,0.233453284501207
PDE8A,4,0,0,0.20228324057938,NA,NA,NA,0.233490043219158
CGRRF1,2,0,0,0.202749128126294,NA,NA,NA,0.234036651696437
RYBP,2,0,0,0.203899555407775,NA,NA,NA,0.235424298328486
PPP2R5C,6,0,0,0.20397831555416,NA,NA,NA,0.235498797404958
DCAKD,2,0,0,0.203899555407775,NA,NA,NA,0.235501845268041
WRN,3,0,0,0.20397831555416,NA,NA,NA,0.235741186266257
KDM5A,6,0,0,0.20397831555416,NA,NA,NA,0.235806084540901
SYNC,6,0,0,0.204321889466228,NA,NA,NA,0.236239520269764
NECTIN1,2,0,0,0.20441323053352,NA,NA,NA,0.236308978507507
TANC1,2,0,0,0.204893767829697,NA,NA,NA,0.236817492160313
MIPOL1,3,0,0,0.205181075153782,NA,NA,NA,0.23710790873057
MPV17,2,0,0,0.205262747360863,NA,NA,NA,0.237318980959471
TSN,8,0,0,0.205262747360863,NA,NA,NA,0.237414066779145
RNF41,10,0,0,0.205399128371472,NA,NA,NA,0.237534225363264
SRSF7,4,0,0,0.205262747360863,NA,NA,NA,0.237588721654993
THEM4,5,0,0,0.205581304568118,NA,NA,NA,0.237672344594185
SUMO2,4,0,0,0.205581304568118,NA,NA,NA,0.237794788912401
AGO4,6,0,0,0.206113138916223,NA,NA,NA,0.23823849195948
RHBDD2,2,0,0,0.206896837312915,NA,NA,NA,0.239246280714764
NAP1L1,7,0,0,0.207586595091208,NA,NA,NA,0.2399562659825
RTL8B,2,0,0,0.207582843357457,NA,NA,NA,0.239986031052002
GCLC,6,0,0,0.207958774628058,NA,NA,NA,0.240341874295812
MTURN,8,0,0,0.208036247080047,NA,NA,NA,0.240395225829652
ZNF473,2,0,0,0.20887177537264,NA,NA,NA,0.241302731114838
RELT,2,0,0,0.20900651160811,NA,NA,NA,0.241420475526728
PREX2,2,0,0,0.209215977540652,NA,NA,NA,0.241622376975757
FAM135A,2,0,0,0.209311410173509,NA,NA,NA,0.241695842564743
ZDHHC3,7,0,0,0.209341167816133,NA,NA,NA,0.241999773017945
RYK,2,0,0,0.20946905285339,NA,NA,NA,0.242075778014532
FOSL1,2,0,0,0.209341167816133,NA,NA,NA,0.242092145736304
KDM7A,2,0,0,0.209341167816133,NA,NA,NA,0.242108760972024
AIG1,2,0,0,0.209341167816133,NA,NA,NA,0.242227279503573
KPNA1,12,0,0,0.20946905285339,NA,NA,NA,0.242234538302497
HSDL1,5,0,0,0.209752508391161,NA,NA,NA,0.242361089560494
ENAH,10,0,0,0.209341167816133,NA,NA,NA,0.242393298088592
MLX,5,0,0,0.209341167816133,NA,NA,NA,0.242399115532168
EPOR,4,0,0,0.210036078299681,NA,NA,NA,0.242762368307729
UBE2D2,6,0,0,0.210036078299681,NA,NA,NA,0.242770125373718
LRRC28,2,0,0,0.210126567629806,NA,NA,NA,0.242837987228152
RAD50,9,0,0,0.210393136970441,NA,NA,NA,0.243070136411161
TTC9C,2,0,0,0.210393136970441,NA,NA,NA,0.24310598585229
YIPF4,15,0,0,0.21060781985124,NA,NA,NA,0.243277848265018
NMT2,9,0,0,0.211088712897577,NA,NA,NA,0.243785159382352
HACD1,2,0,0,0.211928404771346,NA,NA,NA,0.244905793115802
FADS1,4,0,0,0.212748089831338,NA,NA,NA,0.245866766372599
CDKN2AIPNL,3,0,0,0.212748089831338,NA,NA,NA,0.245987610009136
CYBRD1,4,0,0,0.213518155082577,NA,NA,NA,0.246719852876815
RAD23B,9,0,0,0.213628573714849,NA,NA,NA,0.246809666431084
SUPT6H,3,0,0,0.213518155082577,NA,NA,NA,0.246833188390676
PPP1R7,3,0,0,0.213518155082577,NA,NA,NA,0.246840754262229
ALDH9A1,3,0,0,0.213518155082577,NA,NA,NA,0.247019134904758
WDR12,9,0,0,0.213518155082577,NA,NA,NA,0.247029878377973
HRH1,5,0,0,0.214437927689541,NA,NA,NA,0.247968680247823
TCEAL7,2,0,0,0.214437927689541,NA,NA,NA,0.247977132657154
DVL1,2,0,0,0.214970966362226,NA,NA,NA,0.248845485343017
PRPSAP1,5,0,0,0.215257804608152,NA,NA,NA,0.249000374442266
PPP1R2,3,0,0,0.215257804608152,NA,NA,NA,0.249119693655232
STOM,4,0,0,0.215257804608152,NA,NA,NA,0.24925262365093
INPP1,2,0,0,0.215257804608152,NA,NA,NA,0.249282171156183
ALDH7A1,4,0,0,0.215257804608152,NA,NA,NA,0.249329717179285
NRARP,5,0,0,0.215692739056588,NA,NA,NA,0.249420441116954
VPS33A,3,0,0,0.215692739056588,NA,NA,NA,0.249515828016033
SYNJ2,10,0,0,0.21647428797073,NA,NA,NA,0.250440749674795
LDAH,4,0,0,0.21647428797073,NA,NA,NA,0.250526488831572
ZCCHC7,2,0,0,0.21647428797073,NA,NA,NA,0.250624544476765
OSBPL9,5,0,0,0.218216542816248,NA,NA,NA,0.25291885215597
GPN1,3,0,0,0.218277400080495,NA,NA,NA,0.253111397186604
HOXA10,2,0,0,0.218437448154894,NA,NA,NA,0.253256159072818
IRAK4,3,0,0,0.218725268413674,NA,NA,NA,0.25347350580579
AP3M1,4,0,0,0.218725268413674,NA,NA,NA,0.253595417752883
HOOK3,11,0,0,0.218725268413674,NA,NA,NA,0.253612963548068
TRIM37,2,0,0,0.219368836652761,NA,NA,NA,0.253985043437182
PHF5A,2,0,0,0.219248910756474,NA,NA,NA,0.253992392546025
TXNL4A,4,0,0,0.219368836652761,NA,NA,NA,0.254043007184958
TMEM106B,6,0,0,0.219368836652761,NA,NA,NA,0.254105314434591
EXOC8,4,0,0,0.219368836652761,NA,NA,NA,0.254150802081402
MAIP1,2,0,0,0.219248910756474,NA,NA,NA,0.254151688802452
BST1,2,0,0,0.219687528001503,NA,NA,NA,0.254308409772566
ZNF148,9,0,0,0.219945565193086,NA,NA,NA,0.254652536634907
PTPN21,3,0,0,0.219987105190997,NA,NA,NA,0.254733782048896
GPC1,2,0,0,0.22014324214875,NA,NA,NA,0.255084880227582
RBL2,2,0,0,0.22014324214875,NA,NA,NA,0.25524447712281
POLR3C,3,0,0,0.22014324214875,NA,NA,NA,0.255273820399489
EMG1,3,0,0,0.22014324214875,NA,NA,NA,0.255281782507262
PATL1,4,0,0,0.220448385535917,NA,NA,NA,0.255392993848548
ZFYVE26,4,0,0,0.220934210601411,NA,NA,NA,0.255904529771592
PEAK1,3,0,0,0.222169368621374,NA,NA,NA,0.257259541364697
TBC1D25,2,0,0,0.222650945873728,NA,NA,NA,0.258085499047334
APBA3,2,0,0,0.222910545442118,NA,NA,NA,0.258501731007272
ADARB1,4,0,0,0.223032790762129,NA,NA,NA,0.258922992117449
TMA16,2,0,0,0.223865288042565,NA,NA,NA,0.260109342851933
FAM124A,3,0,0,0.223865288042565,NA,NA,NA,0.260182566106638
MTA3,3,0,0,0.224406892808856,NA,NA,NA,0.26068391418524
EDEM1,2,0,0,0.224880253233387,NA,NA,NA,0.261181243847831
TRPS1,3,0,0,0.225496900229537,NA,NA,NA,0.261815889971044
NIFK,5,0,0,0.225496900229537,NA,NA,NA,0.261910497898423
IL17RA,10,0,0,0.225496900229537,NA,NA,NA,0.261913066046228
ANKS6,2,0,0,0.225496900229537,NA,NA,NA,0.261956561823054
SP3,4,0,0,0.225496900229537,NA,NA,NA,0.262060398359552
TAOK1,6,0,0,0.225496900229537,NA,NA,NA,0.262157822335216
MARCHF3,4,0,0,0.225956792848745,NA,NA,NA,0.26257018729098
CCSAP,2,0,0,0.225956792848745,NA,NA,NA,0.262642862511938
STARD13,6,0,0,0.22608998414417,NA,NA,NA,0.262694587835164
WDFY2,4,0,0,0.226610413981663,NA,NA,NA,0.263405200315984
ITGAV,12,0,0,0.2266999495748,NA,NA,NA,0.263629434628835
YWHAQ,6,0,0,0.227042470827953,NA,NA,NA,0.263978845847409
SLC2A4RG,3,0,0,0.227161488728267,NA,NA,NA,0.264038541191207
BUB1,2,0,0,0.227161488728267,NA,NA,NA,0.264146661266058
SUFU,2,0,0,0.228078403578723,NA,NA,NA,0.264775260795494
POLR2L,3,0,0,0.227925160443438,NA,NA,NA,0.264825629842686
PKIA,8,0,0,0.228078403578723,NA,NA,NA,0.264901797501223
TAF8,2,0,0,0.228078403578723,NA,NA,NA,0.264929211035632
ARL8B,7,0,0,0.228078403578723,NA,NA,NA,0.264985505534551
RFWD3,2,0,0,0.228078403578723,NA,NA,NA,0.26499159690527
CCDC117,2,0,0,0.227925160443438,NA,NA,NA,0.265012102427637
FAM168A,4,0,0,0.228341988019958,NA,NA,NA,0.265035221035318
IVD,6,0,0,0.228078403578723,NA,NA,NA,0.265088518346164
AOPEP,2,0,0,0.228583403259082,NA,NA,NA,0.265196143811733
RPS6KB1,5,0,0,0.228562769211567,NA,NA,NA,0.265209879380417
MFSD4B,6,0,0,0.228562769211567,NA,NA,NA,0.26536974376198
DUS2,2,0,0,0.22958915085597,NA,NA,NA,0.266772399107904
COL1A2,5,0,0,0.230143065819837,NA,NA,NA,0.267765358485015
ACTR8,5,0,0,0.230233917957911,NA,NA,NA,0.267830147767538
SRGAP2C,3,0,0,0.230143065819837,NA,NA,NA,0.267892311884925
MYOF,2,0,0,0.230143065819837,NA,NA,NA,0.26794565725531
GNG11,4,0,0,0.230607239912481,NA,NA,NA,0.268213695692126
GPR161,5,0,0,0.230817767690838,NA,NA,NA,0.268375743065869
MAP2K6,3,0,0,0.230817767690838,NA,NA,NA,0.268435990170888
RALGAPB,7,0,0,0.230956281773924,NA,NA,NA,0.268676844587144
LDLRAD3,2,0,0,0.230956281773924,NA,NA,NA,0.268885037235043
TTC28,2,0,0,0.230956281773924,NA,NA,NA,0.268944730691413
CBLB,3,0,0,0.230956281773924,NA,NA,NA,0.268963467604452
CNOT2,4,0,0,0.230956281773924,NA,NA,NA,0.269016347257637
REPS1,3,0,0,0.230956281773924,NA,NA,NA,0.269024658553906
CLEC2B,2,0,0,0.231069122575312,NA,NA,NA,0.269034258752281
PIAS2,7,0,0,0.231809820685134,NA,NA,NA,0.269651559194181
ABLIM1,4,0,0,0.231539540901099,NA,NA,NA,0.269687153206289
ANKH,4,0,0,0.231809820685134,NA,NA,NA,0.269785400540562
BPNT1,5,0,0,0.231809820685134,NA,NA,NA,0.269800632222748
DENND5B,3,0,0,0.231715719155034,NA,NA,NA,0.269848094614529
TRMT5,2,0,0,0.231809820685134,NA,NA,NA,0.269902341987138
ABI3BP,3,0,0,0.231809820685134,NA,NA,NA,0.269961337081588
C9orf40,3,0,0,0.231809820685134,NA,NA,NA,0.270011477535811
PANX1,2,0,0,0.231809820685134,NA,NA,NA,0.270127910113523
EPB41L3,9,0,0,0.231809820685134,NA,NA,NA,0.270165591829696
RIC8A,2,0,0,0.232177135698841,NA,NA,NA,0.270436926332999
ATP2B1,4,0,0,0.232177135698841,NA,NA,NA,0.270466657073655
ZNF264,3,0,0,0.232622854848215,NA,NA,NA,0.271249697050169
TRPC1,4,0,0,0.233428096199908,NA,NA,NA,0.272121373324023
CAMTA1,3,0,0,0.233624791573442,NA,NA,NA,0.272152276660939
GPR89A,3,0,0,0.233624791573442,NA,NA,NA,0.272274737256762
RSRC2,4,0,0,0.233624791573442,NA,NA,NA,0.27236451013293
IQCE,2,0,0,0.233624791573442,NA,NA,NA,0.272422210722353
PHETA1,2,0,0,0.233624791573442,NA,NA,NA,0.272452166451375
TMEM231,4,0,0,0.233878936131142,NA,NA,NA,0.272559830881898
KLF4,2,0,0,0.234311315542082,NA,NA,NA,0.273121918214016
AGO1,3,0,0,0.234689819884075,NA,NA,NA,0.273957586348845
EMSY,3,0,0,0.234689819884075,NA,NA,NA,0.274120652718907
RSPO3,4,0,0,0.234689819884075,NA,NA,NA,0.274158342953782
C1orf74,4,0,0,0.235012568998532,NA,NA,NA,0.274442741251752
ZBTB44,6,0,0,0.235148799621437,NA,NA,NA,0.274558026137536
PTPRG,5,0,0,0.235186796022587,NA,NA,NA,0.274562223909269
TBP,2,0,0,0.235550068880961,NA,NA,NA,0.274895460000406
CDKN1A,2,0,0,0.235550068880961,NA,NA,NA,0.274980003110378
BRWD3,6,0,0,0.235804638299205,NA,NA,NA,0.27514445944998
CAVIN2,6,0,0,0.236394537283881,NA,NA,NA,0.275744910947044
AHI1,2,0,0,0.236394537283881,NA,NA,NA,0.275779849373551
WDTC1,2,0,0,0.236394537283881,NA,NA,NA,0.275805723030675
SNF8,3,0,0,0.236394537283881,NA,NA,NA,0.27592784442056
ZBTB2,2,0,0,0.236394537283881,NA,NA,NA,0.275929501863459
MRPL47,4,0,0,0.236394537283881,NA,NA,NA,0.27596762738122
GATA6,6,0,0,0.236394537283881,NA,NA,NA,0.275973977486814
ZNF330,3,0,0,0.236394537283881,NA,NA,NA,0.276029798921267
N4BP2L2,4,0,0,0.236394537283881,NA,NA,NA,0.276148885288606
CHKA,2,0,0,0.236644874999473,NA,NA,NA,0.276265417976289
GNS,5,0,0,0.236767293247443,NA,NA,NA,0.276365088320105
CLUAP1,5,0,0,0.236644874999473,NA,NA,NA,0.276373906481691
ATXN10,6,0,0,0.236644874999473,NA,NA,NA,0.276385853301429
MECP2,5,0,0,0.236644874999473,NA,NA,NA,0.276422096626517
STAU2,3,0,0,0.236644874999473,NA,NA,NA,0.276519830231473
VGLL3,5,0,0,0.236644874999473,NA,NA,NA,0.276641835066214
ICMT,5,0,0,0.236824385217416,NA,NA,NA,0.276666691631749
CPNE2,2,0,0,0.236824385217416,NA,NA,NA,0.276687533188085
DCAF7,7,0,0,0.236644874999473,NA,NA,NA,0.27676190515791
DSE,5,0,0,0.237037139533963,NA,NA,NA,0.27686844446896
SEZ6L2,2,0,0,0.237921518791728,NA,NA,NA,0.277829173366648
WIPF2,7,0,0,0.237997615627119,NA,NA,NA,0.277876283587228
RAB36,2,0,0,0.239281008845725,NA,NA,NA,0.279564104772056
RCOR1,4,0,0,0.239249665668714,NA,NA,NA,0.279567919465081
NNT,7,0,0,0.239726039267509,NA,NA,NA,0.279949401993303
PODXL,6,0,0,0.239702001160005,NA,NA,NA,0.280000648465806
BTBD9,3,0,0,0.239726039267509,NA,NA,NA,0.280018832311292
NIPA2,7,0,0,0.239851778373744,NA,NA,NA,0.280052283064746
ARHGAP42,2,0,0,0.240113568529263,NA,NA,NA,0.280269683801917
SNTB2,10,0,0,0.240112993019831,NA,NA,NA,0.280308136419589
C14orf28,4,0,0,0.240290592740334,NA,NA,NA,0.280430446516121
PAXBP1,2,0,0,0.240508380423426,NA,NA,NA,0.280637185831383
SMIM12,4,0,0,0.241055384826974,NA,NA,NA,0.281215296941101
HERPUD2,4,0,0,0.241406540096252,NA,NA,NA,0.281730488109127
CXCL6,3,0,0,0.241598431464035,NA,NA,NA,0.281907781730698
ZNF562,7,0,0,0.242195472692578,NA,NA,NA,0.282542017831602
GGA2,6,0,0,0.242464599983071,NA,NA,NA,0.282806243543968
PTGR3,7,0,0,0.242981589700849,NA,NA,NA,0.283349811438832
METTL4,2,0,0,0.24323878157981,NA,NA,NA,0.28371970188855
ZNF142,4,0,0,0.24323878157981,NA,NA,NA,0.283827017706886
GLE1,2,0,0,0.243827040834465,NA,NA,NA,0.284343399979891
CS,3,0,0,0.244064962367708,NA,NA,NA,0.284730958290565
DCK,2,0,0,0.244589843567519,NA,NA,NA,0.285243484553001
TEK,3,0,0,0.244566969710077,NA,NA,NA,0.285257273762095
MACF1,6,0,0,0.244991709113667,NA,NA,NA,0.285722387956155
BCAT1,10,0,0,0.245008276218119,NA,NA,NA,0.285794813799268
EMC2,2,0,0,0.24533779316857,NA,NA,NA,0.28614427414888
LRCH2,3,0,0,0.245435727316191,NA,NA,NA,0.286356182873137
METTL1,2,0,0,0.245638273491998,NA,NA,NA,0.286505027666868
COX18,2,0,0,0.245622710945806,NA,NA,NA,0.286527187608769
SLC12A6,3,0,0,0.246484158772178,NA,NA,NA,0.287259467476188
MRPL52,3,0,0,0.246484158772178,NA,NA,NA,0.287378322396845
PDCD1LG2,3,0,0,0.246484158772178,NA,NA,NA,0.287480813976992
ETS2,5,0,0,0.246484158772178,NA,NA,NA,0.287490871294246
RPTOR,3,0,0,0.246484158772178,NA,NA,NA,0.287595358309375
ORC2,5,0,0,0.247332406287932,NA,NA,NA,0.288174390438875
CCNH,2,0,0,0.247467918966299,NA,NA,NA,0.288601837078808
RGS5,12,0,0,0.247467918966299,NA,NA,NA,0.288723765895053
SSH2,4,0,0,0.247467918966299,NA,NA,NA,0.288784435051613
POLR1C,2,0,0,0.247467918966299,NA,NA,NA,0.288804375768968
DCAF16,3,0,0,0.247467918966299,NA,NA,NA,0.288817520459092
NSUN4,4,0,0,0.247467918966299,NA,NA,NA,0.288834706523859
PTTG1IP,9,0,0,0.248084605337083,NA,NA,NA,0.289099978756865
C17orf58,2,0,0,0.248045628057547,NA,NA,NA,0.289135423329402
IL13RA1,9,0,0,0.247905143399625,NA,NA,NA,0.289176287282034
TMEM187,2,0,0,0.248084605337083,NA,NA,NA,0.289219610753912
NUDT21,5,0,0,0.248290848709504,NA,NA,NA,0.289323542005268
TYRO3,2,0,0,0.248045628057547,NA,NA,NA,0.28932764339635
SAP30BP,5,0,0,0.248045628057547,NA,NA,NA,0.28941142715976
CYRIB,2,0,0,0.248045628057547,NA,NA,NA,0.289417399023036
GTF2A2,4,0,0,0.248045628057547,NA,NA,NA,0.289504227159226
PSTPIP2,3,0,0,0.248507759612842,NA,NA,NA,0.28961499962903
ZNF354C,2,0,0,0.248507759612842,NA,NA,NA,0.28979528812427
ST3GAL5,2,0,0,0.248751448044307,NA,NA,NA,0.289849400534596
ATF2,3,0,0,0.249140854379957,NA,NA,NA,0.290247555953603
EEF1AKMT2,5,0,0,0.249836761331276,NA,NA,NA,0.290990018170558
FBXW11,3,0,0,0.24990130582572,NA,NA,NA,0.291022824114174
FOXN3,5,0,0,0.249968423421762,NA,NA,NA,0.291216740057012
MRM2,2,0,0,0.250056249864545,NA,NA,NA,0.291275679830308
MCC,4,0,0,0.250525436573187,NA,NA,NA,0.291763082243903
SOBP,3,0,0,0.250879519569776,NA,NA,NA,0.29212102347846
RCC1,3,0,0,0.251547199097941,NA,NA,NA,0.292830949683875
C1orf21,3,0,0,0.251906002213948,NA,NA,NA,0.29339125945663
TXNRD3,2,0,0,0.251876286532319,NA,NA,NA,0.29343790239686
SERINC3,8,0,0,0.252025509492724,NA,NA,NA,0.293492106450323
CDC5L,5,0,0,0.251876286532319,NA,NA,NA,0.293525106730231
ANAPC16,5,0,0,0.251906002213948,NA,NA,NA,0.29357785750499
UCHL5,9,0,0,0.252354294719004,NA,NA,NA,0.293973142587058
GMPS,3,0,0,0.252627382530277,NA,NA,NA,0.294163729731019
UNC5B,2,0,0,0.252631675658748,NA,NA,NA,0.294242743129231
NQO1,3,0,0,0.252627382530277,NA,NA,NA,0.294292736297787
MRAP2,2,0,0,0.252627382530277,NA,NA,NA,0.294424993952205
SMURF2,10,0,0,0.252627382530277,NA,NA,NA,0.294431495960427
PPARA,2,0,0,0.253420182242308,NA,NA,NA,0.295246234148363
MILR1,2,0,0,0.254287233622019,NA,NA,NA,0.296018643357202
URB1,6,0,0,0.254311751271265,NA,NA,NA,0.296074909216525
CAPRIN1,11,0,0,0.254287233622019,NA,NA,NA,0.296141813770615
DECR1,3,0,0,0.254287233622019,NA,NA,NA,0.29614971683082
STT3B,4,0,0,0.254287233622019,NA,NA,NA,0.296170588939193
DYNC1LI2,8,0,0,0.254416119373173,NA,NA,NA,0.296201087382179
COL25A1,3,0,0,0.254287233622019,NA,NA,NA,0.29622011843533
HYI,2,0,0,0.254311751271265,NA,NA,NA,0.296235832932516
PITHD1,2,0,0,0.254614985129252,NA,NA,NA,0.296384058704736
SLC25A40,4,0,0,0.254666788263095,NA,NA,NA,0.296492971548311
ZNF398,4,0,0,0.25478375785725,NA,NA,NA,0.296651109459179
PSMB2,9,0,0,0.254806801246608,NA,NA,NA,0.296935415876976
ENTPD4,3,0,0,0.254806801246608,NA,NA,NA,0.29694141300276
PKNOX1,4,0,0,0.254806801246608,NA,NA,NA,0.296953809644895
LMBRD2,6,0,0,0.254806801246608,NA,NA,NA,0.296993274178857
TCIM,4,0,0,0.25491485457106,NA,NA,NA,0.297058713829282
C12orf4,4,0,0,0.25491485457106,NA,NA,NA,0.297068537813741
TXNL1,3,0,0,0.254806801246608,NA,NA,NA,0.297089992825934
DIAPH3,2,0,0,0.25491485457106,NA,NA,NA,0.297096646957735
SHROOM3,3,0,0,0.254806801246608,NA,NA,NA,0.297105014571315
RNF24,8,0,0,0.254806801246608,NA,NA,NA,0.297116596323308
DNAJC5,7,0,0,0.254806801246608,NA,NA,NA,0.29713474364087
DHX9,4,0,0,0.25491485457106,NA,NA,NA,0.297198041821877
MSN,2,0,0,0.255128402241574,NA,NA,NA,0.297258300074458
RBBP9,4,0,0,0.254806801246608,NA,NA,NA,0.297289527098178
TM9SF2,5,0,0,0.254806801246608,NA,NA,NA,0.297449184707422
CHST3,2,0,0,0.254806801246608,NA,NA,NA,0.297486433058943
MSANTD2,3,0,0,0.254806801246608,NA,NA,NA,0.297494202027131
PTRH1,2,0,0,0.254806801246608,NA,NA,NA,0.29749580549224
CDC37L1,4,0,0,0.255620732482338,NA,NA,NA,0.297782134926652
DENND4C,6,0,0,0.255620732482338,NA,NA,NA,0.297886622257343
MEGF9,4,0,0,0.25611081606057,NA,NA,NA,0.298668469665053
POLR2D,4,0,0,0.25611081606057,NA,NA,NA,0.29868167984833
APCDD1L,2,0,0,0.256808963072372,NA,NA,NA,0.299371305627918
RCN2,3,0,0,0.256808963072372,NA,NA,NA,0.299412110915037
NFE2L3,2,0,0,0.258158428978125,NA,NA,NA,0.301077065324351
TMEM199,4,0,0,0.258153078137482,NA,NA,NA,0.301111751729721
WASHC2A,2,0,0,0.258153078137482,NA,NA,NA,0.301277330877593
UBE2E2,6,0,0,0.25823928745426,NA,NA,NA,0.301415076685885
BRAT1,2,0,0,0.25823928745426,NA,NA,NA,0.301511089142181
SWAP70,6,0,0,0.258670730192252,NA,NA,NA,0.302156659209615
SAR1B,5,0,0,0.25896277414862,NA,NA,NA,0.302600474600453
DENND4A,6,0,0,0.259369684018776,NA,NA,NA,0.30331547670081
TMEM64,5,0,0,0.259583119203512,NA,NA,NA,0.303528931503468
FAM133B,2,0,0,0.260266410955662,NA,NA,NA,0.304683310079069
HMGN3,3,0,0,0.260266410955662,NA,NA,NA,0.304842316704627
BCL6B,4,0,0,0.26069221212116,NA,NA,NA,0.305238037327451
GCDH,2,0,0,0.26069221212116,NA,NA,NA,0.305295133288258
MYO1B,3,0,0,0.261104074558296,NA,NA,NA,0.305816872545154
MYO10,7,0,0,0.261178000900107,NA,NA,NA,0.305858143215299
SPRYD4,2,0,0,0.261178222943592,NA,NA,NA,0.30597342358611
HNRNPA2B1,6,0,0,0.261291445201026,NA,NA,NA,0.306058923821436
SLC7A6OS,5,0,0,0.261915746055254,NA,NA,NA,0.307227809879624
PDE3A,8,0,0,0.26379640896848,NA,NA,NA,0.309885310496973
COPG2,2,0,0,0.26379640896848,NA,NA,NA,0.309966558922397
DCAF8,3,0,0,0.26379640896848,NA,NA,NA,0.310030409435486
SCD,3,0,0,0.26379640896848,NA,NA,NA,0.310066546253266
PPP6R2,2,0,0,0.26379640896848,NA,NA,NA,0.31013987150343
ZDHHC2,9,0,0,0.264071810744979,NA,NA,NA,0.310310642145586
NEGR1,12,0,0,0.264182628333017,NA,NA,NA,0.310392610307094
CD55,5,0,0,0.264216723080106,NA,NA,NA,0.310701915018294
CD93,3,0,0,0.265175570498246,NA,NA,NA,0.311742251345159
BCL10,6,0,0,0.265236964471361,NA,NA,NA,0.311768190279552
ANOS1,2,0,0,0.265788906979872,NA,NA,NA,0.312347656385065
THRAP3,2,0,0,0.266006900395159,NA,NA,NA,0.312550195089954
PRKAR2A,9,0,0,0.266484208658979,NA,NA,NA,0.313045115719424
LRIF1,3,0,0,0.266543650142667,NA,NA,NA,0.313068741958657
MESD,6,0,0,0.267224367199967,NA,NA,NA,0.313911978773747
CUL5,7,0,0,0.267595462193858,NA,NA,NA,0.314511502597222
PABPC1,5,0,0,0.267595462193858,NA,NA,NA,0.314536573942686
WDHD1,3,0,0,0.267595462193858,NA,NA,NA,0.314556179381779
CRYZ,2,0,0,0.267691173059807,NA,NA,NA,0.314575806212668
CCDC3,2,0,0,0.267595462193858,NA,NA,NA,0.314659296207444
IGF1R,6,0,0,0.26787931420936,NA,NA,NA,0.314700750017949
ACOX1,7,0,0,0.267871869470192,NA,NA,NA,0.314735932011747
FBXO11,5,0,0,0.268045282234701,NA,NA,NA,0.314844265211712
GABARAP,3,0,0,0.268140908844009,NA,NA,NA,0.314908505266114
CLPX,3,0,0,0.268197934332583,NA,NA,NA,0.314953227361941
SHC1,5,0,0,0.268197934332583,NA,NA,NA,0.315043495955587
NCAPG,2,0,0,0.268553211180272,NA,NA,NA,0.315313301173029
TMX3,5,0,0,0.268539225819977,NA,NA,NA,0.315341009487541
PEX13,6,0,0,0.268539225819977,NA,NA,NA,0.315407472576161
ELOA,3,0,0,0.269700716647092,NA,NA,NA,0.316588957251344
ECT2,2,0,0,0.269631935104796,NA,NA,NA,0.316642381186872
TLL1,5,0,0,0.269700716647092,NA,NA,NA,0.316728411016384
ZC2HC1A,3,0,0,0.269700716647092,NA,NA,NA,0.316844166014057
GBP2,3,0,0,0.270133926504978,NA,NA,NA,0.317032960048789
ASCC1,4,0,0,0.270235101115113,NA,NA,NA,0.317117548688921
ADK,4,0,0,0.270352356338031,NA,NA,NA,0.317507066488309
MGP,5,0,0,0.270679283296909,NA,NA,NA,0.317826058735612
ELAC2,2,0,0,0.270679283296909,NA,NA,NA,0.317884743819548
ARHGAP5,9,0,0,0.271220586941975,NA,NA,NA,0.318467091580064
TXNDC9,5,0,0,0.271220586941975,NA,NA,NA,0.318648129979419
DBR1,2,0,0,0.271414320788476,NA,NA,NA,0.318711351347652
FBXW8,4,0,0,0.271414320788476,NA,NA,NA,0.318740446560138
KIF20A,3,0,0,0.271489938691728,NA,NA,NA,0.318766154013663
TRMT112,3,0,0,0.271489938691728,NA,NA,NA,0.318866268129998
B3GNT2,2,0,0,0.271414320788476,NA,NA,NA,0.318887346474259
TIA1,9,0,0,0.272183435763213,NA,NA,NA,0.31982990519111
IKZF4,2,0,0,0.272243975889131,NA,NA,NA,0.31985405890538
CDH5,4,0,0,0.272181257939884,NA,NA,NA,0.319915584057269
THBS1,19,0,0,0.272183435763213,NA,NA,NA,0.319953247819269
HDHD2,3,0,0,0.272641491229931,NA,NA,NA,0.320257460653134
PRKD1,2,0,0,0.273715699265466,NA,NA,NA,0.321421909430763
SFT2D3,3,0,0,0.27537025871127,NA,NA,NA,0.323713898576365
IFT20,2,0,0,0.275627352740938,NA,NA,NA,0.323958532343038
GJA5,3,0,0,0.276274959478162,NA,NA,NA,0.324642416145047
PRORP,4,0,0,0.27657280400673,NA,NA,NA,0.324932640463973
COPS3,2,0,0,0.276621935353586,NA,NA,NA,0.325057155893431
ARL6,5,0,0,0.276621935353586,NA,NA,NA,0.325142176238641
GCLM,13,0,0,0.276673573886256,NA,NA,NA,0.32522911247392
TMEM87B,9,0,0,0.276768055496021,NA,NA,NA,0.325290553145391
FUT8,3,0,0,0.276869603132934,NA,NA,NA,0.325359952693899
INSIG2,5,0,0,0.277002885922879,NA,NA,NA,0.32546504555606
GNAI3,13,0,0,0.277597747800521,NA,NA,NA,0.326157934501702
DBT,8,0,0,0.277597747800521,NA,NA,NA,0.326307300759651
ZNF772,3,0,0,0.277597747800521,NA,NA,NA,0.32646936543151
ATP6V1E1,4,0,0,0.278063307647456,NA,NA,NA,0.326546721856198
CAB39,3,0,0,0.278063307647456,NA,NA,NA,0.326673400509817
SUGT1,7,0,0,0.278319961728791,NA,NA,NA,0.326745507219119
RNF13,2,0,0,0.278063307647456,NA,NA,NA,0.326778315087507
LYSMD2,2,0,0,0.278319961728791,NA,NA,NA,0.326820039857286
RALGPS1,2,0,0,0.278472322993636,NA,NA,NA,0.326871881723915
BMP1,2,0,0,0.278515895607181,NA,NA,NA,0.326980078943405
RAB4A,7,0,0,0.279022145909742,NA,NA,NA,0.327558058626948
LIX1L,5,0,0,0.279980167700058,NA,NA,NA,0.329019663724345
POLR1A,8,0,0,0.279948319408549,NA,NA,NA,0.329029100863534
MAN2A2,2,0,0,0.280019166937473,NA,NA,NA,0.329042265393839
VAMP3,6,0,0,0.280019166937473,NA,NA,NA,0.329067570966702
TRAF3IP1,3,0,0,0.280028681169759,NA,NA,NA,0.329210204025637
MORF4L2,2,0,0,0.280019166937473,NA,NA,NA,0.329244761478598
AARS2,4,0,0,0.280661405670551,NA,NA,NA,0.329875964785411
DR1,14,0,0,0.280870939050013,NA,NA,NA,0.330020813325366
PI4K2A,3,0,0,0.280870939050013,NA,NA,NA,0.330115054895323
PPP1R12A,4,0,0,0.281305294113309,NA,NA,NA,0.330463321931604
STAG1,2,0,0,0.281481764085045,NA,NA,NA,0.330719607505163
PSD3,3,0,0,0.281637902606459,NA,NA,NA,0.330768867439285
TERF2IP,3,0,0,0.281637902606459,NA,NA,NA,0.330921811494032
TBCA,3,0,0,0.281637902606459,NA,NA,NA,0.330995295733503
CDC6,3,0,0,0.281637902606459,NA,NA,NA,0.331022717460193
SHC2,2,0,0,0.281876955418189,NA,NA,NA,0.331097125487116
AP4M1,3,0,0,0.281876955418189,NA,NA,NA,0.331103267700833
CLASP2,4,0,0,0.282396914681768,NA,NA,NA,0.331643035945869
DKK1,7,0,0,0.282529697744432,NA,NA,NA,0.331746735749577
RSF1,5,0,0,0.282692113223557,NA,NA,NA,0.332041786887286
CDV3,3,0,0,0.282960074191743,NA,NA,NA,0.33229707234743
COLGALT1,3,0,0,0.283178900339585,NA,NA,NA,0.332553558170765
SERPINB2,2,0,0,0.283251294483994,NA,NA,NA,0.332691142072279
VRK1,2,0,0,0.283546530338915,NA,NA,NA,0.333202027112019
APLN,3,0,0,0.283546530338915,NA,NA,NA,0.333293326033432
EXOSC8,3,0,0,0.283796705537429,NA,NA,NA,0.333437224138664
SPPL2B,2,0,0,0.283546530338915,NA,NA,NA,0.333471645323037
MBNL2,3,0,0,0.284022979302911,NA,NA,NA,0.333600074287314
SULT1B1,5,0,0,0.284002327012914,NA,NA,NA,0.333622384393289
PKP4,2,0,0,0.284169250420011,NA,NA,NA,0.333673251504462
WNT5A,3,0,0,0.284169250420011,NA,NA,NA,0.333752093026858
SAE1,2,0,0,0.285367677778077,NA,NA,NA,0.334970926786842
ELP2,8,0,0,0.285537815514449,NA,NA,NA,0.335228580752877
CDK17,6,0,0,0.285537815514449,NA,NA,NA,0.335328358019944
FBXO30,3,0,0,0.285805598132198,NA,NA,NA,0.335483020835404
HMGN2,3,0,0,0.286119901933135,NA,NA,NA,0.336316936394682
MAPK7,2,0,0,0.286119901933135,NA,NA,NA,0.336366329524115
SRF,3,0,0,0.286231059256901,NA,NA,NA,0.336550044887542
PDPR,3,0,0,0.286231059256901,NA,NA,NA,0.336562557492665
UGDH,6,0,0,0.286231059256901,NA,NA,NA,0.336586689453064
AP1S3,4,0,0,0.28627395719471,NA,NA,NA,0.336588894536393
MCAT,2,0,0,0.286231059256901,NA,NA,NA,0.336656374182537
GATAD1,5,0,0,0.286403559450494,NA,NA,NA,0.336827439527653
NBDY,3,0,0,0.286231059256901,NA,NA,NA,0.336851529032054
PHF3,4,0,0,0.286993647356126,NA,NA,NA,0.337461732042546
LRRC57,6,0,0,0.287849232414644,NA,NA,NA,0.338532965925448
ZNF792,2,0,0,0.288414206728194,NA,NA,NA,0.339027760289483
CASK,4,0,0,0.288414206728194,NA,NA,NA,0.339209873554094
DSG2,2,0,0,0.288414206728194,NA,NA,NA,0.339227748353646
SEMA3D,3,0,0,0.288451565734166,NA,NA,NA,0.339267414853923
TMED8,2,0,0,0.288451565734166,NA,NA,NA,0.339339120115449
NPAS2,4,0,0,0.288451565734166,NA,NA,NA,0.339351638041527
MTMR2,6,0,0,0.288451565734166,NA,NA,NA,0.339388743643941
TRIM44,6,0,0,0.288451565734166,NA,NA,NA,0.33946347724386
TMED5,9,0,0,0.288451565734166,NA,NA,NA,0.339550473469206
FAM120A,3,0,0,0.288675271241085,NA,NA,NA,0.339941729862025
PURB,4,0,0,0.289324650184592,NA,NA,NA,0.340577376522603
LMBR1,8,0,0,0.289457947546826,NA,NA,NA,0.340680380092121
C1orf53,2,0,0,0.289324650184592,NA,NA,NA,0.340698483070657
SRP9,3,0,0,0.289729645545981,NA,NA,NA,0.34109152890467
DENND10,4,0,0,0.289976252235553,NA,NA,NA,0.341575817119303
TMEM127,7,0,0,0.290295999100431,NA,NA,NA,0.341906077922764
EP400,4,0,0,0.290295999100431,NA,NA,NA,0.342031014104796
DUSP4,4,0,0,0.290602379828905,NA,NA,NA,0.342156290271392
PTPN18,2,0,0,0.290602379828905,NA,NA,NA,0.342350680598575
ZNF552,2,0,0,0.290861815052049,NA,NA,NA,0.342557835589183
ZNF778,2,0,0,0.291286491320235,NA,NA,NA,0.342940500182465
SPA17,3,0,0,0.291286491320235,NA,NA,NA,0.343027966479248
TRAPPC13,3,0,0,0.291647908039471,NA,NA,NA,0.343298882518134
GPR137B,3,0,0,0.291956500284194,NA,NA,NA,0.343597937021417
PIGK,4,0,0,0.292136864815933,NA,NA,NA,0.343753227174734
SLC6A6,2,0,0,0.293694401638382,NA,NA,NA,0.345767005514784
REXO1,2,0,0,0.294203847428325,NA,NA,NA,0.346259627666018
OSTC,5,0,0,0.294203847428325,NA,NA,NA,0.3463589593895
C5orf15,3,0,0,0.294203847428325,NA,NA,NA,0.346361201000731
CDCA7,2,0,0,0.294203847428325,NA,NA,NA,0.346419018261958
DNAJC25,3,0,0,0.294203847428325,NA,NA,NA,0.346506819867859
PAPOLA,2,0,0,0.295143696462207,NA,NA,NA,0.347422971490578
RPL15,7,0,0,0.295254620504147,NA,NA,NA,0.347499796878366
GINM1,5,0,0,0.295485105339226,NA,NA,NA,0.348026718290688
NUCKS1,9,0,0,0.295502667781821,NA,NA,NA,0.348090944374958
CLIP1,2,0,0,0.295502667781821,NA,NA,NA,0.348238974776359
ARMCX4,2,0,0,0.295502667781821,NA,NA,NA,0.348275564285737
MCM4,4,0,0,0.295665729417163,NA,NA,NA,0.34867017388442
NIPA1,3,0,0,0.29567034900931,NA,NA,NA,0.348942884162509
USO1,4,0,0,0.29620681865564,NA,NA,NA,0.349496923144784
ZNF445,4,0,0,0.296507110664258,NA,NA,NA,0.349785792978973
TIPARP,2,0,0,0.297005614881856,NA,NA,NA,0.350296844298745
EPHA5,3,0,0,0.297061191453619,NA,NA,NA,0.350311116105487
LAMP2,8,0,0,0.297495842050953,NA,NA,NA,0.350750314791518
ATM,5,0,0,0.297753644211371,NA,NA,NA,0.350943148545377
UGCG,3,0,0,0.297753644211371,NA,NA,NA,0.351012411266835
CDK5RAP2,2,0,0,0.29793400814484,NA,NA,NA,0.351097204457044
FECH,7,0,0,0.298079777569723,NA,NA,NA,0.351212490772372
ELP3,2,0,0,0.298179169633856,NA,NA,NA,0.351227930973156
ERI1,5,0,0,0.298169551196485,NA,NA,NA,0.35126506963855
CIAO1,9,0,0,0.298641429976748,NA,NA,NA,0.351697440044162
SBF1,2,0,0,0.299416589270294,NA,NA,NA,0.353032711443557
KIN,2,0,0,0.299467824965695,NA,NA,NA,0.353109979895432
JAG2,4,0,0,0.299416589270294,NA,NA,NA,0.353199151791408
ZC3H18,2,0,0,0.299592649951711,NA,NA,NA,0.35320148574794
ATL2,3,0,0,0.302186335864506,NA,NA,NA,0.356581991605334
ZNF92,2,0,0,0.302186335864506,NA,NA,NA,0.356749144251144
POLDIP2,6,0,0,0.302545943524267,NA,NA,NA,0.356947986474461
DUSP18,2,0,0,0.302533182767399,NA,NA,NA,0.356982745447118
KIF3B,2,0,0,0.303611407976362,NA,NA,NA,0.357993653680744
RSPRY1,5,0,0,0.303587658431101,NA,NA,NA,0.358016169748604
AP3S2,2,0,0,0.303587658431101,NA,NA,NA,0.358066107873771
CCNJL,6,0,0,0.303791209236736,NA,NA,NA,0.35814577486496
STX18,2,0,0,0.304267537889218,NA,NA,NA,0.359107013564808
SIRT1,2,0,0,0.304826312356155,NA,NA,NA,0.359601670704134
GOLIM4,4,0,0,0.304826312356155,NA,NA,NA,0.359644757220674
GALNT2,3,0,0,0.304826312356155,NA,NA,NA,0.359668117804295
TOR1AIP2,9,0,0,0.304826312356155,NA,NA,NA,0.359856689366744
SERBP1,18,0,0,0.304826312356155,NA,NA,NA,0.360034481788661
DDX52,4,0,0,0.305174189002431,NA,NA,NA,0.360253076785999
PAPPA,4,0,0,0.305156224404119,NA,NA,NA,0.360282493344295
F2R,3,0,0,0.306700813903985,NA,NA,NA,0.362231057437684
RNASEH2C,2,0,0,0.308102179914225,NA,NA,NA,0.363859562483803
SS18L2,2,0,0,0.308456914924218,NA,NA,NA,0.364005971447642
PDE10A,6,0,0,0.308425600976151,NA,NA,NA,0.364020976118988
KIRREL1,2,0,0,0.308102179914225,NA,NA,NA,0.364023325514692
ATXN3,6,0,0,0.308425600976151,NA,NA,NA,0.364147776638311
MEST,2,0,0,0.308636974653084,NA,NA,NA,0.364157319418631
SCPEP1,2,0,0,0.308425600976151,NA,NA,NA,0.364258066085012
CAST,8,0,0,0.308425600976151,NA,NA,NA,0.364265843323963
CFAP97,3,0,0,0.308795084021704,NA,NA,NA,0.364284102542597
ABCA1,2,0,0,0.309035364437102,NA,NA,NA,0.364502701751521
ASH1L,2,0,0,0.309217950740556,NA,NA,NA,0.364716296238108
ARL5A,10,0,0,0.309217950740556,NA,NA,NA,0.36484552146597
PBX3,5,0,0,0.309217950740556,NA,NA,NA,0.364889547946873
EIF2AK2,5,0,0,0.309452788908449,NA,NA,NA,0.365088043322068
NUDC,3,0,0,0.309641337087381,NA,NA,NA,0.365248713847979
TRAF1,2,0,0,0.310002929545631,NA,NA,NA,0.365878840852816
SF3A1,3,0,0,0.310002929545631,NA,NA,NA,0.365897668665166
PEDS1-UBE2V1,3,0,0,0.310876507020396,NA,NA,NA,0.36722517279529
RPS23,5,0,0,0.310860588608729,NA,NA,NA,0.367257931868682
COQ3,2,0,0,0.311245442061318,NA,NA,NA,0.367534158737467
COQ7,4,0,0,0.311245442061318,NA,NA,NA,0.367544457554943
ARRDC3,3,0,0,0.311245442061318,NA,NA,NA,0.367669338041961
POGZ,3,0,0,0.311245442061318,NA,NA,NA,0.367710542882763
PML,2,0,0,0.311245442061318,NA,NA,NA,0.367748787076983
NDUFAF3,2,0,0,0.311542304655757,NA,NA,NA,0.367825803483125
ZNF282,2,0,0,0.311910438878063,NA,NA,NA,0.368251504926786
GCNT1,5,0,0,0.311910438878063,NA,NA,NA,0.368360486258259
ORMDL1,3,0,0,0.311910438878063,NA,NA,NA,0.368465644180212
SMARCA5,3,0,0,0.311910438878063,NA,NA,NA,0.368471005048883
SCAF8,2,0,0,0.312149153932143,NA,NA,NA,0.368576747991993
MID2,6,0,0,0.311910438878063,NA,NA,NA,0.368590182589937
LYPD1,4,0,0,0.311910438878063,NA,NA,NA,0.368670420793903
GLUD1,6,0,0,0.311910438878063,NA,NA,NA,0.368833197466675
TPD52L2,3,0,0,0.312317819981001,NA,NA,NA,0.368872057578516
UQCC2,2,0,0,0.312582522892457,NA,NA,NA,0.369277062036615
ENTPD6,2,0,0,0.312646562782834,NA,NA,NA,0.36929800169845
PALS1,5,0,0,0.31330416246548,NA,NA,NA,0.370140727493818
NUDT4,7,0,0,0.315327061658963,NA,NA,NA,0.372457591025842
GBP4,2,0,0,0.315327061658963,NA,NA,NA,0.372602341038793
PDCD6IP,6,0,0,0.315575667613825,NA,NA,NA,0.372684043045952
TFPI2,10,0,0,0.315746110701085,NA,NA,NA,0.372772096367828
SLC27A4,2,0,0,0.315744065590237,NA,NA,NA,0.372820904145678
BTN3A2,2,0,0,0.317143492819719,NA,NA,NA,0.374337110804212
ABCE1,8,0,0,0.317100998566529,NA,NA,NA,0.374340998053236
ZBED3,4,0,0,0.317100998566529,NA,NA,NA,0.374428270975821
RBM12B,5,0,0,0.317382518411521,NA,NA,NA,0.374737327483925
MFHAS1,2,0,0,0.317587629722185,NA,NA,NA,0.374894989964613
TAOK2,2,0,0,0.317382518411521,NA,NA,NA,0.374902039770536
MAPRE1,5,0,0,0.317639395335142,NA,NA,NA,0.374987777472798
ATG5,5,0,0,0.317639395335142,NA,NA,NA,0.375009353795724
INPP4B,2,0,0,0.317382518411521,NA,NA,NA,0.37501312792591
ME1,3,0,0,0.317587629722185,NA,NA,NA,0.375091455339096
ULK2,5,0,0,0.318358199841056,NA,NA,NA,0.375918851143585
SLC35C2,4,0,0,0.318496381413131,NA,NA,NA,0.375970041409947
OTULIN,7,0,0,0.318547007628501,NA,NA,NA,0.375975089837785
MCAM,2,0,0,0.318496381413131,NA,NA,NA,0.376137362691636
GALM,3,0,0,0.318798689071326,NA,NA,NA,0.376363377056216
ARSD,4,0,0,0.318926913387673,NA,NA,NA,0.376809769449553
SLC4A8,2,0,0,0.318926913387673,NA,NA,NA,0.37703945325181
SLC6A8,2,0,0,0.319501724442644,NA,NA,NA,0.377577306513969
PROCR,2,0,0,0.319473348961575,NA,NA,NA,0.377597446617073
UBE2F,5,0,0,0.319862970559735,NA,NA,NA,0.377928452188862
CENPF,2,0,0,0.31988758337495,NA,NA,NA,0.378620658913749
ATP6V1C1,5,0,0,0.320021529295856,NA,NA,NA,0.378744376002587
DCTPP1,2,0,0,0.320021529295856,NA,NA,NA,0.378811336874207
ZNF510,3,0,0,0.321731729308817,NA,NA,NA,0.381081098265686
LAT,2,0,0,0.321731729308817,NA,NA,NA,0.38118198140085
SPOCK1,7,0,0,0.321731729308817,NA,NA,NA,0.381259626084903
CAMSAP1,3,0,0,0.321731729308817,NA,NA,NA,0.381297684077509
WBP11,4,0,0,0.322758387785316,NA,NA,NA,0.382334545774689
MLLT3,5,0,0,0.323320369583051,NA,NA,NA,0.383361699192186
POM121,2,0,0,0.323591997625978,NA,NA,NA,0.383957280012151
TRIM38,9,0,0,0.323591997625978,NA,NA,NA,0.384078332432619
LMCD1,3,0,0,0.323591997625978,NA,NA,NA,0.384152313213449
APC,4,0,0,0.323591997625978,NA,NA,NA,0.384192442434926
PLD6,2,0,0,0.324097124311644,NA,NA,NA,0.384468717503202
KLHL13,2,0,0,0.32444309338058,NA,NA,NA,0.384802038182173
DYNLT5,3,0,0,0.325094760274494,NA,NA,NA,0.385636498938653
PARP14,3,0,0,0.325323383720201,NA,NA,NA,0.385860481757548
ST3GAL6,6,0,0,0.325324514675261,NA,NA,NA,0.385945737291941
TMEM186,2,0,0,0.326176329440875,NA,NA,NA,0.387003725560529
JAG1,4,0,0,0.326460603827465,NA,NA,NA,0.38774720760336
FAM53C,3,0,0,0.326533924691462,NA,NA,NA,0.387775116751422
EIF2B3,2,0,0,0.326940535449506,NA,NA,NA,0.388335561732954
KLF12,3,0,0,0.327340871065916,NA,NA,NA,0.388729018578652
CALCRL,6,0,0,0.327441737845593,NA,NA,NA,0.38883901898314
GPR37,4,0,0,0.327400067079223,NA,NA,NA,0.388846632527387
APOL1,2,0,0,0.327400067079223,NA,NA,NA,0.388875381331128
FBXL4,4,0,0,0.32762614477826,NA,NA,NA,0.388990970015248
CTSS,3,0,0,0.327734150613623,NA,NA,NA,0.389057521438705
C11orf58,14,0,0,0.327950962468346,NA,NA,NA,0.389507281206512
SAR1A,7,0,0,0.327950962468346,NA,NA,NA,0.389681668894118
PLEKHA8,2,0,0,0.327950962468346,NA,NA,NA,0.389861139655832
ALG9,2,0,0,0.327950962468346,NA,NA,NA,0.390050803495444
MEX3D,3,0,0,0.327950962468346,NA,NA,NA,0.390249447217372
FAM222B,6,0,0,0.328504647500178,NA,NA,NA,0.390373631223503
TRIP4,2,0,0,0.328504647500178,NA,NA,NA,0.390389707796928
FAM219B,3,0,0,0.328504647500178,NA,NA,NA,0.39039392043141
STRADB,2,0,0,0.328504647500178,NA,NA,NA,0.39056458382701
ILRUN,3,0,0,0.328504647500178,NA,NA,NA,0.390598896689605
KPNB1,7,0,0,0.328504647500178,NA,NA,NA,0.390658775333245
CENPI,3,0,0,0.328504647500178,NA,NA,NA,0.390695602850865
IFNAR2,2,0,0,0.328504647500178,NA,NA,NA,0.390706029193074
NCOA5,2,0,0,0.328504647500178,NA,NA,NA,0.390749449275025
IMPA1,4,0,0,0.328504647500178,NA,NA,NA,0.390755576910295
RALA,7,0,0,0.328933124447529,NA,NA,NA,0.390798194146722
STN1,4,0,0,0.328504647500178,NA,NA,NA,0.390819765668147
CEP135,3,0,0,0.328504647500178,NA,NA,NA,0.390937631223703
RAN,6,0,0,0.329290593359882,NA,NA,NA,0.390996589415672
CEP43,3,0,0,0.32916001813075,NA,NA,NA,0.390997422588347
ENTPD7,8,0,0,0.329249094592987,NA,NA,NA,0.391042695046026
PEX2,4,0,0,0.329290593359882,NA,NA,NA,0.391083838668053
METRN,2,0,0,0.329290593359882,NA,NA,NA,0.391092196916201
HTRA2,3,0,0,0.328504647500178,NA,NA,NA,0.391146206789018
ABCB8,2,0,0,0.329290593359882,NA,NA,NA,0.391154162399321
ALDH3A2,4,0,0,0.329290593359882,NA,NA,NA,0.391226650146079
PPM1D,4,0,0,0.329495103327622,NA,NA,NA,0.391466097074013
URI1,2,0,0,0.329771001382765,NA,NA,NA,0.391872453764366
EXOC7,4,0,0,0.329870502811921,NA,NA,NA,0.391929326284536
RAB6A,4,0,0,0.329771001382765,NA,NA,NA,0.391948842300408
EXTL2,3,0,0,0.329771001382765,NA,NA,NA,0.392035505507869
MTPN,4,0,0,0.329771001382765,NA,NA,NA,0.392058049869267
SIK3,2,0,0,0.33007783241045,NA,NA,NA,0.392312663069314
VOPP1,2,0,0,0.33007783241045,NA,NA,NA,0.392353860372482
HMGN5,2,0,0,0.33007783241045,NA,NA,NA,0.392402707950407
C2CD2L,2,0,0,0.330830257150026,NA,NA,NA,0.392985955775186
RPE,8,0,0,0.330850893406398,NA,NA,NA,0.393061355853699
RUSC1,2,0,0,0.330829550212798,NA,NA,NA,0.39309762985012
RUNDC1,3,0,0,0.330830257150026,NA,NA,NA,0.393150788926741
GPR180,5,0,0,0.330830257150026,NA,NA,NA,0.39333290960597
RPS14,2,0,0,0.331425902555909,NA,NA,NA,0.393648606076364
GDF11,7,0,0,0.332086006782011,NA,NA,NA,0.394487815488178
LNPK,7,0,0,0.332147429416033,NA,NA,NA,0.394501846432906
NUAK1,3,0,0,0.332295401329062,NA,NA,NA,0.394651635618084
ZNF426,4,0,0,0.332588298800799,NA,NA,NA,0.395247030521847
PKN2,4,0,0,0.332584569421373,NA,NA,NA,0.395262139981376
CKS2,2,0,0,0.332584569421373,NA,NA,NA,0.395297510968045
MYO5A,5,0,0,0.333674777516291,NA,NA,NA,0.396404069278454
PANK3,12,0,0,0.334112939149822,NA,NA,NA,0.396935487017504
THY1,2,0,0,0.334112939149822,NA,NA,NA,0.396981631454638
PUM2,8,0,0,0.334112939149822,NA,NA,NA,0.397130012368467
HNRNPM,2,0,0,0.334112939149822,NA,NA,NA,0.39717571457277
NUP88,2,0,0,0.334112939149822,NA,NA,NA,0.397189310798531
PIGX,5,0,0,0.334112939149822,NA,NA,NA,0.397225734918549
PRRC2B,4,0,0,0.334112939149822,NA,NA,NA,0.397307510132334
C6orf120,10,0,0,0.334112939149822,NA,NA,NA,0.397350381510228
ACVRL1,3,0,0,0.334321434430807,NA,NA,NA,0.397363894137149
UBR5,3,0,0,0.334112939149822,NA,NA,NA,0.397422994966952
CCDC93,4,0,0,0.334112939149822,NA,NA,NA,0.397454199376723
PHF21A,5,0,0,0.334321434430807,NA,NA,NA,0.397544197887425
ADAMTS1,6,0,0,0.334321434430807,NA,NA,NA,0.397547237488005
TRIM24,3,0,0,0.334321434430807,NA,NA,NA,0.39772174462938
KAT2B,2,0,0,0.33503405276812,NA,NA,NA,0.398508890980192
HNRNPU,8,0,0,0.335587221387153,NA,NA,NA,0.399070630861451
C2orf74,3,0,0,0.336028903559696,NA,NA,NA,0.399571416419053
C2CD2,3,0,0,0.336028903559696,NA,NA,NA,0.399764480055859
CLCN4,5,0,0,0.336768336448057,NA,NA,NA,0.400636511665262
C11orf54,3,0,0,0.336768336448057,NA,NA,NA,0.400756450729359
MCM7,2,0,0,0.337020083044132,NA,NA,NA,0.401064151738278
TMEM255B,3,0,0,0.337220853729934,NA,NA,NA,0.401177025872631
CRTC1,2,0,0,0.337020083044132,NA,NA,NA,0.401203421667087
KTN1,4,0,0,0.337220853729934,NA,NA,NA,0.40125694456038
RNLS,2,0,0,0.337020083044132,NA,NA,NA,0.401387902552198
CAMLG,4,0,0,0.337506302327093,NA,NA,NA,0.401752697811329
AP1B1,3,0,0,0.338641457518457,NA,NA,NA,0.40296244256231
SLC31A1,7,0,0,0.339319502296081,NA,NA,NA,0.403819142835209
PPP6C,7,0,0,0.339465014122487,NA,NA,NA,0.403985813726538
PPM1A,3,0,0,0.339465014122487,NA,NA,NA,0.404026339976041
HOXA7,2,0,0,0.339687781982876,NA,NA,NA,0.404476249977938
LPIN1,3,0,0,0.339687781982876,NA,NA,NA,0.404549278386952
ABL2,6,0,0,0.340607893435535,NA,NA,NA,0.406060954374168
NET1,3,0,0,0.340557305362015,NA,NA,NA,0.406061047993596
ZFP82,6,0,0,0.340469627809715,NA,NA,NA,0.406076395794971
DLG1,7,0,0,0.340557305362015,NA,NA,NA,0.406233082081108
SMIM13,3,0,0,0.341427157942362,NA,NA,NA,0.407468410696988
CENPH,2,0,0,0.341427157942362,NA,NA,NA,0.407473705734914
TAGLN,5,0,0,0.341427157942362,NA,NA,NA,0.407516303545924
PDS5A,4,0,0,0.341427157942362,NA,NA,NA,0.407555248181272
VAMP4,6,0,0,0.341427157942362,NA,NA,NA,0.407588108821346
SP4,3,0,0,0.341427157942362,NA,NA,NA,0.407719761380713
EXOC5,11,0,0,0.342097185984645,NA,NA,NA,0.408509430347028
ELOC,7,0,0,0.34278289646841,NA,NA,NA,0.409287534874171
ATP6V0A2,7,0,0,0.34345673676191,NA,NA,NA,0.410139347125569
COA5,2,0,0,0.344226492847709,NA,NA,NA,0.410883495279496
WDR55,2,0,0,0.344186478047044,NA,NA,NA,0.410896312270249
MRPL42,11,0,0,0.344638910777502,NA,NA,NA,0.411643840109015
WASHC2C,2,0,0,0.344638910777502,NA,NA,NA,0.411699886183116
GPR107,5,0,0,0.345175755684332,NA,NA,NA,0.412340692891238
VPS35,4,0,0,0.345175755684332,NA,NA,NA,0.412460140871923
FSTL1,7,0,0,0.345362406834865,NA,NA,NA,0.41249120646777
VPS13A,3,0,0,0.345422393389142,NA,NA,NA,0.412541903446284
MAPK1,7,0,0,0.345576976106989,NA,NA,NA,0.412598983550344
ATP11C,3,0,0,0.345422393389142,NA,NA,NA,0.412693846391387
FGD4,9,0,0,0.345576976106989,NA,NA,NA,0.41276119382672
PRKCA,3,0,0,0.345422393389142,NA,NA,NA,0.412824201542912
STX3,3,0,0,0.347236251697282,NA,NA,NA,0.414085712499861
SHPK,2,0,0,0.346732227078878,NA,NA,NA,0.414143221215579
PCYT1A,5,0,0,0.347236251697282,NA,NA,NA,0.41424261990096
RPS27L,6,0,0,0.347154297127092,NA,NA,NA,0.414245634034244
ZNF527,2,0,0,0.347170453706752,NA,NA,NA,0.414251238670633
SLC25A15,2,0,0,0.347236251697282,NA,NA,NA,0.414351483991658
CNOT6,4,0,0,0.347236251697282,NA,NA,NA,0.414358065450022
PUM1,5,0,0,0.347170453706752,NA,NA,NA,0.414373947608913
FKBP5,5,0,0,0.347236251697282,NA,NA,NA,0.414413773666781
SACM1L,3,0,0,0.347154297127092,NA,NA,NA,0.414433160697698
ZDHHC20,2,0,0,0.347154297127092,NA,NA,NA,0.414589667221991
MIOS,2,0,0,0.347154297127092,NA,NA,NA,0.414676042866152
MYLIP,2,0,0,0.347154297127092,NA,NA,NA,0.414742416184031
TMEM41B,3,0,0,0.347154297127092,NA,NA,NA,0.41475033305581
SPATA13,2,0,0,0.347154297127092,NA,NA,NA,0.414761774747796
RBM26,6,0,0,0.347154297127092,NA,NA,NA,0.414767574900388
ZNF800,3,0,0,0.347154297127092,NA,NA,NA,0.414861473072752
CCDC149,3,0,0,0.347154297127092,NA,NA,NA,0.414897427865001
RAB31,6,0,0,0.348170782986774,NA,NA,NA,0.415798885331056
IPPK,3,0,0,0.349160571527997,NA,NA,NA,0.416921801573359
FHL2,3,0,0,0.349160571527997,NA,NA,NA,0.417076767995337
INSIG1,4,0,0,0.349160571527997,NA,NA,NA,0.417190635880822
DHX34,2,0,0,0.349160571527997,NA,NA,NA,0.41721188398895
MAGT1,7,0,0,0.349992416233189,NA,NA,NA,0.417888696586376
ILF2,4,0,0,0.349992416233189,NA,NA,NA,0.418054926016182
ERBIN,2,0,0,0.349992416233189,NA,NA,NA,0.418223338219256
GOLGA1,2,0,0,0.350516931618536,NA,NA,NA,0.418882474564118
SVIP,7,0,0,0.350574032525748,NA,NA,NA,0.418887584041485
G3BP1,9,0,0,0.350651384697786,NA,NA,NA,0.418915268024868
SETD3,3,0,0,0.350871626663336,NA,NA,NA,0.419102015958281
YIPF2,3,0,0,0.351174249257006,NA,NA,NA,0.419380378638458
SUOX,2,0,0,0.352373533883928,NA,NA,NA,0.420968600501287
CRTAP,6,0,0,0.352627757474426,NA,NA,NA,0.421290208203747
RELCH,3,0,0,0.352627757474426,NA,NA,NA,0.421464628967147
SMC2,4,0,0,0.352828247054603,NA,NA,NA,0.421551852567297
SMAGP,3,0,0,0.352783259616405,NA,NA,NA,0.421560640394813
ASAH1,2,0,0,0.353317864101849,NA,NA,NA,0.422037647556779
CD276,2,0,0,0.353379185819029,NA,NA,NA,0.422150755302965
TUBD1,2,0,0,0.353487100626734,NA,NA,NA,0.422205447881843
CRACD,2,0,0,0.353487100626734,NA,NA,NA,0.422413301637991
ZBED5,2,0,0,0.354289519401495,NA,NA,NA,0.423038580534243
TMEM185B,6,0,0,0.354982161907482,NA,NA,NA,0.424415516608081
RANBP2,5,0,0,0.354982161907482,NA,NA,NA,0.424628119553949
NSG1,6,0,0,0.35508529024405,NA,NA,NA,0.424683421131
LYSMD3,5,0,0,0.355673111392922,NA,NA,NA,0.425470712859113
PGS1,3,0,0,0.356502154325145,NA,NA,NA,0.426903757348037
JAK2,4,0,0,0.356835820368625,NA,NA,NA,0.427234584001413
ZNF134,4,0,0,0.357345105739934,NA,NA,NA,0.427755215310806
GSPT1,6,0,0,0.357902237486443,NA,NA,NA,0.428614750208336
CTHRC1,2,0,0,0.358321427456415,NA,NA,NA,0.429020963084327
TIMP3,2,0,0,0.358754724122259,NA,NA,NA,0.429442685365462
ERMP1,3,0,0,0.358935884853835,NA,NA,NA,0.429740722408487
RWDD4,4,0,0,0.359523003255367,NA,NA,NA,0.430429750744439
PPIL4,3,0,0,0.359473564781716,NA,NA,NA,0.430435332901214
SLFN5,8,0,0,0.359634354075457,NA,NA,NA,0.430493051421584
COPS8,7,0,0,0.359740936598017,NA,NA,NA,0.430739580247067
MRE11,4,0,0,0.359740936598017,NA,NA,NA,0.430842742895554
SSX2IP,6,0,0,0.360286980544687,NA,NA,NA,0.431350736294034
SLC35B1,3,0,0,0.360853986189253,NA,NA,NA,0.431920392473634
BBIP1,4,0,0,0.360942143894162,NA,NA,NA,0.431957666911563
ZFP14,3,0,0,0.361072581440413,NA,NA,NA,0.432041931260601
CELF2,4,0,0,0.361273974990743,NA,NA,NA,0.43220500637924
ARIH1,14,0,0,0.361372227735216,NA,NA,NA,0.432253503075535
LRRC8B,4,0,0,0.36186112756375,NA,NA,NA,0.432553993933422
MAL2,2,0,0,0.361801787389144,NA,NA,NA,0.432669830437105
CNRIP1,2,0,0,0.36186112756375,NA,NA,NA,0.432694400983824
PTPRD,2,0,0,0.36186112756375,NA,NA,NA,0.43269796544674
ARMCX2,3,0,0,0.362181791258483,NA,NA,NA,0.432849235671468
FBXL13,4,0,0,0.362245595974978,NA,NA,NA,0.432965936579103
IRF2,2,0,0,0.362245595974978,NA,NA,NA,0.433157245871439
CHMP1B,5,0,0,0.362245595974978,NA,NA,NA,0.433190820270294
STK32B,2,0,0,0.362484942006985,NA,NA,NA,0.43320610948379
TBL1XR1,7,0,0,0.362484942006985,NA,NA,NA,0.433228412010433
ZNF747,4,0,0,0.362245595974978,NA,NA,NA,0.433272429056598
ACIN1,2,0,0,0.362245595974978,NA,NA,NA,0.433344643072391
THBD,2,0,0,0.362484942006985,NA,NA,NA,0.433348239749016
PPFIBP1,6,0,0,0.362245595974978,NA,NA,NA,0.433349078273974
FAM174A,3,0,0,0.362245595974978,NA,NA,NA,0.433367104604955
SELENOI,3,0,0,0.362611169292081,NA,NA,NA,0.43359734541476
MIEF1,6,0,0,0.36310598918687,NA,NA,NA,0.434162803698264
AP5B1,4,0,0,0.363701023012559,NA,NA,NA,0.434537635023346
NUP133,5,0,0,0.363627605680473,NA,NA,NA,0.434637889340753
NCOR2,2,0,0,0.363701023012559,NA,NA,NA,0.434684830532595
UBXN8,3,0,0,0.363905952415888,NA,NA,NA,0.434704158934906
BGN,2,0,0,0.363591957105595,NA,NA,NA,0.434719677925635
CDC23,2,0,0,0.363627605680473,NA,NA,NA,0.434738960663987
GLIPR1,12,0,0,0.363701023012559,NA,NA,NA,0.434743914491857
SMURF1,2,0,0,0.365058470354347,NA,NA,NA,0.435919600455196
POP4,2,0,0,0.365732676504206,NA,NA,NA,0.436604973292359
TRMT10A,5,0,0,0.36612719022874,NA,NA,NA,0.436980644084915
DIDO1,2,0,0,0.366603620066678,NA,NA,NA,0.437446710698928
CYFIP2,2,0,0,0.367258941652696,NA,NA,NA,0.438110238591031
ASTN2,2,0,0,0.367612466366696,NA,NA,NA,0.438353172199768
AKAP13,5,0,0,0.367713326726009,NA,NA,NA,0.438403843969292
STT3A,8,0,0,0.367488735851902,NA,NA,NA,0.4384597053718
CDKN2AIP,2,0,0,0.367612466366696,NA,NA,NA,0.438533799150306
RPLP1,3,0,0,0.367612466366696,NA,NA,NA,0.438685314628077
SLC25A17,6,0,0,0.367612466366696,NA,NA,NA,0.438788521493508
ZNF329,2,0,0,0.368235053929752,NA,NA,NA,0.438953660056733
MAP4K5,4,0,0,0.368235053929752,NA,NA,NA,0.43909245969484
USP12,2,0,0,0.368235053929752,NA,NA,NA,0.439261137262845
PDCD7,2,0,0,0.368606506513577,NA,NA,NA,0.43933729270965
DIO2,6,0,0,0.368680259710893,NA,NA,NA,0.43937353798171
CNN3,3,0,0,0.368680259710893,NA,NA,NA,0.4393922917422
FAM76A,4,0,0,0.368606351777589,NA,NA,NA,0.439397860504989
UBE3B,2,0,0,0.368680259710893,NA,NA,NA,0.439546671237823
NASP,2,0,0,0.368606351777589,NA,NA,NA,0.439602901095508
ADAM23,5,0,0,0.369123394165486,NA,NA,NA,0.439975979977678
PSMA2,3,0,0,0.36934784274922,NA,NA,NA,0.440189788201524
CAMK2D,2,0,0,0.369478787847412,NA,NA,NA,0.44040197177376
PGGT1B,6,0,0,0.369671903402919,NA,NA,NA,0.440709673170906
SNX13,5,0,0,0.369753880086745,NA,NA,NA,0.440865423194697
CALM1,11,0,0,0.369753880086745,NA,NA,NA,0.440907241122745
SARM1,2,0,0,0.369753880086745,NA,NA,NA,0.440990281504754
PRELID3B,6,0,0,0.369962537328556,NA,NA,NA,0.4412527464546
EPHA4,4,0,0,0.370213290517719,NA,NA,NA,0.441468325560759
MRPS22,2,0,0,0.370356051856412,NA,NA,NA,0.441720028364742
MLLT1,3,0,0,0.37037651161588,NA,NA,NA,0.441832341287671
HSPB1,2,0,0,0.37037651161588,NA,NA,NA,0.441944336685919
STK25,5,0,0,0.37037651161588,NA,NA,NA,0.442202520882909
KIF2A,6,0,0,0.370516374259895,NA,NA,NA,0.442337425601222
NME1,2,0,0,0.370576569907434,NA,NA,NA,0.442342675728165
INVS,4,0,0,0.370516374259895,NA,NA,NA,0.44249615993975
RBM27,8,0,0,0.370516374259895,NA,NA,NA,0.442556788065139
HEATR6,2,0,0,0.370516374259895,NA,NA,NA,0.442662671312234
ABCB10,2,0,0,0.370516374259895,NA,NA,NA,0.442666189342074
CCNL2,3,0,0,0.371310934253708,NA,NA,NA,0.442969152973828
MCEE,2,0,0,0.371262557517444,NA,NA,NA,0.442976972143867
ERLEC1,3,0,0,0.371227375845838,NA,NA,NA,0.442999374937955
PBLD,2,0,0,0.371930330026894,NA,NA,NA,0.443899979996015
ATP5MC3,3,0,0,0.37234066061637,NA,NA,NA,0.444500852350486
RAC1,4,0,0,0.372646545347058,NA,NA,NA,0.44513975417159
TMOD2,3,0,0,0.372868631618257,NA,NA,NA,0.445277213235673
EMP1,7,0,0,0.372868631618257,NA,NA,NA,0.445492803616213
SERPINB1,3,0,0,0.372960609413878,NA,NA,NA,0.445500295400206
NFIB,6,0,0,0.372960609413878,NA,NA,NA,0.445500453553663
PIBF1,2,0,0,0.372868631618257,NA,NA,NA,0.44567825933893
KARS1,2,0,0,0.373566499009727,NA,NA,NA,0.446558087976539
KCTD12,13,0,0,0.373566499009727,NA,NA,NA,0.446763491929756
RNF213,5,0,0,0.373566499009727,NA,NA,NA,0.44686249522703
SLC25A32,7,0,0,0.373987345267778,NA,NA,NA,0.447343651610153
FAM20B,5,0,0,0.374073455109665,NA,NA,NA,0.447376517168302
RAB30,8,0,0,0.374114182693967,NA,NA,NA,0.447457534235672
TMEM18,3,0,0,0.374114182693967,NA,NA,NA,0.447609326953562
MXD1,3,0,0,0.374306798470862,NA,NA,NA,0.447755844154973
TNS1,3,0,0,0.3749789029456,NA,NA,NA,0.448835362196399
POLR2K,3,0,0,0.3749789029456,NA,NA,NA,0.448991254270373
TRIM35,3,0,0,0.375338235548579,NA,NA,NA,0.44921748191131
CD68,2,0,0,0.375338235548579,NA,NA,NA,0.449261111983188
SDK1,2,0,0,0.375808138834929,NA,NA,NA,0.44980867241412
NRCAM,7,0,0,0.375808138834929,NA,NA,NA,0.449887264476697
CAMK2B,3,0,0,0.376304084629416,NA,NA,NA,0.450567207820292
BTD,3,0,0,0.376268039135282,NA,NA,NA,0.450651688244921
LRRC17,3,0,0,0.376304084629416,NA,NA,NA,0.450678153901454
SPART,6,0,0,0.376268039135282,NA,NA,NA,0.450703602706801
APEX2,3,0,0,0.376640835024926,NA,NA,NA,0.450876052829152
UBXN2A,7,0,0,0.37720518772392,NA,NA,NA,0.451401359074521
OXR1,3,0,0,0.37719252847543,NA,NA,NA,0.451450163211518
UQCRQ,3,0,0,0.377153202369499,NA,NA,NA,0.451469599448431
AIF1L,2,0,0,0.377153202369499,NA,NA,NA,0.451510856436254
GTF2H3,5,0,0,0.377374131952011,NA,NA,NA,0.451524891249074
PRKAR1B,2,0,0,0.377483429087545,NA,NA,NA,0.451582659950582
TCERG1,2,0,0,0.377703689940212,NA,NA,NA,0.451746451287249
CREM,5,0,0,0.377703689940212,NA,NA,NA,0.451756463110245
PRKRIP1,2,0,0,0.377703689940212,NA,NA,NA,0.451893787359108
INTU,4,0,0,0.377699027219106,NA,NA,NA,0.45191123994071
ZHX3,5,0,0,0.377703689940212,NA,NA,NA,0.451916498687665
FANCA,2,0,0,0.377703689940212,NA,NA,NA,0.452129168188643
ATG12,12,0,0,0.378065488450831,NA,NA,NA,0.452245646970031
SGO2,2,0,0,0.37861053472953,NA,NA,NA,0.453243349132271
BORCS7,8,0,0,0.3789728818161,NA,NA,NA,0.453658025817342
TNFRSF10D,2,0,0,0.3789728818161,NA,NA,NA,0.453704497959793
NAV1,5,0,0,0.379350919203659,NA,NA,NA,0.454109514488618
GNPNAT1,4,0,0,0.379449062310263,NA,NA,NA,0.454221835526472
EPB41L2,2,0,0,0.379734232338748,NA,NA,NA,0.454499897932581
PIN4,3,0,0,0.379734232338748,NA,NA,NA,0.454570072861526
CSNK1A1,17,0,0,0.379734232338748,NA,NA,NA,0.454598809235211
TERF2,3,0,0,0.379796662317684,NA,NA,NA,0.454658657542658
SEMA3A,5,0,0,0.38038836691344,NA,NA,NA,0.455255870925538
LSM11,3,0,0,0.380543047795906,NA,NA,NA,0.455507375272268
MAPK14,7,0,0,0.380673137936836,NA,NA,NA,0.455587368135572
COL1A1,3,0,0,0.381874061563711,NA,NA,NA,0.456845640383301
TRIM5,3,0,0,0.382248433138567,NA,NA,NA,0.457130631544095
ST6GALNAC3,2,0,0,0.382342178954614,NA,NA,NA,0.45717035667853
KLF10,2,0,0,0.382248433138567,NA,NA,NA,0.457253221511325
PRPF18,4,0,0,0.382503930333879,NA,NA,NA,0.457374787300765
USP13,6,0,0,0.382503930333879,NA,NA,NA,0.457397170423293
GSTZ1,2,0,0,0.382892832800074,NA,NA,NA,0.457738852421541
SGSM3,2,0,0,0.383067347605406,NA,NA,NA,0.45795709603977
KIDINS220,2,0,0,0.383067347605406,NA,NA,NA,0.458027196602375
NUDCD1,4,0,0,0.383422214341028,NA,NA,NA,0.458373306421956
GBX2,2,0,0,0.383422214341028,NA,NA,NA,0.45841624376385
ZFP91,5,0,0,0.383583008648571,NA,NA,NA,0.458618642105989
CBX8,2,0,0,0.383837162050609,NA,NA,NA,0.458972147160349
HAT1,2,0,0,0.38384962416153,NA,NA,NA,0.459111494836456
KHDRBS3,3,0,0,0.384007306964453,NA,NA,NA,0.459221153758941
PURA,7,0,0,0.384434395923253,NA,NA,NA,0.459907121948031
STX7,9,0,0,0.384434395923253,NA,NA,NA,0.459980768308139
NAIF1,3,0,0,0.384434395923253,NA,NA,NA,0.46004477975858
VPS25,2,0,0,0.384434395923253,NA,NA,NA,0.460204227725868
NOL10,2,0,0,0.384643199607571,NA,NA,NA,0.460212742809007
PLEKHG2,6,0,0,0.385043847894526,NA,NA,NA,0.460589051519865
AP2B1,3,0,0,0.38576249295323,NA,NA,NA,0.46112292362775
JADE2,2,0,0,0.38576249295323,NA,NA,NA,0.461275999945909
MAFK,3,0,0,0.386031113499511,NA,NA,NA,0.461290207362085
MCM10,2,0,0,0.386158679804853,NA,NA,NA,0.461302840507009
HIC1,2,0,0,0.386017887612582,NA,NA,NA,0.461339381417397
RECK,2,0,0,0.386158679804853,NA,NA,NA,0.461438696275337
CBX5,7,0,0,0.38576249295323,NA,NA,NA,0.461476082782465
S1PR3,3,0,0,0.38576249295323,NA,NA,NA,0.461656961872267
EGR1,3,0,0,0.386818055222738,NA,NA,NA,0.462203320247298
WASF2,5,0,0,0.386818055222738,NA,NA,NA,0.462333945708733
CYB5D1,2,0,0,0.387325256970016,NA,NA,NA,0.462784163600037
BLCAP,3,0,0,0.387325256970016,NA,NA,NA,0.462918496080013
LDAF1,2,0,0,0.387860609370734,NA,NA,NA,0.463676067813165
MAGOHB,2,0,0,0.387860609370734,NA,NA,NA,0.463869591194705
KRBOX4,3,0,0,0.388034769029514,NA,NA,NA,0.464132378327453
PPP1R15B,4,0,0,0.388305733639502,NA,NA,NA,0.464365271245231
PNN,3,0,0,0.388545985788482,NA,NA,NA,0.46456441800914
ZNF24,4,0,0,0.389163820507996,NA,NA,NA,0.465177191605498
RABGAP1,4,0,0,0.389708036525921,NA,NA,NA,0.466014348459019
PDE4D,3,0,0,0.390141690622311,NA,NA,NA,0.466665740101141
UBE3A,8,0,0,0.39012263836406,NA,NA,NA,0.466709506660428
USP47,8,0,0,0.390265936342348,NA,NA,NA,0.466744984039593
ZBTB10,5,0,0,0.390320166327422,NA,NA,NA,0.466755459437061
GALNT1,11,0,0,0.390265936342348,NA,NA,NA,0.466795148827052
TFB1M,2,0,0,0.390318073759572,NA,NA,NA,0.466817725103983
NFE2L1,7,0,0,0.390592937200043,NA,NA,NA,0.466989654906916
RABL3,5,0,0,0.391035974972722,NA,NA,NA,0.467562574339886
PHAX,9,0,0,0.391698313302719,NA,NA,NA,0.468551718020297
NIT2,2,0,0,0.391698313302719,NA,NA,NA,0.4686507349748
TMEM39A,7,0,0,0.393153751805509,NA,NA,NA,0.470143990203017
FZD3,3,0,0,0.393247872537541,NA,NA,NA,0.47033465326152
HSPA5,3,0,0,0.394610006985312,NA,NA,NA,0.471912680673235
NPC1,2,0,0,0.395284919027754,NA,NA,NA,0.472738559409607
RFC2,2,0,0,0.395424706567955,NA,NA,NA,0.472825833158781
MOB3A,2,0,0,0.39573478653887,NA,NA,NA,0.473558919043608
SWT1,2,0,0,0.395996164439699,NA,NA,NA,0.474106575288358
ZNF74,2,0,0,0.395996164439699,NA,NA,NA,0.474162539754515
POLH,8,0,0,0.395996164439699,NA,NA,NA,0.474294530751006
TCF12,2,0,0,0.396238998362256,NA,NA,NA,0.474459337081361
SLC12A4,2,0,0,0.39633041395347,NA,NA,NA,0.4744933472768
SOCS4,3,0,0,0.396473550348388,NA,NA,NA,0.474794956546033
CCDC80,3,0,0,0.396665296255449,NA,NA,NA,0.474967391166536
TIMM10,2,0,0,0.396658565976775,NA,NA,NA,0.475026124444839
HTR1B,3,0,0,0.396842183781736,NA,NA,NA,0.475067024287858
MPI,2,0,0,0.396872271953306,NA,NA,NA,0.475082339997985
VPS36,5,0,0,0.396842183781736,NA,NA,NA,0.475276405040122
AEBP2,3,0,0,0.396842183781736,NA,NA,NA,0.475323216060334
PGM2,3,0,0,0.39766669076815,NA,NA,NA,0.476342900092507
ALS2,2,0,0,0.398497702261348,NA,NA,NA,0.477205287758471
RABGAP1L,2,0,0,0.398497702261348,NA,NA,NA,0.477319458450587
GNAI1,4,0,0,0.398497702261348,NA,NA,NA,0.477479624338623
ABI3,3,0,0,0.398920066696381,NA,NA,NA,0.47753413965334
NRAS,6,0,0,0.398891366274649,NA,NA,NA,0.477569176024384
TMED7-TICAM2,12,0,0,0.399402059051371,NA,NA,NA,0.478033349628784
ALG11,4,0,0,0.399612946074848,NA,NA,NA,0.478310936791907
CMTM6,5,0,0,0.400783887235552,NA,NA,NA,0.47967593365811
IDI1,3,0,0,0.401206279782386,NA,NA,NA,0.480054780051709
SPECC1,2,0,0,0.401206279782386,NA,NA,NA,0.480194670547871
AR,6,0,0,0.401375750781427,NA,NA,NA,0.480274729772375
DELE1,5,0,0,0.401899783325423,NA,NA,NA,0.48086323510127
GTPBP3,2,0,0,0.401946038801044,NA,NA,NA,0.480929061389035
KRBA2,3,0,0,0.401946038801044,NA,NA,NA,0.480956641385751
PDLIM3,3,0,0,0.401946038801044,NA,NA,NA,0.481174116165274
RO60,5,0,0,0.401946038801044,NA,NA,NA,0.481368135170147
HOXD8,4,0,0,0.402330225735326,NA,NA,NA,0.481545149856967
CDYL,2,0,0,0.402317460685242,NA,NA,NA,0.481665174512988
MAPK13,2,0,0,0.402503430417854,NA,NA,NA,0.481667160645546
ASRGL1,2,0,0,0.402330225735326,NA,NA,NA,0.481740134558688
EXD2,3,0,0,0.403197706016009,NA,NA,NA,0.482509899757795
PTPN14,5,0,0,0.403445783083923,NA,NA,NA,0.482597823041826
FKBP14,13,0,0,0.403360091724201,NA,NA,NA,0.482705423640199
CBX6,2,0,0,0.403445783083923,NA,NA,NA,0.482751897757405
GPN3,3,0,0,0.403445783083923,NA,NA,NA,0.48275283299091
STK38L,9,0,0,0.403360091724201,NA,NA,NA,0.482889946191852
RMND1,2,0,0,0.403946375477561,NA,NA,NA,0.483381044084213
TBC1D15,2,0,0,0.404060001071157,NA,NA,NA,0.483522936851991
ERCC6,7,0,0,0.404060001071157,NA,NA,NA,0.483699991786328
THUMPD3,5,0,0,0.404514230009305,NA,NA,NA,0.483950695168595
NUDCD2,2,0,0,0.404831275080593,NA,NA,NA,0.484398949803214
PIK3IP1,4,0,0,0.404831275080593,NA,NA,NA,0.484494213703652
RASSF2,2,0,0,0.404831275080593,NA,NA,NA,0.484554993353794
SF3B1,5,0,0,0.405380304862943,NA,NA,NA,0.484866349047374
ZNF283,3,0,0,0.405380304862943,NA,NA,NA,0.484947245298878
WNT5B,2,0,0,0.405380304862943,NA,NA,NA,0.485001696332373
CDK5R1,2,0,0,0.405417460721834,NA,NA,NA,0.485039693645553
DDI2,5,0,0,0.405417460721834,NA,NA,NA,0.485052969328893
KLHL12,3,0,0,0.405737471466898,NA,NA,NA,0.48537095374174
ARL1,5,0,0,0.405844199335828,NA,NA,NA,0.485419852866815
KLHL36,4,0,0,0.405737471466898,NA,NA,NA,0.485462492694266
MTUS1,2,0,0,0.406222527043073,NA,NA,NA,0.485764224192942
SUPT16H,2,0,0,0.406714523585496,NA,NA,NA,0.486383960141593
TRIP11,10,0,0,0.407053421509395,NA,NA,NA,0.48650038789412
YME1L1,9,0,0,0.407177222546182,NA,NA,NA,0.486567713454816
SBDS,4,0,0,0.40700265758432,NA,NA,NA,0.486579722514434
ALDH6A1,2,0,0,0.407053421509395,NA,NA,NA,0.486604316339663
E2F6,3,0,0,0.40700265758432,NA,NA,NA,0.486736019215367
RUBCN,2,0,0,0.40700265758432,NA,NA,NA,0.48684995294256
MYORG,3,0,0,0.407362511400601,NA,NA,NA,0.486853299535094
ISOC1,3,0,0,0.40700265758432,NA,NA,NA,0.48695221406718
ETS1,3,0,0,0.407703347060742,NA,NA,NA,0.487307796693865
CYP20A1,14,0,0,0.408211170575524,NA,NA,NA,0.487725175782247
MARCHF7,6,0,0,0.408211170575524,NA,NA,NA,0.487891614519303
BTF3L4,10,0,0,0.408211170575524,NA,NA,NA,0.488002641340969
YTHDC2,3,0,0,0.408544065807571,NA,NA,NA,0.488405716482444
AHCYL2,2,0,0,0.408705537053564,NA,NA,NA,0.488958500239253
SIMC1,3,0,0,0.408765754012052,NA,NA,NA,0.488965382808874
RCCD1,3,0,0,0.40976492387815,NA,NA,NA,0.489983000533352
AFAP1,11,0,0,0.410226372207631,NA,NA,NA,0.490418589237254
CHRNB1,2,0,0,0.411193281619715,NA,NA,NA,0.492004574775552
ATP6V1D,5,0,0,0.412536525447721,NA,NA,NA,0.493394445741394
SMC5,3,0,0,0.413082107522528,NA,NA,NA,0.494222156171031
MAN2B2,2,0,0,0.413308268651749,NA,NA,NA,0.494664336159297
KLF7,4,0,0,0.413308268651749,NA,NA,NA,0.4948010565565
SARAF,2,0,0,0.413392471022925,NA,NA,NA,0.49480888029842
SRPK2,3,0,0,0.414265879109698,NA,NA,NA,0.495687826452042
CAAP1,5,0,0,0.414446002257108,NA,NA,NA,0.495966398597409
AMN1,6,0,0,0.414559281168283,NA,NA,NA,0.496106662376436
PCBD2,3,0,0,0.414678099377712,NA,NA,NA,0.496122099695991
PPAT,4,0,0,0.414559281168283,NA,NA,NA,0.496220376524881
PDP2,4,0,0,0.414830527482183,NA,NA,NA,0.496232243600871
GPR157,3,0,0,0.414559281168283,NA,NA,NA,0.496256236057978
ZNF395,3,0,0,0.414793257966599,NA,NA,NA,0.496260685432617
SPCS3,7,0,0,0.414678099377712,NA,NA,NA,0.496341092460864
EPC2,2,0,0,0.414678099377712,NA,NA,NA,0.49634973335742
ZBTB40,2,0,0,0.414678099377712,NA,NA,NA,0.496418671853386
TPM4,8,0,0,0.414559281168283,NA,NA,NA,0.496458720359051
SNAPC3,3,0,0,0.414793257966599,NA,NA,NA,0.496464377673844
SCN8A,5,0,0,0.415414097911232,NA,NA,NA,0.496947200815615
ADSS2,3,0,0,0.415716585747156,NA,NA,NA,0.497288419102555
ITPRIP,2,0,0,0.415716585747156,NA,NA,NA,0.497332432334709
DNAAF10,7,0,0,0.416264160776225,NA,NA,NA,0.497605691953095
STAM,4,0,0,0.416076516088839,NA,NA,NA,0.497609333161299
KDM2B,4,0,0,0.416203340647396,NA,NA,NA,0.497677695788457
STIMATE,5,0,0,0.416264160776225,NA,NA,NA,0.497684497007101
PRICKLE1,8,0,0,0.416605425156702,NA,NA,NA,0.497932874440738
LRCH3,4,0,0,0.417006989449951,NA,NA,NA,0.498436173271732
MAP7D3,2,0,0,0.416958746494458,NA,NA,NA,0.498452960271194
RESF1,2,0,0,0.416958746494458,NA,NA,NA,0.498661226204971
RETSAT,2,0,0,0.417585959411344,NA,NA,NA,0.499144621881481
PDP1,3,0,0,0.419159321918634,NA,NA,NA,0.501079697653897
SHC3,3,0,0,0.419428330159345,NA,NA,NA,0.501378029102955
ZBTB20,4,0,0,0.419428330159345,NA,NA,NA,0.501383048218971
WDR41,7,0,0,0.419713882157357,NA,NA,NA,0.501413881184996
SELENOH,2,0,0,0.419846983980235,NA,NA,NA,0.501488296410136
ST8SIA4,4,0,0,0.419713882157357,NA,NA,NA,0.501588095888864
ATP5F1A,3,0,0,0.419713882157357,NA,NA,NA,0.501764311785707
DCLRE1C,3,0,0,0.419713882157357,NA,NA,NA,0.5018001549592
MAP2,2,0,0,0.420320348122026,NA,NA,NA,0.501930070426546
GLIS3,2,0,0,0.420832369898584,NA,NA,NA,0.502797640309295
TEX261,2,0,0,0.420832369898584,NA,NA,NA,0.502973291315421
RABGEF1,4,0,0,0.421020602446345,NA,NA,NA,0.50308247660331
REL,5,0,0,0.421078297294656,NA,NA,NA,0.50322626054397
KAT7,2,0,0,0.421183546471276,NA,NA,NA,0.503572359459143
SSH1,4,0,0,0.423301116037225,NA,NA,NA,0.505940097177916
YWHAG,2,0,0,0.423475664425555,NA,NA,NA,0.506055070524083
LOC124900275,8,0,0,0.423521792776316,NA,NA,NA,0.506070792273837
MAGI1,4,0,0,0.423475664425555,NA,NA,NA,0.506079896383619
RASA1,2,0,0,0.423475664425555,NA,NA,NA,0.506094893057113
PSMD5,2,0,0,0.423475664425555,NA,NA,NA,0.506166354313663
SKIL,8,0,0,0.423475664425555,NA,NA,NA,0.506232327014743
NUDT5,3,0,0,0.423475664425555,NA,NA,NA,0.50636226890973
NDUFC2,5,0,0,0.423475664425555,NA,NA,NA,0.506433742054774
SNX33,3,0,0,0.424215017923027,NA,NA,NA,0.506748145150823
MRPL10,2,0,0,0.425847730221071,NA,NA,NA,0.508891580267217
ACER3,7,0,0,0.426042172215528,NA,NA,NA,0.509181952149841
BRWD1,3,0,0,0.427104480497774,NA,NA,NA,0.510265714746877
NUFIP1,2,0,0,0.427104480497774,NA,NA,NA,0.510375799656718
TBC1D30,2,0,0,0.427104480497774,NA,NA,NA,0.510421341517269
HNRNPF,4,0,0,0.428089425469221,NA,NA,NA,0.511710415623288
SGMS2,4,0,0,0.428503356934951,NA,NA,NA,0.512085023674564
SYT14,3,0,0,0.42885897988511,NA,NA,NA,0.512325483870982
RBM41,5,0,0,0.42885897988511,NA,NA,NA,0.512424226231476
DHX57,3,0,0,0.429302067422792,NA,NA,NA,0.512811552274783
SLC35B4,8,0,0,0.429302067422792,NA,NA,NA,0.513010011303964
NOM1,4,0,0,0.429573534085954,NA,NA,NA,0.513194443411351
NUFIP2,11,0,0,0.430254019336687,NA,NA,NA,0.514148085411309
GOPC,5,0,0,0.430601671307876,NA,NA,NA,0.514490742936482
DNAJC19,3,0,0,0.430601671307876,NA,NA,NA,0.514588080814819
CD59,17,0,0,0.43066502338316,NA,NA,NA,0.51467888922109
HIPK1,2,0,0,0.431305336274374,NA,NA,NA,0.515295888150338
NFATC2IP,8,0,0,0.431601647753822,NA,NA,NA,0.515542767310705
AK4,4,0,0,0.431835922384677,NA,NA,NA,0.515755851865195
MAOA,3,0,0,0.432185987114903,NA,NA,NA,0.516195241817376
STAM2,6,0,0,0.432185987114903,NA,NA,NA,0.516305413374213
METTL15,3,0,0,0.432185987114903,NA,NA,NA,0.516389771675613
SLC38A9,3,0,0,0.432302500352089,NA,NA,NA,0.516400055558919
CCDC97,2,0,0,0.432185987114903,NA,NA,NA,0.516522524057731
UBA3,3,0,0,0.432185987114903,NA,NA,NA,0.516543617402663
RBM18,8,0,0,0.43361116679849,NA,NA,NA,0.51818840562357
EFNB2,6,0,0,0.434239091360801,NA,NA,NA,0.518942322266094
PROSER1,3,0,0,0.434644995858548,NA,NA,NA,0.519168455152552
MRPS10,6,0,0,0.43456369730296,NA,NA,NA,0.519218616507585
TCHP,3,0,0,0.434644995858548,NA,NA,NA,0.519220872266422
CACNG8,4,0,0,0.434644995858548,NA,NA,NA,0.519349383953504
MFSD9,3,0,0,0.434644995858548,NA,NA,NA,0.519443619885983
ABCC5,2,0,0,0.435439229605833,NA,NA,NA,0.520048260014886
OTOGL,2,0,0,0.435439229605833,NA,NA,NA,0.520135501808715
CDK14,4,0,0,0.435439229605833,NA,NA,NA,0.520198634315481
RRP15,4,0,0,0.435439229605833,NA,NA,NA,0.520302878286408
ZBTB24,2,0,0,0.435439229605833,NA,NA,NA,0.520319236801663
PEX16,2,0,0,0.435439229605833,NA,NA,NA,0.520465741248647
RSU1,7,0,0,0.435439229605833,NA,NA,NA,0.520485280734329
PAFAH1B1,9,0,0,0.435439229605833,NA,NA,NA,0.520614588434113
EPHA2,2,0,0,0.435812016868579,NA,NA,NA,0.520677138882984
RPL26L1,3,0,0,0.436342982891996,NA,NA,NA,0.521174118299632
DDR2,4,0,0,0.436349150450118,NA,NA,NA,0.521186869032785
EARS2,4,0,0,0.436594047242684,NA,NA,NA,0.52137696676608
TP53BP1,2,0,0,0.436349150450118,NA,NA,NA,0.521405929252251
WDPCP,3,0,0,0.437403369607567,NA,NA,NA,0.52217164453387
OSBPL6,3,0,0,0.438193941424652,NA,NA,NA,0.523096835743887
TEAD2,2,0,0,0.438989485528463,NA,NA,NA,0.523875755507468
MTCL2,4,0,0,0.439620964658865,NA,NA,NA,0.524630013177584
MEIS1,3,0,0,0.441080013095623,NA,NA,NA,0.526195997835713
PUS3,3,0,0,0.441080013095623,NA,NA,NA,0.52633514335388
ARHGEF40,2,0,0,0.441506037462309,NA,NA,NA,0.526579455887412
MRPL3,2,0,0,0.441506037462309,NA,NA,NA,0.526583501883355
ARF3,5,0,0,0.441679739293767,NA,NA,NA,0.526628085274192
CCND1,9,0,0,0.441506037462309,NA,NA,NA,0.526631996485278
YWHAZ,7,0,0,0.441601520051772,NA,NA,NA,0.526690698539795
SNRPB2,3,0,0,0.441601520051772,NA,NA,NA,0.526701440677036
UBTD2,4,0,0,0.441679739293767,NA,NA,NA,0.526769377054089
CREB1,10,0,0,0.441859209824485,NA,NA,NA,0.526948194128072
NOTCH2,5,0,0,0.441888228371783,NA,NA,NA,0.527309227792489
CALD1,10,0,0,0.442127467969017,NA,NA,NA,0.527720378043441
MIER1,6,0,0,0.442125024972603,NA,NA,NA,0.527791156819422
SAP30L,3,0,0,0.443227598725105,NA,NA,NA,0.529124665258733
SPTY2D1,4,0,0,0.443302586150273,NA,NA,NA,0.52920777278144
DOT1L,3,0,0,0.443302586150273,NA,NA,NA,0.529208604890805
IDH1,2,0,0,0.443388314276589,NA,NA,NA,0.529226550318148
PAGR1,4,0,0,0.44428472282968,NA,NA,NA,0.530415749576967
GIMAP1,4,0,0,0.44428472282968,NA,NA,NA,0.530600958424855
PUS7,3,0,0,0.44428472282968,NA,NA,NA,0.530648495290578
SLC10A7,4,0,0,0.44433014052862,NA,NA,NA,0.530681575962078
FKRP,2,0,0,0.444405851476676,NA,NA,NA,0.530699213460237
ZNF347,4,0,0,0.445167589980537,NA,NA,NA,0.53219437720599
TNRC6B,5,0,0,0.446406466193075,NA,NA,NA,0.534198292870487
PDK4,2,0,0,0.446725159753159,NA,NA,NA,0.534464065167868
CSE1L,5,0,0,0.446795369962595,NA,NA,NA,0.534464192002001
PGBD4,2,0,0,0.447269541007708,NA,NA,NA,0.534746154697249
CEP19,2,0,0,0.447188621774587,NA,NA,NA,0.534809462433879
CCAR2,2,0,0,0.447269541007708,NA,NA,NA,0.534878437781231
SPRYD3,2,0,0,0.44821454409113,NA,NA,NA,0.535608705676147
SLC35E4,2,0,0,0.44821454409113,NA,NA,NA,0.535774143568985
TTF2,6,0,0,0.44821454409113,NA,NA,NA,0.535793392368974
KLF3,5,0,0,0.448442498929222,NA,NA,NA,0.535849598618812
STX17,4,0,0,0.448729129776112,NA,NA,NA,0.536080409271707
FRMD5,4,0,0,0.449092210347284,NA,NA,NA,0.536845650253174
UTP23,5,0,0,0.449827596535499,NA,NA,NA,0.537029489783829
GXYLT1,7,0,0,0.449827596535499,NA,NA,NA,0.537171758746749
CCDC107,2,0,0,0.449492333555495,NA,NA,NA,0.537197279358065
FLRT2,5,0,0,0.449827596535499,NA,NA,NA,0.537320643821084
RAB8B,5,0,0,0.449827596535499,NA,NA,NA,0.53748444705897
KPNA3,6,0,0,0.449827596535499,NA,NA,NA,0.537518840796597
NDUFB2,2,0,0,0.449827596535499,NA,NA,NA,0.537595786824269
PCNX2,2,0,0,0.449827596535499,NA,NA,NA,0.537677000170302
OGA,3,0,0,0.450736667213555,NA,NA,NA,0.537847437745449
XPNPEP3,3,0,0,0.450823218878241,NA,NA,NA,0.537864623299778
TSPAN5,3,0,0,0.450920461844228,NA,NA,NA,0.537893196775888
CXCL2,2,0,0,0.450736667213555,NA,NA,NA,0.537952240107352
PEX19,5,0,0,0.450929397383364,NA,NA,NA,0.538053958811654
DMAC2L,5,0,0,0.450929397383364,NA,NA,NA,0.538153528379877
LLPH,5,0,0,0.45230381739942,NA,NA,NA,0.539741802212472
CLU,4,0,0,0.453566619202096,NA,NA,NA,0.541159713931915
PSMA5,2,0,0,0.454051866560492,NA,NA,NA,0.541298070173182
EPB41L1,3,0,0,0.454051866560492,NA,NA,NA,0.541511390560528
FGFR1,8,0,0,0.454051866560492,NA,NA,NA,0.541630310802923
NFIX,5,0,0,0.454051866560492,NA,NA,NA,0.541701192492241
GDAP2,4,0,0,0.454387655170303,NA,NA,NA,0.54172965519054
CBFB,4,0,0,0.4543256090317,NA,NA,NA,0.541739194738073
LMAN2L,2,0,0,0.454051866560492,NA,NA,NA,0.541830376452759
REV1,2,0,0,0.454499015985629,NA,NA,NA,0.541922951449706
PGAM1,2,0,0,0.4543256090317,NA,NA,NA,0.54192714308313
AKT2,2,0,0,0.454958228981241,NA,NA,NA,0.542611930381015
ZNF467,2,0,0,0.45497926074219,NA,NA,NA,0.543015411421884
MOCS2,3,0,0,0.455089502855336,NA,NA,NA,0.543514875200956
SEC23IP,4,0,0,0.455089502855336,NA,NA,NA,0.543527441806628
PRR11,8,0,0,0.45497926074219,NA,NA,NA,0.54359127303631
GNA13,3,0,0,0.45497926074219,NA,NA,NA,0.543662408667261
ZNF512B,2,0,0,0.45497926074219,NA,NA,NA,0.543680665141697
TSHZ3,3,0,0,0.455089502855336,NA,NA,NA,0.54372448043807
ZNF570,2,0,0,0.455225486021963,NA,NA,NA,0.5437320259232
PRKAA1,7,0,0,0.455089502855336,NA,NA,NA,0.543846059584641
FNDC3A,5,0,0,0.455089502855336,NA,NA,NA,0.543852788324563
PPM1F,4,0,0,0.455089502855336,NA,NA,NA,0.543903000766466
VWA5A,2,0,0,0.455225486021963,NA,NA,NA,0.543955563182472
MAPK8IP3,2,0,0,0.455089502855336,NA,NA,NA,0.543956185618451
GLB1L,2,0,0,0.455089502855336,NA,NA,NA,0.544021588488277
TICAM2,3,0,0,0.455459813327462,NA,NA,NA,0.544128531203472
FOSL2,7,0,0,0.455089502855336,NA,NA,NA,0.54413423545666
VPS13D,4,0,0,0.455089502855336,NA,NA,NA,0.544222082162246
RANBP3,3,0,0,0.455616664613222,NA,NA,NA,0.544368377704805
ZNF526,2,0,0,0.455980828945672,NA,NA,NA,0.544679056060081
HEG1,4,0,0,0.456054651985303,NA,NA,NA,0.544681470001425
STRN3,4,0,0,0.456109439759192,NA,NA,NA,0.544812797874257
TRIM22,2,0,0,0.456501115278949,NA,NA,NA,0.545152450516903
RBM39,4,0,0,0.457139617065803,NA,NA,NA,0.545753679037448
ATPSCKMT,4,0,0,0.457284962846972,NA,NA,NA,0.545964384343941
DNAJA2,6,0,0,0.457618427063542,NA,NA,NA,0.54618229870789
RAVER1,2,0,0,0.457771753577121,NA,NA,NA,0.546341738426064
CCAR1,4,0,0,0.457618427063542,NA,NA,NA,0.54636571482772
MGARP,4,0,0,0.458261320611837,NA,NA,NA,0.54640158593136
CWF19L1,2,0,0,0.4578414612414,NA,NA,NA,0.54641244877571
RUNX1,3,0,0,0.4578414612414,NA,NA,NA,0.546444910648972
FCHSD1,2,0,0,0.458410805751337,NA,NA,NA,0.546483969614773
PRR13,4,0,0,0.457771753577121,NA,NA,NA,0.546500793116838
NFKBIZ,2,0,0,0.458261320611837,NA,NA,NA,0.546508950552612
SDC4,3,0,0,0.458084739600375,NA,NA,NA,0.546594143110277
MAK16,3,0,0,0.458261320611837,NA,NA,NA,0.546603142871654
GCC2,2,0,0,0.458188750586873,NA,NA,NA,0.54662829921525
TNFAIP8L3,3,0,0,0.458261320611837,NA,NA,NA,0.546736827248869
FZD8,3,0,0,0.458590534219064,NA,NA,NA,0.546746774557875
ME2,5,0,0,0.458938149177871,NA,NA,NA,0.546962813247764
UFD1,3,0,0,0.458905686864379,NA,NA,NA,0.547004285921999
PCYT2,4,0,0,0.459196464087396,NA,NA,NA,0.547160113921464
AQR,6,0,0,0.459380684519077,NA,NA,NA,0.547279041746746
TBCEL,3,0,0,0.46044860952509,NA,NA,NA,0.548479828493531
ARL6IP6,3,0,0,0.461016528747459,NA,NA,NA,0.54900352362554
OSBPL11,2,0,0,0.461951591661576,NA,NA,NA,0.549830999507492
GLCE,3,0,0,0.461951591661576,NA,NA,NA,0.549987104703854
SRA1,4,0,0,0.461951591661576,NA,NA,NA,0.550119289950569
NUCB2,3,0,0,0.461951591661576,NA,NA,NA,0.550176944056327
SUMO3,8,0,0,0.461951591661576,NA,NA,NA,0.550266836518305
UAP1,6,0,0,0.461951591661576,NA,NA,NA,0.550324380578339
TPP2,3,0,0,0.462359287964097,NA,NA,NA,0.550333247861134
HSDL2,5,0,0,0.462973158615701,NA,NA,NA,0.550444313082844
CRIM1,9,0,0,0.462826311027401,NA,NA,NA,0.550445235332347
ADAT2,3,0,0,0.462786407300591,NA,NA,NA,0.55047917565908
TNPO1,7,0,0,0.462973158615701,NA,NA,NA,0.550634617137766
JARID2,3,0,0,0.462973158615701,NA,NA,NA,0.550662107254421
DAPK1,2,0,0,0.462786407300591,NA,NA,NA,0.550699265818332
FTSJ1,2,0,0,0.462786407300591,NA,NA,NA,0.550762631457144
SYT1,2,0,0,0.462973158615701,NA,NA,NA,0.550794148959977
CDC25B,3,0,0,0.463165660767508,NA,NA,NA,0.550816308196523
IRAK3,3,0,0,0.462786407300591,NA,NA,NA,0.550865076948094
GJC1,2,0,0,0.463374191985041,NA,NA,NA,0.550930415755346
CAND1,12,0,0,0.463345181185673,NA,NA,NA,0.550975781706619
PLEKHO1,2,0,0,0.463345181185673,NA,NA,NA,0.55112558358654
GLI2,2,0,0,0.463345181185673,NA,NA,NA,0.551319211643726
NDUFB3,2,0,0,0.463801870822153,NA,NA,NA,0.551452144774927
DST,4,0,0,0.463809543110212,NA,NA,NA,0.551698845880269
TRAF3IP2,2,0,0,0.463809543110212,NA,NA,NA,0.551969601432301
EFHC1,4,0,0,0.463809543110212,NA,NA,NA,0.552035502926643
MICU2,2,0,0,0.465577588690243,NA,NA,NA,0.554639985167821
ANKS1A,2,0,0,0.465688199699479,NA,NA,NA,0.554891573922379
NUDT11,5,0,0,0.465589535886861,NA,NA,NA,0.554941522943675
ALDH5A1,2,0,0,0.465688199699479,NA,NA,NA,0.555083653895098
C2orf49,2,0,0,0.465913419067481,NA,NA,NA,0.555091287633479
JHY,2,0,0,0.465589535886861,NA,NA,NA,0.555103533532357
ANLN,2,0,0,0.466161015143886,NA,NA,NA,0.555382924731231
PTCD3,9,0,0,0.466299415332773,NA,NA,NA,0.555451663941661
VEZT,6,0,0,0.466601562321244,NA,NA,NA,0.555833282034178
MPHOSPH8,3,0,0,0.46657369994853,NA,NA,NA,0.555880946583467
TMCC3,5,0,0,0.46657369994853,NA,NA,NA,0.556097495399352
SMARCC1,6,0,0,0.467108769290039,NA,NA,NA,0.556212878753308
CPPED1,10,0,0,0.467207245532774,NA,NA,NA,0.556386580752298
GGPS1,3,0,0,0.467108769290039,NA,NA,NA,0.55641306815873
ZKSCAN1,7,0,0,0.467561724745017,NA,NA,NA,0.556829368875052
FAM174B,2,0,0,0.468446735926192,NA,NA,NA,0.55811649676196
MAPK9,3,0,0,0.468446735926192,NA,NA,NA,0.558200268569213
TBC1D16,5,0,0,0.468446735926192,NA,NA,NA,0.558350128355424
ETF1,5,0,0,0.468700169592038,NA,NA,NA,0.558796656752793
DNAJC10,12,0,0,0.468700169592038,NA,NA,NA,0.558968273616505
PPA2,3,0,0,0.468700169592038,NA,NA,NA,0.558975937604723
FBXO21,6,0,0,0.468763633937384,NA,NA,NA,0.55902130614311
CD46,6,0,0,0.469055478871937,NA,NA,NA,0.559250602897363
NUDT12,2,0,0,0.471084831980672,NA,NA,NA,0.561609110103227
ZFAND3,4,0,0,0.471084831980672,NA,NA,NA,0.56162443711023
TIMM8B,2,0,0,0.471123540294638,NA,NA,NA,0.561631373998885
NUP50,5,0,0,0.471733583957045,NA,NA,NA,0.562488198912561
STMN1,3,0,0,0.472007089759138,NA,NA,NA,0.562844286602483
RAB10,9,0,0,0.472256918494981,NA,NA,NA,0.563028335686606
RILPL2,2,0,0,0.472993094353574,NA,NA,NA,0.564010405280974
TMEM94,3,0,0,0.473043819023045,NA,NA,NA,0.564016034432302
NDFIP1,5,0,0,0.474315083798858,NA,NA,NA,0.56538424425797
GSK3B,6,0,0,0.474315083798858,NA,NA,NA,0.565566731163149
COG6,3,0,0,0.474315083798858,NA,NA,NA,0.565569311519264
BMAL2,8,0,0,0.475119341926682,NA,NA,NA,0.566148862819772
TGFB2,8,0,0,0.475230242497535,NA,NA,NA,0.566333533910549
EML1,4,0,0,0.47529359041975,NA,NA,NA,0.566434692069555
UXS1,3,0,0,0.47529359041975,NA,NA,NA,0.566640970616419
LDLR,2,0,0,0.475497839599327,NA,NA,NA,0.567112804043283
SCLT1,2,0,0,0.47583243338434,NA,NA,NA,0.567384560810981
SPIRE1,4,0,0,0.476766378445672,NA,NA,NA,0.568872876201222
BCLAF1,8,0,0,0.477262940146424,NA,NA,NA,0.569461140525775
ST3GAL2,7,0,0,0.478365694082044,NA,NA,NA,0.570672172438768
SMIM8,2,0,0,0.478365694082044,NA,NA,NA,0.570882931537038
TRIM52,2,0,0,0.478365694082044,NA,NA,NA,0.570996298659767
ARMC1,5,0,0,0.478870176444507,NA,NA,NA,0.571028544734986
NOX4,4,0,0,0.478771914563263,NA,NA,NA,0.57108524155408
RUFY3,3,0,0,0.478870176444507,NA,NA,NA,0.571118997171669
RPS6KA2,4,0,0,0.478771914563263,NA,NA,NA,0.571221262668097
GTF2A1,7,0,0,0.479210850789507,NA,NA,NA,0.571599441525716
IFFO2,3,0,0,0.479559987522994,NA,NA,NA,0.57232605294759
ARID2,5,0,0,0.480085121141953,NA,NA,NA,0.573236867582008
PCDH10,12,0,0,0.480703687607029,NA,NA,NA,0.573951370455986
ZNF229,2,0,0,0.480865975779259,NA,NA,NA,0.574069062698824
SRSF1,6,0,0,0.481224159072737,NA,NA,NA,0.574439719529895
SENP8,2,0,0,0.480938519208467,NA,NA,NA,0.574462829158912
TMEM140,2,0,0,0.480938519208467,NA,NA,NA,0.574557613193605
MIA2,3,0,0,0.481224159072737,NA,NA,NA,0.57461112336784
BBS5,2,0,0,0.480938519208467,NA,NA,NA,0.574679160589042
GPBP1,4,0,0,0.481224159072737,NA,NA,NA,0.574738805762785
ZEB1,3,0,0,0.481224159072737,NA,NA,NA,0.574769822348549
CASP6,4,0,0,0.48223523852431,NA,NA,NA,0.575568778772271
CWC15,3,0,0,0.48223523852431,NA,NA,NA,0.575744435805255
RILPL1,3,0,0,0.483015559087506,NA,NA,NA,0.576805105700519
ADAT1,5,0,0,0.483180587164462,NA,NA,NA,0.577154114340271
MED6,3,0,0,0.483180587164462,NA,NA,NA,0.577205527617132
EIF3J,9,0,0,0.483245341400603,NA,NA,NA,0.577292082285539
IKZF5,2,0,0,0.483245341400603,NA,NA,NA,0.577413324099836
ZNF561,4,0,0,0.483245341400603,NA,NA,NA,0.57741924969555
RABEP1,4,0,0,0.483245341400603,NA,NA,NA,0.577454477283052
SNRNP48,3,0,0,0.483379519839181,NA,NA,NA,0.577634553831672
TMEM8B,2,0,0,0.483379519839181,NA,NA,NA,0.577709006330472
TMEM120B,4,0,0,0.483503255902451,NA,NA,NA,0.577757283077745
BRD10,2,0,0,0.483556124689143,NA,NA,NA,0.578014123639352
CZIB,3,0,0,0.484649985099338,NA,NA,NA,0.57923241177573
ZBED6,3,0,0,0.48499308923319,NA,NA,NA,0.579509619120563
IQCK,3,0,0,0.485149494273645,NA,NA,NA,0.579591618247061
MRFAP1L2,2,0,0,0.487160894458952,NA,NA,NA,0.582179130615863
CCDC126,2,0,0,0.487230850013924,NA,NA,NA,0.582208693252681
PHLDB2,4,0,0,0.487160894458952,NA,NA,NA,0.582227945858009
HMBOX1,3,0,0,0.487160894458952,NA,NA,NA,0.582236243713786
YBX1,3,0,0,0.487230850013924,NA,NA,NA,0.582328018093243
USP6NL,5,0,0,0.48912383853965,NA,NA,NA,0.584274417094622
MYCBP,6,0,0,0.489731937702673,NA,NA,NA,0.585559469124397
LZIC,8,0,0,0.489944136122334,NA,NA,NA,0.585844775283489
NRBP2,2,0,0,0.490146252781552,NA,NA,NA,0.585972893433384
TMEM37,4,0,0,0.491282674498785,NA,NA,NA,0.587221963249938
BRCC3,2,0,0,0.491729471930404,NA,NA,NA,0.587604730810878
EID1,5,0,0,0.492030961007365,NA,NA,NA,0.587835879341231
FMR1,3,0,0,0.492272041936342,NA,NA,NA,0.588003997968809
NFX1,2,0,0,0.492629581978524,NA,NA,NA,0.588293310987438
TNFRSF10A,3,0,0,0.492846786988957,NA,NA,NA,0.588430180687268
ARHGAP18,8,0,0,0.492973663216497,NA,NA,NA,0.588446747641727
PTPN4,4,0,0,0.492846786988957,NA,NA,NA,0.588486982725989
TLK1,6,0,0,0.492844640626112,NA,NA,NA,0.588497836475288
PDLIM5,13,0,0,0.492973663216497,NA,NA,NA,0.588572751796014
DPY19L3,3,0,0,0.492844640626112,NA,NA,NA,0.588667332455723
MPDZ,2,0,0,0.492973663216497,NA,NA,NA,0.5887128213333
GINS4,2,0,0,0.494412670372141,NA,NA,NA,0.590216643642263
ZNF592,4,0,0,0.496520835481136,NA,NA,NA,0.592911555019097
WDR35,2,0,0,0.49674330211128,NA,NA,NA,0.592933148492948
TRAF7,3,0,0,0.49674330211128,NA,NA,NA,0.593050860433154
AKTIP,5,0,0,0.49674330211128,NA,NA,NA,0.593278806349706
MPHOSPH10,2,0,0,0.497296489010198,NA,NA,NA,0.593423730711756
PDCD10,3,0,0,0.49674330211128,NA,NA,NA,0.593432109324115
GBGT1,2,0,0,0.497546664397906,NA,NA,NA,0.593558561289518
TBC1D19,2,0,0,0.49674330211128,NA,NA,NA,0.593593603381005
CEP57,4,0,0,0.49674330211128,NA,NA,NA,0.593601051310995
KIAA0040,2,0,0,0.497546664397906,NA,NA,NA,0.593633334636991
ZHX2,2,0,0,0.497546664397906,NA,NA,NA,0.593724912097226
FXR1,6,0,0,0.49780423050971,NA,NA,NA,0.593887058261646
EDIL3,3,0,0,0.49780423050971,NA,NA,NA,0.59397185396167
SRSF11,6,0,0,0.49780423050971,NA,NA,NA,0.594130338967568
PRKAG2,4,0,0,0.498190008084281,NA,NA,NA,0.594411924740129
PDLIM4,3,0,0,0.498190008084281,NA,NA,NA,0.594635424514313
MBD4,2,0,0,0.4989275327776,NA,NA,NA,0.595043549097499
TBC1D22A,2,0,0,0.4989275327776,NA,NA,NA,0.595236813324108
FAM177A1,5,0,0,0.499478865856609,NA,NA,NA,0.595642263552663
ARHGAP24,4,0,0,0.499844835563581,NA,NA,NA,0.595995069905984
SERP1,7,0,0,0.499770296548896,NA,NA,NA,0.596001861256987
MYO6,9,0,0,0.499950122827455,NA,NA,NA,0.596081761635406
PAFAH1B2,8,0,0,0.499904457156859,NA,NA,NA,0.596118439313016
C2orf76,2,0,0,0.499770296548896,NA,NA,NA,0.596123236357273
STS,3,0,0,0.500200969841284,NA,NA,NA,0.596173536796752
PDGFD,2,0,0,0.500306423618991,NA,NA,NA,0.596198767820909
HUWE1,4,0,0,0.499770296548896,NA,NA,NA,0.596290561584427
PI4K2B,3,0,0,0.500200969841284,NA,NA,NA,0.596297580138452
L3MBTL2,2,0,0,0.499770296548896,NA,NA,NA,0.596422876417002
BACE1,6,0,0,0.500646114630992,NA,NA,NA,0.596505277351752
LPGAT1,7,0,0,0.499770296548896,NA,NA,NA,0.596535564238278
TSPAN6,6,0,0,0.499770296548896,NA,NA,NA,0.596582089012046
GLUL,3,0,0,0.500802027388382,NA,NA,NA,0.596611439250365
MARK3,4,0,0,0.499770296548896,NA,NA,NA,0.596704744355524
AMMECR1L,5,0,0,0.499770296548896,NA,NA,NA,0.596705442761395
PACSIN2,4,0,0,0.500646114630992,NA,NA,NA,0.596710409660987
CPD,10,0,0,0.500802027388382,NA,NA,NA,0.596769476561287
TRIP13,3,0,0,0.500646114630992,NA,NA,NA,0.596806496307694
PEX3,3,0,0,0.500802027388382,NA,NA,NA,0.596879882480968
HK1,2,0,0,0.500646114630992,NA,NA,NA,0.596968945171092
EIF2S3,5,0,0,0.501075458176545,NA,NA,NA,0.597048839190722
TBC1D4,2,0,0,0.501822919507454,NA,NA,NA,0.597859092403325
ETFRF1,2,0,0,0.501773749102242,NA,NA,NA,0.597919931237544
FIP1L1,2,0,0,0.501822919507454,NA,NA,NA,0.59807144149532
PCGF3,5,0,0,0.502830361706798,NA,NA,NA,0.598991950661289
DIP2C,5,0,0,0.503295243548919,NA,NA,NA,0.59950083149183
ARL3,3,0,0,0.503694330801294,NA,NA,NA,0.600034012739631
FAM131B,2,0,0,0.503694330801294,NA,NA,NA,0.600241460567473
PTK2,3,0,0,0.504292469932805,NA,NA,NA,0.600650971655019
ZNFX1,2,0,0,0.504872879847713,NA,NA,NA,0.601201596190569
HMG20A,4,0,0,0.504709801534787,NA,NA,NA,0.601202584593368
NR3C1,5,0,0,0.504847361178905,NA,NA,NA,0.601259842898402
PAICS,5,0,0,0.50517857363531,NA,NA,NA,0.60183085947908
C14orf132,5,0,0,0.505363248667653,NA,NA,NA,0.602498195757159
PVR,8,0,0,0.505708090902798,NA,NA,NA,0.602822667030322
RNF168,3,0,0,0.506237728548759,NA,NA,NA,0.603113774209019
HOMER1,4,0,0,0.506228322103407,NA,NA,NA,0.603274042682013
TBCE,2,0,0,0.506237728548759,NA,NA,NA,0.603334863558803
PHF12,2,0,0,0.50760968923849,NA,NA,NA,0.604441808798481
DUSP3,6,0,0,0.507692403415104,NA,NA,NA,0.604534898514969
TENT5A,4,0,0,0.507815072586189,NA,NA,NA,0.604780910821897
EMC1,6,0,0,0.507770411551655,NA,NA,NA,0.60481819808857
MRPL33,2,0,0,0.507815072586189,NA,NA,NA,0.604924095673931
KBTBD2,3,0,0,0.507815072586189,NA,NA,NA,0.6050105259648
B3GLCT,3,0,0,0.507815072586189,NA,NA,NA,0.605017395288491
MCM8,5,0,0,0.507815072586189,NA,NA,NA,0.605177710928047
MAFF,3,0,0,0.508432567927542,NA,NA,NA,0.60586496197535
GRB10,3,0,0,0.508432567927542,NA,NA,NA,0.6060177233938
CAVIN3,2,0,0,0.508641736246092,NA,NA,NA,0.606097956778652
ZBTB39,2,0,0,0.508902069726595,NA,NA,NA,0.606371344715191
FEM1B,4,0,0,0.508805539399369,NA,NA,NA,0.606451016657483
PLAGL2,3,0,0,0.508902069726595,NA,NA,NA,0.606460239496861
SGCB,5,0,0,0.508805539399369,NA,NA,NA,0.606511734492323
CLCN7,2,0,0,0.508902069726595,NA,NA,NA,0.606612637779844
BRD3OS,5,0,0,0.509692086067906,NA,NA,NA,0.607558785779231
RCAN3,2,0,0,0.509813011102813,NA,NA,NA,0.608315432070821
TTC4,2,0,0,0.509813011102813,NA,NA,NA,0.608522190857592
BBS10,3,0,0,0.510173552752525,NA,NA,NA,0.608632832366025
DERL2,2,0,0,0.510366749188634,NA,NA,NA,0.608718964274785
OGFOD2,2,0,0,0.510366749188634,NA,NA,NA,0.608746975365781
DOP1B,4,0,0,0.510366749188634,NA,NA,NA,0.60876849297262
CDYL2,3,0,0,0.510345862428508,NA,NA,NA,0.608781974613148
MSANTD4,2,0,0,0.510366749188634,NA,NA,NA,0.608797648734983
ZFYVE16,4,0,0,0.510309677605438,NA,NA,NA,0.60883079868491
RAB3B,9,0,0,0.510559339041819,NA,NA,NA,0.608859059250163
ZNF468,2,0,0,0.510658627870152,NA,NA,NA,0.609015931489481
GTF3C6,2,0,0,0.510789453221429,NA,NA,NA,0.609488469442283
FXN,6,0,0,0.511144548357014,NA,NA,NA,0.609772990590852
ATP6V1H,2,0,0,0.511144548357014,NA,NA,NA,0.609823484133264
SLC25A4,2,0,0,0.511168157386935,NA,NA,NA,0.609886237911481
PGPEP1,5,0,0,0.511273038803037,NA,NA,NA,0.609907917327885
TCAF1,2,0,0,0.511150200469236,NA,NA,NA,0.609953928357073
SMIM30,2,0,0,0.511150200469236,NA,NA,NA,0.610039016102557
CFL2,6,0,0,0.511618534554197,NA,NA,NA,0.610208583876125
MED13,5,0,0,0.511618534554197,NA,NA,NA,0.610218260894359
PREP,3,0,0,0.511711230330541,NA,NA,NA,0.61031186821821
EPM2A,3,0,0,0.511618534554197,NA,NA,NA,0.610387961868469
EEF2KMT,4,0,0,0.512649156489126,NA,NA,NA,0.611462539016095
SYNJ2BP,6,0,0,0.512728578304106,NA,NA,NA,0.611600715191396
CCNB1,4,0,0,0.513028125643069,NA,NA,NA,0.611735479596616
SLC25A12,2,0,0,0.512970700206939,NA,NA,NA,0.611762883396811
BMP2K,3,0,0,0.513531776893309,NA,NA,NA,0.612701548471309
BHLHE40,2,0,0,0.513531776893309,NA,NA,NA,0.612742285788726
NFYA,4,0,0,0.514422050127543,NA,NA,NA,0.613935355695725
CDK1,4,0,0,0.514422050127543,NA,NA,NA,0.61405659966486
LZTFL1,5,0,0,0.514422050127543,NA,NA,NA,0.614069864642235
VANGL1,5,0,0,0.515035160812875,NA,NA,NA,0.614560177502602
TRIM56,5,0,0,0.5155839468942,NA,NA,NA,0.615178731371228
NPRL3,2,0,0,0.516232911483482,NA,NA,NA,0.615921378005602
LRRC14,3,0,0,0.516232911483482,NA,NA,NA,0.615972955268309
MRS2,4,0,0,0.516232911483482,NA,NA,NA,0.61619767779958
TAF1,2,0,0,0.516232911483482,NA,NA,NA,0.616211345455292
CACUL1,9,0,0,0.516232911483482,NA,NA,NA,0.61623404986353
HPCAL1,2,0,0,0.516378213668352,NA,NA,NA,0.616261912214124
EIF3L,2,0,0,0.516232911483482,NA,NA,NA,0.616269855290532
ZNF124,2,0,0,0.516232911483482,NA,NA,NA,0.616321192408426
UBE4A,2,0,0,0.516232911483482,NA,NA,NA,0.616368716799698
SPRED1,4,0,0,0.516232911483482,NA,NA,NA,0.616502862753758
CSNK1G2,2,0,0,0.516439273153496,NA,NA,NA,0.616860736134992
HMMR,2,0,0,0.516439273153496,NA,NA,NA,0.616898237930893
PRUNE1,2,0,0,0.51817343169577,NA,NA,NA,0.618604464248043
TRMO,2,0,0,0.518100236762214,NA,NA,NA,0.618617216562109
TRDMT1,4,0,0,0.518335464965812,NA,NA,NA,0.618682674834106
TMEM97,2,0,0,0.518507526958161,NA,NA,NA,0.618771126549287
SEL1L,4,0,0,0.518665164251434,NA,NA,NA,0.618811720628332
ATAD1,7,0,0,0.518814856603593,NA,NA,NA,0.618877259465812
NDC1,2,0,0,0.518665164251434,NA,NA,NA,0.618962691006208
MSL2,2,0,0,0.518871875192376,NA,NA,NA,0.619044323723108
PYGB,3,0,0,0.519019961658107,NA,NA,NA,0.619108172357137
ETNK1,8,0,0,0.518871875192376,NA,NA,NA,0.619143318540351
ERG,6,0,0,0.518665164251434,NA,NA,NA,0.619144514504916
TNFSF10,3,0,0,0.519402370053749,NA,NA,NA,0.61969514526884
ZNF354A,2,0,0,0.519647188169594,NA,NA,NA,0.619999490852832
EFNA2,2,0,0,0.520395482978504,NA,NA,NA,0.620960068562286
VPS26A,5,0,0,0.520781752427465,NA,NA,NA,0.621178800715189
UBP1,3,0,0,0.520781752427465,NA,NA,NA,0.621296439958321
HLA-C,2,0,0,0.522381881381109,NA,NA,NA,0.623008171995862
TP53BP2,2,0,0,0.522451635381844,NA,NA,NA,0.623216830792226
CDK13,3,0,0,0.522509573809746,NA,NA,NA,0.623245762193165
LMNA,2,0,0,0.522906675758102,NA,NA,NA,0.623757908108364
RBM3,6,0,0,0.522906675758102,NA,NA,NA,0.623906076002295
SAP18,7,0,0,0.523058721346776,NA,NA,NA,0.623966377409222
DLD,3,0,0,0.523195841554827,NA,NA,NA,0.624017793808512
YAP1,4,0,0,0.523253531458901,NA,NA,NA,0.624129884018552
ZNF320,6,0,0,0.52342426516737,NA,NA,NA,0.624268699137977
CHAC2,2,0,0,0.523396767936926,NA,NA,NA,0.62428264652123
MAP2K4,3,0,0,0.523813281911396,NA,NA,NA,0.62462988112104
TXNDC15,6,0,0,0.523813281911396,NA,NA,NA,0.624762708798684
ZZZ3,2,0,0,0.524877581235116,NA,NA,NA,0.62573153543861
MYNN,2,0,0,0.524877581235116,NA,NA,NA,0.625836930705072
CLK3,2,0,0,0.524877581235116,NA,NA,NA,0.626014696986195
SMTN,2,0,0,0.525349043762607,NA,NA,NA,0.626067716623461
LYN,3,0,0,0.525272130229126,NA,NA,NA,0.626150136363547
HERC4,3,0,0,0.525336110611662,NA,NA,NA,0.626203250287329
SEPTIN8,2,0,0,0.525349043762607,NA,NA,NA,0.626238312669798
TLR4,11,0,0,0.525336110611662,NA,NA,NA,0.626256952479471
RNF181,2,0,0,0.525272130229126,NA,NA,NA,0.62625969757577
GMFB,5,0,0,0.525272130229126,NA,NA,NA,0.626446965618158
EIF3F,5,0,0,0.525349043762607,NA,NA,NA,0.626467575043329
GPATCH2L,7,0,0,0.52598725581872,NA,NA,NA,0.626769367215717
CHAF1B,2,0,0,0.526183044828422,NA,NA,NA,0.627081248771593
RIF1,6,0,0,0.526183044828422,NA,NA,NA,0.627093253900399
NMRK1,2,0,0,0.526183044828422,NA,NA,NA,0.627133896786329
PTPMT1,6,0,0,0.52631138651729,NA,NA,NA,0.627396129329705
ERCC6L2,2,0,0,0.526687246384548,NA,NA,NA,0.628305346145849
SLC25A13,3,0,0,0.527153903456192,NA,NA,NA,0.628741075001823
RAP2C,4,0,0,0.527408273321419,NA,NA,NA,0.629015020992935
IKBKB,4,0,0,0.527408273321419,NA,NA,NA,0.62921336029588
LRRC58,6,0,0,0.527408273321419,NA,NA,NA,0.629405881403254
RAD51,3,0,0,0.527408273321419,NA,NA,NA,0.629606611683953
TANK,2,0,0,0.528227813056618,NA,NA,NA,0.629861339021878
HABP4,3,0,0,0.528227813056618,NA,NA,NA,0.630018581317375
BZW1,6,0,0,0.52843718965749,NA,NA,NA,0.630040834501049
KDM3B,2,0,0,0.528227813056618,NA,NA,NA,0.630058497391339
TSPAN13,3,0,0,0.528608714165584,NA,NA,NA,0.630280343763875
PRKCE,3,0,0,0.528608714165584,NA,NA,NA,0.630406578599693
MAMLD1,2,0,0,0.528767681853013,NA,NA,NA,0.630664918624193
EIF4B,5,0,0,0.528713078050493,NA,NA,NA,0.630698894994287
OSGIN2,9,0,0,0.529503715179844,NA,NA,NA,0.631463069819807
RRP7A,5,0,0,0.529931973217477,NA,NA,NA,0.631808156232595
CD2AP,5,0,0,0.530038016720813,NA,NA,NA,0.63188693486123
ATP1B1,4,0,0,0.530270857880242,NA,NA,NA,0.63230385254092
SLC38A2,11,0,0,0.530270857880242,NA,NA,NA,0.632454931169378
KNSTRN,5,0,0,0.53133379060538,NA,NA,NA,0.633953379524161
EHD1,5,0,0,0.531286703570613,NA,NA,NA,0.634085870135109
ABHD13,6,0,0,0.53133379060538,NA,NA,NA,0.634163974047575
TFPI,12,0,0,0.531612605521469,NA,NA,NA,0.634318206979929
TNRC6C,3,0,0,0.532457171964443,NA,NA,NA,0.634760217454712
SLC25A46,5,0,0,0.532165994214071,NA,NA,NA,0.63490659023244
TMC7,4,0,0,0.532457171964443,NA,NA,NA,0.634930322325406
UBR2,2,0,0,0.532165994214071,NA,NA,NA,0.635002975055687
LAP3,2,0,0,0.532457171964443,NA,NA,NA,0.635041173064002
BRF2,2,0,0,0.532457171964443,NA,NA,NA,0.635052367107941
COMT,3,0,0,0.532875199241138,NA,NA,NA,0.6350933819573
HEATR3,5,0,0,0.532457171964443,NA,NA,NA,0.63513889007686
SERINC5,2,0,0,0.532165994214071,NA,NA,NA,0.635142117350025
RC3H2,5,0,0,0.532457171964443,NA,NA,NA,0.635168005220373
MOB1A,7,0,0,0.532165994214071,NA,NA,NA,0.63529719044459
AACS,2,0,0,0.532457171964443,NA,NA,NA,0.635312780720304
ECD,3,0,0,0.532457171964443,NA,NA,NA,0.635322664513354
OPA3,4,0,0,0.533406327779967,NA,NA,NA,0.635541093106057
RWDD1,2,0,0,0.533406327779967,NA,NA,NA,0.63554948720666
FCF1,4,0,0,0.533342883349302,NA,NA,NA,0.635616045466628
ATP10D,2,0,0,0.533406327779967,NA,NA,NA,0.635629493239917
ARPC5,6,0,0,0.533761287811067,NA,NA,NA,0.635867635285512
GTPBP1,3,0,0,0.533761287811067,NA,NA,NA,0.636081639459715
GAS2L3,2,0,0,0.533843339013225,NA,NA,NA,0.636117777943984
FBXL3,4,0,0,0.534334150000799,NA,NA,NA,0.636503766092821
ID1,3,0,0,0.534261258081796,NA,NA,NA,0.636520217515833
PRR12,2,0,0,0.534261258081796,NA,NA,NA,0.636621332210656
N4BP2,2,0,0,0.534589231971248,NA,NA,NA,0.63681038030218
CDS2,6,0,0,0.534761441774195,NA,NA,NA,0.637172126294852
ZNF554,2,0,0,0.535001718550688,NA,NA,NA,0.637234388731444
ST7L,5,0,0,0.535142857600625,NA,NA,NA,0.637335368592416
PIAS4,2,0,0,0.535001718550688,NA,NA,NA,0.63739605302354
RBBP4,5,0,0,0.535170852580556,NA,NA,NA,0.637412196542735
AGAP1,3,0,0,0.535142857600625,NA,NA,NA,0.637465442305366
PIGZ,2,0,0,0.535262193100378,NA,NA,NA,0.637790512146635
PCDH1,2,0,0,0.536815473784713,NA,NA,NA,0.639771783623222
SPCS1,2,0,0,0.536815473784713,NA,NA,NA,0.639935171992697
ASXL1,4,0,0,0.537136617009358,NA,NA,NA,0.640128232159067
ACOT9,3,0,0,0.537136617009358,NA,NA,NA,0.640214633565334
CYB5B,5,0,0,0.537464252485368,NA,NA,NA,0.64038831330674
DOCK9,4,0,0,0.537423861149746,NA,NA,NA,0.640390603355165
AMMECR1,2,0,0,0.537485543134562,NA,NA,NA,0.640438423986104
DCTN4,3,0,0,0.537464252485368,NA,NA,NA,0.640496469801658
GALNT7,3,0,0,0.537528222613012,NA,NA,NA,0.640641314019254
DCTN5,10,0,0,0.537528222613012,NA,NA,NA,0.640733943659638
TTLL12,2,0,0,0.537771977925411,NA,NA,NA,0.641165385999789
MYSM1,2,0,0,0.537946004923579,NA,NA,NA,0.641388111733672
LOXL2,4,0,0,0.53959216428524,NA,NA,NA,0.643371253463701
S100PBP,4,0,0,0.539828808435816,NA,NA,NA,0.643565141538332
SLC7A6,6,0,0,0.539788902561926,NA,NA,NA,0.643616411071126
EPS15,3,0,0,0.540037770038746,NA,NA,NA,0.643822457152087
FAM118B,5,0,0,0.540121311618646,NA,NA,NA,0.643953341962883
FYTTD1,6,0,0,0.540954954527104,NA,NA,NA,0.644980843081179
SENP2,5,0,0,0.540954954527104,NA,NA,NA,0.644994637689368
ZNF696,4,0,0,0.540954954527104,NA,NA,NA,0.64518776274575
GPATCH1,2,0,0,0.541214251167128,NA,NA,NA,0.645208416488389
ANKRD52,3,0,0,0.541214251167128,NA,NA,NA,0.645297332923814
CALCOCO1,2,0,0,0.541146244681234,NA,NA,NA,0.645309581606465
CDKN2C,2,0,0,0.541361362893098,NA,NA,NA,0.645664795841811
KIF7,2,0,0,0.541361362893098,NA,NA,NA,0.64571070096878
TTLL4,2,0,0,0.542491810641161,NA,NA,NA,0.646939960861592
SEC14L2,5,0,0,0.542491810641161,NA,NA,NA,0.647102734458912
RB1CC1,4,0,0,0.542792238048871,NA,NA,NA,0.647150006227364
RHNO1,4,0,0,0.543885285888994,NA,NA,NA,0.648340112694724
FEM1C,2,0,0,0.543813684655138,NA,NA,NA,0.648360480329959
ZMAT2,4,0,0,0.544255417662618,NA,NA,NA,0.648986293685601
PWP1,3,0,0,0.54421258833025,NA,NA,NA,0.648990358840336
SNRPE,2,0,0,0.544358795621548,NA,NA,NA,0.649087205916113
LMTK2,2,0,0,0.544255417662618,NA,NA,NA,0.649113508800497
ZNF432,2,0,0,0.544628820638183,NA,NA,NA,0.649314196154928
ACTR3B,2,0,0,0.544743814754742,NA,NA,NA,0.649337216062387
ZC3H14,4,0,0,0.544855460542608,NA,NA,NA,0.649356878606461
RUFY2,4,0,0,0.545326793902379,NA,NA,NA,0.649737460646406
ARMC8,3,0,0,0.545419099325505,NA,NA,NA,0.649737643442745
BAIAP2L1,2,0,0,0.545776819251796,NA,NA,NA,0.650003983030908
FAM204A,6,0,0,0.546206840707516,NA,NA,NA,0.65043282815946
BCL7A,2,0,0,0.546206840707516,NA,NA,NA,0.650466186045636
THSD1,2,0,0,0.546206840707516,NA,NA,NA,0.650560628966874
SUCLG2,2,0,0,0.546595151159566,NA,NA,NA,0.650921888533625
MYEF2,3,0,0,0.546627102614779,NA,NA,NA,0.651425639100616
UBE2N,8,0,0,0.546627102614779,NA,NA,NA,0.651479014736748
ITPR2,5,0,0,0.546627102614779,NA,NA,NA,0.651505575714819
TBC1D2B,2,0,0,0.546627102614779,NA,NA,NA,0.651680714847024
PTGR1,4,0,0,0.54723616345553,NA,NA,NA,0.651914370633411
CSTF1,3,0,0,0.54723616345553,NA,NA,NA,0.652078636607133
PREPL,6,0,0,0.547741630019174,NA,NA,NA,0.652372117807789
MFSD6,2,0,0,0.547741630019174,NA,NA,NA,0.652591677302394
FAM98B,4,0,0,0.548225659397577,NA,NA,NA,0.652900873170879
SART3,3,0,0,0.548472921748982,NA,NA,NA,0.653611135831263
OSBPL5,3,0,0,0.548472921748982,NA,NA,NA,0.653754349368491
HGH1,3,0,0,0.548472921748982,NA,NA,NA,0.653756698371345
RETREG2,6,0,0,0.54963900180175,NA,NA,NA,0.654703106066112
RRM2B,8,0,0,0.54956876410465,NA,NA,NA,0.654819267240073
MYO1D,2,0,0,0.54963900180175,NA,NA,NA,0.654850243781728
PRPF4B,2,0,0,0.549558177498099,NA,NA,NA,0.654946962494377
ASPHD2,2,0,0,0.54956876410465,NA,NA,NA,0.655032073705283
RAP2A,6,0,0,0.54956876410465,NA,NA,NA,0.655192294532823
MTMR12,3,0,0,0.54956876410465,NA,NA,NA,0.655238466033314
NONO,2,0,0,0.550006944314754,NA,NA,NA,0.655293795830723
SUSD6,2,0,0,0.550006944314754,NA,NA,NA,0.655388977046006
TIAL1,6,0,0,0.54956876410465,NA,NA,NA,0.655395101847457
SHISA2,2,0,0,0.550129675402293,NA,NA,NA,0.655409262107474
SDHA,3,0,0,0.54956876410465,NA,NA,NA,0.655445123809776
KGD4,2,0,0,0.550129675402293,NA,NA,NA,0.655508071309933
LRIG2,4,0,0,0.550129675402293,NA,NA,NA,0.655672053366374
GSR,3,0,0,0.550498045341867,NA,NA,NA,0.655726898118502
FURIN,2,0,0,0.550498045341867,NA,NA,NA,0.65573555378942
BTF3,2,0,0,0.55087856750553,NA,NA,NA,0.656509980968347
ZNF701,2,0,0,0.551022272514147,NA,NA,NA,0.657019660780198
MICALL1,3,0,0,0.551184196901807,NA,NA,NA,0.657310164433797
COL12A1,2,0,0,0.551184196901807,NA,NA,NA,0.65741686393704
ALCAM,8,0,0,0.551184196901807,NA,NA,NA,0.657522987708702
SLFN11,2,0,0,0.551888261445593,NA,NA,NA,0.658321990301118
TTC33,2,0,0,0.552163508228261,NA,NA,NA,0.658408968925183
ARL5B,3,0,0,0.552140705788025,NA,NA,NA,0.658480144569061
CABLES2,3,0,0,0.553126184660069,NA,NA,NA,0.659087749417325
UBA52,4,0,0,0.553041021476485,NA,NA,NA,0.659190764505897
COX6C,2,0,0,0.553126184660069,NA,NA,NA,0.659244677929622
SNAPIN,3,0,0,0.553460851503502,NA,NA,NA,0.659599042131616
UTP15,6,0,0,0.554114020718017,NA,NA,NA,0.660145198609173
MLEC,5,0,0,0.554082846718227,NA,NA,NA,0.660208239295605
NECTIN3,6,0,0,0.55406811448449,NA,NA,NA,0.660287710460654
GAB2,2,0,0,0.55406811448449,NA,NA,NA,0.660388358277664
CD164,4,0,0,0.55478986845748,NA,NA,NA,0.660724262648877
UVRAG,4,0,0,0.555267278591546,NA,NA,NA,0.661105364041053
SLC46A3,2,0,0,0.555413780635166,NA,NA,NA,0.661428260535385
TOMM70,3,0,0,0.555515247355651,NA,NA,NA,0.661706131636475
TRIM13,4,0,0,0.555817330398554,NA,NA,NA,0.662118244170701
TSPAN31,3,0,0,0.556063177258933,NA,NA,NA,0.662731109757859
NHSL1,4,0,0,0.556063177258933,NA,NA,NA,0.662774340762957
MRTO4,6,0,0,0.556063177258933,NA,NA,NA,0.662814053228746
CELF1,5,0,0,0.556063177258933,NA,NA,NA,0.662846333682979
FTH1,4,0,0,0.556063177258933,NA,NA,NA,0.662922084565509
SHE,3,0,0,0.556063177258933,NA,NA,NA,0.662927652019681
SMUG1,2,0,0,0.557130340039869,NA,NA,NA,0.663950884459766
ARHGEF12,2,0,0,0.557130340039869,NA,NA,NA,0.66409466551688
DNMT3A,2,0,0,0.557876848501886,NA,NA,NA,0.664868648794059
LRRC37B,2,0,0,0.558196074771476,NA,NA,NA,0.665090948489624
PFDN1,2,0,0,0.558848497829466,NA,NA,NA,0.665503834390542
CCDC32,2,0,0,0.558574254484351,NA,NA,NA,0.665506885940753
MKI67,4,0,0,0.558667462332906,NA,NA,NA,0.665513986465556
CEBPG,5,0,0,0.558848497829466,NA,NA,NA,0.665604875577606
MRPS14,4,0,0,0.558667462332906,NA,NA,NA,0.665702096719512
MEIS2,3,0,0,0.558667462332906,NA,NA,NA,0.66586097208101
RTL8C,2,0,0,0.558667462332906,NA,NA,NA,0.665868380075709
PXK,2,0,0,0.558667462332906,NA,NA,NA,0.666033545715386
SATB1,3,0,0,0.558667462332906,NA,NA,NA,0.666079969666636
PLEKHF2,2,0,0,0.558667462332906,NA,NA,NA,0.666197860329156
GLI3,3,0,0,0.558667462332906,NA,NA,NA,0.666245173448222
CEBPZOS,6,0,0,0.559480535083359,NA,NA,NA,0.666541181426955
SNAP29,5,0,0,0.559915541961661,NA,NA,NA,0.666922371736482
LRRC40,3,0,0,0.56012739932022,NA,NA,NA,0.667334093026883
NLN,6,0,0,0.560323691152012,NA,NA,NA,0.66738757616526
ADH5,4,0,0,0.56012739932022,NA,NA,NA,0.667519742069783
ZNF84,3,0,0,0.560315150013752,NA,NA,NA,0.667523349538896
INSYN2B,3,0,0,0.560323691152012,NA,NA,NA,0.667591087580819
CHD7,2,0,0,0.560323691152012,NA,NA,NA,0.667606465992571
PIK3C2A,5,0,0,0.560668173173937,NA,NA,NA,0.667931109498247
RAB5B,4,0,0,0.560773458954335,NA,NA,NA,0.66805360658117
PNISR,3,0,0,0.560773458954335,NA,NA,NA,0.668098529119295
ARHGEF9,2,0,0,0.562307640444934,NA,NA,NA,0.670208679107441
METTL14,6,0,0,0.563346029741203,NA,NA,NA,0.671121545732748
UTP14C,2,0,0,0.563346029741203,NA,NA,NA,0.671302650404041
NOL7,3,0,0,0.563346029741203,NA,NA,NA,0.671478032812738
RASAL2,4,0,0,0.563346029741203,NA,NA,NA,0.671502783016888
TARDBP,5,0,0,0.564068947100895,NA,NA,NA,0.672009163619848
SH3BGRL2,5,0,0,0.565038834584558,NA,NA,NA,0.672813772917232
CCDC186,3,0,0,0.565024306558414,NA,NA,NA,0.672857769910073
MED4,4,0,0,0.565205050858966,NA,NA,NA,0.672881785983591
FDX1,6,0,0,0.565038834584558,NA,NA,NA,0.672931209679235
PEX1,2,0,0,0.565980446343866,NA,NA,NA,0.673551419754683
AGO2,7,0,0,0.566249243381235,NA,NA,NA,0.673603471200791
BNIP3L,4,0,0,0.56611099940116,NA,NA,NA,0.673659560648918
MTHFR,4,0,0,0.566249243381235,NA,NA,NA,0.673699751096027
HOXB4,2,0,0,0.56611099940116,NA,NA,NA,0.673734438618243
TRIM25,3,0,0,0.56611099940116,NA,NA,NA,0.673879427300942
DNAJB5,2,0,0,0.56776065609521,NA,NA,NA,0.67570511850047
ZNF578,3,0,0,0.568068348558326,NA,NA,NA,0.675814301456347
RHOF,2,0,0,0.56800668290088,NA,NA,NA,0.675850999810401
GOLGA7,5,0,0,0.568068348558326,NA,NA,NA,0.675858376569959
SPOPL,4,0,0,0.56776065609521,NA,NA,NA,0.675872326634343
C10orf88,2,0,0,0.568068348558326,NA,NA,NA,0.675954040768686
PCBP2,5,0,0,0.568185833390942,NA,NA,NA,0.676443286830883
GHITM,4,0,0,0.568852300181702,NA,NA,NA,0.677068428116448
TGS1,2,0,0,0.568852300181702,NA,NA,NA,0.677076708368621
THOC5,3,0,0,0.568970712194268,NA,NA,NA,0.677096432581282
TMEM123,5,0,0,0.56885055069131,NA,NA,NA,0.677135296382165
CACNA2D1,5,0,0,0.569253162649585,NA,NA,NA,0.677277698235817
ZNF277,3,0,0,0.569643033930818,NA,NA,NA,0.677616903152331
FHL1,2,0,0,0.570095498704457,NA,NA,NA,0.678082913797009
SEC61A1,5,0,0,0.570095498704457,NA,NA,NA,0.678192101041286
MALT1,2,0,0,0.571077578773045,NA,NA,NA,0.678811492115083
CRELD1,2,0,0,0.571077578773045,NA,NA,NA,0.678900689108566
UBE2D3,8,0,0,0.571195569856218,NA,NA,NA,0.678957566097775
CACNG7,2,0,0,0.571195569856218,NA,NA,NA,0.679028164287099
GFPT1,14,0,0,0.571077578773045,NA,NA,NA,0.679036849308189
AFAP1L1,3,0,0,0.571195569856218,NA,NA,NA,0.679089620293905
G3BP2,5,0,0,0.571077578773045,NA,NA,NA,0.679132672006997
HMGN1,3,0,0,0.571077578773045,NA,NA,NA,0.679187200382462
MAPKBP1,2,0,0,0.571077578773045,NA,NA,NA,0.679206970600698
AGTPBP1,2,0,0,0.571275508869218,NA,NA,NA,0.679338080823595
CEP63,3,0,0,0.572089559618497,NA,NA,NA,0.680324470603472
SRP72,7,0,0,0.572728942083396,NA,NA,NA,0.681014275245534
LONP2,7,0,0,0.572603445989522,NA,NA,NA,0.681148228561925
USPL1,2,0,0,0.572690800280074,NA,NA,NA,0.681171792950424
LUZP1,3,0,0,0.572603445989522,NA,NA,NA,0.681196734410519
FEZ2,4,0,0,0.572728942083396,NA,NA,NA,0.681200431631182
PPA1,2,0,0,0.572690800280074,NA,NA,NA,0.68130658437867
EMC10,6,0,0,0.573112399677357,NA,NA,NA,0.681425802275107
TSPAN3,6,0,0,0.573485729423327,NA,NA,NA,0.681694502057754
TECPR1,4,0,0,0.573963377619007,NA,NA,NA,0.68236630965989
CENPS,2,0,0,0.573963377619007,NA,NA,NA,0.682489519085725
C3orf38,4,0,0,0.573963377619007,NA,NA,NA,0.682529553917344
PDPK1,4,0,0,0.574430506303677,NA,NA,NA,0.683291090870531
DRAM2,2,0,0,0.574981609176066,NA,NA,NA,0.683925041219529
ISCA1,2,0,0,0.57508382603285,NA,NA,NA,0.683971365234055
DNPEP,5,0,0,0.574981609176066,NA,NA,NA,0.68404909168307
PTAR1,2,0,0,0.575572244946148,NA,NA,NA,0.684224298379876
DPP8,5,0,0,0.574981609176066,NA,NA,NA,0.684235884604571
SHTN1,2,0,0,0.575230054469063,NA,NA,NA,0.684281159274356
DNAAF11,2,0,0,0.574981609176066,NA,NA,NA,0.684315311723846
MON1B,6,0,0,0.575572244946148,NA,NA,NA,0.684401603526515
ELOVL5,2,0,0,0.57597124128287,NA,NA,NA,0.684487074848484
FAM217B,3,0,0,0.575572244946148,NA,NA,NA,0.684629831129911
SETD6,2,0,0,0.57597124128287,NA,NA,NA,0.684702268659941
PMPCB,4,0,0,0.575572244946148,NA,NA,NA,0.684708543016753
ZNF281,5,0,0,0.576360158311299,NA,NA,NA,0.684769531384969
BCAS4,2,0,0,0.57597124128287,NA,NA,NA,0.684779213463576
MINDY2,5,0,0,0.57597124128287,NA,NA,NA,0.684857846268592
NUBPL,2,0,0,0.57723880020827,NA,NA,NA,0.685794245283621
ZNF639,4,0,0,0.577354343578221,NA,NA,NA,0.685809047981625
CUX1,2,0,0,0.57821727206469,NA,NA,NA,0.686685688371014
MTRF1L,3,0,0,0.578251917510756,NA,NA,NA,0.686808313142717
RPL35A,5,0,0,0.578610747136769,NA,NA,NA,0.687350920321894
FBXO38,3,0,0,0.578881061382852,NA,NA,NA,0.687402913722757
ACOT11,2,0,0,0.578725518710825,NA,NA,NA,0.687447839608729
MIS18A,2,0,0,0.578828950784177,NA,NA,NA,0.687450408166068
ASAH2B,4,0,0,0.578610747136769,NA,NA,NA,0.687532602112418
SSR1,13,0,0,0.578965268692981,NA,NA,NA,0.687584761485747
KCMF1,6,0,0,0.578965268692981,NA,NA,NA,0.687683208287253
FAM229B,2,0,0,0.578965268692981,NA,NA,NA,0.687885552263681
PCYOX1,8,0,0,0.580215454917868,NA,NA,NA,0.68926434841392
SHB,3,0,0,0.580572159017132,NA,NA,NA,0.689315959520014
CEP126,3,0,0,0.580572159017132,NA,NA,NA,0.689475685126789
SEPHS2,2,0,0,0.580215454917868,NA,NA,NA,0.68947883974599
TADA2B,4,0,0,0.580572159017132,NA,NA,NA,0.689611481741742
LCOR,2,0,0,0.581735211687703,NA,NA,NA,0.690481337931163
TRMT10B,3,0,0,0.58301411993082,NA,NA,NA,0.691889968029228
MRGBP,3,0,0,0.5836197795593,NA,NA,NA,0.692379826919758
NDUFA10,3,0,0,0.583763272412658,NA,NA,NA,0.692583973754168
CLCC1,5,0,0,0.583763272412658,NA,NA,NA,0.692739282226094
NSL1,4,0,0,0.584230137415554,NA,NA,NA,0.692938453232727
ZNF691,2,0,0,0.584667734283655,NA,NA,NA,0.693737075321951
PSMC2,4,0,0,0.585530751593739,NA,NA,NA,0.694528887397321
U2SURP,5,0,0,0.586752332393963,NA,NA,NA,0.69511983514415
PPP2R2A,4,0,0,0.586752332393963,NA,NA,NA,0.695188011652829
SLC35E1,7,0,0,0.586629609344569,NA,NA,NA,0.695228511773915
RNF146,2,0,0,0.586962123167431,NA,NA,NA,0.695247706288063
FLT1,6,0,0,0.586752332393963,NA,NA,NA,0.695292954512004
RCL1,3,0,0,0.586752332393963,NA,NA,NA,0.695310246721799
MARK2,2,0,0,0.586752332393963,NA,NA,NA,0.695359366402164
OSTM1,6,0,0,0.586629609344569,NA,NA,NA,0.695371292800751
HIBCH,2,0,0,0.586587292864828,NA,NA,NA,0.695386760641235
ABHD15,4,0,0,0.58651718893765,NA,NA,NA,0.695418471536611
TUSC3,5,0,0,0.586752332393963,NA,NA,NA,0.695506137803006
DROSHA,3,0,0,0.58651718893765,NA,NA,NA,0.695617750242747
EPN2,4,0,0,0.587880281060148,NA,NA,NA,0.697085331679477
DCUN1D3,4,0,0,0.588015491667862,NA,NA,NA,0.697147293534224
MBD1,4,0,0,0.588015491667862,NA,NA,NA,0.697270925203214
TMEM41A,3,0,0,0.588415373071142,NA,NA,NA,0.697626951999745
SEC22B,4,0,0,0.588415373071142,NA,NA,NA,0.697754658236724
PDF,3,0,0,0.588664724796306,NA,NA,NA,0.697768279126535
ACYP2,2,0,0,0.588415373071142,NA,NA,NA,0.697897744920753
NOC4L,2,0,0,0.589140821644442,NA,NA,NA,0.698943302423624
UBE2V2,7,0,0,0.589206640684564,NA,NA,NA,0.698966940998569
VGLL4,4,0,0,0.589206640684564,NA,NA,NA,0.699100335255205
HDAC2,4,0,0,0.589206640684564,NA,NA,NA,0.69915547713325
NIP7,6,0,0,0.589140821644442,NA,NA,NA,0.699155911788689
HAUS2,4,0,0,0.590395330276415,NA,NA,NA,0.700061798914463
MPHOSPH6,3,0,0,0.590395330276415,NA,NA,NA,0.70021594341764
HSPA4,5,0,0,0.590795461181731,NA,NA,NA,0.700392262322079
UCK2,4,0,0,0.590795461181731,NA,NA,NA,0.700598261703987
STK10,3,0,0,0.590795461181731,NA,NA,NA,0.7006013842335
TMEM242,5,0,0,0.591190017547292,NA,NA,NA,0.700672876400561
TYW5,7,0,0,0.591299708944035,NA,NA,NA,0.700678281356814
POFUT1,7,0,0,0.591515499912074,NA,NA,NA,0.700946039158906
CHSY3,2,0,0,0.591515499912074,NA,NA,NA,0.700982739159638
TMF1,6,0,0,0.592123665742494,NA,NA,NA,0.701712639127727
ERGIC2,9,0,0,0.592207179193939,NA,NA,NA,0.70193292932194
NCAPD2,3,0,0,0.593105474366758,NA,NA,NA,0.703089171165699
TATDN2,4,0,0,0.593209995079419,NA,NA,NA,0.703276120246088
USP3,4,0,0,0.59341370535288,NA,NA,NA,0.70344454449886
ZBED4,3,0,0,0.594652234613736,NA,NA,NA,0.704797524489849
NEK9,4,0,0,0.594689431492262,NA,NA,NA,0.704862106995239
LAMTOR3,6,0,0,0.595188692426804,NA,NA,NA,0.705340082837442
COMMD10,2,0,0,0.595349470641221,NA,NA,NA,0.705555212798299
STK39,3,0,0,0.596346499549025,NA,NA,NA,0.706543605380133
THUMPD1,5,0,0,0.596433581433374,NA,NA,NA,0.706684126923685
CLDND1,3,0,0,0.596433581433374,NA,NA,NA,0.706889151768813
KPNA4,9,0,0,0.597098891629397,NA,NA,NA,0.707250626003592
ECHDC1,4,0,0,0.597098891629397,NA,NA,NA,0.707398733128916
MMAA,4,0,0,0.597515037575886,NA,NA,NA,0.70763210749668
ZNF326,5,0,0,0.597515037575886,NA,NA,NA,0.707740588295337
RDH10,3,0,0,0.597912098878137,NA,NA,NA,0.708376306174495
TATDN3,2,0,0,0.598877457646868,NA,NA,NA,0.70937240601956
PCNP,5,0,0,0.599029321592146,NA,NA,NA,0.709505212914423
AGPAT4,2,0,0,0.600055440385622,NA,NA,NA,0.71061149465584
AASDHPPT,3,0,0,0.600055440385622,NA,NA,NA,0.710702639943535
ZSCAN26,2,0,0,0.600055440385622,NA,NA,NA,0.710744752377306
BNC2,3,0,0,0.601797315447313,NA,NA,NA,0.712270649521031
TMEM209,2,0,0,0.601843376134597,NA,NA,NA,0.712296444307166
SEC24A,5,0,0,0.602420449125633,NA,NA,NA,0.713063216632354
C22orf39,5,0,0,0.602420449125633,NA,NA,NA,0.713192650245853
SGMS1,3,0,0,0.602420449125633,NA,NA,NA,0.713228135814932
BAZ1B,2,0,0,0.602420449125633,NA,NA,NA,0.713330186823634
RNF145,3,0,0,0.602420449125633,NA,NA,NA,0.713592609485044
SP100,2,0,0,0.602420449125633,NA,NA,NA,0.713600934550002
TMEM19,4,0,0,0.602420449125633,NA,NA,NA,0.713682957575416
CCDC85A,3,0,0,0.602420449125633,NA,NA,NA,0.713781181374751
STAU1,5,0,0,0.602420449125633,NA,NA,NA,0.713806884198265
G2E3,8,0,0,0.602420449125633,NA,NA,NA,0.713928790023332
IFT74,2,0,0,0.602960577173697,NA,NA,NA,0.714379203841405
PXYLP1,2,0,0,0.603115818023438,NA,NA,NA,0.714424674615658
TDP2,2,0,0,0.602960577173697,NA,NA,NA,0.714611005963466
SLC7A11,6,0,0,0.603149428715082,NA,NA,NA,0.714663577224573
ERBB2,2,0,0,0.603149428715082,NA,NA,NA,0.714711374456657
HSD17B4,3,0,0,0.603149428715082,NA,NA,NA,0.714775701690598
COA7,4,0,0,0.603408017167745,NA,NA,NA,0.714936816000464
ZXDA,4,0,0,0.604072394662677,NA,NA,NA,0.715728076742705
TRAM1,8,0,0,0.604122174536165,NA,NA,NA,0.715832793406834
NEXN,5,0,0,0.604350682526659,NA,NA,NA,0.716430709013025
TOX4,4,0,0,0.604928914078412,NA,NA,NA,0.716897645556986
UBAP1,3,0,0,0.604928914078412,NA,NA,NA,0.716980908721289
KSR2,2,0,0,0.604928914078412,NA,NA,NA,0.717183501044904
FAM91A1,3,0,0,0.605474811230564,NA,NA,NA,0.71724474257445
MACO1,6,0,0,0.605389473355448,NA,NA,NA,0.717266889464282
ACAD8,2,0,0,0.605701326715416,NA,NA,NA,0.717328518543708
EGFR,4,0,0,0.605701326715416,NA,NA,NA,0.717546971161519
RAB14,7,0,0,0.605701326715416,NA,NA,NA,0.717637469437511
TIAM2,3,0,0,0.606249944739002,NA,NA,NA,0.717748558170542
WDR48,2,0,0,0.605701326715416,NA,NA,NA,0.717753336030071
DYRK2,3,0,0,0.605701326715416,NA,NA,NA,0.717759994311716
FCHSD2,3,0,0,0.607490071851352,NA,NA,NA,0.718801721291143
KDM6B,2,0,0,0.607433240672624,NA,NA,NA,0.718822719086253
CAMSAP2,5,0,0,0.607490071851352,NA,NA,NA,0.718925924740906
HEY2,3,0,0,0.607433240672624,NA,NA,NA,0.718952656741033
RFT1,2,0,0,0.607433240672624,NA,NA,NA,0.719178888901098
STK3,2,0,0,0.607966866227289,NA,NA,NA,0.719276391792998
CD302,2,0,0,0.608907526330788,NA,NA,NA,0.720324790831623
TMEM181,3,0,0,0.609171392605321,NA,NA,NA,0.720496102425491
SYNCRIP,3,0,0,0.609171392605321,NA,NA,NA,0.720600061524123
DSTYK,6,0,0,0.609413999618644,NA,NA,NA,0.720751079842299
CNIH1,4,0,0,0.609964229579507,NA,NA,NA,0.721170306661782
ANKLE2,4,0,0,0.610047487347748,NA,NA,NA,0.721193361448247
SEPTIN11,11,0,0,0.610037111264972,NA,NA,NA,0.721287612285088
RXRA,3,0,0,0.610037111264972,NA,NA,NA,0.721394533457497
DNAJA1,5,0,0,0.61056948897048,NA,NA,NA,0.721841347958831
CCDC138,2,0,0,0.611380538984302,NA,NA,NA,0.722891623895849
RAPH1,3,0,0,0.612364076582329,NA,NA,NA,0.724083191217893
DGCR2,2,0,0,0.612364076582329,NA,NA,NA,0.724262150268362
PFAS,4,0,0,0.612766711335159,NA,NA,NA,0.724405869207137
ZFHX3,3,0,0,0.613087370613927,NA,NA,NA,0.724419040060192
WDFY3,3,0,0,0.613087370613927,NA,NA,NA,0.724603033560191
RRM1,3,0,0,0.613087370613927,NA,NA,NA,0.724722070080685
PIP4K2C,2,0,0,0.613087370613927,NA,NA,NA,0.724855513031599
ANKRD9,3,0,0,0.614118581597269,NA,NA,NA,0.725419497897343
PACS2,3,0,0,0.614225075211759,NA,NA,NA,0.725868964548019
RAP2B,8,0,0,0.614235092424476,NA,NA,NA,0.726015899588082
ZNF180,3,0,0,0.614225075211759,NA,NA,NA,0.726084957896625
SRPX,2,0,0,0.614235092424476,NA,NA,NA,0.72611770945942
RAVER2,2,0,0,0.614235092424476,NA,NA,NA,0.726141668446071
ZFPM1,2,0,0,0.614235092424476,NA,NA,NA,0.726145895070838
TBL2,4,0,0,0.614235092424476,NA,NA,NA,0.726158665429264
RBM22,2,0,0,0.614235092424476,NA,NA,NA,0.726169158445794
SLC35A3,5,0,0,0.614235092424476,NA,NA,NA,0.726219022264628
CDC42SE1,4,0,0,0.614225075211759,NA,NA,NA,0.726251951309384
PLXNA3,4,0,0,0.614604424450819,NA,NA,NA,0.726290105747264
COX15,5,0,0,0.614235092424476,NA,NA,NA,0.726310280902219
KDM2A,4,0,0,0.614235092424476,NA,NA,NA,0.726358829112917
CDK19,2,0,0,0.614235092424476,NA,NA,NA,0.726363485730162
ARG2,2,0,0,0.614235092424476,NA,NA,NA,0.726375293490292
GSPT2,2,0,0,0.614225075211759,NA,NA,NA,0.726447979247062
OSER1,3,0,0,0.614235092424476,NA,NA,NA,0.726514867486843
RPL7,3,0,0,0.614235092424476,NA,NA,NA,0.72651544694622
NSMF,2,0,0,0.614235092424476,NA,NA,NA,0.72652984700444
ARV1,2,0,0,0.614225075211759,NA,NA,NA,0.726542539640636
ORC3,2,0,0,0.614235092424476,NA,NA,NA,0.726542613978962
STRBP,4,0,0,0.615346209306199,NA,NA,NA,0.726545938729209
UTRN,3,0,0,0.615189603815778,NA,NA,NA,0.726549972824327
NHEJ1,4,0,0,0.614235092424476,NA,NA,NA,0.726586948934901
AFG3L2,3,0,0,0.615157381830098,NA,NA,NA,0.726603003128807
RWDD2A,3,0,0,0.614235092424476,NA,NA,NA,0.726612511662738
DCUN1D1,8,0,0,0.614225075211759,NA,NA,NA,0.726612751764794
DNAJB4,7,0,0,0.614235092424476,NA,NA,NA,0.726618818463625
SENP1,3,0,0,0.615104114250242,NA,NA,NA,0.726657449070305
SLC38A10,2,0,0,0.614235092424476,NA,NA,NA,0.726658059219501
GRK2,2,0,0,0.615346209306199,NA,NA,NA,0.726661262474571
DNAJC8,3,0,0,0.615243321349776,NA,NA,NA,0.726664071657605
PRXL2A,8,0,0,0.614235092424476,NA,NA,NA,0.726666230056125
WDR44,3,0,0,0.614225075211759,NA,NA,NA,0.726673548566499
NADK2,4,0,0,0.615346209306199,NA,NA,NA,0.726675420040563
ANAPC7,4,0,0,0.615189603815778,NA,NA,NA,0.726744225171208
ZFP41,3,0,0,0.615243321349776,NA,NA,NA,0.726779056883931
ING1,5,0,0,0.614225075211759,NA,NA,NA,0.726831114202917
WDR33,4,0,0,0.614235092424476,NA,NA,NA,0.726861764020312
HLCS,4,0,0,0.615243321349776,NA,NA,NA,0.726863417299859
SLC35A5,2,0,0,0.615913741049816,NA,NA,NA,0.727428709752312
EIF1AX,11,0,0,0.615913741049816,NA,NA,NA,0.727617721556248
MMP1,3,0,0,0.616193051318092,NA,NA,NA,0.728090489949089
POLR3B,2,0,0,0.616357980797734,NA,NA,NA,0.728237245614673
PDZD8,4,0,0,0.61654522276589,NA,NA,NA,0.728308795229034
ARFGAP3,2,0,0,0.616762866125828,NA,NA,NA,0.728408959909996
CTPS2,3,0,0,0.617722132467168,NA,NA,NA,0.729389621134869
STK16,2,0,0,0.617974556153988,NA,NA,NA,0.729485657885461
TMEM43,6,0,0,0.618195219700596,NA,NA,NA,0.729641790277735
ERO1A,8,0,0,0.617974556153988,NA,NA,NA,0.729696328746121
KLHL26,2,0,0,0.618543698895647,NA,NA,NA,0.730027430464907
SLC31A2,2,0,0,0.618543698895647,NA,NA,NA,0.730155083128277
BCL2L13,4,0,0,0.618543698895647,NA,NA,NA,0.730251486122306
MRPS35,3,0,0,0.618974647669525,NA,NA,NA,0.730538522188621
PALS2,3,0,0,0.618974647669525,NA,NA,NA,0.730671191329395
SLC66A2,3,0,0,0.618974647669525,NA,NA,NA,0.730725891218049
RBM4B,2,0,0,0.619422833706535,NA,NA,NA,0.730815890789919
FRA10AC1,2,0,0,0.619254856083003,NA,NA,NA,0.730868612297237
CCDC68,4,0,0,0.619254856083003,NA,NA,NA,0.730978348867257
COG5,4,0,0,0.619422833706535,NA,NA,NA,0.731041849002764
TNFSF15,3,0,0,0.620199564644725,NA,NA,NA,0.731440021418275
SLC25A16,6,0,0,0.621213156518863,NA,NA,NA,0.73278519792748
EPS8,3,0,0,0.621461928365378,NA,NA,NA,0.732807319919276
KEAP1,2,0,0,0.621580827693366,NA,NA,NA,0.732813236819844
PRR5L,2,0,0,0.621373054461613,NA,NA,NA,0.732829572407996
DCP1A,5,0,0,0.621932635425057,NA,NA,NA,0.733094036916062
DYRK3,3,0,0,0.621989290961213,NA,NA,NA,0.73310967373087
YIPF3,2,0,0,0.622590236498883,NA,NA,NA,0.73369171729912
GATAD2A,5,0,0,0.622959363389905,NA,NA,NA,0.733825004749814
CADM3,4,0,0,0.623359705990586,NA,NA,NA,0.734046038089877
HEATR5A,2,0,0,0.622959363389905,NA,NA,NA,0.734048042151196
ZFAND5,8,0,0,0.623355125638166,NA,NA,NA,0.734083162228389
PLOD2,5,0,0,0.623355125638166,NA,NA,NA,0.734116036954152
FUT11,2,0,0,0.622959363389905,NA,NA,NA,0.734216860278507
TTBK2,2,0,0,0.623355125638166,NA,NA,NA,0.734268886039304
NTPCR,3,0,0,0.623976580833405,NA,NA,NA,0.734641540567973
TRAPPC5,2,0,0,0.624152052876266,NA,NA,NA,0.734810496667486
SMAD9,3,0,0,0.624152052876266,NA,NA,NA,0.734991420893015
TMEM51,2,0,0,0.624771119893365,NA,NA,NA,0.735228153513807
DUSP6,3,0,0,0.624771119893365,NA,NA,NA,0.735422149913253
GPR89B,2,0,0,0.624771119893365,NA,NA,NA,0.735622273939162
UBE2O,2,0,0,0.625135705728964,NA,NA,NA,0.735914387958579
TMEM59,3,0,0,0.625516323100081,NA,NA,NA,0.736332881269771
VSIG10,4,0,0,0.626315637904456,NA,NA,NA,0.736584842503991
IL21R,2,0,0,0.625931408261768,NA,NA,NA,0.736650316606416
SLC7A2,7,0,0,0.625931408261768,NA,NA,NA,0.736702141812393
CCNT1,3,0,0,0.626315637904456,NA,NA,NA,0.736787236188303
TFAM,6,0,0,0.625931408261768,NA,NA,NA,0.736817342972468
SMARCAD1,3,0,0,0.626315637904456,NA,NA,NA,0.736873327366777
WDR26,7,0,0,0.626315637904456,NA,NA,NA,0.737065168106285
MTG2,3,0,0,0.626981182538451,NA,NA,NA,0.737098929573237
EIF5A2,8,0,0,0.627417520108365,NA,NA,NA,0.737579607307095
VEGFA,4,0,0,0.627496893405425,NA,NA,NA,0.737614780067804
ATP11A,6,0,0,0.627735227243438,NA,NA,NA,0.73762461920268
GNG12,10,0,0,0.627681432099973,NA,NA,NA,0.737680524558952
C6orf89,10,0,0,0.62813609948958,NA,NA,NA,0.738015200536428
XBP1,4,0,0,0.628863427154363,NA,NA,NA,0.73870899597327
PHF20L1,6,0,0,0.630116691475823,NA,NA,NA,0.740014492000032
CCNY,6,0,0,0.630373845042822,NA,NA,NA,0.740270604684867
ZNF576,3,0,0,0.630853442781784,NA,NA,NA,0.740551529264157
KATNBL1,4,0,0,0.630890932798743,NA,NA,NA,0.740572078910851
NAB1,2,0,0,0.630853442781784,NA,NA,NA,0.740637016783008
GNL3L,8,0,0,0.631208146624229,NA,NA,NA,0.740778188440352
XPR1,3,0,0,0.631208146624229,NA,NA,NA,0.740806537478355
GAN,3,0,0,0.630853442781784,NA,NA,NA,0.740829366495238
TPST2,3,0,0,0.631181872385418,NA,NA,NA,0.740859031569414
TRMT1L,4,0,0,0.633598300108082,NA,NA,NA,0.743519189683321
CABLES1,4,0,0,0.633726524322357,NA,NA,NA,0.743530878398698
ZNF654,4,0,0,0.63489051188119,NA,NA,NA,0.744796712561447
SKI,4,0,0,0.63489051188119,NA,NA,NA,0.744985519040524
GLG1,4,0,0,0.634883900878177,NA,NA,NA,0.745005163871955
ZNF236,2,0,0,0.634768800282423,NA,NA,NA,0.745006037054883
DNAAF9,2,0,0,0.635264752391697,NA,NA,NA,0.745129802900661
BBS12,2,0,0,0.635264752391697,NA,NA,NA,0.745156784488182
ZNF234,2,0,0,0.635264752391697,NA,NA,NA,0.745185863308096
SERPINE2,3,0,0,0.635264752391697,NA,NA,NA,0.745279212615768
GBP1,2,0,0,0.635264752391697,NA,NA,NA,0.745320609829109
FAF2,3,0,0,0.635264752391697,NA,NA,NA,0.745349724356074
PCM1,4,0,0,0.635264752391697,NA,NA,NA,0.7454362850564
BOD1L1,2,0,0,0.635264752391697,NA,NA,NA,0.745468249175767
LAMA4,4,0,0,0.635264752391697,NA,NA,NA,0.745495315637278
ARIH2,3,0,0,0.635607070124043,NA,NA,NA,0.74563335891799
SDE2,4,0,0,0.635569131161851,NA,NA,NA,0.745705646654147
SPTBN1,3,0,0,0.636521505683032,NA,NA,NA,0.746492893214618
CCSER2,5,0,0,0.637210422720681,NA,NA,NA,0.74715902291518
FPGT,3,0,0,0.637210422720681,NA,NA,NA,0.747290641596683
CASP10,4,0,0,0.63751059675824,NA,NA,NA,0.747450991063152
GPR4,3,0,0,0.637647385333074,NA,NA,NA,0.747533711280525
CXCL16,2,0,0,0.637647385333074,NA,NA,NA,0.747553587653989
MAP3K3,5,0,0,0.637696391389797,NA,NA,NA,0.747790113345085
ZDHHC24,4,0,0,0.638035794222526,NA,NA,NA,0.74799515695535
NGRN,2,0,0,0.638242841533894,NA,NA,NA,0.748212127798138
CNOT8,2,0,0,0.63839251633049,NA,NA,NA,0.748245686164684
PLCL1,2,0,0,0.638500425075451,NA,NA,NA,0.748312838656469
NUP54,2,0,0,0.63839251633049,NA,NA,NA,0.748412456446265
ADAM17,4,0,0,0.638502478372323,NA,NA,NA,0.748571056616072
ANKRD12,3,0,0,0.638500425075451,NA,NA,NA,0.748676910844177
TRUB2,5,0,0,0.638500425075451,NA,NA,NA,0.748883470361497
UTP25,5,0,0,0.639005588759931,NA,NA,NA,0.749018566004115
ATP6V1B2,2,0,0,0.638500425075451,NA,NA,NA,0.749026833801225
BROX,2,0,0,0.639005588759931,NA,NA,NA,0.749184375949156
MARK4,3,0,0,0.638500425075451,NA,NA,NA,0.749221475832017
HIPK3,4,0,0,0.639201872726904,NA,NA,NA,0.749257055263343
PLK4,2,0,0,0.638500425075451,NA,NA,NA,0.749307595317709
RBBP5,4,0,0,0.639557152895225,NA,NA,NA,0.749475834267516
UBR1,2,0,0,0.640126881173069,NA,NA,NA,0.749891453268285
PSMD12,6,0,0,0.640342202853572,NA,NA,NA,0.749981329581498
C2CD5,2,0,0,0.640711275947279,NA,NA,NA,0.750212274962479
TRAF6,4,0,0,0.641349642969776,NA,NA,NA,0.751299520645047
PHF2,2,0,0,0.641615438730576,NA,NA,NA,0.751435228502669
VAV2,3,0,0,0.642017176595787,NA,NA,NA,0.751817331718787
PLA2G4A,2,0,0,0.642348028376016,NA,NA,NA,0.752134232155421
NAA15,5,0,0,0.642813357811135,NA,NA,NA,0.752574194045261
DNAJB9,3,0,0,0.643270063728248,NA,NA,NA,0.752916446975233
RPL31,5,0,0,0.643123948526048,NA,NA,NA,0.752993890144751
SSBP4,2,0,0,0.643270063728248,NA,NA,NA,0.75312046182081
TM9SF3,13,0,0,0.643491576161996,NA,NA,NA,0.753261689829224
FEM1A,5,0,0,0.643626536178863,NA,NA,NA,0.753437150447316
SNN,3,0,0,0.643491576161996,NA,NA,NA,0.753474786646453
PPP6R3,3,0,0,0.643626536178863,NA,NA,NA,0.753630773575655
SIKE1,4,0,0,0.643626536178863,NA,NA,NA,0.753852083034329
LRATD2,2,0,0,0.643626536178863,NA,NA,NA,0.75385264818728
FAM118A,2,0,0,0.644506770145874,NA,NA,NA,0.754050858538127
PKN3,2,0,0,0.644506770145874,NA,NA,NA,0.754229148091963
UEVLD,3,0,0,0.644591976138889,NA,NA,NA,0.75423980506712
FOXP4,3,0,0,0.644506770145874,NA,NA,NA,0.754272653665294
TPCN1,2,0,0,0.644506770145874,NA,NA,NA,0.754293602239246
PIEZO2,4,0,0,0.644591976138889,NA,NA,NA,0.754423833443264
SCRN1,4,0,0,0.644591976138889,NA,NA,NA,0.75443653578821
RAB40B,2,0,0,0.644961462414278,NA,NA,NA,0.754541477330496
RBMXL1,3,0,0,0.644591976138889,NA,NA,NA,0.754570738759735
RLIM,6,0,0,0.64501028959668,NA,NA,NA,0.754598390888931
SIPA1L1,2,0,0,0.645148569926604,NA,NA,NA,0.754736919454422
PTS,3,0,0,0.644961462414278,NA,NA,NA,0.754759824928529
MSRB3,3,0,0,0.6455313468318,NA,NA,NA,0.755460765326814
MMUT,5,0,0,0.645966968337575,NA,NA,NA,0.755991044666504
DRAM1,4,0,0,0.646208649175433,NA,NA,NA,0.7559938905743
ABHD2,8,0,0,0.646208649175433,NA,NA,NA,0.756120961005575
NIT1,2,0,0,0.646504526005959,NA,NA,NA,0.756149444707553
FAR1,7,0,0,0.646504526005959,NA,NA,NA,0.756238262509639
ORMDL2,4,0,0,0.646741148707179,NA,NA,NA,0.756245753992151
TAB2,5,0,0,0.646481156047214,NA,NA,NA,0.756254226529042
NSUN2,2,0,0,0.646884827083113,NA,NA,NA,0.756267914046748
TXNL4B,2,0,0,0.646504526005959,NA,NA,NA,0.756293458705051
ABCD3,3,0,0,0.646504526005959,NA,NA,NA,0.75635641735056
ATG9A,2,0,0,0.646504526005959,NA,NA,NA,0.756387279156708
MTR,4,0,0,0.646504526005959,NA,NA,NA,0.756447831840941
SH3KBP1,3,0,0,0.646741148707179,NA,NA,NA,0.756460904698923
PNRC2,2,0,0,0.646504526005959,NA,NA,NA,0.756479206153162
PLEKHA1,4,0,0,0.646504526005959,NA,NA,NA,0.756673441582385
DPF2,3,0,0,0.648387088958905,NA,NA,NA,0.758130364468281
YPEL5,6,0,0,0.648506511485163,NA,NA,NA,0.758246107132807
LRBA,2,0,0,0.649370278590153,NA,NA,NA,0.758404629215544
GIMAP7,2,0,0,0.649370278590153,NA,NA,NA,0.758427457651714
MRPS21,3,0,0,0.649370278590153,NA,NA,NA,0.758505432456485
SLC44A5,2,0,0,0.649451947068605,NA,NA,NA,0.758633185868583
UBR3,6,0,0,0.649451947068605,NA,NA,NA,0.758634776120285
TCFL5,2,0,0,0.649056789364591,NA,NA,NA,0.758637370975784
PTPN1,5,0,0,0.649178800476638,NA,NA,NA,0.758639126100998
ZNF765,2,0,0,0.649370278590153,NA,NA,NA,0.758666906903489
ZBTB8A,6,0,0,0.649370278590153,NA,NA,NA,0.758704353040573
TAPT1,4,0,0,0.649451947068605,NA,NA,NA,0.758728130458892
STX2,3,0,0,0.649370278590153,NA,NA,NA,0.758786505615413
B4GALT7,2,0,0,0.649451947068605,NA,NA,NA,0.758835093675612
RPA3,3,0,0,0.649639273502459,NA,NA,NA,0.758934650380513
DDX46,6,0,0,0.649769151528324,NA,NA,NA,0.75894346662602
C1GALT1,4,0,0,0.650998219995806,NA,NA,NA,0.760426512325834
ZNF37A,5,0,0,0.651016379970831,NA,NA,NA,0.76057232845832
SEPTIN6,4,0,0,0.651223275463193,NA,NA,NA,0.760650474334572
SPAG9,5,0,0,0.651341006931622,NA,NA,NA,0.760767053843631
HNRNPAB,4,0,0,0.651563193796363,NA,NA,NA,0.7609781871401
PSMG4,2,0,0,0.652054527997918,NA,NA,NA,0.761921613556809
LRRFIP2,5,0,0,0.652280011040517,NA,NA,NA,0.762242493098016
ALDH1B1,3,0,0,0.65264385255561,NA,NA,NA,0.762462188973079
MOSPD2,4,0,0,0.652939132226371,NA,NA,NA,0.762628946505174
CEP68,2,0,0,0.653426149983597,NA,NA,NA,0.762740212518822
BMP6,7,0,0,0.652939132226371,NA,NA,NA,0.762855007001223
TMEM44,2,0,0,0.653426149983597,NA,NA,NA,0.762918832809074
CHMP3,4,0,0,0.653426149983597,NA,NA,NA,0.763078191379786
SMNDC1,3,0,0,0.654027371162406,NA,NA,NA,0.763411712993157
ZNF22,3,0,0,0.654212157520595,NA,NA,NA,0.763596693419978
MFSD1,3,0,0,0.654212157520595,NA,NA,NA,0.763727805672505
SLC35G2,2,0,0,0.6555548016501,NA,NA,NA,0.764936738770648
FAM210A,5,0,0,0.656126119220852,NA,NA,NA,0.76535070808756
TIFA,3,0,0,0.656262799977406,NA,NA,NA,0.765524843312789
C14orf119,4,0,0,0.656126119220852,NA,NA,NA,0.765569910578089
SETD9,2,0,0,0.656262799977406,NA,NA,NA,0.765670819217529
METTL25,2,0,0,0.656326970080816,NA,NA,NA,0.765709405387629
SERPINB9,4,0,0,0.656262799977406,NA,NA,NA,0.765854468914357
DKK3,6,0,0,0.656262799977406,NA,NA,NA,0.765912965409137
ZNF44,2,0,0,0.656262799977406,NA,NA,NA,0.766045991911814
TENT2,2,0,0,0.656262799977406,NA,NA,NA,0.766189241824192
LPP,4,0,0,0.657341622593686,NA,NA,NA,0.766639705836421
SERF2,3,0,0,0.657242087863376,NA,NA,NA,0.766660462847711
UBE2Z,3,0,0,0.657930457175308,NA,NA,NA,0.76765126609034
PSEN1,3,0,0,0.658279636709516,NA,NA,NA,0.76799287080579
MPZL1,9,0,0,0.658279636709516,NA,NA,NA,0.768217358429876
ARID3A,5,0,0,0.658613004159139,NA,NA,NA,0.768544401329421
USP7,6,0,0,0.658613004159139,NA,NA,NA,0.768546684836138
KIFAP3,2,0,0,0.658613004159139,NA,NA,NA,0.768567073176612
POLI,2,0,0,0.658613004159139,NA,NA,NA,0.768757896941482
JPT2,6,0,0,0.65898894810798,NA,NA,NA,0.76901706976103
RNF141,8,0,0,0.65898894810798,NA,NA,NA,0.769232391841937
CCDC14,2,0,0,0.659542446950845,NA,NA,NA,0.769403713825122
ENDOD1,3,0,0,0.660264177600618,NA,NA,NA,0.770686105919255
ARHGAP35,4,0,0,0.660528034852246,NA,NA,NA,0.771010264333208
IFT70A,3,0,0,0.661207639612844,NA,NA,NA,0.771627077399151
FHIP2B,2,0,0,0.661264468414196,NA,NA,NA,0.771814633878342
RGS10,3,0,0,0.661462381773742,NA,NA,NA,0.771890274934954
SLC4A11,2,0,0,0.661264468414196,NA,NA,NA,0.771897158395042
UNC50,3,0,0,0.661264468414196,NA,NA,NA,0.771910502800576
F11R,8,0,0,0.661462381773742,NA,NA,NA,0.772357170502072
TMEM53,2,0,0,0.661642097127352,NA,NA,NA,0.77241261076218
GMCL1,4,0,0,0.661554665816576,NA,NA,NA,0.772445834719389
WDR5B,3,0,0,0.66300314551103,NA,NA,NA,0.773772962363851
STEEP1,3,0,0,0.662890286561692,NA,NA,NA,0.773895724664992
UBAP2L,3,0,0,0.66300314551103,NA,NA,NA,0.773962915581044
UBE2J1,8,0,0,0.662890286561692,NA,NA,NA,0.774022309053367
NDUFA5,3,0,0,0.663532759527526,NA,NA,NA,0.774375428005292
RARS2,2,0,0,0.663532759527526,NA,NA,NA,0.774399283147654
EHD2,2,0,0,0.663620044797292,NA,NA,NA,0.774617595375575
VCL,7,0,0,0.663620044797292,NA,NA,NA,0.774661466959479
HPRT1,3,0,0,0.664761642306331,NA,NA,NA,0.775972248535715
FASTKD2,7,0,0,0.664761642306331,NA,NA,NA,0.776078237658269
DCAF10,9,0,0,0.664761642306331,NA,NA,NA,0.776226026362737
BTBD19,3,0,0,0.665277040060388,NA,NA,NA,0.776322167347905
APPL2,2,0,0,0.664761642306331,NA,NA,NA,0.776371532916685
PPP3R1,2,0,0,0.665527832878647,NA,NA,NA,0.776433968619516
MSRA,2,0,0,0.666005859064066,NA,NA,NA,0.776753213799936
XRN1,3,0,0,0.666005859064066,NA,NA,NA,0.77687434946538
ZNF614,2,0,0,0.666717952559223,NA,NA,NA,0.777276614835546
RIPK1,2,0,0,0.666988686708253,NA,NA,NA,0.777414455347668
FICD,3,0,0,0.666922236593757,NA,NA,NA,0.777463330886124
MARS2,3,0,0,0.666932109969522,NA,NA,NA,0.777476473283771
NOL12,2,0,0,0.667720122043615,NA,NA,NA,0.778071011781645
ZBTB16,4,0,0,0.669274032710417,NA,NA,NA,0.77935471735815
IFRD1,2,0,0,0.669791746540912,NA,NA,NA,0.779492303769777
TBXA2R,2,0,0,0.669202042500006,NA,NA,NA,0.779512349888132
TM7SF3,5,0,0,0.669274032710417,NA,NA,NA,0.779547917097968
RARA,2,0,0,0.669751848250688,NA,NA,NA,0.779569532131264
TRA2A,2,0,0,0.670318523625052,NA,NA,NA,0.779735009381876
CALM2,3,0,0,0.669751848250688,NA,NA,NA,0.779746525163118
RNF138,2,0,0,0.669274032710417,NA,NA,NA,0.779769780005349
WDR13,3,0,0,0.669751848250688,NA,NA,NA,0.779787894558244
SAV1,4,0,0,0.670318523625052,NA,NA,NA,0.779850938182577
SORBS2,2,0,0,0.669751848250688,NA,NA,NA,0.779872711301076
SNED1,2,0,0,0.669751848250688,NA,NA,NA,0.780012540930359
KLHL4,2,0,0,0.669751848250688,NA,NA,NA,0.780181134599505
ZNF503,4,0,0,0.671621905378553,NA,NA,NA,0.781287664815421
QSER1,2,0,0,0.671936698165315,NA,NA,NA,0.781876291519153
PLD1,4,0,0,0.672455636353023,NA,NA,NA,0.782356118182464
SMARCA2,2,0,0,0.67243004428198,NA,NA,NA,0.782377183319758
SNX24,2,0,0,0.672508549079425,NA,NA,NA,0.782857219647873
TCEAL1,2,0,0,0.67275177929722,NA,NA,NA,0.782959506225247
LGR4,4,0,0,0.673397011161336,NA,NA,NA,0.783085543350321
YEATS2,2,0,0,0.673302648709772,NA,NA,NA,0.783165019424003
PRPF3,2,0,0,0.673725654894648,NA,NA,NA,0.783174053646193
CTC1,3,0,0,0.673685971341067,NA,NA,NA,0.78322802780539
NSMAF,2,0,0,0.673302648709772,NA,NA,NA,0.783259294083105
P4HA1,3,0,0,0.673397011161336,NA,NA,NA,0.783268831945769
PANK2,5,0,0,0.673230167350314,NA,NA,NA,0.783275341851982
P4HA2,6,0,0,0.673230167350314,NA,NA,NA,0.78339165430482
CYTH2,2,0,0,0.673230167350314,NA,NA,NA,0.783581725219248
PIK3CB,4,0,0,0.674845958193427,NA,NA,NA,0.784490368464707
IER5L,2,0,0,0.675581962444585,NA,NA,NA,0.785029403173679
PIK3C3,4,0,0,0.675581962444585,NA,NA,NA,0.785257085322572
MSL1,4,0,0,0.676072722364051,NA,NA,NA,0.785466865318885
SKA3,2,0,0,0.676346206235972,NA,NA,NA,0.785594594795864
LRRFIP1,3,0,0,0.676072722364051,NA,NA,NA,0.785655386565676
ATP11B,4,0,0,0.677618735349475,NA,NA,NA,0.786834615649216
PTCHD4,3,0,0,0.678511425680381,NA,NA,NA,0.787631755765742
HYPK,3,0,0,0.678549732544568,NA,NA,NA,0.787773982779195
ATAD2,4,0,0,0.679359108483537,NA,NA,NA,0.788603820587908
CDC42BPA,6,0,0,0.679570362200493,NA,NA,NA,0.788675489294581
ARID4A,4,0,0,0.680268829566972,NA,NA,NA,0.789406854725846
ADGRF5,3,0,0,0.681663890369848,NA,NA,NA,0.790443506222473
PBX1,4,0,0,0.681613066934906,NA,NA,NA,0.790476904232878
MED1,3,0,0,0.681613066934906,NA,NA,NA,0.790614331631642
ZZEF1,2,0,0,0.681613066934906,NA,NA,NA,0.790642962154781
SNX18,5,0,0,0.681613066934906,NA,NA,NA,0.790748517906152
MMRN2,3,0,0,0.683027612605137,NA,NA,NA,0.791720055425652
YIPF6,11,0,0,0.683905033057116,NA,NA,NA,0.792376826046064
TBC1D9B,2,0,0,0.684750629845627,NA,NA,NA,0.792401093759548
CCDC112,2,0,0,0.683905033057116,NA,NA,NA,0.79245215560869
ENTR1,3,0,0,0.684750629845627,NA,NA,NA,0.792460568334215
UBA6,7,0,0,0.683905033057116,NA,NA,NA,0.792574547290687
JRK,3,0,0,0.684750629845627,NA,NA,NA,0.792575251964099
GOLPH3L,3,0,0,0.684329198122703,NA,NA,NA,0.792633415100846
CYP2U1,3,0,0,0.684734425639789,NA,NA,NA,0.792643817908104
BIN3,2,0,0,0.684750629845627,NA,NA,NA,0.792673466208667
YWHAH,2,0,0,0.683905033057116,NA,NA,NA,0.792744565987549
MAML2,2,0,0,0.68515068343903,NA,NA,NA,0.792755724591975
GLOD4,2,0,0,0.684734425639789,NA,NA,NA,0.792842676700649
SOD1,6,0,0,0.683905033057116,NA,NA,NA,0.792843089222761
HUS1,4,0,0,0.683905033057116,NA,NA,NA,0.79291581420959
TSEN15,2,0,0,0.684734425639789,NA,NA,NA,0.792926129501301
WDR5,3,0,0,0.68472804799438,NA,NA,NA,0.792982819735817
CGGBP1,7,0,0,0.685152677581003,NA,NA,NA,0.79319424534818
LTBP2,5,0,0,0.685441133290366,NA,NA,NA,0.793376708547516
MAP4K4,5,0,0,0.686197825580884,NA,NA,NA,0.794037290560097
AJUBA,4,0,0,0.686724521753323,NA,NA,NA,0.794496636158464
FAM120AOS,6,0,0,0.687150884692796,NA,NA,NA,0.794982800361549
M6PR,3,0,0,0.687196860346218,NA,NA,NA,0.795022339990224
ANKRD39,2,0,0,0.688302872728929,NA,NA,NA,0.79655880516442
COBLL1,4,0,0,0.688447206570176,NA,NA,NA,0.796779762745794
TMEM263,8,0,0,0.688954144605036,NA,NA,NA,0.79780787582179
MERTK,2,0,0,0.688954144605036,NA,NA,NA,0.797808057728014
HECW2,4,0,0,0.688954144605036,NA,NA,NA,0.797834406193149
BICD1,2,0,0,0.689543495290381,NA,NA,NA,0.798386207258585
ADTRP,2,0,0,0.690034140857671,NA,NA,NA,0.799109330954954
SRD5A1,4,0,0,0.690034140857671,NA,NA,NA,0.799172077718022
PRKD3,3,0,0,0.690268988843447,NA,NA,NA,0.799502587011247
BUB3,5,0,0,0.691044696180662,NA,NA,NA,0.800184735930569
RPS4X,2,0,0,0.691018204833594,NA,NA,NA,0.800280520953758
ZNF689,2,0,0,0.691044696180662,NA,NA,NA,0.800396870071947
RBMS2,13,0,0,0.691633127827829,NA,NA,NA,0.80080792976575
TACC2,2,0,0,0.691999345373933,NA,NA,NA,0.801009630434767
ZNF516,3,0,0,0.692131932522545,NA,NA,NA,0.801236171738054
METTL13,2,0,0,0.692557518602223,NA,NA,NA,0.801486433501392
LIN54,3,0,0,0.692557518602223,NA,NA,NA,0.801671592299087
IGHMBP2,2,0,0,0.692804146625821,NA,NA,NA,0.801925392260208
MED29,3,0,0,0.69419329998837,NA,NA,NA,0.803582943049365
CCDC115,2,0,0,0.695187154546165,NA,NA,NA,0.804821179479685
OXNAD1,2,0,0,0.695187154546165,NA,NA,NA,0.804852081644742
ATP2C1,8,0,0,0.695187154546165,NA,NA,NA,0.805022176032022
PSAT1,2,0,0,0.695187154546165,NA,NA,NA,0.805052947080383
NNMT,3,0,0,0.695286130684461,NA,NA,NA,0.805194215860444
GFER,3,0,0,0.695389415345925,NA,NA,NA,0.805254835312564
ACE,2,0,0,0.696408649260207,NA,NA,NA,0.806044732848109
TMCC1,4,0,0,0.696964204125293,NA,NA,NA,0.806403553689534
USP14,6,0,0,0.696964204125293,NA,NA,NA,0.806534402798076
APTX,3,0,0,0.698506847301857,NA,NA,NA,0.807959710767712
ERAP2,3,0,0,0.699373819959451,NA,NA,NA,0.808564396161095
PTPRF,3,0,0,0.699265756771671,NA,NA,NA,0.808610552732695
GGACT,4,0,0,0.699373819959451,NA,NA,NA,0.808659025430574
SPICE1,3,0,0,0.699497999093769,NA,NA,NA,0.808715258836893
WNK1,2,0,0,0.699642901249042,NA,NA,NA,0.808859141613957
SULF1,4,0,0,0.699642901249042,NA,NA,NA,0.808961069383203
SOX18,2,0,0,0.699642901249042,NA,NA,NA,0.80904277213065
WARS2,2,0,0,0.699642901249042,NA,NA,NA,0.809082561990949
RNF14,4,0,0,0.700062835302877,NA,NA,NA,0.809259275291953
RAB8A,3,0,0,0.70025188277083,NA,NA,NA,0.809417110109803
GPALPP1,3,0,0,0.701168383746826,NA,NA,NA,0.810088303397336
SREK1,2,0,0,0.701525022277021,NA,NA,NA,0.810142771077456
WSB1,6,0,0,0.701663166355325,NA,NA,NA,0.810206978518838
TSTD3,2,0,0,0.701525022277021,NA,NA,NA,0.810238454121198
MAP3K7,5,0,0,0.701299952918611,NA,NA,NA,0.810250452681048
RIT1,7,0,0,0.701525022277021,NA,NA,NA,0.810390364248094
DCAF6,3,0,0,0.701525022277021,NA,NA,NA,0.81045656426669
TCEA1,3,0,0,0.702108996894617,NA,NA,NA,0.810494802360527
DTWD2,2,0,0,0.702108996894617,NA,NA,NA,0.81065721277367
TUBA4A,2,0,0,0.702343240144237,NA,NA,NA,0.81071148571678
PTPN11,6,0,0,0.702881011854583,NA,NA,NA,0.811055033005292
CSNK1G1,2,0,0,0.703588849632184,NA,NA,NA,0.811758020737509
ZC3H8,2,0,0,0.703717203838029,NA,NA,NA,0.811983479581273
LGALS8,4,0,0,0.703588849632184,NA,NA,NA,0.811987155396278
PIP4K2A,4,0,0,0.703717203838029,NA,NA,NA,0.812002962064341
NR2C1,2,0,0,0.703717203838029,NA,NA,NA,0.812013095684486
TMTC4,4,0,0,0.703717203838029,NA,NA,NA,0.812047664273487
SNX11,2,0,0,0.703588849632184,NA,NA,NA,0.812074190242541
TOR1AIP1,3,0,0,0.703717203838029,NA,NA,NA,0.812118197782909
SRR,2,0,0,0.703717203838029,NA,NA,NA,0.812122700924164
SLC25A38,4,0,0,0.703717203838029,NA,NA,NA,0.812162685398788
C6orf62,2,0,0,0.703891436738814,NA,NA,NA,0.812305680287587
C15orf39,2,0,0,0.704613989925558,NA,NA,NA,0.813017267605805
DTWD1,3,0,0,0.704501884260849,NA,NA,NA,0.813039942676371
ZNF224,2,0,0,0.704391703941031,NA,NA,NA,0.813063891454128
UMPS,3,0,0,0.705458401065682,NA,NA,NA,0.81349590938882
SYS1,5,0,0,0.705458401065682,NA,NA,NA,0.813663778994699
RBM28,3,0,0,0.705696723921501,NA,NA,NA,0.813665379643402
CMAS,2,0,0,0.705537910303942,NA,NA,NA,0.813748671001254
RASSF8,2,0,0,0.705458401065682,NA,NA,NA,0.81375730804251
FZD2,2,0,0,0.705537910303942,NA,NA,NA,0.813823430894586
SLC30A1,5,0,0,0.705696723921501,NA,NA,NA,0.813829577578566
HELZ,7,0,0,0.705537910303942,NA,NA,NA,0.813887696165433
LRCH4,2,0,0,0.706291228022955,NA,NA,NA,0.814501322384635
DIAPH1,3,0,0,0.708032596781234,NA,NA,NA,0.816273373436733
WDR37,4,0,0,0.708032596781234,NA,NA,NA,0.81643423804793
MRPS6,2,0,0,0.708032596781234,NA,NA,NA,0.816438962904038
SH3GLB1,11,0,0,0.709470552614926,NA,NA,NA,0.817287613553891
RPL23,5,0,0,0.709577976096138,NA,NA,NA,0.817294960787134
NREP,5,0,0,0.709470552614926,NA,NA,NA,0.81749215468126
PTRHD1,3,0,0,0.710171278685628,NA,NA,NA,0.817748984885161
AIFM2,2,0,0,0.710171278685628,NA,NA,NA,0.81785907589945
SLC66A1,2,0,0,0.710466290030831,NA,NA,NA,0.817880530716439
UPRT,2,0,0,0.711046302541776,NA,NA,NA,0.818317838776695
HAUS6,3,0,0,0.711046302541776,NA,NA,NA,0.818350547268812
TSPYL4,3,0,0,0.71113039177464,NA,NA,NA,0.81840865850658
RGP1,3,0,0,0.711304079612231,NA,NA,NA,0.818638234499546
GRPEL1,6,0,0,0.711759398646832,NA,NA,NA,0.819041661314629
SSU72,3,0,0,0.711759398646832,NA,NA,NA,0.819159162313955
ZNF805,5,0,0,0.712764717576872,NA,NA,NA,0.819931021903885
SNAP23,7,0,0,0.712764717576872,NA,NA,NA,0.819936143877638
ZDHHC9,4,0,0,0.712764717576872,NA,NA,NA,0.820013973118326
DYNLL2,4,0,0,0.712764717576872,NA,NA,NA,0.820049501340282
ART4,5,0,0,0.712764717576872,NA,NA,NA,0.820095146277231
OSBPL1A,2,0,0,0.712764717576872,NA,NA,NA,0.820175304162152
GK5,4,0,0,0.712764717576872,NA,NA,NA,0.820244164378768
IMP3,2,0,0,0.713026748873281,NA,NA,NA,0.820269319742149
TMEM168,3,0,0,0.7139553121247,NA,NA,NA,0.821323055997076
SLC39A13,2,0,0,0.714042067137529,NA,NA,NA,0.821357959620961
FRYL,3,0,0,0.713855782930272,NA,NA,NA,0.821358834286795
CYSTM1,3,0,0,0.713780104436154,NA,NA,NA,0.821464613789066
TK2,3,0,0,0.713838800226586,NA,NA,NA,0.821505321185613
SHANK1,3,0,0,0.713780104436154,NA,NA,NA,0.821553996032511
SLC30A4,3,0,0,0.713855782930272,NA,NA,NA,0.821569946539539
ZNF430,3,0,0,0.713855782930272,NA,NA,NA,0.821637921192826
TMEM265,3,0,0,0.714456494514071,NA,NA,NA,0.821749118143761
RFLNB,5,0,0,0.714648255779055,NA,NA,NA,0.82187073854985
CNTN1,4,0,0,0.714514742893396,NA,NA,NA,0.821877922404661
APH1A,2,0,0,0.715813407582118,NA,NA,NA,0.822398862561947
DTD2,2,0,0,0.715813407582118,NA,NA,NA,0.822539390294926
C5orf24,7,0,0,0.715723921151672,NA,NA,NA,0.822539544868852
PDCD6,2,0,0,0.715618277334215,NA,NA,NA,0.822570487014116
KANK2,2,0,0,0.71591366147823,NA,NA,NA,0.822606809602379
SP1,4,0,0,0.716052254617187,NA,NA,NA,0.82264022864179
ISG20L2,5,0,0,0.71617925609028,NA,NA,NA,0.822703335674432
GNL3,2,0,0,0.716052254617187,NA,NA,NA,0.822774144394544
HSPA13,5,0,0,0.716705481616344,NA,NA,NA,0.823407542572484
CISD2,6,0,0,0.716919513585103,NA,NA,NA,0.823467727073757
TGOLN2,5,0,0,0.717276130187251,NA,NA,NA,0.823527769955091
RASSF3,2,0,0,0.717204063361696,NA,NA,NA,0.823587282209999
FRMD6,4,0,0,0.717452530571003,NA,NA,NA,0.823666004474356
METTL16,2,0,0,0.717904383474336,NA,NA,NA,0.824098794608223
MDM4,2,0,0,0.718022010635953,NA,NA,NA,0.824124541326699
TMEM107,3,0,0,0.719337709080129,NA,NA,NA,0.825440121580351
ALG2,3,0,0,0.719532234559476,NA,NA,NA,0.825592811273489
ROBO4,2,0,0,0.720012456770668,NA,NA,NA,0.826050835545282
NRP1,3,0,0,0.720012456770668,NA,NA,NA,0.826244828117191
EPHB2,6,0,0,0.720012456770668,NA,NA,NA,0.826363662281118
MAPKAPK5,2,0,0,0.720012456770668,NA,NA,NA,0.8265626733808
MATR3,4,0,0,0.720012456770668,NA,NA,NA,0.826789500586356
SMC4,3,0,0,0.721147099836741,NA,NA,NA,0.827320346580644
CREBBP,2,0,0,0.7217195014275,NA,NA,NA,0.827798588365079
CUL4B,4,0,0,0.7217195014275,NA,NA,NA,0.827851562690108
SLC35B3,3,0,0,0.7217195014275,NA,NA,NA,0.827965888326686
NDN,2,0,0,0.7217195014275,NA,NA,NA,0.828078528219651
L3HYPDH,4,0,0,0.7217195014275,NA,NA,NA,0.828090808574573
PARD3,2,0,0,0.72255328424295,NA,NA,NA,0.828635517351519
DNAJB1,2,0,0,0.722784404840356,NA,NA,NA,0.828707848510658
NOTCH3,2,0,0,0.72255328424295,NA,NA,NA,0.828806104469873
ARPP19,6,0,0,0.724081130843766,NA,NA,NA,0.830552820370319
SUPT7L,6,0,0,0.724232250676727,NA,NA,NA,0.830658419779848
ASXL2,5,0,0,0.7245572350899,NA,NA,NA,0.830917512933374
HPSE,2,0,0,0.725544832919251,NA,NA,NA,0.831595340060773
EIF2S1,6,0,0,0.725506617939822,NA,NA,NA,0.831685254549603
KDR,3,0,0,0.725374514631071,NA,NA,NA,0.83169677667218
ODR4,3,0,0,0.725849160771391,NA,NA,NA,0.832598563775495
RIC1,4,0,0,0.725998606401644,NA,NA,NA,0.832980077385255
AOX1,2,0,0,0.726620779391317,NA,NA,NA,0.833542141783641
MAN1A1,3,0,0,0.727867835021196,NA,NA,NA,0.834772141389455
TSC1,3,0,0,0.728130680536388,NA,NA,NA,0.834868592424662
MAPKAPK3,2,0,0,0.727867835021196,NA,NA,NA,0.834950295947863
DAAM1,7,0,0,0.728896640448569,NA,NA,NA,0.835448484430771
UBE3C,3,0,0,0.728896640448569,NA,NA,NA,0.835515054068481
DARS2,3,0,0,0.729141987835676,NA,NA,NA,0.835871364624079
TMEM9,3,0,0,0.729141987835676,NA,NA,NA,0.836086352091231
UBLCP1,2,0,0,0.729563396922238,NA,NA,NA,0.836373250961931
REST,2,0,0,0.729563396922238,NA,NA,NA,0.836378233139173
ARRB1,4,0,0,0.729563396922238,NA,NA,NA,0.836393947672812
ABHD5,7,0,0,0.729563396922238,NA,NA,NA,0.836571210483477
KIAA0930,4,0,0,0.730141167822329,NA,NA,NA,0.836615365625072
EXOSC9,2,0,0,0.730251405636755,NA,NA,NA,0.836677533433005
AKIRIN1,5,0,0,0.73007292863436,NA,NA,NA,0.83668154746202
NFAT5,2,0,0,0.730206570672881,NA,NA,NA,0.836763183182756
TCP11L1,2,0,0,0.730727367712638,NA,NA,NA,0.836950227668864
JMJD4,3,0,0,0.732076448157888,NA,NA,NA,0.838009222802529
TFB2M,2,0,0,0.732059105089656,NA,NA,NA,0.838117937529002
HES1,2,0,0,0.732388794450123,NA,NA,NA,0.838144980567039
RPL14,7,0,0,0.732059105089656,NA,NA,NA,0.838247180860285
PRPF19,2,0,0,0.73269961979337,NA,NA,NA,0.838279364005829
HARBI1,2,0,0,0.732059105089656,NA,NA,NA,0.838408522385966
LRP11,2,0,0,0.733203688215455,NA,NA,NA,0.838435347139492
ALAD,2,0,0,0.733203688215455,NA,NA,NA,0.83862377322887
MYCT1,4,0,0,0.733498220107859,NA,NA,NA,0.838633171355046
PTGER4,2,0,0,0.733498220107859,NA,NA,NA,0.838808218938365
HLA-A,2,0,0,0.733203688215455,NA,NA,NA,0.838822488990652
PSME3IP1,6,0,0,0.733498220107859,NA,NA,NA,0.83896300472653
DOK5,2,0,0,0.7348291659096,NA,NA,NA,0.839932858580671
SMIM14,9,0,0,0.735629377887217,NA,NA,NA,0.840577786711728
RFX7,2,0,0,0.736225218276064,NA,NA,NA,0.841053539179977
DNAJC30,2,0,0,0.736817734577307,NA,NA,NA,0.841314754609221
RBM12,5,0,0,0.736817734577307,NA,NA,NA,0.841435226123841
EIF4EBP2,8,0,0,0.737571792663906,NA,NA,NA,0.841868039706119
LRRC8D,2,0,0,0.737825757311171,NA,NA,NA,0.841953467731689
DENND3,2,0,0,0.737571792663906,NA,NA,NA,0.842006148822572
ZFP1,2,0,0,0.737440559689187,NA,NA,NA,0.842007242954638
FAM76B,3,0,0,0.738675766827635,NA,NA,NA,0.842372930096964
ALDH16A1,2,0,0,0.738614210749149,NA,NA,NA,0.842478317143309
LNPEP,4,0,0,0.738664088412428,NA,NA,NA,0.842486927121591
ARPIN,6,0,0,0.739094543215695,NA,NA,NA,0.842577085365675
TLK2,5,0,0,0.738664088412428,NA,NA,NA,0.842647136999593
TMEM106A,4,0,0,0.739094543215695,NA,NA,NA,0.842783681957002
TMPO,4,0,0,0.739766288435586,NA,NA,NA,0.843112123923378
COX20,8,0,0,0.74015172937885,NA,NA,NA,0.843626327793606
SELENOK,5,0,0,0.740295228151689,NA,NA,NA,0.843727413499358
SLAIN2,4,0,0,0.740517714464024,NA,NA,NA,0.843769378564513
TNFRSF10B,4,0,0,0.740517714464024,NA,NA,NA,0.843945384508354
FAM210B,4,0,0,0.741926717326005,NA,NA,NA,0.844799622660895
SENP6,5,0,0,0.742180137268943,NA,NA,NA,0.844990165514091
CETN3,2,0,0,0.742670103883897,NA,NA,NA,0.845126073867988
DCP2,2,0,0,0.742670103883897,NA,NA,NA,0.845242398039764
EMCN,6,0,0,0.742670103883897,NA,NA,NA,0.845326448996116
NTN4,3,0,0,0.743409677022746,NA,NA,NA,0.845820392749852
ARSB,2,0,0,0.743458478901371,NA,NA,NA,0.845843117923837
IDH2,4,0,0,0.744168134721845,NA,NA,NA,0.846565301514521
UBE2J2,2,0,0,0.744422363889317,NA,NA,NA,0.846702337094334
UQCR10,2,0,0,0.744615737257124,NA,NA,NA,0.846983396512679
LAMC1,7,0,0,0.745160445184515,NA,NA,NA,0.847340889730894
COG7,3,0,0,0.745123706537123,NA,NA,NA,0.847435307008219
CEP41,5,0,0,0.745207257289559,NA,NA,NA,0.847495880003154
CORO1C,6,0,0,0.745207257289559,NA,NA,NA,0.847574462590904
SFPQ,6,0,0,0.745324064740244,NA,NA,NA,0.847616105927325
XRCC5,4,0,0,0.745123706537123,NA,NA,NA,0.847657005864628
ERF,2,0,0,0.745490742950807,NA,NA,NA,0.847733902441392
CAD,2,0,0,0.745207257289559,NA,NA,NA,0.847746943944113
POLR2E,4,0,0,0.74571850558268,NA,NA,NA,0.848007698320759
CCDC113,2,0,0,0.746515818764879,NA,NA,NA,0.848638444925356
CNBP,4,0,0,0.746700143751513,NA,NA,NA,0.848738790116342
MAN1A2,8,0,0,0.747203537466263,NA,NA,NA,0.849501490026032
ARK2N,3,0,0,0.7474891442869,NA,NA,NA,0.849799667613104
ATOH8,2,0,0,0.747980577153625,NA,NA,NA,0.850074107454837
RPAP2,6,0,0,0.748243121804477,NA,NA,NA,0.85026283672112
CHST7,2,0,0,0.748269545523448,NA,NA,NA,0.85050088477351
R3HDM2,2,0,0,0.748448242800031,NA,NA,NA,0.850745228199837
SLC40A1,2,0,0,0.749510211004639,NA,NA,NA,0.851848098993261
DNAJC24,2,0,0,0.749715510570397,NA,NA,NA,0.851965040903491
ZNF518B,2,0,0,0.749510211004639,NA,NA,NA,0.852052521475239
THAP1,3,0,0,0.749510211004639,NA,NA,NA,0.852105107119
QKI,9,0,0,0.749715510570397,NA,NA,NA,0.852145417820752
PGM2L1,9,0,0,0.750568461387687,NA,NA,NA,0.853039755425796
GAREM1,3,0,0,0.75054828833088,NA,NA,NA,0.853148990794551
SLC2A10,2,0,0,0.751170412338962,NA,NA,NA,0.853361666871848
MAP1B,7,0,0,0.750999828493141,NA,NA,NA,0.853414158455235
EBAG9,4,0,0,0.75108110932021,NA,NA,NA,0.853414978321375
ATG4C,4,0,0,0.752369649625057,NA,NA,NA,0.85461069688724
CDC73,9,0,0,0.752703872455827,NA,NA,NA,0.854877907065087
AHR,3,0,0,0.753166921294619,NA,NA,NA,0.855316498701885
CD274,3,0,0,0.753291463708852,NA,NA,NA,0.855396481859986
TLCD3A,5,0,0,0.753166921294619,NA,NA,NA,0.855463716956857
SNAPC1,5,0,0,0.753877540015618,NA,NA,NA,0.855743483661825
MRPS23,5,0,0,0.754521863555304,NA,NA,NA,0.855918629896055
AP1G1,3,0,0,0.753936020426047,NA,NA,NA,0.855980618152328
PLEKHH3,2,0,0,0.754521863555304,NA,NA,NA,0.856094541621601
ARL4A,6,0,0,0.754521863555304,NA,NA,NA,0.856108015150368
KIAA1549L,4,0,0,0.754521863555304,NA,NA,NA,0.856130904509159
HNRNPA0,5,0,0,0.754314687767039,NA,NA,NA,0.856159922488352
ACTR10,3,0,0,0.754521863555304,NA,NA,NA,0.856188133338969
DEK,4,0,0,0.754521863555304,NA,NA,NA,0.85620089802913
RGS4,5,0,0,0.754521863555304,NA,NA,NA,0.856324396577136
FUNDC1,2,0,0,0.754521863555304,NA,NA,NA,0.856338622955172
DAG1,2,0,0,0.755238488265998,NA,NA,NA,0.856546142075431
SLMAP,4,0,0,0.75520356431954,NA,NA,NA,0.856644097291387
TPGS2,3,0,0,0.75520356431954,NA,NA,NA,0.856864932519954
OSBP,3,0,0,0.75520356431954,NA,NA,NA,0.857069767650067
TMEM54,2,0,0,0.755757812030847,NA,NA,NA,0.857080509238418
ATPAF2,2,0,0,0.757360270812938,NA,NA,NA,0.858605018388712
PCBD1,2,0,0,0.757236127649518,NA,NA,NA,0.858631850753802
PAIP2,3,0,0,0.757667050993014,NA,NA,NA,0.858724739528419
ITFG2,2,0,0,0.75795174606288,NA,NA,NA,0.858772392891968
IRF2BPL,3,0,0,0.75795174606288,NA,NA,NA,0.85882914455247
KDM8,2,0,0,0.75795174606288,NA,NA,NA,0.858986152323433
ALPK3,4,0,0,0.758768613793709,NA,NA,NA,0.860265240686745
RAB6B,3,0,0,0.759268161723362,NA,NA,NA,0.860941667251485
SEC23B,6,0,0,0.759510623171728,NA,NA,NA,0.861008842165366
TOPBP1,4,0,0,0.760143083715891,NA,NA,NA,0.861815843121729
DOCK5,3,0,0,0.760349889937857,NA,NA,NA,0.862156039568434
ANP32A,4,0,0,0.760521908462452,NA,NA,NA,0.862545658336019
KIAA2013,2,0,0,0.761298353892837,NA,NA,NA,0.863214270143116
INKA2,6,0,0,0.761598564386182,NA,NA,NA,0.863396993211608
EFEMP1,5,0,0,0.762190408023503,NA,NA,NA,0.863846272613871
TCEAL8,3,0,0,0.762521050827043,NA,NA,NA,0.864166821431118
SPATA2,2,0,0,0.762380252702523,NA,NA,NA,0.864182161299238
ZHX1,4,0,0,0.762772695656091,NA,NA,NA,0.864321692230594
SDCBP,3,0,0,0.763027565296279,NA,NA,NA,0.864701442525457
SPRYD7,7,0,0,0.763302908442306,NA,NA,NA,0.865006186160505
AKAP12,5,0,0,0.763302908442306,NA,NA,NA,0.865149205524441
C5orf22,4,0,0,0.764212599043568,NA,NA,NA,0.86555471259487
FJX1,2,0,0,0.764092471347398,NA,NA,NA,0.865587017042122
PRRC1,6,0,0,0.76395810599243,NA,NA,NA,0.86560798219826
C16orf87,3,0,0,0.764655259594223,NA,NA,NA,0.866206239220435
GTF3C2,2,0,0,0.764655259594223,NA,NA,NA,0.866242768602972
ZDHHC21,7,0,0,0.764655259594223,NA,NA,NA,0.866413201113502
YY1,9,0,0,0.764655259594223,NA,NA,NA,0.866814622840024
PIP5K1C,2,0,0,0.764655259594223,NA,NA,NA,0.866907840539238
HNRNPUL1,4,0,0,0.764655259594223,NA,NA,NA,0.866923248732297
PSMF1,5,0,0,0.764894085542062,NA,NA,NA,0.867370938955742
ADAM12,3,0,0,0.765216363314635,NA,NA,NA,0.867549182923983
CHEK1,4,0,0,0.765216363314635,NA,NA,NA,0.867739543042078
IPO7,8,0,0,0.765781136484498,NA,NA,NA,0.868309211760692
RELA,2,0,0,0.766954192307331,NA,NA,NA,0.869373005384918
DTL,4,0,0,0.766954192307331,NA,NA,NA,0.869528605576444
WASHC4,4,0,0,0.766954192307331,NA,NA,NA,0.869578692148171
ARL8A,3,0,0,0.766950091540534,NA,NA,NA,0.869648685226128
TECPR2,2,0,0,0.766861598626303,NA,NA,NA,0.869716908094176
HEXIM1,4,0,0,0.766950091540534,NA,NA,NA,0.869859813135125
ARID1A,2,0,0,0.766950091540534,NA,NA,NA,0.869865251447824
NKAP,4,0,0,0.767172280219314,NA,NA,NA,0.869925069510907
CAMK4,4,0,0,0.767542253825318,NA,NA,NA,0.870183103997542
IL6ST,8,0,0,0.767604462872599,NA,NA,NA,0.870624803374332
MYBBP1A,2,0,0,0.768222415482281,NA,NA,NA,0.870829333381942
LAMTOR1,2,0,0,0.76853330036454,NA,NA,NA,0.870946346397412
SMAD7,2,0,0,0.768222415482281,NA,NA,NA,0.870965211352833
PSMB5,2,0,0,0.768666040433445,NA,NA,NA,0.871024550080754
CD109,6,0,0,0.768160130290058,NA,NA,NA,0.871038538119737
RIGI,3,0,0,0.768967519269801,NA,NA,NA,0.871281908436176
ZC3H10,2,0,0,0.768983714823689,NA,NA,NA,0.871324246561068
GABPB1,4,0,0,0.769389659151751,NA,NA,NA,0.871461819282783
CISD1,3,0,0,0.769389659151751,NA,NA,NA,0.871604373302069
MRPL35,4,0,0,0.769671049285306,NA,NA,NA,0.871613972767776
GPR108,2,0,0,0.769389659151751,NA,NA,NA,0.871635070440968
ARMC9,4,0,0,0.769671049285306,NA,NA,NA,0.871735749805207
C4orf33,2,0,0,0.769671049285306,NA,NA,NA,0.871781356294949
CNNM4,2,0,0,0.769671049285306,NA,NA,NA,0.871923586228779
EXOG,4,0,0,0.769671049285306,NA,NA,NA,0.871999655875114
CTSZ,2,0,0,0.769671049285306,NA,NA,NA,0.872095220933389
THAP2,2,0,0,0.769671049285306,NA,NA,NA,0.872138971692834
PCNX1,6,0,0,0.769671049285306,NA,NA,NA,0.872278929620568
ELF2,2,0,0,0.769671049285306,NA,NA,NA,0.872335845682043
VKORC1L1,12,0,0,0.769671049285306,NA,NA,NA,0.872348663928133
PITPNB,4,0,0,0.771080061896705,NA,NA,NA,0.87278013786137
SLC11A2,2,0,0,0.771080061896705,NA,NA,NA,0.872794846028807
SLC4A7,4,0,0,0.771080061896705,NA,NA,NA,0.873009970241958
HDGFL3,14,0,0,0.77116368360379,NA,NA,NA,0.873094997364268
GPATCH2,3,0,0,0.771080061896705,NA,NA,NA,0.873194043647143
TUBA1C,2,0,0,0.771282132067079,NA,NA,NA,0.87321612820116
FAM200B,3,0,0,0.771920639206054,NA,NA,NA,0.873872612818769
SNRNP25,2,0,0,0.771920639206054,NA,NA,NA,0.874102624606296
VPS26B,3,0,0,0.7726416228665,NA,NA,NA,0.874556313253411
ARHGEF7,3,0,0,0.772720613349999,NA,NA,NA,0.874589666899168
ATP5PB,2,0,0,0.7726416228665,NA,NA,NA,0.874646921800596
ZBTB21,3,0,0,0.772856866531153,NA,NA,NA,0.874735830515322
ANKIB1,5,0,0,0.7726416228665,NA,NA,NA,0.874841886787068
ALG6,2,0,0,0.772856866531153,NA,NA,NA,0.875322890024807
PARP11,2,0,0,0.773684117620279,NA,NA,NA,0.875416731589339
RFC5,2,0,0,0.773631527372897,NA,NA,NA,0.875433700880289
EXTL3,3,0,0,0.773631527372897,NA,NA,NA,0.875608277961348
PINK1,3,0,0,0.773587150178553,NA,NA,NA,0.875629835743192
COL5A1,6,0,0,0.773306041329954,NA,NA,NA,0.875669176909232
MMP16,3,0,0,0.773548431867391,NA,NA,NA,0.875729488549963
DCBLD2,11,0,0,0.77411144172073,NA,NA,NA,0.876074162843309
ROR1,2,0,0,0.77411144172073,NA,NA,NA,0.876222731024653
H3-3B,7,0,0,0.77411144172073,NA,NA,NA,0.876227458538992
SRSF8,4,0,0,0.77411144172073,NA,NA,NA,0.87624443192581
RPS6KA6,2,0,0,0.77411144172073,NA,NA,NA,0.876373380591206
SCD5,3,0,0,0.774281636763438,NA,NA,NA,0.876621893038108
NDUFAF8,3,0,0,0.774281636763438,NA,NA,NA,0.87684443610158
CAMK1D,4,0,0,0.774281636763438,NA,NA,NA,0.876938559905974
WDR82,4,0,0,0.774281636763438,NA,NA,NA,0.8771565000807
SCAMP1,6,0,0,0.775381908308996,NA,NA,NA,0.878061613383289
EEF2K,3,0,0,0.77564988114085,NA,NA,NA,0.878071855663109
FAM32A,2,0,0,0.77564988114085,NA,NA,NA,0.878231294122092
TM2D2,7,0,0,0.776267295030525,NA,NA,NA,0.878262924731149
PSPH,2,0,0,0.776267295030525,NA,NA,NA,0.878407824335741
PXMP4,3,0,0,0.77564988114085,NA,NA,NA,0.878424548101073
PMPCA,2,0,0,0.776223463186162,NA,NA,NA,0.878489786516542
PPIF,2,0,0,0.776938438940447,NA,NA,NA,0.87879891538837
CREBL2,7,0,0,0.777668270947561,NA,NA,NA,0.879040874185098
FRAT1,2,0,0,0.777539507336158,NA,NA,NA,0.879149104462232
ANTXR2,7,0,0,0.777396632603414,NA,NA,NA,0.879152181854649
RPS6KC1,3,0,0,0.777539507336158,NA,NA,NA,0.879201672424396
WWC2,6,0,0,0.777740395394186,NA,NA,NA,0.879202741986931
ZNF500,3,0,0,0.777668270947561,NA,NA,NA,0.879221118984088
MTSS1,3,0,0,0.777919234740097,NA,NA,NA,0.879248324767521
VPS4A,6,0,0,0.777689132963555,NA,NA,NA,0.87927967340654
ABHD11,3,0,0,0.777689132963555,NA,NA,NA,0.879336629325484
HNRNPK,4,0,0,0.777955668983633,NA,NA,NA,0.879344582505684
PAWR,15,0,0,0.777396632603414,NA,NA,NA,0.879364479554915
THG1L,3,0,0,0.777919234740097,NA,NA,NA,0.879453207669902
DPYSL2,3,0,0,0.777919234740097,NA,NA,NA,0.879640172947827
MIS18BP1,3,0,0,0.778351077942207,NA,NA,NA,0.879747189002448
POMP,7,0,0,0.778754387449334,NA,NA,NA,0.880119649713495
MTPAP,2,0,0,0.778754387449334,NA,NA,NA,0.880234269138513
ZNF365,2,0,0,0.778754387449334,NA,NA,NA,0.88034764846783
LDB2,2,0,0,0.778754387449334,NA,NA,NA,0.880435848614015
MED13L,4,0,0,0.778754387449334,NA,NA,NA,0.880524469926127
DDHD2,4,0,0,0.779437283521921,NA,NA,NA,0.880555373878708
TDP1,2,0,0,0.779451154431167,NA,NA,NA,0.880556501218929
RAB5A,4,0,0,0.779437283521921,NA,NA,NA,0.880558825318237
GMPPB,3,0,0,0.779451154431167,NA,NA,NA,0.880666982443564
NT5E,3,0,0,0.779437283521921,NA,NA,NA,0.880692443944663
CLTC,7,0,0,0.779451154431167,NA,NA,NA,0.880725000446285
CSRNP2,3,0,0,0.779437283521921,NA,NA,NA,0.880740089359268
BET1L,3,0,0,0.779451154431167,NA,NA,NA,0.880769134026284
LRRC3,2,0,0,0.780038885810185,NA,NA,NA,0.880947967766577
TPX2,2,0,0,0.780231797950929,NA,NA,NA,0.880966779206773
CAPN5,2,0,0,0.780299612025454,NA,NA,NA,0.881011473864776
IFNAR1,7,0,0,0.780299612025454,NA,NA,NA,0.881096207002774
MED8,3,0,0,0.780038885810185,NA,NA,NA,0.881170300009828
KDELR2,9,0,0,0.780299612025454,NA,NA,NA,0.88121719022251
TMTC3,6,0,0,0.780761164849747,NA,NA,NA,0.881280475602151
RPP30,2,0,0,0.780388833896682,NA,NA,NA,0.881319151556896
TGFBR1,8,0,0,0.780761164849747,NA,NA,NA,0.881323013267016
NEK6,7,0,0,0.780761164849747,NA,NA,NA,0.88144025842716
MB21D2,3,0,0,0.780388833896682,NA,NA,NA,0.881510803352904
EFR3A,4,0,0,0.780761164849747,NA,NA,NA,0.881621292636224
UBAP2,3,0,0,0.781039840119706,NA,NA,NA,0.88173890556364
PRDM4,3,0,0,0.781083425867011,NA,NA,NA,0.882518478201048
NOLC1,3,0,0,0.781479819141499,NA,NA,NA,0.882704440389015
LANCL1,3,0,0,0.78142137995019,NA,NA,NA,0.88276869943259
TMEM63A,2,0,0,0.781479819141499,NA,NA,NA,0.882829151979721
SPARC,8,0,0,0.781479819141499,NA,NA,NA,0.882898597032394
MIB1,5,0,0,0.782020758221926,NA,NA,NA,0.882899635733604
XRN2,2,0,0,0.781479819141499,NA,NA,NA,0.882913624864029
ABLIM3,2,0,0,0.781479819141499,NA,NA,NA,0.882991994063645
MYD88,2,0,0,0.782020758221926,NA,NA,NA,0.883050960732905
ZNF385A,2,0,0,0.782076211893746,NA,NA,NA,0.88307412895088
SBNO1,4,0,0,0.782934508399133,NA,NA,NA,0.883829487754874
CCDC9B,2,0,0,0.783159549039123,NA,NA,NA,0.883969078697899
PEAR1,2,0,0,0.784840071828288,NA,NA,NA,0.88581356695879
ATG2B,3,0,0,0.785358842238901,NA,NA,NA,0.886046523133811
TOMM22,5,0,0,0.785286689766265,NA,NA,NA,0.886122820053512
SIN3A,3,0,0,0.785488471082777,NA,NA,NA,0.886222822834614
NHLRC2,7,0,0,0.785822459437208,NA,NA,NA,0.886458476993649
TM6SF1,2,0,0,0.78577746012824,NA,NA,NA,0.886555765968179
CHST11,3,0,0,0.786041872187533,NA,NA,NA,0.886592233709565
CHD1,4,0,0,0.78577746012824,NA,NA,NA,0.886620911128788
FGF1,3,0,0,0.786334693173634,NA,NA,NA,0.886685299708922
NFRKB,3,0,0,0.786465901529281,NA,NA,NA,0.886751130982173
TMEM143,2,0,0,0.786585502652507,NA,NA,NA,0.886807982801546
HINT3,3,0,0,0.786838711155338,NA,NA,NA,0.886967285253782
CKAP5,2,0,0,0.787345181923404,NA,NA,NA,0.887223854804318
UBXN4,5,0,0,0.787595311327297,NA,NA,NA,0.887283702925632
KDSR,6,0,0,0.787731311149166,NA,NA,NA,0.887376616902616
RAB11FIP5,2,0,0,0.787731311149166,NA,NA,NA,0.887552840573008
EXT2,5,0,0,0.787731311149166,NA,NA,NA,0.887612188807203
C2orf69,2,0,0,0.788132601934355,NA,NA,NA,0.887844385798081
PMAIP1,2,0,0,0.788358745055147,NA,NA,NA,0.888078623037567
LRP8,4,0,0,0.788835737974832,NA,NA,NA,0.888884097269779
DLGAP5,2,0,0,0.78942019905615,NA,NA,NA,0.889509829502371
GNAQ,6,0,0,0.790802104812048,NA,NA,NA,0.89070717030228
RANBP9,2,0,0,0.792072988343856,NA,NA,NA,0.891544269330714
NCAPH2,2,0,0,0.792911614680897,NA,NA,NA,0.891784907264144
RITA1,2,0,0,0.792563721391251,NA,NA,NA,0.891785538973462
ZNF3,2,0,0,0.793241014919302,NA,NA,NA,0.891924163393121
CSK,2,0,0,0.793241014919302,NA,NA,NA,0.891936217596096
UBE4B,3,0,0,0.792911614680897,NA,NA,NA,0.891985935205797
WIPI2,6,0,0,0.794166644213017,NA,NA,NA,0.89233646442438
COQ10B,3,0,0,0.794166644213017,NA,NA,NA,0.892446227632995
USP24,3,0,0,0.794166644213017,NA,NA,NA,0.892543084203708
TDG,3,0,0,0.794166644213017,NA,NA,NA,0.892561119011454
FBXO32,3,0,0,0.794430035969488,NA,NA,NA,0.892609415883026
CYLD,7,0,0,0.794166644213017,NA,NA,NA,0.892766966522786
MTHFD2,4,0,0,0.794166644213017,NA,NA,NA,0.892818828886599
RAPGEF3,2,0,0,0.795363980248155,NA,NA,NA,0.893232489485152
EVA1A,3,0,0,0.795363980248155,NA,NA,NA,0.893285900565042
HSPBP1,2,0,0,0.795363980248155,NA,NA,NA,0.893352735926871
SRSF5,3,0,0,0.795363980248155,NA,NA,NA,0.893538965992991
MTSS2,2,0,0,0.795363980248155,NA,NA,NA,0.893547725114861
PDSS2,2,0,0,0.795363980248155,NA,NA,NA,0.893678690947736
PXDN,5,0,0,0.795936670973549,NA,NA,NA,0.893683879300248
PRIM2,2,0,0,0.796657163521314,NA,NA,NA,0.894161359621244
MGST3,2,0,0,0.796657163521314,NA,NA,NA,0.894207477451486
STARD3,2,0,0,0.796657163521314,NA,NA,NA,0.894238604052088
EME2,2,0,0,0.796657163521314,NA,NA,NA,0.894248201507183
ACAA2,2,0,0,0.796657163521314,NA,NA,NA,0.894306079718498
ZNF532,2,0,0,0.79703539207683,NA,NA,NA,0.89467198499713
ZCCHC8,3,0,0,0.79732945917873,NA,NA,NA,0.894943436069116
CLASP1,4,0,0,0.797782528568254,NA,NA,NA,0.894951665493453
ZFR,6,0,0,0.797534091928196,NA,NA,NA,0.894973171667918
TPTEP2-CSNK1E,3,0,0,0.797782528568254,NA,NA,NA,0.895119337518216
KPNA6,6,0,0,0.798245821253104,NA,NA,NA,0.89516814761996
PELI1,2,0,0,0.797747002277751,NA,NA,NA,0.895191304932464
FERMT3,2,0,0,0.799969465616204,NA,NA,NA,0.89560997952137
BMP2,3,0,0,0.798913846139961,NA,NA,NA,0.895633896668398
SHROOM2,2,0,0,0.799969465616204,NA,NA,NA,0.895803488162924
CREB3,3,0,0,0.800243732663576,NA,NA,NA,0.895972554274243
FBN2,2,0,0,0.799969465616204,NA,NA,NA,0.895996576484342
AAGAB,4,0,0,0.799860925568485,NA,NA,NA,0.89608401089074
RMDN1,3,0,0,0.800243732663576,NA,NA,NA,0.896114043107448
TES,3,0,0,0.799969465616204,NA,NA,NA,0.896141891555478
TXN,3,0,0,0.799969465616204,NA,NA,NA,0.896144461153312
COX7A2L,4,0,0,0.799969465616204,NA,NA,NA,0.896163756156271
PDE7B,4,0,0,0.799969465616204,NA,NA,NA,0.89623245534371
MBD3,3,0,0,0.799860925568485,NA,NA,NA,0.896310678046669
APOLD1,3,0,0,0.801053749160964,NA,NA,NA,0.89705036903525
SLC33A1,6,0,0,0.801610551002964,NA,NA,NA,0.898138147485718
DDX31,3,0,0,0.803133558636887,NA,NA,NA,0.899509708378053
CLDN1,2,0,0,0.803406923143557,NA,NA,NA,0.899540723815355
RIDA,2,0,0,0.803633239423844,NA,NA,NA,0.89957615012998
GOLGA5,2,0,0,0.802936946781467,NA,NA,NA,0.899630575610415
TIPIN,2,0,0,0.803133558636887,NA,NA,NA,0.899648766927025
ZNF544,2,0,0,0.803406923143557,NA,NA,NA,0.899750991525239
SRPK1,5,0,0,0.805071701327855,NA,NA,NA,0.900895224037157
SNX12,2,0,0,0.805074353270096,NA,NA,NA,0.901255499727216
TNFAIP8L1,5,0,0,0.805074353270096,NA,NA,NA,0.901435382783345
CCT6A,4,0,0,0.805074353270096,NA,NA,NA,0.901586990836308
NPEPL1,2,0,0,0.805340313946947,NA,NA,NA,0.901687628749415
CHCHD7,5,0,0,0.805494806158138,NA,NA,NA,0.901856388858392
SAP130,2,0,0,0.805834499929935,NA,NA,NA,0.902040826206678
NUDT3,6,0,0,0.80576312160171,NA,NA,NA,0.902122181459119
ATP1B3,2,0,0,0.80576312160171,NA,NA,NA,0.902213441050312
NOL9,3,0,0,0.80576312160171,NA,NA,NA,0.902289678125564
BAG5,5,0,0,0.806471525654998,NA,NA,NA,0.902678439658639
EDN1,4,0,0,0.806471525654998,NA,NA,NA,0.902868437659974
ANGEL2,3,0,0,0.807975042572781,NA,NA,NA,0.904262330149399
POP1,3,0,0,0.808328596306794,NA,NA,NA,0.904613026100247
LIMK1,2,0,0,0.808328596306794,NA,NA,NA,0.904632741755913
CRPPA,3,0,0,0.808706283555563,NA,NA,NA,0.904962020482875
TMEM223,2,0,0,0.809112815826706,NA,NA,NA,0.905003276698671
EIF2A,3,0,0,0.809015800580395,NA,NA,NA,0.90503316303348
CACYBP,4,0,0,0.809015800580395,NA,NA,NA,0.905158042271604
SRPX2,4,0,0,0.809456323632916,NA,NA,NA,0.905213868361444
TMEM100,2,0,0,0.809112815826706,NA,NA,NA,0.905230343702452
AIDA,2,0,0,0.80985368176304,NA,NA,NA,0.905334150897226
RNF149,3,0,0,0.80978467051067,NA,NA,NA,0.905418209853202
IPO13,2,0,0,0.810157494246277,NA,NA,NA,0.905561863842879
H1-0,2,0,0,0.810157494246277,NA,NA,NA,0.905765432999394
ZNF428,2,0,0,0.810419738409754,NA,NA,NA,0.906203942020495
TEAD1,4,0,0,0.810419738409754,NA,NA,NA,0.9063872771722
RNMT,2,0,0,0.811421196233493,NA,NA,NA,0.906993547105401
RAPGEF6,2,0,0,0.811424067071928,NA,NA,NA,0.907043365602642
PPP1R21,2,0,0,0.811466467598545,NA,NA,NA,0.907162325094995
ELP1,3,0,0,0.811589313321654,NA,NA,NA,0.907233077859148
SPIN1,3,0,0,0.812503902580681,NA,NA,NA,0.908122183389553
MAN2A1,7,0,0,0.812917790598655,NA,NA,NA,0.908344156654094
ASAP1,4,0,0,0.812917790598655,NA,NA,NA,0.908517379338423
NMT1,2,0,0,0.813335310814536,NA,NA,NA,0.908841038722177
TIMM50,4,0,0,0.813534050491862,NA,NA,NA,0.908874203955243
UCK1,2,0,0,0.813207642327037,NA,NA,NA,0.908882811880432
ZSCAN25,2,0,0,0.814379642332009,NA,NA,NA,0.909480817425755
TULP3,3,0,0,0.814312117704802,NA,NA,NA,0.909567187545571
RFX2,2,0,0,0.814866630207936,NA,NA,NA,0.909668924957719
HSPA14,2,0,0,0.81462228046611,NA,NA,NA,0.909712944097219
KBTBD6,2,0,0,0.814552568808436,NA,NA,NA,0.909755630246164
BAZ2B,4,0,0,0.814837406926858,NA,NA,NA,0.909783545040314
TNIK,5,0,0,0.814837406926858,NA,NA,NA,0.909871335040192
NAGA,2,0,0,0.81462228046611,NA,NA,NA,0.909908563645771
DDX21,4,0,0,0.815313889155139,NA,NA,NA,0.910046264050716
MCCC2,2,0,0,0.815446895321646,NA,NA,NA,0.910100028922298
NCBP1,8,0,0,0.815716507348828,NA,NA,NA,0.910577894061718
SPRTN,5,0,0,0.815716507348828,NA,NA,NA,0.910800189031246
NACC2,4,0,0,0.816306056157226,NA,NA,NA,0.910928790801127
KMT2D,3,0,0,0.816386017559069,NA,NA,NA,0.911075603293008
ELL,5,0,0,0.816306056157226,NA,NA,NA,0.911129505044154
RRP1B,2,0,0,0.816306056157226,NA,NA,NA,0.911318553895894
HIP1R,2,0,0,0.817243689477695,NA,NA,NA,0.91184392772975
MLLT11,3,0,0,0.817540496520172,NA,NA,NA,0.911925072612969
CNOT6L,2,0,0,0.819188823008961,NA,NA,NA,0.913176553508559
WDR3,5,0,0,0.819188823008961,NA,NA,NA,0.913186253813273
ZNF70,3,0,0,0.819188823008961,NA,NA,NA,0.913239635535256
MOK,2,0,0,0.819467470098524,NA,NA,NA,0.913352430060027
GIGYF2,2,0,0,0.819381586572976,NA,NA,NA,0.9133681455755
REEP3,9,0,0,0.819467470098524,NA,NA,NA,0.913401207555954
LMF1,2,0,0,0.819495587213433,NA,NA,NA,0.913498293836218
TRNP1,5,0,0,0.819842710936321,NA,NA,NA,0.913523416022466
COMMD9,3,0,0,0.819467470098524,NA,NA,NA,0.913541391997468
POLR2B,2,0,0,0.819733691499927,NA,NA,NA,0.913580632829478
N6AMT1,4,0,0,0.819467470098524,NA,NA,NA,0.913614606540955
PSMG2,2,0,0,0.819718070382638,NA,NA,NA,0.913615025036972
CRYAB,2,0,0,0.819467470098524,NA,NA,NA,0.913779865371464
MFF,3,0,0,0.819467470098524,NA,NA,NA,0.913925602116465
DEPP1,2,0,0,0.819467470098524,NA,NA,NA,0.913945845806106
GORASP2,5,0,0,0.820349875928951,NA,NA,NA,0.914074369240432
C2orf68,5,0,0,0.819467470098524,NA,NA,NA,0.914138131190041
ENOSF1,2,0,0,0.820349875928951,NA,NA,NA,0.914143705628397
MKRN2,4,0,0,0.820662341931047,NA,NA,NA,0.914165292937957
ABT1,3,0,0,0.82070168982671,NA,NA,NA,0.914238702107438
POLR1G,2,0,0,0.821349848722723,NA,NA,NA,0.91429649574753
CD47,3,0,0,0.821331288172792,NA,NA,NA,0.914419832978613
KLHL9,2,0,0,0.821700015436362,NA,NA,NA,0.91450481308875
MIA3,5,0,0,0.821141284492778,NA,NA,NA,0.91455041710398
YARS1,2,0,0,0.821331288172792,NA,NA,NA,0.914622666916886
MYO9B,2,0,0,0.821840904425193,NA,NA,NA,0.914651273477395
EIF5,6,0,0,0.821331288172792,NA,NA,NA,0.914688565260865
NALF1,3,0,0,0.821331288172792,NA,NA,NA,0.91478656133556
APOBEC3C,3,0,0,0.822110077740087,NA,NA,NA,0.914800400408358
SLC15A4,2,0,0,0.821331288172792,NA,NA,NA,0.91481192454869
KIF1B,3,0,0,0.823408493941273,NA,NA,NA,0.916032665298311
TMEM165,2,0,0,0.825143194216894,NA,NA,NA,0.917493054024626
TPMT,4,0,0,0.825143194216894,NA,NA,NA,0.917662715185596
ATPAF1,2,0,0,0.825310804289128,NA,NA,NA,0.917724910132944
ATF1,4,0,0,0.825377694151549,NA,NA,NA,0.917747625390179
KIAA1549,3,0,0,0.825742754516315,NA,NA,NA,0.917916840604346
OAT,2,0,0,0.825742754516315,NA,NA,NA,0.917934300004974
TOR1A,3,0,0,0.825765791427908,NA,NA,NA,0.917942779722744
PYROXD1,3,0,0,0.8267523984494,NA,NA,NA,0.918767763598076
EIF2AK4,3,0,0,0.826482842398944,NA,NA,NA,0.918806605773069
RPAP3,3,0,0,0.8267523984494,NA,NA,NA,0.918988275109536
FAM13B,2,0,0,0.826838943209927,NA,NA,NA,0.919026171552717
HACD3,4,0,0,0.8267523984494,NA,NA,NA,0.919200729027873
FIGNL1,3,0,0,0.827838393097495,NA,NA,NA,0.919724640112425
SHROOM4,3,0,0,0.82805021420561,NA,NA,NA,0.919822143440463
XPA,2,0,0,0.82800109162389,NA,NA,NA,0.919880135795682
PRKAB2,2,0,0,0.82800109162389,NA,NA,NA,0.919886212245955
CCDC25,4,0,0,0.828546687632206,NA,NA,NA,0.920299270592137
FZD4,3,0,0,0.828546687632206,NA,NA,NA,0.920408232566651
MYO1E,4,0,0,0.828546687632206,NA,NA,NA,0.920768709246807
USP46,5,0,0,0.829454435932844,NA,NA,NA,0.92080251124263
SLC29A1,3,0,0,0.82886990434969,NA,NA,NA,0.920933869237297
TRIP12,3,0,0,0.829207619967004,NA,NA,NA,0.920962928330655
PRDM2,2,0,0,0.829003635217824,NA,NA,NA,0.920981199530607
FGFR1OP2,3,0,0,0.829454435932844,NA,NA,NA,0.920993361122057
CTSB,7,0,0,0.829100232314014,NA,NA,NA,0.921023950874428
TUT7,2,0,0,0.829454435932844,NA,NA,NA,0.921144500417383
NDUFAF4,3,0,0,0.829100232314014,NA,NA,NA,0.92120571723194
ARB2A,4,0,0,0.829100232314014,NA,NA,NA,0.921363311114594
TMEM106C,3,0,0,0.829100232314014,NA,NA,NA,0.921384908827143
CSNK2A2,6,0,0,0.830321594459671,NA,NA,NA,0.921387713786974
GAR1,2,0,0,0.829100232314014,NA,NA,NA,0.921524326078098
BBS4,3,0,0,0.829100232314014,NA,NA,NA,0.921541957934468
KATNA1,2,0,0,0.830898845528152,NA,NA,NA,0.922018672605789
CERS2,2,0,0,0.831121387107046,NA,NA,NA,0.922247172228329
BDH2,5,0,0,0.83111870949267,NA,NA,NA,0.922304205991706
GOLGA2,4,0,0,0.831121387107046,NA,NA,NA,0.922357209508104
HPS1,3,0,0,0.831121387107046,NA,NA,NA,0.922390181898936
ACTR3,16,0,0,0.831586806175498,NA,NA,NA,0.922429398211502
TCTA,2,0,0,0.831121387107046,NA,NA,NA,0.922446379773599
NOL6,3,0,0,0.831513794864477,NA,NA,NA,0.922515551213462
AHCTF1,4,0,0,0.832345015405913,NA,NA,NA,0.922921570875934
RIMKLB,6,0,0,0.832916108970816,NA,NA,NA,0.923191069412955
COL5A2,8,0,0,0.833797394303907,NA,NA,NA,0.923719791286271
SPPL2A,5,0,0,0.833618686054093,NA,NA,NA,0.92373089344668
AURKA,2,0,0,0.834117725519239,NA,NA,NA,0.923993413034034
SH3YL1,2,0,0,0.834229114828663,NA,NA,NA,0.924015432134234
GOLGA3,5,0,0,0.834365411124561,NA,NA,NA,0.92404548561466
TFCP2,3,0,0,0.83432092515276,NA,NA,NA,0.924102523263382
ZNF181,2,0,0,0.834676916493824,NA,NA,NA,0.924335925809842
ADGRL4,8,0,0,0.834983557045217,NA,NA,NA,0.924705622109778
BRD3,5,0,0,0.834983557045217,NA,NA,NA,0.924790681602124
NOP14,3,0,0,0.835140433901139,NA,NA,NA,0.924835634444317
SOD2,5,0,0,0.835140433901139,NA,NA,NA,0.924876652821955
TUG1,4,0,0,0.835140433901139,NA,NA,NA,0.924967121097547
SAMD4B,5,0,0,0.834983557045217,NA,NA,NA,0.924986939794796
FER,4,0,0,0.834983557045217,NA,NA,NA,0.924993591826
C17orf75,2,0,0,0.835140433901139,NA,NA,NA,0.9250440733981
RPS15A,2,0,0,0.835140433901139,NA,NA,NA,0.925091896701539
PRKAR1A,9,0,0,0.836052095046791,NA,NA,NA,0.925239584046834
LOC124904077,3,0,0,0.835971042457951,NA,NA,NA,0.925271726518038
ARHGAP32,3,0,0,0.836052095046791,NA,NA,NA,0.925371202654057
MKLN1,6,0,0,0.836052095046791,NA,NA,NA,0.925381362385858
UBE2B,5,0,0,0.835971042457951,NA,NA,NA,0.925480219665262
C1orf131,2,0,0,0.836784858521477,NA,NA,NA,0.925587989627484
VEZF1,4,0,0,0.836742673061458,NA,NA,NA,0.925626586092318
CENPE,2,0,0,0.836647122703526,NA,NA,NA,0.925697700017894
SPAAR,4,0,0,0.837390772878566,NA,NA,NA,0.926070128013357
LGALS3,2,0,0,0.83793284604438,NA,NA,NA,0.926187621520395
HYCC2,4,0,0,0.83793284604438,NA,NA,NA,0.926195580770269
PLEKHG1,3,0,0,0.83793284604438,NA,NA,NA,0.926364614653467
EIF2B2,2,0,0,0.83793284604438,NA,NA,NA,0.926421122879629
ZDHHC14,4,0,0,0.83793284604438,NA,NA,NA,0.926435448714866
PRPF40A,11,0,0,0.838886889080333,NA,NA,NA,0.926904966601455
KYAT1,2,0,0,0.839483983807977,NA,NA,NA,0.927019516877984
TRAK2,6,0,0,0.839483983807977,NA,NA,NA,0.927129471687734
TYW3,3,0,0,0.839483983807977,NA,NA,NA,0.927209834923632
PALLD,3,0,0,0.840002784711902,NA,NA,NA,0.927345240077399
PMS1,2,0,0,0.839483983807977,NA,NA,NA,0.927367016749949
KIAA0319L,4,0,0,0.840002801472574,NA,NA,NA,0.927436597892151
MAP2K3,2,0,0,0.840166905982813,NA,NA,NA,0.927617264542382
ZMIZ2,3,0,0,0.840837337002567,NA,NA,NA,0.928123776921858
ZC3H13,4,0,0,0.841610899632514,NA,NA,NA,0.928702229935517
UBL4A,2,0,0,0.84275398621457,NA,NA,NA,0.930106770855122
APBB2,13,0,0,0.84275398621457,NA,NA,NA,0.930276177559061
LSM6,3,0,0,0.843628679280647,NA,NA,NA,0.930827220593717
FGD6,3,0,0,0.843826163731898,NA,NA,NA,0.930978321959377
MRPS18C,2,0,0,0.844047180077871,NA,NA,NA,0.93121995173149
MRPL57,4,0,0,0.844057044369023,NA,NA,NA,0.931260780852404
EIF5B,7,0,0,0.843907655604725,NA,NA,NA,0.931262100319975
TM9SF4,3,0,0,0.844057044369023,NA,NA,NA,0.931378770316866
APH1B,2,0,0,0.845870634146254,NA,NA,NA,0.932971568519883
C19orf12,5,0,0,0.845740903248253,NA,NA,NA,0.933021221464316
FAM114A1,6,0,0,0.847149581088266,NA,NA,NA,0.933616089169762
ATL3,7,0,0,0.84697610695862,NA,NA,NA,0.933635455324244
ZNF207,8,0,0,0.846919453031469,NA,NA,NA,0.933736393308653
PPID,2,0,0,0.848793628306474,NA,NA,NA,0.935336122080656
AASS,4,0,0,0.849749359886912,NA,NA,NA,0.935430808357501
SLC20A2,4,0,0,0.848793628306474,NA,NA,NA,0.935466901512705
MBD2,4,0,0,0.849749359886912,NA,NA,NA,0.935540945363813
CDCA4,3,0,0,0.849555913520788,NA,NA,NA,0.935602506264857
BLMH,3,0,0,0.849369255789165,NA,NA,NA,0.935622086962456
LITAF,2,0,0,0.849749359886912,NA,NA,NA,0.935639439757905
GNPTAB,2,0,0,0.849555913520788,NA,NA,NA,0.935734846953488
TSNAX,2,0,0,0.849749359886912,NA,NA,NA,0.935765827975533
C12orf75,3,0,0,0.849749359886912,NA,NA,NA,0.935933701449953
ZC3H7B,4,0,0,0.850390565108162,NA,NA,NA,0.936076831693522
KCTD21,2,0,0,0.851075361153485,NA,NA,NA,0.93608021263494
CROT,3,0,0,0.849749359886912,NA,NA,NA,0.936135861352283
SESTD1,8,0,0,0.851049343400957,NA,NA,NA,0.936201063732326
ELOVL6,3,0,0,0.851049343400957,NA,NA,NA,0.936203008985277
ZNF518A,2,0,0,0.849749359886912,NA,NA,NA,0.936254506630731
HNRNPA1,4,0,0,0.851049343400957,NA,NA,NA,0.936370025399472
H6PD,3,0,0,0.849749359886912,NA,NA,NA,0.936381074064711
UBE2L3,4,0,0,0.850826601616189,NA,NA,NA,0.936383155362951
LRRC8C,3,0,0,0.851224627309793,NA,NA,NA,0.936386393895265
PFDN4,4,0,0,0.849749359886912,NA,NA,NA,0.936515186052677
CXorf38,3,0,0,0.851049343400957,NA,NA,NA,0.936518404063652
GRK6,3,0,0,0.851049343400957,NA,NA,NA,0.936568597842811
FOXK2,5,0,0,0.851049343400957,NA,NA,NA,0.936577773184514
ITPRID2,2,0,0,0.850826601616189,NA,NA,NA,0.936608299837907
ATF7IP,4,0,0,0.851767308056789,NA,NA,NA,0.936730707696307
IPO9,12,0,0,0.850826601616189,NA,NA,NA,0.936732645599254
LYRM7,6,0,0,0.851605678307118,NA,NA,NA,0.936759905623382
BIVM,3,0,0,0.852683526572827,NA,NA,NA,0.937641512189398
CENPO,2,0,0,0.852823008573699,NA,NA,NA,0.937659056784374
PTHLH,2,0,0,0.852683526572827,NA,NA,NA,0.937735568466768
NDUFA9,2,0,0,0.852659810725733,NA,NA,NA,0.937771031783096
CITED2,6,0,0,0.852659810725733,NA,NA,NA,0.9379683902913
GMNN,2,0,0,0.852659810725733,NA,NA,NA,0.938149860913712
BPHL,3,0,0,0.85305834654728,NA,NA,NA,0.938156383653409
ATOX1,2,0,0,0.853280377759625,NA,NA,NA,0.938168131717781
UBE2W,5,0,0,0.852659810725733,NA,NA,NA,0.938184244002155
ALDH1A1,2,0,0,0.854277585254473,NA,NA,NA,0.938232737667912
RRM2,5,0,0,0.85436916740909,NA,NA,NA,0.93828357526716
FDFT1,4,0,0,0.85436916740909,NA,NA,NA,0.938289062984181
ERCC4,2,0,0,0.85436916740909,NA,NA,NA,0.938309496019014
ANKRD13C,5,0,0,0.852659810725733,NA,NA,NA,0.938350450385726
S100A16,2,0,0,0.852659810725733,NA,NA,NA,0.938417824497152
ATF6,7,0,0,0.85436916740909,NA,NA,NA,0.938428077086785
KYAT3,2,0,0,0.854277585254473,NA,NA,NA,0.938432972907248
GID4,4,0,0,0.854188231426621,NA,NA,NA,0.938453631860957
ROBO3,2,0,0,0.854180475352527,NA,NA,NA,0.938589543844236
ING3,2,0,0,0.854180475352527,NA,NA,NA,0.938802035058387
NHSL2,2,0,0,0.854798396095806,NA,NA,NA,0.939479635972081
OSBPL8,7,0,0,0.855226301870345,NA,NA,NA,0.940269333831974
COL4A1,9,0,0,0.855226301870345,NA,NA,NA,0.94034109139337
GDI2,3,0,0,0.855226301870345,NA,NA,NA,0.940354721586926
RAB21,12,0,0,0.855950528966687,NA,NA,NA,0.940925256366451
NFKBIE,2,0,0,0.855950528966687,NA,NA,NA,0.94097586780166
ZMYND8,4,0,0,0.855950528966687,NA,NA,NA,0.941051079965989
RALBP1,3,0,0,0.856418832699451,NA,NA,NA,0.941287297465616
RBM8A,6,0,0,0.856544279284964,NA,NA,NA,0.941309258435729
HNRNPLL,5,0,0,0.856418832699451,NA,NA,NA,0.941364287084094
SMAD5,6,0,0,0.856418832699451,NA,NA,NA,0.941508834204639
ARMH3,2,0,0,0.856980434337164,NA,NA,NA,0.941603503746465
CCDC69,3,0,0,0.856980434337164,NA,NA,NA,0.941803335408232
RNF115,9,0,0,0.856980434337164,NA,NA,NA,0.941837666872118
COPS4,2,0,0,0.859189937027827,NA,NA,NA,0.943002809126029
SMG6,2,0,0,0.859178021172259,NA,NA,NA,0.943136921069258
NRK,2,0,0,0.859178021172259,NA,NA,NA,0.943318795412726
CEP350,3,0,0,0.859064148773323,NA,NA,NA,0.943319323631328
ATP6V0E1,2,0,0,0.859064148773323,NA,NA,NA,0.943353808410308
NIPSNAP3A,5,0,0,0.859064148773323,NA,NA,NA,0.94352156777086
MOCS3,5,0,0,0.859064148773323,NA,NA,NA,0.943672328171372
RGL1,5,0,0,0.859064148773323,NA,NA,NA,0.943829077273822
CHURC1,7,0,0,0.859901101217993,NA,NA,NA,0.944029498886092
PLS3,8,0,0,0.859901101217993,NA,NA,NA,0.944190117952378
MPHOSPH9,4,0,0,0.862162542520944,NA,NA,NA,0.945868004996779
JTB,2,0,0,0.862162542520944,NA,NA,NA,0.945956091632852
TTC21B,2,0,0,0.862162542520944,NA,NA,NA,0.946045981439665
DMXL1,2,0,0,0.862407520512086,NA,NA,NA,0.946245135125956
ME3,2,0,0,0.862921523774308,NA,NA,NA,0.946933775613692
USP9X,7,0,0,0.863197840732914,NA,NA,NA,0.947161703689276
SEPHS1,4,0,0,0.863197840732914,NA,NA,NA,0.947168382897441
BUD23,3,0,0,0.863197840732914,NA,NA,NA,0.947379617393231
PTX3,4,0,0,0.863967484411601,NA,NA,NA,0.948451038885885
TNFRSF11A,3,0,0,0.864437878932818,NA,NA,NA,0.948886530105625
SIAH1,2,0,0,0.864604505020859,NA,NA,NA,0.948937429584817
ETV5,2,0,0,0.86484083500864,NA,NA,NA,0.948978391467282
GPATCH11,5,0,0,0.86484083500864,NA,NA,NA,0.949141957235443
H2AZ2,3,0,0,0.865351473194155,NA,NA,NA,0.949194569567224
LMBRD1,2,0,0,0.865267891488705,NA,NA,NA,0.949251745902833
POMT1,2,0,0,0.865593376482349,NA,NA,NA,0.949295848761108
AGL,2,0,0,0.865788076594295,NA,NA,NA,0.949423281686983
MXRA7,2,0,0,0.865788076594295,NA,NA,NA,0.949424320326679
USP45,2,0,0,0.865788076594295,NA,NA,NA,0.949528044495039
EMC7,2,0,0,0.865893890860488,NA,NA,NA,0.949533983330841
EEF1A1,3,0,0,0.865788076594295,NA,NA,NA,0.94953966330269
FRAT2,2,0,0,0.865893890860488,NA,NA,NA,0.949660591739894
STARD4,6,0,0,0.866662331734449,NA,NA,NA,0.950413808942996
EHD3,2,0,0,0.867037840528626,NA,NA,NA,0.950523631519327
CEP112,2,0,0,0.867772448670533,NA,NA,NA,0.950585352649546
NETO2,4,0,0,0.866662331734449,NA,NA,NA,0.950623265779405
SMAD6,4,0,0,0.8679863729278,NA,NA,NA,0.950694159199615
TMEM245,6,0,0,0.867543733641113,NA,NA,NA,0.950719676091279
FBN1,4,0,0,0.867772448670533,NA,NA,NA,0.950749574160396
SNX4,2,0,0,0.869363440853789,NA,NA,NA,0.950840983580551
ANGEL1,2,0,0,0.869182230004108,NA,NA,NA,0.950991834003673
USP15,2,0,0,0.869363440853789,NA,NA,NA,0.951054480664009
RNF144B,5,0,0,0.869363440853789,NA,NA,NA,0.951073860676759
IRGQ,3,0,0,0.869182230004108,NA,NA,NA,0.951212362483632
ZNF655,2,0,0,0.868938390939357,NA,NA,NA,0.951242115624635
MSH3,3,0,0,0.869182230004108,NA,NA,NA,0.951393652833578
DZIP1,4,0,0,0.869182230004108,NA,NA,NA,0.951424080867377
MTMR6,7,0,0,0.871417995751843,NA,NA,NA,0.952800890777533
PRKAR2B,3,0,0,0.871919364530535,NA,NA,NA,0.953232986433363
SLC25A33,6,0,0,0.872050890135823,NA,NA,NA,0.953338478839155
SPC24,3,0,0,0.873037938445012,NA,NA,NA,0.953845473016677
FRMD8,2,0,0,0.873217006781198,NA,NA,NA,0.953893467766152
IL6R,2,0,0,0.873037938445012,NA,NA,NA,0.954045118779636
FLNB,3,0,0,0.873037938445012,NA,NA,NA,0.954136154869722
GALNT10,3,0,0,0.873037938445012,NA,NA,NA,0.954257881315171
GASK1B,6,0,0,0.873037938445012,NA,NA,NA,0.954296201193954
FBXO25,2,0,0,0.873689992878884,NA,NA,NA,0.954707131095018
SKP1,8,0,0,0.874416678401997,NA,NA,NA,0.955119018289061
MED28,8,0,0,0.874372729328844,NA,NA,NA,0.955176877222591
RLIG1,3,0,0,0.874601563468162,NA,NA,NA,0.955280102897559
FUBP1,2,0,0,0.875576908290643,NA,NA,NA,0.955344467959334
RRAS2,5,0,0,0.874974775138677,NA,NA,NA,0.955382949941214
SIPA1L2,4,0,0,0.875571307224777,NA,NA,NA,0.955424225491346
SOX17,3,0,0,0.875421514051706,NA,NA,NA,0.955469762249782
THAP10,2,0,0,0.875752223773494,NA,NA,NA,0.955502053100072
SUGP2,3,0,0,0.875394783097266,NA,NA,NA,0.955596904241869
PTGS2,6,0,0,0.875752223773494,NA,NA,NA,0.955713592127096
RNF217,4,0,0,0.875752223773494,NA,NA,NA,0.955815946713328
NBR1,3,0,0,0.875752223773494,NA,NA,NA,0.95590426958315
BTBD1,5,0,0,0.875752223773494,NA,NA,NA,0.95605391549919
MAP3K2,6,0,0,0.875752223773494,NA,NA,NA,0.956065017024751
XAF1,2,0,0,0.875752223773494,NA,NA,NA,0.956117460163923
ABRAXAS1,3,0,0,0.87665300293847,NA,NA,NA,0.956448749651289
EXT1,6,0,0,0.877243255607242,NA,NA,NA,0.957024578052268
PRRT3,2,0,0,0.877243255607242,NA,NA,NA,0.95714289858844
DIPK1A,2,0,0,0.877747751130734,NA,NA,NA,0.957148208670193
GJA1,3,0,0,0.877671647454551,NA,NA,NA,0.957243186820527
NAP1L5,2,0,0,0.877243255607242,NA,NA,NA,0.957361920375128
CKAP4,5,0,0,0.87928733318826,NA,NA,NA,0.958726802165577
SFT2D1,3,0,0,0.880062745218034,NA,NA,NA,0.95897697622206
TOMM20,6,0,0,0.880074589426788,NA,NA,NA,0.959011339471455
NID1,2,0,0,0.880074589426788,NA,NA,NA,0.959116046892413
ABRACL,3,0,0,0.880062745218034,NA,NA,NA,0.959170838401953
C9orf85,2,0,0,0.880039774346177,NA,NA,NA,0.959173820642723
PGAP1,4,0,0,0.879965695001786,NA,NA,NA,0.959259482648719
CCDC88A,6,0,0,0.880074589426788,NA,NA,NA,0.95927826292135
NDST1,3,0,0,0.880266613170181,NA,NA,NA,0.959319734864349
MAPRE2,5,0,0,0.881337115677294,NA,NA,NA,0.959955331846533
PPIH,2,0,0,0.881418603114285,NA,NA,NA,0.959962611040361
ANP32E,3,0,0,0.88196882928208,NA,NA,NA,0.960058493209795
KIF18B,2,0,0,0.881889179753899,NA,NA,NA,0.960061566752533
FLYWCH1,2,0,0,0.881889179753899,NA,NA,NA,0.960170300664231
KIFBP,2,0,0,0.88196882928208,NA,NA,NA,0.960245409329239
UBE2H,7,0,0,0.881889179753899,NA,NA,NA,0.960317446767101
ELMOD2,3,0,0,0.881889179753899,NA,NA,NA,0.960336662406966
FBXL2,2,0,0,0.882494140864377,NA,NA,NA,0.960425138638659
ZNF12,2,0,0,0.882768563459032,NA,NA,NA,0.960537258472973
FST,2,0,0,0.883710173859139,NA,NA,NA,0.96058000074708
MTRFR,2,0,0,0.882957164287548,NA,NA,NA,0.960593203489217
MASTL,3,0,0,0.882494140864377,NA,NA,NA,0.960644167641219
MYADM,5,0,0,0.88361629880842,NA,NA,NA,0.960664514199979
CFLAR,8,0,0,0.883574213352492,NA,NA,NA,0.960782834783879
RNF114,2,0,0,0.883574213352492,NA,NA,NA,0.960985993867441
METTL9,3,0,0,0.885869190132008,NA,NA,NA,0.961038993043991
PIGN,2,0,0,0.888412593320079,NA,NA,NA,0.961246480353545
ZNF451,2,0,0,0.885869190132008,NA,NA,NA,0.961260904148235
IDE,7,0,0,0.884600836247373,NA,NA,NA,0.961271289046301
FBLIM1,4,0,0,0.886979539415331,NA,NA,NA,0.961283493271764
INSR,3,0,0,0.884561203877732,NA,NA,NA,0.961294526123561
SUDS3,4,0,0,0.888723226405113,NA,NA,NA,0.961301125707305
RABGGTB,2,0,0,0.885629021098846,NA,NA,NA,0.961320168006438
GOLT1B,4,0,0,0.884900179316695,NA,NA,NA,0.961320234211812
CDK2AP1,3,0,0,0.888338712041867,NA,NA,NA,0.961344257835625
FAM161B,3,0,0,0.884561203877732,NA,NA,NA,0.961384842996534
ZNF260,3,0,0,0.888208051191429,NA,NA,NA,0.961405481613009
DEPDC1,2,0,0,0.885869190132008,NA,NA,NA,0.961438995109857
IFITM3,2,0,0,0.886979539415331,NA,NA,NA,0.961459566185141
SDHAF4,2,0,0,0.889190078960357,NA,NA,NA,0.961467900505383
MANF,3,0,0,0.885629021098846,NA,NA,NA,0.961472288361015
GBP3,2,0,0,0.88742073358151,NA,NA,NA,0.961484450644931
KLHL20,2,0,0,0.885277300820524,NA,NA,NA,0.961497874969019
SLC9A6,3,0,0,0.888138950699784,NA,NA,NA,0.961506394605951
ATP6AP2,3,0,0,0.885427569880498,NA,NA,NA,0.961535338772821
ZBTB5,2,0,0,0.885427569880498,NA,NA,NA,0.96153833952322
HADHA,3,0,0,0.886938399664961,NA,NA,NA,0.961548080913699
LRP12,3,0,0,0.885629021098846,NA,NA,NA,0.961558791904553
AP3M2,3,0,0,0.888099607667692,NA,NA,NA,0.96162652802467
FMNL3,4,0,0,0.885629021098846,NA,NA,NA,0.961657748801586
RANBP10,2,0,0,0.88669890660981,NA,NA,NA,0.96166471686396
SLC17A5,3,0,0,0.889190078960357,NA,NA,NA,0.961668351253603
MATN3,2,0,0,0.888797792219121,NA,NA,NA,0.961683530650703
CA5B,4,0,0,0.88742073358151,NA,NA,NA,0.961700019522477
RBM19,2,0,0,0.886938399664961,NA,NA,NA,0.961719835611235
PDE4A,3,0,0,0.889190078960357,NA,NA,NA,0.961721812301654
RAD23A,2,0,0,0.886938399664961,NA,NA,NA,0.961731104240271
DHFR,5,0,0,0.88929393101689,NA,NA,NA,0.961738863211798
DNMBP,2,0,0,0.88889310759334,NA,NA,NA,0.96175103374934
GRWD1,3,0,0,0.888099607667692,NA,NA,NA,0.961785311800286
SYT5,2,0,0,0.887915992647992,NA,NA,NA,0.961795893548773
OGT,4,0,0,0.888797792219121,NA,NA,NA,0.96181081384407
CAV2,11,0,0,0.886938399664961,NA,NA,NA,0.961836787437229
PNPT1,5,0,0,0.889190078960357,NA,NA,NA,0.961839601991733
PPP2R2D,2,0,0,0.889190078960357,NA,NA,NA,0.961855859071606
RCOR3,4,0,0,0.889108070340489,NA,NA,NA,0.961899780351985
TMEM260,3,0,0,0.887862663905781,NA,NA,NA,0.961901349256105
UBASH3B,6,0,0,0.887915992647992,NA,NA,NA,0.961934698614845
ELAVL1,7,0,0,0.889190078960357,NA,NA,NA,0.961983783235952
INPP5A,2,0,0,0.888797792219121,NA,NA,NA,0.962030685168961
ABHD6,2,0,0,0.887862663905781,NA,NA,NA,0.962084724415923
BLOC1S6,4,0,0,0.887862663905781,NA,NA,NA,0.962146186177502
LRRC32,2,0,0,0.891651942762222,NA,NA,NA,0.963747713068341
UNKL,3,0,0,0.891651942762222,NA,NA,NA,0.963763381522722
TRAPPC2L,2,0,0,0.891679520851066,NA,NA,NA,0.964068043859869
BNIP2,3,0,0,0.891773704425357,NA,NA,NA,0.964080340747827
TRAF3,2,0,0,0.891773704425357,NA,NA,NA,0.964121493430039
INF2,3,0,0,0.891957436057863,NA,NA,NA,0.964128059707711
AP4S1,3,0,0,0.892388482038998,NA,NA,NA,0.964520151685317
VASP,4,0,0,0.892664552421676,NA,NA,NA,0.964977053078828
DCAF5,7,0,0,0.892664552421676,NA,NA,NA,0.965087686075594
SCYL3,4,0,0,0.892664552421676,NA,NA,NA,0.965216055752618
GTF3C3,6,0,0,0.893443919603239,NA,NA,NA,0.96571535337996
CBX3,5,0,0,0.893740648286616,NA,NA,NA,0.965763449683827
BBS7,3,0,0,0.893740648286616,NA,NA,NA,0.965961660215291
ANKFY1,4,0,0,0.894466589946162,NA,NA,NA,0.966230797845852
PLAGL1,2,0,0,0.896419755950307,NA,NA,NA,0.966285855433796
ZMIZ1,4,0,0,0.896388440191228,NA,NA,NA,0.966379141403942
AP3D1,3,0,0,0.896402422054703,NA,NA,NA,0.966392389652076
HIVEP2,2,0,0,0.895145914477438,NA,NA,NA,0.966500989442021
DNAJC18,2,0,0,0.895294411276881,NA,NA,NA,0.966554604288248
IPO11,3,0,0,0.896388440191228,NA,NA,NA,0.966555647433842
COPA,7,0,0,0.895145914477438,NA,NA,NA,0.966606795197162
TTC39C,2,0,0,0.895145914477438,NA,NA,NA,0.966720321884489
TARS3,2,0,0,0.895818115042237,NA,NA,NA,0.966740513371136
MAP4K2,5,0,0,0.896388440191228,NA,NA,NA,0.966741445864867
LRP10,7,0,0,0.896152838511036,NA,NA,NA,0.966810921237108
MARCKSL1,2,0,0,0.896064876290154,NA,NA,NA,0.966854851844979
LANCL2,2,0,0,0.895145914477438,NA,NA,NA,0.966914295277927
CSGALNACT2,2,0,0,0.896388440191228,NA,NA,NA,0.966956867176954
PHLDA1,9,0,0,0.896388440191228,NA,NA,NA,0.96696235141726
MTARC2,2,0,0,0.896977971278038,NA,NA,NA,0.966990565002265
SIRPA,4,0,0,0.897383959232455,NA,NA,NA,0.967175905184652
NCOA7,5,0,0,0.89821691631441,NA,NA,NA,0.967530809715531
NFIC,5,0,0,0.89821691631441,NA,NA,NA,0.967699925567956
RPL28,4,0,0,0.899498046873239,NA,NA,NA,0.968106759657536
TCF7L2,3,0,0,0.898806251430417,NA,NA,NA,0.968162826258241
ACVR2A,3,0,0,0.898806251430417,NA,NA,NA,0.968170097655034
ANKRD40,3,0,0,0.900032398781702,NA,NA,NA,0.968204167152996
SERINC1,4,0,0,0.899462252001584,NA,NA,NA,0.968230836543101
DICER1,5,0,0,0.899323978398158,NA,NA,NA,0.968245111816511
SEC22C,4,0,0,0.899972584893174,NA,NA,NA,0.968258271789914
QSOX1,3,0,0,0.899323978398158,NA,NA,NA,0.968287947509513
RNASEH1,3,0,0,0.899323978398158,NA,NA,NA,0.968373978518391
NCBP3,6,0,0,0.899323978398158,NA,NA,NA,0.96838689855067
SNX2,3,0,0,0.899462252001584,NA,NA,NA,0.968389281190656
FSTL3,4,0,0,0.899323159827393,NA,NA,NA,0.968419888719264
SLC25A11,4,0,0,0.899323978398158,NA,NA,NA,0.96842802107698
RTN3,4,0,0,0.899323978398158,NA,NA,NA,0.968484898913547
METRNL,2,0,0,0.899323159827393,NA,NA,NA,0.968486094781006
CTBS,4,0,0,0.901412319481675,NA,NA,NA,0.968600317526694
TBC1D12,3,0,0,0.901382515010786,NA,NA,NA,0.968654492756003
TRA2B,4,0,0,0.900499344701652,NA,NA,NA,0.968672098466459
ZMYM4,5,0,0,0.901100150400131,NA,NA,NA,0.968701618157804
ACSL4,3,0,0,0.901100150400131,NA,NA,NA,0.968786483959387
SNAPC5,4,0,0,0.901611790981084,NA,NA,NA,0.968801061963015
QDPR,4,0,0,0.901382515010786,NA,NA,NA,0.968811148872384
SLC41A2,2,0,0,0.901100150400131,NA,NA,NA,0.968819118994058
CCDC47,4,0,0,0.901684536326328,NA,NA,NA,0.96884683559988
GDF6,4,0,0,0.901100150400131,NA,NA,NA,0.968851408702832
XRRA1,2,0,0,0.900499344701652,NA,NA,NA,0.968865107369546
CDC42EP3,5,0,0,0.900499344701652,NA,NA,NA,0.968879081580675
ETV6,3,0,0,0.901307458214983,NA,NA,NA,0.968894929290037
MRRF,3,0,0,0.901029159950815,NA,NA,NA,0.968933617792667
CES2,3,0,0,0.901382515010786,NA,NA,NA,0.968940516463214
TMBIM4,5,0,0,0.901611790981084,NA,NA,NA,0.968944164734704
NDUFAF6,2,0,0,0.901611790981084,NA,NA,NA,0.968975319042185
SNPH,2,0,0,0.901100150400131,NA,NA,NA,0.968993813479647
ZNF566,3,0,0,0.901382515010786,NA,NA,NA,0.969021100607272
RPL32,2,0,0,0.901382515010786,NA,NA,NA,0.969092857841961
PACC1,2,0,0,0.901029159950815,NA,NA,NA,0.9691283286093
LHFPL6,3,0,0,0.901611790981084,NA,NA,NA,0.969175836175517
CHUK,2,0,0,0.901382515010786,NA,NA,NA,0.969216729101459
PRPF4,4,0,0,0.901382515010786,NA,NA,NA,0.969296349900268
KDM4B,3,0,0,0.90278892489547,NA,NA,NA,0.970571016211277
TNFAIP3,3,0,0,0.902784125859633,NA,NA,NA,0.970610932328821
MRPL44,2,0,0,0.902805677146777,NA,NA,NA,0.970734171670594
ZPR1,7,0,0,0.903357295648314,NA,NA,NA,0.970833745377538
CCN1,4,0,0,0.903277523013709,NA,NA,NA,0.97093126895637
ARID1B,6,0,0,0.902805677146777,NA,NA,NA,0.970932475255698
THRA,2,0,0,0.903062238495079,NA,NA,NA,0.97095573666951
PPP2R3A,3,0,0,0.902805677146777,NA,NA,NA,0.971020978750773
PRKACB,3,0,0,0.903273444287178,NA,NA,NA,0.971075835236373
GDPD1,2,0,0,0.903062238495079,NA,NA,NA,0.971118318329906
ALKBH7,2,0,0,0.904157681339574,NA,NA,NA,0.97125138271833
DHCR7,2,0,0,0.9041025355434,NA,NA,NA,0.971364323143509
RPL36A,2,0,0,0.9041025355434,NA,NA,NA,0.971527935589401
NR2F2,9,0,0,0.9041025355434,NA,NA,NA,0.971558271094117
MTERF1,2,0,0,0.904617133162391,NA,NA,NA,0.971897357353664
VIRMA,2,0,0,0.905107986118386,NA,NA,NA,0.972178641542126
TM4SF1,5,0,0,0.905474846233017,NA,NA,NA,0.972254868382211
BLTP3B,2,0,0,0.905564590347196,NA,NA,NA,0.972290976378454
C1orf52,5,0,0,0.905421429784113,NA,NA,NA,0.972291369073586
CAVIN4,2,0,0,0.905107986118386,NA,NA,NA,0.972309851784084
STAG2,4,0,0,0.905107986118386,NA,NA,NA,0.972382769860558
NFATC3,6,0,0,0.905107986118386,NA,NA,NA,0.972402227384308
MCMBP,5,0,0,0.905874264179614,NA,NA,NA,0.972490021980788
EIF4G3,4,0,0,0.905107986118386,NA,NA,NA,0.972534308771688
PLPP1,2,0,0,0.905107986118386,NA,NA,NA,0.972540542604831
ZNF384,2,0,0,0.905107986118386,NA,NA,NA,0.972702526622053
NOTCH1,2,0,0,0.905107986118386,NA,NA,NA,0.972872925137316
LYPLAL1,2,0,0,0.905107986118386,NA,NA,NA,0.97305637868632
HES2,3,0,0,0.90736993476657,NA,NA,NA,0.973617391871818
TMEM150C,2,0,0,0.90736993476657,NA,NA,NA,0.973704297882243
BCORL1,2,0,0,0.907292430585927,NA,NA,NA,0.973721198579436
AFF4,6,0,0,0.907111158771125,NA,NA,NA,0.973757310367359
DYRK1A,3,0,0,0.907666129297451,NA,NA,NA,0.973941034270456
SLC22A23,3,0,0,0.907752836359684,NA,NA,NA,0.973951380869846
TLE3,4,0,0,0.907666129297451,NA,NA,NA,0.97397558268687
YKT6,2,0,0,0.90915526445656,NA,NA,NA,0.974592031438327
ERP44,5,0,0,0.908715243298062,NA,NA,NA,0.974672106845548
TEX30,3,0,0,0.90915526445656,NA,NA,NA,0.974704112134272
DACT1,2,0,0,0.90915526445656,NA,NA,NA,0.974826691950978
TDRP,3,0,0,0.909075721052966,NA,NA,NA,0.974843892365104
BCAR3,2,0,0,0.908715243298062,NA,NA,NA,0.974850783556628
FHIP2A,3,0,0,0.909075721052966,NA,NA,NA,0.974916689816489
AP5Z1,2,0,0,0.909075721052966,NA,NA,NA,0.974981559329649
TMEM38A,2,0,0,0.910642890449328,NA,NA,NA,0.97647316769754
ABI2,7,0,0,0.910663704981776,NA,NA,NA,0.976601082969982
DNAJC16,3,0,0,0.910642890449328,NA,NA,NA,0.976610912665302
PRPF38A,6,0,0,0.910568392121327,NA,NA,NA,0.976662161566408
RSL24D1,4,0,0,0.910953187115482,NA,NA,NA,0.97672381882848
USP4,4,0,0,0.911290836337049,NA,NA,NA,0.976843185690152
SRPRB,6,0,0,0.911290836337049,NA,NA,NA,0.97687733255202
SMARCA1,2,0,0,0.911290836337049,NA,NA,NA,0.97688074666172
MRPS16,3,0,0,0.910953187115482,NA,NA,NA,0.976919698069555
MRPS18A,3,0,0,0.911348128340691,NA,NA,NA,0.977001301324223
ZNF764,2,0,0,0.911290836337049,NA,NA,NA,0.97703271571494
IGF2,3,0,0,0.911290836337049,NA,NA,NA,0.977048153246865
ALG3,2,0,0,0.911290836337049,NA,NA,NA,0.977070140768334
RBPJ,2,0,0,0.911290836337049,NA,NA,NA,0.977221996720578
CTDSP2,2,0,0,0.911920454157185,NA,NA,NA,0.977244016374927
JADE1,4,0,0,0.911796151390109,NA,NA,NA,0.977281546186636
TTL,5,0,0,0.91229731913398,NA,NA,NA,0.977536096359524
TUBA1A,2,0,0,0.912394339275992,NA,NA,NA,0.977660066077749
TFRC,3,0,0,0.912447843481602,NA,NA,NA,0.977791380745571
PKD2,3,0,0,0.912435188508267,NA,NA,NA,0.977856254828002
MNT,2,0,0,0.912435188508267,NA,NA,NA,0.977914548354115
SAMD8,5,0,0,0.913110954059656,NA,NA,NA,0.977930770504497
CASKIN2,2,0,0,0.912435188508267,NA,NA,NA,0.978030699320276
TMED4,3,0,0,0.912435188508267,NA,NA,NA,0.978047556029417
UQCC6,4,0,0,0.913110954059656,NA,NA,NA,0.978128207536894
ITGA2,4,0,0,0.913320110192237,NA,NA,NA,0.97814986058467
PCMT1,3,0,0,0.913110954059656,NA,NA,NA,0.978333240260577
UBXN7,5,0,0,0.914540621763687,NA,NA,NA,0.978852328744988
ACSL3,4,0,0,0.913939177744317,NA,NA,NA,0.978853240573254
CARHSP1,3,0,0,0.914540621763687,NA,NA,NA,0.978873910281561
PCLAF,4,0,0,0.914304623998096,NA,NA,NA,0.978925388931861
STYX,9,0,0,0.914540621763687,NA,NA,NA,0.978997217395423
NCOA4,5,0,0,0.913939177744317,NA,NA,NA,0.979013927505633
PTPRE,4,0,0,0.915063155695736,NA,NA,NA,0.979257765407569
HP1BP3,4,0,0,0.914843663043886,NA,NA,NA,0.979283687072864
EEA1,7,0,0,0.914920893586052,NA,NA,NA,0.979320777582309
GSTA4,2,0,0,0.915577771600534,NA,NA,NA,0.979419107704947
ZNF362,2,0,0,0.916041659385242,NA,NA,NA,0.979576419058325
TMEM167B,2,0,0,0.915881984975387,NA,NA,NA,0.979652343250657
PDE5A,2,0,0,0.916041659385242,NA,NA,NA,0.979680166593578
FAM8A1,5,0,0,0.916041659385242,NA,NA,NA,0.979839928418026
SFXN1,9,0,0,0.915881984975387,NA,NA,NA,0.979864734237736
TIGAR,5,0,0,0.916041659385242,NA,NA,NA,0.979928284533688
TOX,5,0,0,0.916041659385242,NA,NA,NA,0.979950650202965
GALNT4,2,0,0,0.916041659385242,NA,NA,NA,0.979987107870635
CLIP4,5,0,0,0.916041659385242,NA,NA,NA,0.980143348348542
ZWILCH,4,0,0,0.916041659385242,NA,NA,NA,0.980147263639227
SENP5,3,0,0,0.916727682774848,NA,NA,NA,0.980402578870161
UBE2I,3,0,0,0.916727682774848,NA,NA,NA,0.980511457905146
ZNF766,3,0,0,0.916867703039808,NA,NA,NA,0.980563984538717
EXOSC3,2,0,0,0.916867703039808,NA,NA,NA,0.980641960088157
CERK,3,0,0,0.918272782761512,NA,NA,NA,0.982065287922126
GPRC5B,2,0,0,0.918272782761512,NA,NA,NA,0.982070635767167
PDIA6,3,0,0,0.921238868262798,NA,NA,NA,0.983425569079062
PDIA3,6,0,0,0.921238868262798,NA,NA,NA,0.98358990493937
ERGIC1,5,0,0,0.921238868262798,NA,NA,NA,0.983726937380618
ARFGEF3,4,0,0,0.921238868262798,NA,NA,NA,0.983728310259776
EHBP1,2,0,0,0.921238868262798,NA,NA,NA,0.983844363976458
PGAP6,3,0,0,0.921046418720458,NA,NA,NA,0.983936720299952
PERP,4,0,0,0.921238868262798,NA,NA,NA,0.98394319379855
NT5C3A,2,0,0,0.921116838251898,NA,NA,NA,0.983959978494639
BRI3BP,4,0,0,0.921116838251898,NA,NA,NA,0.984020717341042
POSTN,2,0,0,0.921116838251898,NA,NA,NA,0.984039151014691
SMCHD1,3,0,0,0.921238868262798,NA,NA,NA,0.984076442416783
MAP3K1,3,0,0,0.921238868262798,NA,NA,NA,0.984077035333852
ZSCAN31,2,0,0,0.921032385728212,NA,NA,NA,0.984078271305237
CCDC59,3,0,0,0.920550400287782,NA,NA,NA,0.984130247452796
PNPO,2,0,0,0.921116838251898,NA,NA,NA,0.984137375093285
ANKRD28,3,0,0,0.921028799967001,NA,NA,NA,0.984157701565566
DDX6,2,0,0,0.922474672684857,NA,NA,NA,0.984166412339081
C15orf61,3,0,0,0.920870253915665,NA,NA,NA,0.984204508960325
ZNF202,2,0,0,0.921116838251898,NA,NA,NA,0.98421344269427
MBTPS2,2,0,0,0.922296058387003,NA,NA,NA,0.984253219043854
SDC1,2,0,0,0.920550400287782,NA,NA,NA,0.984257145953539
ITGA11,2,0,0,0.921238868262798,NA,NA,NA,0.984269208081496
CRISPLD1,3,0,0,0.922405982330333,NA,NA,NA,0.98427207087148
SNX9,3,0,0,0.922474672684857,NA,NA,NA,0.984345692366992
TBC1D20,3,0,0,0.920870253915665,NA,NA,NA,0.984345786751664
CDH2,6,0,0,0.920870253915665,NA,NA,NA,0.984434912907031
NBN,3,0,0,0.924045287613178,NA,NA,NA,0.984761945682363
FOXC1,3,0,0,0.924045287613178,NA,NA,NA,0.9847746462383
PBRM1,7,0,0,0.923875515740958,NA,NA,NA,0.984881323744476
KLHDC2,2,0,0,0.923436367780591,NA,NA,NA,0.984890934424017
RAB11FIP1,3,0,0,0.923875515740958,NA,NA,NA,0.98490164926039
ETV1,2,0,0,0.923669580566772,NA,NA,NA,0.984930662485139
ELFN1,2,0,0,0.924045287613178,NA,NA,NA,0.984939908348144
TMSB10,2,0,0,0.9235659475554,NA,NA,NA,0.98495215992763
NUB1,2,0,0,0.924045287613178,NA,NA,NA,0.984961890031392
FOXO1,5,0,0,0.923875515740958,NA,NA,NA,0.984975120572582
MMP14,3,0,0,0.923436367780591,NA,NA,NA,0.985016764948657
HMGCR,6,0,0,0.925199027862193,NA,NA,NA,0.98502801280547
TUB,2,0,0,0.924428956231838,NA,NA,NA,0.985037995443549
UBIAD1,3,0,0,0.924045287613178,NA,NA,NA,0.985051299428281
RMND5B,2,0,0,0.924045287613178,NA,NA,NA,0.985054181402482
TGIF1,2,0,0,0.92502911694568,NA,NA,NA,0.985055847947697
ENPP4,5,0,0,0.924045287613178,NA,NA,NA,0.985117709285903
SLBP,2,0,0,0.924428956231838,NA,NA,NA,0.985122159203633
INPPL1,3,0,0,0.923336202259427,NA,NA,NA,0.985146932340926
NABP1,2,0,0,0.925199027862193,NA,NA,NA,0.985155372431931
CLPB,9,0,0,0.923436367780591,NA,NA,NA,0.985165456582306
GATA2,2,0,0,0.923252825185661,NA,NA,NA,0.985180255937428
TMEM276-ZFTRAF1,2,0,0,0.924045287613178,NA,NA,NA,0.985193909036196
IRAK2,2,0,0,0.925199027862193,NA,NA,NA,0.985200413597557
MAPKAPK2,2,0,0,0.924045287613178,NA,NA,NA,0.985244365969598
NOL11,2,0,0,0.92502911694568,NA,NA,NA,0.985268117107869
DDOST,2,0,0,0.925026570506939,NA,NA,NA,0.985339247037229
TSPAN14,6,0,0,0.924816771038644,NA,NA,NA,0.985349748350832
PPM1K,4,0,0,0.925199027862193,NA,NA,NA,0.985356769653257
SBF2,2,0,0,0.926171694073094,NA,NA,NA,0.985950199684406
WHAMM,2,0,0,0.926171694073094,NA,NA,NA,0.986055174769425
NAGK,2,0,0,0.926171694073094,NA,NA,NA,0.986260978368149
RNF152,2,0,0,0.927287051257022,NA,NA,NA,0.986887200971577
TMEM241,2,0,0,0.928266232363716,NA,NA,NA,0.98743995417818
PTGFRN,3,0,0,0.928569383529586,NA,NA,NA,0.987664382393828
HOXA4,2,0,0,0.929517158815199,NA,NA,NA,0.988395386325249
CAMKK2,4,0,0,0.929918962347273,NA,NA,NA,0.988610196166145
TSPYL1,3,0,0,0.930334127955604,NA,NA,NA,0.988899610384091
GRK5,4,0,0,0.931960495202168,NA,NA,NA,0.989222396051446
NUMBL,3,0,0,0.932515836462244,NA,NA,NA,0.989312180735735
SLC12A2,3,0,0,0.932187861595624,NA,NA,NA,0.989401859658276
PPP3CA,6,0,0,0.931960495202168,NA,NA,NA,0.989412199085779
UQCR11,4,0,0,0.931960495202168,NA,NA,NA,0.989433592867131
EFCAB11,3,0,0,0.932247125046216,NA,NA,NA,0.989450350988511
LEPROT,5,0,0,0.932515836462244,NA,NA,NA,0.989481295829506
KHNYN,3,0,0,0.932415658895523,NA,NA,NA,0.989527417138767
SNRPD1,3,0,0,0.931921813431369,NA,NA,NA,0.989532436445068
AMACR,3,0,0,0.931735153263678,NA,NA,NA,0.989594892446583
HSPA9,6,0,0,0.931960495202168,NA,NA,NA,0.989600934738778
JAZF1,2,0,0,0.931921813431369,NA,NA,NA,0.989633851757662
COMMD5,2,0,0,0.9316811445404,NA,NA,NA,0.98973402759725
TMX1,8,0,0,0.931960495202168,NA,NA,NA,0.989744574012368
MTFR1,4,0,0,0.931735153263678,NA,NA,NA,0.989786764491262
SRI,3,0,0,0.931502991235178,NA,NA,NA,0.989801223832573
GADD45A,3,0,0,0.9316811445404,NA,NA,NA,0.989935512243171
PTPRA,3,0,0,0.931502991235178,NA,NA,NA,0.989972258891844
ELAPOR2,7,0,0,0.934042657977538,NA,NA,NA,0.990767246000462
LIMS1,7,0,0,0.934042657977538,NA,NA,NA,0.990783423569737
TENT4A,2,0,0,0.934042657977538,NA,NA,NA,0.990927919797864
GTSE1,2,0,0,0.934042657977538,NA,NA,NA,0.990989233881968
CCDC174,4,0,0,0.934042657977538,NA,NA,NA,0.991077631933335
NXN,4,0,0,0.934042657977538,NA,NA,NA,0.991210753357521
HBS1L,2,0,0,0.934561430720088,NA,NA,NA,0.99152945643234
TXNIP,2,0,0,0.935272105409707,NA,NA,NA,0.991911921187976
CCDC6,2,0,0,0.935604591640014,NA,NA,NA,0.992080311988226
BTRC,3,0,0,0.935272105409707,NA,NA,NA,0.992126419423093
PALMD,4,0,0,0.936482833402783,NA,NA,NA,0.992560644368857
SAMD1,2,0,0,0.936960037803708,NA,NA,NA,0.992785061799011
DERL1,4,0,0,0.936960037803708,NA,NA,NA,0.992958798272894
PILRB,2,0,0,0.936960037803708,NA,NA,NA,0.993111971601979
TTI2,2,0,0,0.936889542698092,NA,NA,NA,0.993199557475187
ARFRP1,3,0,0,0.937561266858702,NA,NA,NA,0.993221238492523
WARS1,5,0,0,0.936889542698092,NA,NA,NA,0.99329553996673
EPB41L4A,2,0,0,0.938011953006738,NA,NA,NA,0.993403364625034
SON,3,0,0,0.938357851563125,NA,NA,NA,0.993577207371821
DSC3,3,0,0,0.939666217957472,NA,NA,NA,0.993755280052809
MCPH1,3,0,0,0.939246974618289,NA,NA,NA,0.993820451542397
CCNA2,3,0,0,0.939053710574986,NA,NA,NA,0.993862295490847
ARL6IP1,3,0,0,0.939604980906809,NA,NA,NA,0.993872159985737
ITGA6,3,0,0,0.938890389724383,NA,NA,NA,0.993873928070368
XRCC2,2,0,0,0.939859590984745,NA,NA,NA,0.993905549544438
AAK1,2,0,0,0.939948473237545,NA,NA,NA,0.993932325545004
PTPRB,5,0,0,0.940227304310741,NA,NA,NA,0.994053593351816
PET117,2,0,0,0.941709123116496,NA,NA,NA,0.994419141181909
ELAC1,2,0,0,0.941617568658719,NA,NA,NA,0.994502463479377
NR2F1,3,0,0,0.941617568658719,NA,NA,NA,0.994696432737738
KPNA2,2,0,0,0.941512493289913,NA,NA,NA,0.994746604871659
CD40,3,0,0,0.941249594774581,NA,NA,NA,0.994749677687351
CTDSPL,3,0,0,0.941709123116496,NA,NA,NA,0.994777107670184
STK36,2,0,0,0.941709123116496,NA,NA,NA,0.994886745810535
TBC1D9,4,0,0,0.941709123116496,NA,NA,NA,0.994981128680042
UBE2G2,4,0,0,0.941786255474768,NA,NA,NA,0.995023464922117
TUBE1,2,0,0,0.941709123116496,NA,NA,NA,0.995130339137603
MOSPD1,4,0,0,0.942266290713715,NA,NA,NA,0.995332696080799
APPBP2,3,0,0,0.942459316684925,NA,NA,NA,0.995391145182403
ERC1,2,0,0,0.942459316684925,NA,NA,NA,0.995542948622317
ARHGEF17,3,0,0,0.943226644999057,NA,NA,NA,0.995950003462808
MFAP3,7,0,0,0.944363117503137,NA,NA,NA,0.996177535389662
GLO1,4,0,0,0.944718728186549,NA,NA,NA,0.996224698173302
COX11,5,0,0,0.944052305358094,NA,NA,NA,0.996233778907188
ATP2A2,4,0,0,0.944211592635645,NA,NA,NA,0.996244687865719
VPS29,5,0,0,0.943686327643223,NA,NA,NA,0.996269509024147
ZNF514,3,0,0,0.943686327643223,NA,NA,NA,0.996297415623616
KMT5B,4,0,0,0.944039441282814,NA,NA,NA,0.996378710999403
DDX19B,2,0,0,0.944211592635645,NA,NA,NA,0.996424286554205
PSMC6,4,0,0,0.943686327643223,NA,NA,NA,0.996434026517959
PRUNE2,3,0,0,0.944211592635645,NA,NA,NA,0.996468745279285
ASCC3,3,0,0,0.943686327643223,NA,NA,NA,0.996484045934624
MTMR9,3,0,0,0.946013591863327,NA,NA,NA,0.997039543799619
TRIO,3,0,0,0.946250846694103,NA,NA,NA,0.997055164424548
SIAE,2,0,0,0.946250846694103,NA,NA,NA,0.997080493223291
ROCK2,6,0,0,0.945789108106725,NA,NA,NA,0.997105005017475
AGPAT3,8,0,0,0.946250846694103,NA,NA,NA,0.997111754025198
CCNL1,2,0,0,0.946250846694103,NA,NA,NA,0.997185757777514
SF3A3,4,0,0,0.946155679289114,NA,NA,NA,0.997189574432469
HERC3,4,0,0,0.946013591863327,NA,NA,NA,0.997211391503206
PTP4A1,3,0,0,0.945789108106725,NA,NA,NA,0.99723522733032
SEC16A,2,0,0,0.946486034654712,NA,NA,NA,0.997236311660787
HSPE1-MOB4,3,0,0,0.946155679289114,NA,NA,NA,0.997277691042284
ZNF420,3,0,0,0.945789108106725,NA,NA,NA,0.997383707332809
COL3A1,3,0,0,0.945789108106725,NA,NA,NA,0.997574352880513
USF3,2,0,0,0.946975226957387,NA,NA,NA,0.997690738035418
TUT4,2,0,0,0.946975226957387,NA,NA,NA,0.997706255042387
SVBP,3,0,0,0.947089222852829,NA,NA,NA,0.997787548998006
SMIM7,3,0,0,0.946975226957387,NA,NA,NA,0.99781721101117
DNASE2,4,0,0,0.947501403833292,NA,NA,NA,0.997862445241925
HOMEZ,2,0,0,0.947089222852829,NA,NA,NA,0.997961047120764
ELOVL4,2,0,0,0.947501403833292,NA,NA,NA,0.998052596912579
PCMTD1,3,0,0,0.947501403833292,NA,NA,NA,0.998062158317827
POT1,2,0,0,0.947089222852829,NA,NA,NA,0.998130906882263
ESS2,3,0,0,0.947895327448215,NA,NA,NA,0.998157649264738
DIPK1B,4,0,0,0.947501403833292,NA,NA,NA,0.998170171892988
SLC30A6,6,0,0,0.947501403833292,NA,NA,NA,0.998230492239905
PWP2,2,0,0,0.948444106569693,NA,NA,NA,0.998245556787529
UQCRB,7,0,0,0.948188994653954,NA,NA,NA,0.998247349482722
MRPS17,3,0,0,0.949283097471463,NA,NA,NA,0.998732509583489
COL27A1,2,0,0,0.949755632536077,NA,NA,NA,0.998982778026061
SLC37A3,3,0,0,0.950136335775164,NA,NA,NA,0.999329387246351
SLC49A4,3,0,0,0.950624876424167,NA,NA,NA,0.999356642166663
MRAS,3,0,0,0.950434545956441,NA,NA,NA,0.999402650749665
CMPK1,4,0,0,0.950624876424167,NA,NA,NA,0.999521289561816
METTL6,2,0,0,0.951551431885853,NA,NA,NA,0.999622510957484
KDM4A,2,0,0,0.950624876424167,NA,NA,NA,0.999636150184611
SYF2,3,0,0,0.951358063219624,NA,NA,NA,0.99966887027127
FBXL17,3,0,0,0.952350847264278,NA,NA,NA,0.999710156699909
ADSL,6,0,0,0.952350847264278,NA,NA,NA,0.999865576164265
CHMP2B,5,0,0,0.951780631181465,NA,NA,NA,0.999871207358456
DNAJB14,4,0,0,0.951780631181465,NA,NA,NA,0.999893473876385
KCTD1,3,0,0,0.952103025291864,NA,NA,NA,0.999926907933122
MYC,3,0,0,0.999956762877916,NA,NA,NA,0.999976829967668
CCDC71L,6,0,0,0.952061064091039,NA,NA,NA,1
CCDC127,5,0,0,0.952350847264278,NA,NA,NA,1
CRKL,2,0,0,0.952350847264278,NA,NA,NA,1
IP6K1,2,0,0,0.952350847264278,NA,NA,NA,1
WDR76,2,0,0,0.952350847264278,NA,NA,NA,1
HNRNPC,5,0,0,0.95278354905529,NA,NA,NA,1
DNAJA4,2,0,0,0.95307766228216,NA,NA,NA,1
BLOC1S2,3,0,0,0.953188352149127,NA,NA,NA,1
H3-5,2,0,0,0.953359694494837,NA,NA,NA,1
CEP70,2,0,0,0.953572746354747,NA,NA,NA,1
CHMP1A,2,0,0,0.953572746354747,NA,NA,NA,1
HIP1,3,0,0,0.953572746354747,NA,NA,NA,1
HSD17B12,5,0,0,0.953572746354747,NA,NA,NA,1
ZRANB2,5,0,0,0.953572746354747,NA,NA,NA,1
DEDD,3,0,0,0.953645295460173,NA,NA,NA,1
DIMT1,4,0,0,0.953645295460173,NA,NA,NA,1
RND3,3,0,0,0.953645295460173,NA,NA,NA,1
USP8,4,0,0,0.953764685541696,NA,NA,NA,1
MORN2,2,0,0,0.953848668734772,NA,NA,NA,1
STC2,4,0,0,0.953848668734772,NA,NA,NA,1
RFTN2,2,0,0,0.954382885718779,NA,NA,NA,1
CCNI,4,0,0,0.955186235411322,NA,NA,NA,1
MRPS25,4,0,0,0.955186235411322,NA,NA,NA,1
NPEPPS,5,0,0,0.955186235411322,NA,NA,NA,1
PEX7,2,0,0,0.955186235411322,NA,NA,NA,1
WAC,4,0,0,0.955186235411322,NA,NA,NA,1
ZFP36L1,5,0,0,0.955186235411322,NA,NA,NA,1
SPTSSA,3,0,0,0.95520742925283,NA,NA,NA,1
GADD45B,3,0,0,0.955217550103931,NA,NA,NA,1
DAZAP2,5,0,0,0.955336017025331,NA,NA,NA,1
NNAT,2,0,0,0.955769214531237,NA,NA,NA,1
ABCC4,2,0,0,0.955915751901914,NA,NA,NA,1
PSMD1,2,0,0,0.955915751901914,NA,NA,NA,1
CCPG1,3,0,0,0.956017980908936,NA,NA,NA,1
HFE,2,0,0,0.95651835705659,NA,NA,NA,1
UFM1,5,0,0,0.956534104443089,NA,NA,NA,1
WSCD1,2,0,0,0.95745744625901,NA,NA,NA,1
CASP2,4,0,0,0.957557414422613,NA,NA,NA,1
KDELR3,3,0,0,0.957557414422613,NA,NA,NA,1
MACIR,5,0,0,0.957557414422613,NA,NA,NA,1
REEP5,4,0,0,0.957557414422613,NA,NA,NA,1
ZBTB1,4,0,0,0.957557414422613,NA,NA,NA,1
MAPK6,3,0,0,0.957683063432772,NA,NA,NA,1
NME5,3,0,0,0.957797940837743,NA,NA,NA,1
BAMBI,3,0,0,0.958243707466071,NA,NA,NA,1
CEP85,2,0,0,0.958243707466071,NA,NA,NA,1
DNAAF5,2,0,0,0.958243707466071,NA,NA,NA,1
ID2,4,0,0,0.958243707466071,NA,NA,NA,1
LYRM4,3,0,0,0.958243707466071,NA,NA,NA,1
PAPSS2,4,0,0,0.958243707466071,NA,NA,NA,1
SDC2,6,0,0,0.958243707466071,NA,NA,NA,1
UTP3,3,0,0,0.958243707466071,NA,NA,NA,1
ZNF211,2,0,0,0.958243707466071,NA,NA,NA,1
MBOAT2,3,0,0,0.958315385972748,NA,NA,NA,1
B3GALT6,5,0,0,0.958357701602974,NA,NA,NA,1
DPY19L4,2,0,0,0.958357701602974,NA,NA,NA,1
LPAR1,2,0,0,0.958357701602974,NA,NA,NA,1
RNF2,5,0,0,0.958357701602974,NA,NA,NA,1
XPOT,3,0,0,0.958357701602974,NA,NA,NA,1
NIPAL3,3,0,0,0.958380323560282,NA,NA,NA,1
C19orf25,2,0,0,0.958473357476079,NA,NA,NA,1
CADPS2,7,0,0,0.958473357476079,NA,NA,NA,1
DNAL1,5,0,0,0.958473357476079,NA,NA,NA,1
DSN1,2,0,0,0.958473357476079,NA,NA,NA,1
IDH3A,6,0,0,0.958473357476079,NA,NA,NA,1
MMP2,4,0,0,0.958473357476079,NA,NA,NA,1
VEGFC,2,0,0,0.958473357476079,NA,NA,NA,1
CLCN3,6,0,0,0.959409751015862,NA,NA,NA,1
PEX6,2,0,0,0.959409751015862,NA,NA,NA,1
RAB5C,2,0,0,0.959409751015862,NA,NA,NA,1
PPP1R8,2,0,0,0.95951114499117,NA,NA,NA,1
STAT5B,4,0,0,0.95971666235006,NA,NA,NA,1
COMMD2,4,0,0,0.959875439156179,NA,NA,NA,1
FBXO9,3,0,0,0.959875439156179,NA,NA,NA,1
LIN7A,2,0,0,0.959875439156179,NA,NA,NA,1
LMO4,4,0,0,0.959875439156179,NA,NA,NA,1
MEGF6,2,0,0,0.959875439156179,NA,NA,NA,1
NME6,4,0,0,0.959875439156179,NA,NA,NA,1
NRF1,3,0,0,0.959875439156179,NA,NA,NA,1
TTC17,2,0,0,0.959875439156179,NA,NA,NA,1
ZKSCAN5,4,0,0,0.959875439156179,NA,NA,NA,1
APOBEC3F,2,0,0,0.959923172995008,NA,NA,NA,1
RAB35,3,0,0,0.960008082803073,NA,NA,NA,1
ST13,9,0,0,0.960008082803073,NA,NA,NA,1
ACLY,3,0,0,0.960023262278126,NA,NA,NA,1
SCAMP2,3,0,0,0.96027592740337,NA,NA,NA,1
NSD2,3,0,0,0.960519797639329,NA,NA,NA,1
GRAMD4,2,0,0,0.960870571066902,NA,NA,NA,1
HHIP,7,0,0,0.960870571066902,NA,NA,NA,1
PDK3,2,0,0,0.96103412907138,NA,NA,NA,1
RAB2B,2,0,0,0.96103412907138,NA,NA,NA,1
RARS1,2,0,0,0.96103412907138,NA,NA,NA,1
EPC1,3,0,0,0.961245372413856,NA,NA,NA,1
RPS3,4,0,0,0.961245372413856,NA,NA,NA,1
ACBD3,5,0,0,0.961328539833233,NA,NA,NA,1
DBNL,3,0,0,0.961328539833233,NA,NA,NA,1
PDK2,2,0,0,0.961328539833233,NA,NA,NA,1
FGD5,4,0,0,0.961465368048631,NA,NA,NA,1
CNTNAP1,2,0,0,0.96172719545915,NA,NA,NA,1
SIK2,3,0,0,0.962899908072599,NA,NA,NA,1
TAX1BP1,5,0,0,0.962899908072599,NA,NA,NA,1
VCAN,4,0,0,0.963005722428359,NA,NA,NA,1
FUT4,2,0,0,0.964157457682223,NA,NA,NA,1
TOMM40L,2,0,0,0.964418289036834,NA,NA,NA,1
PGP,2,0,0,0.964464335852723,NA,NA,NA,1
WDFY1,3,0,0,0.964464335852723,NA,NA,NA,1
AK2,5,0,0,0.964467869984429,NA,NA,NA,1
TMEM68,3,0,0,0.964820741595434,NA,NA,NA,1
RBMS1,5,0,0,0.967293233222731,NA,NA,NA,1
PLXNA1,4,0,0,0.96761102011943,NA,NA,NA,1
COPS6,3,0,0,0.969076322257436,NA,NA,NA,1
CREB5,3,0,0,0.969076322257436,NA,NA,NA,1
NKTR,2,0,0,0.969076322257436,NA,NA,NA,1
NUDT15,3,0,0,0.969076322257436,NA,NA,NA,1
RER1,5,0,0,0.969076322257436,NA,NA,NA,1
ZNF652,2,0,0,0.969076322257436,NA,NA,NA,1
TAF3,3,0,0,0.969328585259713,NA,NA,NA,1
RBM34,2,0,0,0.969793567603074,NA,NA,NA,1
FZR1,4,0,0,0.969817318262166,NA,NA,NA,1
GDF7,3,0,0,0.969817318262166,NA,NA,NA,1
LAMA5,2,0,0,0.969817318262166,NA,NA,NA,1
TOPORS,2,0,0,0.969817318262166,NA,NA,NA,1
E2F3,3,0,0,0.970111866423801,NA,NA,NA,1
MAFG,4,0,0,0.970191185759886,NA,NA,NA,1
CEBPZ,2,0,0,0.970232920905058,NA,NA,NA,1
CCNG2,4,0,0,0.970307453964035,NA,NA,NA,1
PSMD14,2,0,0,0.970514082831972,NA,NA,NA,1
FNDC4,2,0,0,0.97058473898805,NA,NA,NA,1
TRIM4,4,0,0,0.97058473898805,NA,NA,NA,1
WFS1,2,0,0,0.97058473898805,NA,NA,NA,1
PCF11,2,0,0,0.970720781815334,NA,NA,NA,1
RECQL,5,0,0,0.970833746046281,NA,NA,NA,1
HNRNPUL2,4,0,0,0.971374367440768,NA,NA,NA,1
MRPL20,3,0,0,0.971374367440768,NA,NA,NA,1
PCMTD2,4,0,0,0.971374367440768,NA,NA,NA,1
PLAC9,2,0,0,0.971374367440768,NA,NA,NA,1
IRF2BP2,5,0,0,0.971407504435317,NA,NA,NA,1
XPC,2,0,0,0.971609833175766,NA,NA,NA,1
LIMK2,3,0,0,0.972091907625328,NA,NA,NA,1
MID1IP1,3,0,0,0.972091907625328,NA,NA,NA,1
MIGA1,3,0,0,0.972091907625328,NA,NA,NA,1
ZNF91,2,0,0,0.972091907625328,NA,NA,NA,1
FBXL18,2,0,0,0.972509465173926,NA,NA,NA,1
FBXW7,4,0,0,0.972605342644067,NA,NA,NA,1
GIMAP4,2,0,0,0.972814493001095,NA,NA,NA,1
RAD51D,5,0,0,0.97284960651463,NA,NA,NA,1
POLR3H,2,0,0,0.973064186641132,NA,NA,NA,1
CXCL8,6,0,0,0.973072235713987,NA,NA,NA,1
POGLUT1,3,0,0,0.973072235713987,NA,NA,NA,1
IVNS1ABP,7,0,0,0.973445757996091,NA,NA,NA,1
RBL1,3,0,0,0.973445757996091,NA,NA,NA,1
RGMB,3,0,0,0.973445757996091,NA,NA,NA,1
DCPS,2,0,0,0.973705072336908,NA,NA,NA,1
TKT,2,0,0,0.97425761084813,NA,NA,NA,1
VPS13B,2,0,0,0.974384046993268,NA,NA,NA,1
FKBP9,3,0,0,0.974873469712823,NA,NA,NA,1
SPSB1,2,0,0,0.974873469712823,NA,NA,NA,1
WAPL,2,0,0,0.974873469712823,NA,NA,NA,1
CASTOR2,2,0,0,0.975205636502485,NA,NA,NA,1
EP300,2,0,0,0.975205636502485,NA,NA,NA,1
SLC2A3,3,0,0,0.975205636502485,NA,NA,NA,1
TCF3,6,0,0,0.975205636502485,NA,NA,NA,1
AP1S1,2,0,0,0.975219406394696,NA,NA,NA,1
RNF216,3,0,0,0.975339265310878,NA,NA,NA,1
LARP4B,7,0,0,0.97534403885764,NA,NA,NA,1
DDX18,5,0,0,0.97546689083708,NA,NA,NA,1
TNRC6A,3,0,0,0.97546689083708,NA,NA,NA,1
ZBTB38,4,0,0,0.97546689083708,NA,NA,NA,1
RBM23,3,0,0,0.976199374889834,NA,NA,NA,1
CDK4,3,0,0,0.976465064681633,NA,NA,NA,1
TXNDC5,6,0,0,0.976465064681633,NA,NA,NA,1
MUS81,2,0,0,0.976778358711942,NA,NA,NA,1
DRG2,2,0,0,0.9768595608169,NA,NA,NA,1
GRB2,3,0,0,0.9768595608169,NA,NA,NA,1
PARVB,4,0,0,0.977094890646769,NA,NA,NA,1
IMP4,3,0,0,0.977500672154105,NA,NA,NA,1
SRSF3,6,0,0,0.977500672154105,NA,NA,NA,1
SECISBP2L,3,0,0,0.978143819092446,NA,NA,NA,1
SLC39A9,4,0,0,0.978143819092446,NA,NA,NA,1
CCP110,2,0,0,0.978908469143766,NA,NA,NA,1
HGSNAT,6,0,0,0.978908469143766,NA,NA,NA,1
ASB8,5,0,0,0.978982410147125,NA,NA,NA,1
ADGRL2,5,0,0,0.979598353034188,NA,NA,NA,1
N4BP1,2,0,0,0.979598353034188,NA,NA,NA,1
CREB3L1,2,0,0,0.979965166274416,NA,NA,NA,1
TMCO1,6,0,0,0.979965166274416,NA,NA,NA,1
YIPF1,2,0,0,0.979965166274416,NA,NA,NA,1
EIF3A,3,0,0,0.980178536027439,NA,NA,NA,1
RAB11A,10,0,0,0.980178536027439,NA,NA,NA,1
TOB2,3,0,0,0.980178536027439,NA,NA,NA,1
RPL13,4,0,0,0.980421884514788,NA,NA,NA,1
CHD9,4,0,0,0.980927310130363,NA,NA,NA,1
PHYH,3,0,0,0.980927310130363,NA,NA,NA,1
SDAD1,3,0,0,0.980927310130363,NA,NA,NA,1
STK17A,8,0,0,0.980927310130363,NA,NA,NA,1
GAPVD1,2,0,0,0.981141829408973,NA,NA,NA,1
MSMO1,3,0,0,0.981303751963076,NA,NA,NA,1
ACADSB,4,0,0,0.981431236821929,NA,NA,NA,1
E2F1,2,0,0,0.981431236821929,NA,NA,NA,1
KIAA0753,3,0,0,0.981431236821929,NA,NA,NA,1
LSG1,2,0,0,0.981431236821929,NA,NA,NA,1
CUL3,2,0,0,0.981553673465705,NA,NA,NA,1
RBM15B,3,0,0,0.981553673465705,NA,NA,NA,1
LRRC49,2,0,0,0.981917844204597,NA,NA,NA,1
PIK3R3,2,0,0,0.981917844204597,NA,NA,NA,1
SLF2,4,0,0,0.981917844204597,NA,NA,NA,1
STEAP3,2,0,0,0.981917844204597,NA,NA,NA,1
STK11,2,0,0,0.981917844204597,NA,NA,NA,1
SET,4,0,0,0.981939994578374,NA,NA,NA,1
SSBP3,4,0,0,0.982369368516091,NA,NA,NA,1
CDK6,2,0,0,0.983652047926993,NA,NA,NA,1
PLIN2,3,0,0,0.983652047926993,NA,NA,NA,1
WDR89,3,0,0,0.984731496608741,NA,NA,NA,1
TAF12,2,0,0,0.985190047011317,NA,NA,NA,1
MGA,3,0,0,0.985632287172838,NA,NA,NA,1
MEX3A,4,0,0,0.985772861679497,NA,NA,NA,1
PTPN9,5,0,0,0.985772861679497,NA,NA,NA,1
ADNP2,2,0,0,0.985846000193457,NA,NA,NA,1
ANAPC10,2,0,0,0.985846000193457,NA,NA,NA,1
PRDX3,4,0,0,0.985846000193457,NA,NA,NA,1
TBC1D8B,2,0,0,0.985846000193457,NA,NA,NA,1
ALKBH1,2,0,0,0.985852782704054,NA,NA,NA,1
EFNA5,4,0,0,0.986209436906595,NA,NA,NA,1
POLDIP3,2,0,0,0.986442928071204,NA,NA,NA,1
SHQ1,2,0,0,0.987854814841904,NA,NA,NA,1
KNL1,2,0,0,0.987976124317405,NA,NA,NA,1
STAT1,4,0,0,0.987976124317405,NA,NA,NA,1
NEDD4,2,0,0,0.988220601147739,NA,NA,NA,1
POLR3G,2,0,0,0.988220601147739,NA,NA,NA,1
TRMT2A,2,0,0,0.988531460466429,NA,NA,NA,1
ADAMTSL1,3,0,0,0.988595670759581,NA,NA,NA,1
KDELR1,2,0,0,0.988595670759581,NA,NA,NA,1
DPH3,5,0,0,0.989721372754554,NA,NA,NA,1
GINS2,2,0,0,0.989947724930714,NA,NA,NA,1
IMMP2L,2,0,0,0.989947724930714,NA,NA,NA,1
RTL10,4,0,0,0.989947724930714,NA,NA,NA,1
NENF,2,0,0,0.990218641552339,NA,NA,NA,1
ZNHIT6,6,0,0,0.990218641552339,NA,NA,NA,1
KNOP1,3,0,0,0.990423290717999,NA,NA,NA,1
PLPP3,2,0,0,0.990745084982567,NA,NA,NA,1
TMEM126B,2,0,0,0.990800527086086,NA,NA,NA,1
TP53RK,3,0,0,0.991177880175845,NA,NA,NA,1
TLCD5,2,0,0,0.991220115528629,NA,NA,NA,1
NDUFAF7,2,0,0,0.991514475272773,NA,NA,NA,1
PRMT6,2,0,0,0.991514475272773,NA,NA,NA,1
RAD21,2,0,0,0.991514475272773,NA,NA,NA,1
SREBF2,2,0,0,0.991514475272773,NA,NA,NA,1
TFAP2A,5,0,0,0.991514475272773,NA,NA,NA,1
SAAL1,2,0,0,0.991913374936659,NA,NA,NA,1
COL4A2,2,0,0,0.992116568225069,NA,NA,NA,1
TNKS2,3,0,0,0.992177599310786,NA,NA,NA,1
UBE2G1,5,0,0,0.992177599310786,NA,NA,NA,1
SLC1A4,3,0,0,0.992485723510609,NA,NA,NA,1
ZNF284,2,0,0,0.992485723510609,NA,NA,NA,1
CHD6,3,0,0,0.993036308856489,NA,NA,NA,1
ARSA,3,0,0,0.993770946267613,NA,NA,NA,1
PSEN2,2,0,0,0.993770946267613,NA,NA,NA,1
AKAP10,3,0,0,0.993930212411862,NA,NA,NA,1
FARP1,3,0,0,0.993930212411862,NA,NA,NA,1
CTU1,2,0,0,0.994587400671219,NA,NA,NA,1
FAM168B,2,0,0,0.994587400671219,NA,NA,NA,1
ARHGAP26,3,0,0,0.994608330317145,NA,NA,NA,1
UBAC2,2,0,0,0.994608330317145,NA,NA,NA,1
RHOT2,2,0,0,0.994723090863624,NA,NA,NA,1
TSPAN9,2,0,0,0.994723090863624,NA,NA,NA,1
SLC2A13,3,0,0,0.995068891004691,NA,NA,NA,1
ISY1,3,0,0,0.995139688090742,NA,NA,NA,1
KIF3C,2,0,0,0.995214357910224,NA,NA,NA,1
ABCA5,2,0,0,0.995224836287514,NA,NA,NA,1
METTL2B,7,0,0,0.995224836287514,NA,NA,NA,1
NFYC,2,0,0,0.995224836287514,NA,NA,NA,1
SPTBN2,3,0,0,0.995224836287514,NA,NA,NA,1
AKR7A2,2,0,0,0.996123898185884,NA,NA,NA,1
RUNX1T1,4,0,0,0.997138023738279,NA,NA,NA,1
EIF2S2,2,0,0,0.997153823643252,NA,NA,NA,1
ANXA4,5,0,0,0.997205296736258,NA,NA,NA,1
BRPF1,2,0,0,0.997205296736258,NA,NA,NA,1
RNF38,2,0,0,0.997205296736258,NA,NA,NA,1
SOCS6,2,0,0,0.997205296736258,NA,NA,NA,1
LIN52,2,0,0,0.997251572197659,NA,NA,NA,1
SUZ12,3,0,0,0.997459157943707,NA,NA,NA,1
TRAPPC2,3,0,0,0.997685182874269,NA,NA,NA,1
RPF2,4,0,0,0.998026798194672,NA,NA,NA,1
ZNF268,5,0,0,0.998026798194672,NA,NA,NA,1
MMP24OS,3,0,0,0.998196080097394,NA,NA,NA,1
ULBP3,3,0,0,0.998387152996016,NA,NA,NA,1
ZCRB1,4,0,0,0.998639735066775,NA,NA,NA,1
ATXN2,2,0,0,0.999661878588233,NA,NA,NA,1
MOSMO,4,0,0,0.999661878588233,NA,NA,NA,1
ZSWIM6,2,0,0,0.999661878588233,NA,NA,NA,1
ZNF600,2,0,0,0.999857979262826,NA,NA,NA,1
AARS1,2,0,0,0.999956762877916,NA,NA,NA,1
ABAT,2,0,0,0.999956762877916,NA,NA,NA,1
ABHD17B,3,0,0,0.999956762877916,NA,NA,NA,1
ABI1,9,0,0,0.999956762877916,NA,NA,NA,1
ACAP3,2,0,0,0.999956762877916,NA,NA,NA,1
ACOT13,2,0,0,0.999956762877916,NA,NA,NA,1
ACP1,3,0,0,0.999956762877916,NA,NA,NA,1
ACTB,2,0,0,0.999956762877916,NA,NA,NA,1
ACTR1A,2,0,0,0.999956762877916,NA,NA,NA,1
ACTR2,11,0,0,0.999956762877916,NA,NA,NA,1
ACTR6,2,0,0,0.999956762877916,NA,NA,NA,1
ADAR,2,0,0,0.999956762877916,NA,NA,NA,1
ADD3,2,0,0,0.999956762877916,NA,NA,NA,1
ADNP,3,0,0,0.999956762877916,NA,NA,NA,1
ADO,2,0,0,0.999956762877916,NA,NA,NA,1
AFDN,3,0,0,0.999956762877916,NA,NA,NA,1
AFG1L,2,0,0,0.999956762877916,NA,NA,NA,1
AFTPH,2,0,0,0.999956762877916,NA,NA,NA,1
AGA,2,0,0,0.999956762877916,NA,NA,NA,1
AGFG1,4,0,0,0.999956762877916,NA,NA,NA,1
AHCYL1,2,0,0,0.999956762877916,NA,NA,NA,1
AK1,3,0,0,0.999956762877916,NA,NA,NA,1
AK3,4,0,0,0.999956762877916,NA,NA,NA,1
AKAP8,3,0,0,0.999956762877916,NA,NA,NA,1
AKIP1,2,0,0,0.999956762877916,NA,NA,NA,1
ALG1,4,0,0,0.999956762877916,NA,NA,NA,1
ALG10B,3,0,0,0.999956762877916,NA,NA,NA,1
ALS2CL,2,0,0,0.999956762877916,NA,NA,NA,1
AMDHD2,2,0,0,0.999956762877916,NA,NA,NA,1
AMIGO2,4,0,0,0.999956762877916,NA,NA,NA,1
ANAPC5,2,0,0,0.999956762877916,NA,NA,NA,1
ANKEF1,2,0,0,0.999956762877916,NA,NA,NA,1
ANKRD1,3,0,0,0.999956762877916,NA,NA,NA,1
ANKRD50,8,0,0,0.999956762877916,NA,NA,NA,1
ANKRD6,3,0,0,0.999956762877916,NA,NA,NA,1
ANP32B,3,0,0,0.999956762877916,NA,NA,NA,1
ANTXR1,2,0,0,0.999956762877916,NA,NA,NA,1
ANXA2,2,0,0,0.999956762877916,NA,NA,NA,1
ANXA3,2,0,0,0.999956762877916,NA,NA,NA,1
ANXA6,4,0,0,0.999956762877916,NA,NA,NA,1
ANXA7,4,0,0,0.999956762877916,NA,NA,NA,1
AP1S2,3,0,0,0.999956762877916,NA,NA,NA,1
AP2A1,2,0,0,0.999956762877916,NA,NA,NA,1
AP3S1,3,0,0,0.999956762877916,NA,NA,NA,1
AP4B1,2,0,0,0.999956762877916,NA,NA,NA,1
AP5S1,3,0,0,0.999956762877916,NA,NA,NA,1
API5,2,0,0,0.999956762877916,NA,NA,NA,1
APLP2,3,0,0,0.999956762877916,NA,NA,NA,1
APOO,2,0,0,0.999956762877916,NA,NA,NA,1
APOOL,3,0,0,0.999956762877916,NA,NA,NA,1
ARFGAP1,2,0,0,0.999956762877916,NA,NA,NA,1
ARFGEF1,4,0,0,0.999956762877916,NA,NA,NA,1
ARHGDIA,2,0,0,0.999956762877916,NA,NA,NA,1
ARHGEF28,5,0,0,0.999956762877916,NA,NA,NA,1
ARID4B,2,0,0,0.999956762877916,NA,NA,NA,1
ARL14EP,4,0,0,0.999956762877916,NA,NA,NA,1
ARL4C,3,0,0,0.999956762877916,NA,NA,NA,1
ARL6IP5,6,0,0,0.999956762877916,NA,NA,NA,1
ARMCX3,2,0,0,0.999956762877916,NA,NA,NA,1
ARPC2,4,0,0,0.999956762877916,NA,NA,NA,1
ARPC4,2,0,0,0.999956762877916,NA,NA,NA,1
ARSJ,4,0,0,0.999956762877916,NA,NA,NA,1
ARSK,2,0,0,0.999956762877916,NA,NA,NA,1
ASF1A,3,0,0,0.999956762877916,NA,NA,NA,1
ASPH,3,0,0,0.999956762877916,NA,NA,NA,1
ATAD2B,2,0,0,0.999956762877916,NA,NA,NA,1
ATF5,2,0,0,0.999956762877916,NA,NA,NA,1
ATG13,2,0,0,0.999956762877916,NA,NA,NA,1
ATG4A,3,0,0,0.999956762877916,NA,NA,NA,1
ATG4B,2,0,0,0.999956762877916,NA,NA,NA,1
ATOSA,2,0,0,0.999956762877916,NA,NA,NA,1
ATOSB,3,0,0,0.999956762877916,NA,NA,NA,1
ATP2B4,3,0,0,0.999956762877916,NA,NA,NA,1
ATP5F1E,3,0,0,0.999956762877916,NA,NA,NA,1
ATP5MG,2,0,0,0.999956762877916,NA,NA,NA,1
ATP5MJ,2,0,0,0.999956762877916,NA,NA,NA,1
ATP5PF,2,0,0,0.999956762877916,NA,NA,NA,1
ATP7A,2,0,0,0.999956762877916,NA,NA,NA,1
ATP8B2,3,0,0,0.999956762877916,NA,NA,NA,1
ATRX,2,0,0,0.999956762877916,NA,NA,NA,1
ATXN1L,2,0,0,0.999956762877916,NA,NA,NA,1
AUH,2,0,0,0.999956762877916,NA,NA,NA,1
AXL,3,0,0,0.999956762877916,NA,NA,NA,1
AZIN1,9,0,0,0.999956762877916,NA,NA,NA,1
B4GALT5,2,0,0,0.999956762877916,NA,NA,NA,1
BACE2,4,0,0,0.999956762877916,NA,NA,NA,1
BAG4,4,0,0,0.999956762877916,NA,NA,NA,1
BASP1,3,0,0,0.999956762877916,NA,NA,NA,1
BCAS2,3,0,0,0.999956762877916,NA,NA,NA,1
BCL2L2-PABPN1,2,0,0,0.999956762877916,NA,NA,NA,1
BCR,2,0,0,0.999956762877916,NA,NA,NA,1
BECN1,2,0,0,0.999956762877916,NA,NA,NA,1
BET1,5,0,0,0.999956762877916,NA,NA,NA,1
BICRAL,2,0,0,0.999956762877916,NA,NA,NA,1
BIRC5,3,0,0,0.999956762877916,NA,NA,NA,1
BLM,2,0,0,0.999956762877916,NA,NA,NA,1
BLZF1,5,0,0,0.999956762877916,NA,NA,NA,1
BMI1,2,0,0,0.999956762877916,NA,NA,NA,1
BMP4,3,0,0,0.999956762877916,NA,NA,NA,1
BPTF,3,0,0,0.999956762877916,NA,NA,NA,1
BRAP,2,0,0,0.999956762877916,NA,NA,NA,1
BRCA1,2,0,0,0.999956762877916,NA,NA,NA,1
BRD4,2,0,0,0.999956762877916,NA,NA,NA,1
BRD7,2,0,0,0.999956762877916,NA,NA,NA,1
BRI3,2,0,0,0.999956762877916,NA,NA,NA,1
BRK1,5,0,0,0.999956762877916,NA,NA,NA,1
BRMS1L,2,0,0,0.999956762877916,NA,NA,NA,1
BSDC1,4,0,0,0.999956762877916,NA,NA,NA,1
BSG,2,0,0,0.999956762877916,NA,NA,NA,1
BTG1,2,0,0,0.999956762877916,NA,NA,NA,1
BZW2,2,0,0,0.999956762877916,NA,NA,NA,1
C12orf43,5,0,0,0.999956762877916,NA,NA,NA,1
C17orf80,2,0,0,0.999956762877916,NA,NA,NA,1
C18orf21,2,0,0,0.999956762877916,NA,NA,NA,1
C4orf3,2,0,0,0.999956762877916,NA,NA,NA,1
C4orf46,3,0,0,0.999956762877916,NA,NA,NA,1
C9orf78,3,0,0,0.999956762877916,NA,NA,NA,1
CA12,3,0,0,0.999956762877916,NA,NA,NA,1
CADM4,2,0,0,0.999956762877916,NA,NA,NA,1
CALM3,3,0,0,0.999956762877916,NA,NA,NA,1
CAMK2G,3,0,0,0.999956762877916,NA,NA,NA,1
CAMKMT,2,0,0,0.999956762877916,NA,NA,NA,1
CANX,5,0,0,0.999956762877916,NA,NA,NA,1
CAP1,4,0,0,0.999956762877916,NA,NA,NA,1
CAP2,2,0,0,0.999956762877916,NA,NA,NA,1
CAPN7,3,0,0,0.999956762877916,NA,NA,NA,1
CAPZA1,4,0,0,0.999956762877916,NA,NA,NA,1
CAPZB,3,0,0,0.999956762877916,NA,NA,NA,1
CARM1,3,0,0,0.999956762877916,NA,NA,NA,1
CASC3,2,0,0,0.999956762877916,NA,NA,NA,1
CAV1,4,0,0,0.999956762877916,NA,NA,NA,1
CAVIN1,2,0,0,0.999956762877916,NA,NA,NA,1
CBL,3,0,0,0.999956762877916,NA,NA,NA,1
CBR4,2,0,0,0.999956762877916,NA,NA,NA,1
CBX4,2,0,0,0.999956762877916,NA,NA,NA,1
CCDC102A,2,0,0,0.999956762877916,NA,NA,NA,1
CCDC12,2,0,0,0.999956762877916,NA,NA,NA,1
CCDC170,2,0,0,0.999956762877916,NA,NA,NA,1
CCDC190,3,0,0,0.999956762877916,NA,NA,NA,1
CCDC82,2,0,0,0.999956762877916,NA,NA,NA,1
CCDC90B,7,0,0,0.999956762877916,NA,NA,NA,1
CCN2,6,0,0,0.999956762877916,NA,NA,NA,1
CCND2,5,0,0,0.999956762877916,NA,NA,NA,1
CCNK,2,0,0,0.999956762877916,NA,NA,NA,1
CCNT2,7,0,0,0.999956762877916,NA,NA,NA,1
CCNYL1,4,0,0,0.999956762877916,NA,NA,NA,1
CCT5,4,0,0,0.999956762877916,NA,NA,NA,1
CCZ1,2,0,0,0.999956762877916,NA,NA,NA,1
CD2BP2,2,0,0,0.999956762877916,NA,NA,NA,1
CD44,5,0,0,0.999956762877916,NA,NA,NA,1
CD81,2,0,0,0.999956762877916,NA,NA,NA,1
CDADC1,3,0,0,0.999956762877916,NA,NA,NA,1
CDC123,2,0,0,0.999956762877916,NA,NA,NA,1
CDC25A,2,0,0,0.999956762877916,NA,NA,NA,1
CDC34,2,0,0,0.999956762877916,NA,NA,NA,1
CDC42,6,0,0,0.999956762877916,NA,NA,NA,1
CDC42EP2,2,0,0,0.999956762877916,NA,NA,NA,1
CDC42SE2,4,0,0,0.999956762877916,NA,NA,NA,1
CDCA7L,2,0,0,0.999956762877916,NA,NA,NA,1
CDCA8,3,0,0,0.999956762877916,NA,NA,NA,1
CDH13,2,0,0,0.999956762877916,NA,NA,NA,1
CDK16,2,0,0,0.999956762877916,NA,NA,NA,1
CDKN2A,2,0,0,0.999956762877916,NA,NA,NA,1
CDKN2B,3,0,0,0.999956762877916,NA,NA,NA,1
CEBPD,2,0,0,0.999956762877916,NA,NA,NA,1
CEMIP2,3,0,0,0.999956762877916,NA,NA,NA,1
CEP104,2,0,0,0.999956762877916,NA,NA,NA,1
CEP15,3,0,0,0.999956762877916,NA,NA,NA,1
CFL1,4,0,0,0.999956762877916,NA,NA,NA,1
CGREF1,2,0,0,0.999956762877916,NA,NA,NA,1
CHAF1A,2,0,0,0.999956762877916,NA,NA,NA,1
CHD3,2,0,0,0.999956762877916,NA,NA,NA,1
CHM,2,0,0,0.999956762877916,NA,NA,NA,1
CHML,2,0,0,0.999956762877916,NA,NA,NA,1
CHMP4B,2,0,0,0.999956762877916,NA,NA,NA,1
CHRAC1,2,0,0,0.999956762877916,NA,NA,NA,1
CHST1,2,0,0,0.999956762877916,NA,NA,NA,1
CHST12,8,0,0,0.999956762877916,NA,NA,NA,1
CHSY1,3,0,0,0.999956762877916,NA,NA,NA,1
CIAPIN1,2,0,0,0.999956762877916,NA,NA,NA,1
CLDN11,4,0,0,0.999956762877916,NA,NA,NA,1
CLEC14A,3,0,0,0.999956762877916,NA,NA,NA,1
CLINT1,4,0,0,0.999956762877916,NA,NA,NA,1
CLN5,2,0,0,0.999956762877916,NA,NA,NA,1
CLSTN1,2,0,0,0.999956762877916,NA,NA,NA,1
CMIP,2,0,0,0.999956762877916,NA,NA,NA,1
CMTM3,2,0,0,0.999956762877916,NA,NA,NA,1
CNIH4,3,0,0,0.999956762877916,NA,NA,NA,1
CNKSR3,2,0,0,0.999956762877916,NA,NA,NA,1
CNOT1,2,0,0,0.999956762877916,NA,NA,NA,1
CNOT11,3,0,0,0.999956762877916,NA,NA,NA,1
CNOT7,3,0,0,0.999956762877916,NA,NA,NA,1
CNPY2,2,0,0,0.999956762877916,NA,NA,NA,1
COA3,2,0,0,0.999956762877916,NA,NA,NA,1
COA4,2,0,0,0.999956762877916,NA,NA,NA,1
COA8,2,0,0,0.999956762877916,NA,NA,NA,1
COL13A1,2,0,0,0.999956762877916,NA,NA,NA,1
COL6A1,2,0,0,0.999956762877916,NA,NA,NA,1
COL8A1,5,0,0,0.999956762877916,NA,NA,NA,1
COPB1,2,0,0,0.999956762877916,NA,NA,NA,1
COPB2,5,0,0,0.999956762877916,NA,NA,NA,1
COPG1,2,0,0,0.999956762877916,NA,NA,NA,1
COPS7B,4,0,0,0.999956762877916,NA,NA,NA,1
COPZ1,2,0,0,0.999956762877916,NA,NA,NA,1
COX16,2,0,0,0.999956762877916,NA,NA,NA,1
COX7C,2,0,0,0.999956762877916,NA,NA,NA,1
CPT1A,2,0,0,0.999956762877916,NA,NA,NA,1
CREBZF,4,0,0,0.999956762877916,NA,NA,NA,1
CRLS1,2,0,0,0.999956762877916,NA,NA,NA,1
CSDE1,5,0,0,0.999956762877916,NA,NA,NA,1
CSF2RB,2,0,0,0.999956762877916,NA,NA,NA,1
CSGALNACT1,2,0,0,0.999956762877916,NA,NA,NA,1
CSNK1D,2,0,0,0.999956762877916,NA,NA,NA,1
CSPP1,2,0,0,0.999956762877916,NA,NA,NA,1
CSTF2T,3,0,0,0.999956762877916,NA,NA,NA,1
CTCF,2,0,0,0.999956762877916,NA,NA,NA,1
CTDNEP1,2,0,0,0.999956762877916,NA,NA,NA,1
CTDSP1,2,0,0,0.999956762877916,NA,NA,NA,1
CTNNA1,3,0,0,0.999956762877916,NA,NA,NA,1
CTNNBIP1,2,0,0,0.999956762877916,NA,NA,NA,1
CTNND1,4,0,0,0.999956762877916,NA,NA,NA,1
CTPS1,4,0,0,0.999956762877916,NA,NA,NA,1
CUEDC1,3,0,0,0.999956762877916,NA,NA,NA,1
CXCL1,3,0,0,0.999956762877916,NA,NA,NA,1
CYB561,2,0,0,0.999956762877916,NA,NA,NA,1
CYB5R1,2,0,0,0.999956762877916,NA,NA,NA,1
CYB5R4,3,0,0,0.999956762877916,NA,NA,NA,1
DAB2,4,0,0,0.999956762877916,NA,NA,NA,1
DARS1,2,0,0,0.999956762877916,NA,NA,NA,1
DAZAP1,3,0,0,0.999956762877916,NA,NA,NA,1
DBF4,2,0,0,0.999956762877916,NA,NA,NA,1
DBN1,4,0,0,0.999956762877916,NA,NA,NA,1
DCAF13,4,0,0,0.999956762877916,NA,NA,NA,1
DCBLD1,4,0,0,0.999956762877916,NA,NA,NA,1
DCTD,4,0,0,0.999956762877916,NA,NA,NA,1
DCTN2,3,0,0,0.999956762877916,NA,NA,NA,1
DCTN6,3,0,0,0.999956762877916,NA,NA,NA,1
DDA1,3,0,0,0.999956762877916,NA,NA,NA,1
DDHD1,4,0,0,0.999956762877916,NA,NA,NA,1
DDRGK1,2,0,0,0.999956762877916,NA,NA,NA,1
DDX20,2,0,0,0.999956762877916,NA,NA,NA,1
DDX27,2,0,0,0.999956762877916,NA,NA,NA,1
DDX3X,3,0,0,0.999956762877916,NA,NA,NA,1
DDX5,2,0,0,0.999956762877916,NA,NA,NA,1
DEGS1,3,0,0,0.999956762877916,NA,NA,NA,1
DESI1,3,0,0,0.999956762877916,NA,NA,NA,1
DGCR8,3,0,0,0.999956762877916,NA,NA,NA,1
DHX32,2,0,0,0.999956762877916,NA,NA,NA,1
DHX33,2,0,0,0.999956762877916,NA,NA,NA,1
DIP2A,3,0,0,0.999956762877916,NA,NA,NA,1
DIP2B,3,0,0,0.999956762877916,NA,NA,NA,1
DIS3L,2,0,0,0.999956762877916,NA,NA,NA,1
DIS3L2,2,0,0,0.999956762877916,NA,NA,NA,1
DIXDC1,3,0,0,0.999956762877916,NA,NA,NA,1
DLC1,5,0,0,0.999956762877916,NA,NA,NA,1
DLGAP4,4,0,0,0.999956762877916,NA,NA,NA,1
DNAJB11,2,0,0,0.999956762877916,NA,NA,NA,1
DNAJB12,4,0,0,0.999956762877916,NA,NA,NA,1
DNAJC1,3,0,0,0.999956762877916,NA,NA,NA,1
DNAJC15,5,0,0,0.999956762877916,NA,NA,NA,1
DNAJC21,5,0,0,0.999956762877916,NA,NA,NA,1
DNAJC9,5,0,0,0.999956762877916,NA,NA,NA,1
DNASE1L1,4,0,0,0.999956762877916,NA,NA,NA,1
DONSON,2,0,0,0.999956762877916,NA,NA,NA,1
DPM1,2,0,0,0.999956762877916,NA,NA,NA,1
DPP9,3,0,0,0.999956762877916,NA,NA,NA,1
DRAXIN,3,0,0,0.999956762877916,NA,NA,NA,1
DUSP28,4,0,0,0.999956762877916,NA,NA,NA,1
DUT,5,0,0,0.999956762877916,NA,NA,NA,1
DYM,3,0,0,0.999956762877916,NA,NA,NA,1
DYNC1LI1,3,0,0,0.999956762877916,NA,NA,NA,1
DYNLT1,2,0,0,0.999956762877916,NA,NA,NA,1
DYNLT3,3,0,0,0.999956762877916,NA,NA,NA,1
DZIP3,2,0,0,0.999956762877916,NA,NA,NA,1
EBNA1BP2,2,0,0,0.999956762877916,NA,NA,NA,1
ECE1,3,0,0,0.999956762877916,NA,NA,NA,1
EED,2,0,0,0.999956762877916,NA,NA,NA,1
EEF1E1,3,0,0,0.999956762877916,NA,NA,NA,1
EFCAB14,7,0,0,0.999956762877916,NA,NA,NA,1
EFEMP2,2,0,0,0.999956762877916,NA,NA,NA,1
EFTUD2,2,0,0,0.999956762877916,NA,NA,NA,1
EGLN1,4,0,0,0.999956762877916,NA,NA,NA,1
EI24,2,0,0,0.999956762877916,NA,NA,NA,1
EID2B,2,0,0,0.999956762877916,NA,NA,NA,1
EIF1,3,0,0,0.999956762877916,NA,NA,NA,1
EIF1AD,2,0,0,0.999956762877916,NA,NA,NA,1
EIF2AK1,3,0,0,0.999956762877916,NA,NA,NA,1
EIF4A2,2,0,0,0.999956762877916,NA,NA,NA,1
EIF4G1,2,0,0,0.999956762877916,NA,NA,NA,1
EIF4G2,2,0,0,0.999956762877916,NA,NA,NA,1
ELFN2,2,0,0,0.999956762877916,NA,NA,NA,1
ELK3,2,0,0,0.999956762877916,NA,NA,NA,1
ELOB,2,0,0,0.999956762877916,NA,NA,NA,1
EMC6,2,0,0,0.999956762877916,NA,NA,NA,1
EMC8,4,0,0,0.999956762877916,NA,NA,NA,1
EPG5,5,0,0,0.999956762877916,NA,NA,NA,1
EPHB4,2,0,0,0.999956762877916,NA,NA,NA,1
EPHX4,2,0,0,0.999956762877916,NA,NA,NA,1
ERCC1,2,0,0,0.999956762877916,NA,NA,NA,1
ERCC2,2,0,0,0.999956762877916,NA,NA,NA,1
ERCC8,3,0,0,0.999956762877916,NA,NA,NA,1
ERP29,2,0,0,0.999956762877916,NA,NA,NA,1
ESAM,2,0,0,0.999956762877916,NA,NA,NA,1
ESYT2,5,0,0,0.999956762877916,NA,NA,NA,1
FAAP24,2,0,0,0.999956762877916,NA,NA,NA,1
FAHD1,5,0,0,0.999956762877916,NA,NA,NA,1
FAM117B,2,0,0,0.999956762877916,NA,NA,NA,1
FAM171A1,3,0,0,0.999956762877916,NA,NA,NA,1
FAM199X,3,0,0,0.999956762877916,NA,NA,NA,1
FAM241A,5,0,0,0.999956762877916,NA,NA,NA,1
FAM43A,3,0,0,0.999956762877916,NA,NA,NA,1
FAM50B,2,0,0,0.999956762877916,NA,NA,NA,1
FANCF,2,0,0,0.999956762877916,NA,NA,NA,1
FANCI,2,0,0,0.999956762877916,NA,NA,NA,1
FAR2,2,0,0,0.999956762877916,NA,NA,NA,1
FAS,2,0,0,0.999956762877916,NA,NA,NA,1
FASN,2,0,0,0.999956762877916,NA,NA,NA,1
FAXC,2,0,0,0.999956762877916,NA,NA,NA,1
FBH1,2,0,0,0.999956762877916,NA,NA,NA,1
FBLN5,2,0,0,0.999956762877916,NA,NA,NA,1
FBRS,2,0,0,0.999956762877916,NA,NA,NA,1
FBRSL1,4,0,0,0.999956762877916,NA,NA,NA,1
FBXO28,7,0,0,0.999956762877916,NA,NA,NA,1
FBXO3,2,0,0,0.999956762877916,NA,NA,NA,1
FBXO44,2,0,0,0.999956762877916,NA,NA,NA,1
FBXO8,3,0,0,0.999956762877916,NA,NA,NA,1
FCRLB,2,0,0,0.999956762877916,NA,NA,NA,1
FERMT2,3,0,0,0.999956762877916,NA,NA,NA,1
FH,2,0,0,0.999956762877916,NA,NA,NA,1
FIBP,3,0,0,0.999956762877916,NA,NA,NA,1
FKBP1A,4,0,0,0.999956762877916,NA,NA,NA,1
FKBP3,3,0,0,0.999956762877916,NA,NA,NA,1
FKBP4,2,0,0,0.999956762877916,NA,NA,NA,1
FKBP7,2,0,0,0.999956762877916,NA,NA,NA,1
FKTN,4,0,0,0.999956762877916,NA,NA,NA,1
FLI1,2,0,0,0.999956762877916,NA,NA,NA,1
FOXC2,3,0,0,0.999956762877916,NA,NA,NA,1
FOXJ3,2,0,0,0.999956762877916,NA,NA,NA,1
FOXRED2,2,0,0,0.999956762877916,NA,NA,NA,1
FRMD4A,3,0,0,0.999956762877916,NA,NA,NA,1
FXR2,2,0,0,0.999956762877916,NA,NA,NA,1
FZD6,2,0,0,0.999956762877916,NA,NA,NA,1
GAB1,2,0,0,0.999956762877916,NA,NA,NA,1
GABARAPL2,3,0,0,0.999956762877916,NA,NA,NA,1
GABBR2,2,0,0,0.999956762877916,NA,NA,NA,1
GABPB2,2,0,0,0.999956762877916,NA,NA,NA,1
GALNT11,2,0,0,0.999956762877916,NA,NA,NA,1
GALNT6,3,0,0,0.999956762877916,NA,NA,NA,1
GARS1,2,0,0,0.999956762877916,NA,NA,NA,1
GAS8,2,0,0,0.999956762877916,NA,NA,NA,1
GCA,3,0,0,0.999956762877916,NA,NA,NA,1
GCN1,2,0,0,0.999956762877916,NA,NA,NA,1
GDE1,4,0,0,0.999956762877916,NA,NA,NA,1
GEMIN6,2,0,0,0.999956762877916,NA,NA,NA,1
GEN1,2,0,0,0.999956762877916,NA,NA,NA,1
GET1,3,0,0,0.999956762877916,NA,NA,NA,1
GFOD1,2,0,0,0.999956762877916,NA,NA,NA,1
GIMAP6,2,0,0,0.999956762877916,NA,NA,NA,1
GIT2,4,0,0,0.999956762877916,NA,NA,NA,1
GLB1,2,0,0,0.999956762877916,NA,NA,NA,1
GLS,8,0,0,0.999956762877916,NA,NA,NA,1
GLTP,2,0,0,0.999956762877916,NA,NA,NA,1
GNA11,2,0,0,0.999956762877916,NA,NA,NA,1
GNA12,4,0,0,0.999956762877916,NA,NA,NA,1
GNAI2,2,0,0,0.999956762877916,NA,NA,NA,1
GNB1,3,0,0,0.999956762877916,NA,NA,NA,1
GOLM1,3,0,0,0.999956762877916,NA,NA,NA,1
GORAB,2,0,0,0.999956762877916,NA,NA,NA,1
GOT1,3,0,0,0.999956762877916,NA,NA,NA,1
GPATCH8,2,0,0,0.999956762877916,NA,NA,NA,1
GPD2,4,0,0,0.999956762877916,NA,NA,NA,1
GPI,3,0,0,0.999956762877916,NA,NA,NA,1
GPN2,3,0,0,0.999956762877916,NA,NA,NA,1
GPR155,5,0,0,0.999956762877916,NA,NA,NA,1
GPR176,2,0,0,0.999956762877916,NA,NA,NA,1
GPRASP3,2,0,0,0.999956762877916,NA,NA,NA,1
GPRC5A,3,0,0,0.999956762877916,NA,NA,NA,1
GPT2,2,0,0,0.999956762877916,NA,NA,NA,1
GPX7,2,0,0,0.999956762877916,NA,NA,NA,1
GPX8,4,0,0,0.999956762877916,NA,NA,NA,1
GSKIP,2,0,0,0.999956762877916,NA,NA,NA,1
GTF2F1,4,0,0,0.999956762877916,NA,NA,NA,1
GTF2H5,4,0,0,0.999956762877916,NA,NA,NA,1
GTF3C1,2,0,0,0.999956762877916,NA,NA,NA,1
GTPBP8,4,0,0,0.999956762877916,NA,NA,NA,1
GUCY1B1,2,0,0,0.999956762877916,NA,NA,NA,1
GUF1,4,0,0,0.999956762877916,NA,NA,NA,1
HADH,2,0,0,0.999956762877916,NA,NA,NA,1
HADHB,4,0,0,0.999956762877916,NA,NA,NA,1
HAPSTR1,5,0,0,0.999956762877916,NA,NA,NA,1
HAUS1,2,0,0,0.999956762877916,NA,NA,NA,1
HAUS5,3,0,0,0.999956762877916,NA,NA,NA,1
HCCS,2,0,0,0.999956762877916,NA,NA,NA,1
HDLBP,3,0,0,0.999956762877916,NA,NA,NA,1
HEXA,2,0,0,0.999956762877916,NA,NA,NA,1
HIGD1A,6,0,0,0.999956762877916,NA,NA,NA,1
HILPDA,2,0,0,0.999956762877916,NA,NA,NA,1
HMCES,3,0,0,0.999956762877916,NA,NA,NA,1
HMGA2,6,0,0,0.999956762877916,NA,NA,NA,1
HNMT,2,0,0,0.999956762877916,NA,NA,NA,1
HNRNPH3,3,0,0,0.999956762877916,NA,NA,NA,1
HOXA3,2,0,0,0.999956762877916,NA,NA,NA,1
HOXA5,2,0,0,0.999956762877916,NA,NA,NA,1
HOXA9,4,0,0,0.999956762877916,NA,NA,NA,1
HOXB7,2,0,0,0.999956762877916,NA,NA,NA,1
HSBP1,7,0,0,0.999956762877916,NA,NA,NA,1
HSPE1,2,0,0,0.999956762877916,NA,NA,NA,1
HSPG2,2,0,0,0.999956762877916,NA,NA,NA,1
HSPH1,9,0,0,0.999956762877916,NA,NA,NA,1
IAH1,3,0,0,0.999956762877916,NA,NA,NA,1
IER3IP1,5,0,0,0.999956762877916,NA,NA,NA,1
IFT43,2,0,0,0.999956762877916,NA,NA,NA,1
IGF2BP2,4,0,0,0.999956762877916,NA,NA,NA,1
IGF2R,4,0,0,0.999956762877916,NA,NA,NA,1
IGFBP7,4,0,0,0.999956762877916,NA,NA,NA,1
IL10RB,2,0,0,0.999956762877916,NA,NA,NA,1
IL11,2,0,0,0.999956762877916,NA,NA,NA,1
IL15,2,0,0,0.999956762877916,NA,NA,NA,1
IL7R,2,0,0,0.999956762877916,NA,NA,NA,1
ILF3,3,0,0,0.999956762877916,NA,NA,NA,1
IMPACT,2,0,0,0.999956762877916,NA,NA,NA,1
INPP5B,2,0,0,0.999956762877916,NA,NA,NA,1
INPP5K,3,0,0,0.999956762877916,NA,NA,NA,1
INTS6,5,0,0,0.999956762877916,NA,NA,NA,1
IQGAP1,4,0,0,0.999956762877916,NA,NA,NA,1
IRF6,5,0,0,0.999956762877916,NA,NA,NA,1
IRS2,2,0,0,0.999956762877916,NA,NA,NA,1
ISCU,3,0,0,0.999956762877916,NA,NA,NA,1
ITGB1,3,0,0,0.999956762877916,NA,NA,NA,1
ITGB1BP1,3,0,0,0.999956762877916,NA,NA,NA,1
ITGB5,3,0,0,0.999956762877916,NA,NA,NA,1
ITM2B,5,0,0,0.999956762877916,NA,NA,NA,1
ITPR1,2,0,0,0.999956762877916,NA,NA,NA,1
ITPR3,2,0,0,0.999956762877916,NA,NA,NA,1
JAGN1,2,0,0,0.999956762877916,NA,NA,NA,1
JKAMP,3,0,0,0.999956762877916,NA,NA,NA,1
JMJD1C,3,0,0,0.999956762877916,NA,NA,NA,1
JOSD1,3,0,0,0.999956762877916,NA,NA,NA,1
JPT1,2,0,0,0.999956762877916,NA,NA,NA,1
JUN,4,0,0,0.999956762877916,NA,NA,NA,1
KAT6A,4,0,0,0.999956762877916,NA,NA,NA,1
KBTBD7,2,0,0,0.999956762877916,NA,NA,NA,1
KCNC4,2,0,0,0.999956762877916,NA,NA,NA,1
KCTD10,2,0,0,0.999956762877916,NA,NA,NA,1
KCTD15,3,0,0,0.999956762877916,NA,NA,NA,1
KCTD20,3,0,0,0.999956762877916,NA,NA,NA,1
KCTD9,3,0,0,0.999956762877916,NA,NA,NA,1
KDM5C,2,0,0,0.999956762877916,NA,NA,NA,1
KHDRBS1,3,0,0,0.999956762877916,NA,NA,NA,1
KHSRP,3,0,0,0.999956762877916,NA,NA,NA,1
KIF1C,8,0,0,0.999956762877916,NA,NA,NA,1
KIF20B,2,0,0,0.999956762877916,NA,NA,NA,1
KITLG,3,0,0,0.999956762877916,NA,NA,NA,1
KLF2,2,0,0,0.999956762877916,NA,NA,NA,1
KLF6,5,0,0,0.999956762877916,NA,NA,NA,1
KLF9,2,0,0,0.999956762877916,NA,NA,NA,1
KLHL42,7,0,0,0.999956762877916,NA,NA,NA,1
KLHL7,2,0,0,0.999956762877916,NA,NA,NA,1
KMT2C,2,0,0,0.999956762877916,NA,NA,NA,1
KRI1,3,0,0,0.999956762877916,NA,NA,NA,1
KRIT1,4,0,0,0.999956762877916,NA,NA,NA,1
KRT80,2,0,0,0.999956762877916,NA,NA,NA,1
KSR1,3,0,0,0.999956762877916,NA,NA,NA,1
L3MBTL3,3,0,0,0.999956762877916,NA,NA,NA,1
LAMC2,4,0,0,0.999956762877916,NA,NA,NA,1
LAMP1,3,0,0,0.999956762877916,NA,NA,NA,1
LAPTM5,2,0,0,0.999956762877916,NA,NA,NA,1
LARP1,2,0,0,0.999956762877916,NA,NA,NA,1
LARP1B,3,0,0,0.999956762877916,NA,NA,NA,1
LARS1,2,0,0,0.999956762877916,NA,NA,NA,1
LBR,2,0,0,0.999956762877916,NA,NA,NA,1
LEMD2,2,0,0,0.999956762877916,NA,NA,NA,1
LEMD3,2,0,0,0.999956762877916,NA,NA,NA,1
LEPROTL1,5,0,0,0.999956762877916,NA,NA,NA,1
LETM2,3,0,0,0.999956762877916,NA,NA,NA,1
LGALSL,2,0,0,0.999956762877916,NA,NA,NA,1
LIG3,3,0,0,0.999956762877916,NA,NA,NA,1
LIMA1,2,0,0,0.999956762877916,NA,NA,NA,1
LMAN1,5,0,0,0.999956762877916,NA,NA,NA,1
LMAN2,2,0,0,0.999956762877916,NA,NA,NA,1
LMNB1,2,0,0,0.999956762877916,NA,NA,NA,1
LPXN,2,0,0,0.999956762877916,NA,NA,NA,1
LRPAP1,7,0,0,0.999956762877916,NA,NA,NA,1
LRPPRC,3,0,0,0.999956762877916,NA,NA,NA,1
LRRC59,2,0,0,0.999956762877916,NA,NA,NA,1
LRRC8A,2,0,0,0.999956762877916,NA,NA,NA,1
LRRC8E,2,0,0,0.999956762877916,NA,NA,NA,1
LRRK1,2,0,0,0.999956762877916,NA,NA,NA,1
LSM3,2,0,0,0.999956762877916,NA,NA,NA,1
LSM5,5,0,0,0.999956762877916,NA,NA,NA,1
LTA4H,2,0,0,0.999956762877916,NA,NA,NA,1
LTBP1,4,0,0,0.999956762877916,NA,NA,NA,1
LTBP3,2,0,0,0.999956762877916,NA,NA,NA,1
LUC7L3,3,0,0,0.999956762877916,NA,NA,NA,1
LY75-CD302,3,0,0,0.999956762877916,NA,NA,NA,1
LYRM9,2,0,0,0.999956762877916,NA,NA,NA,1
MACROH2A1,4,0,0,0.999956762877916,NA,NA,NA,1
MAGEH1,3,0,0,0.999956762877916,NA,NA,NA,1
MAML3,2,0,0,0.999956762877916,NA,NA,NA,1
MANEA,2,0,0,0.999956762877916,NA,NA,NA,1
MAP1LC3B,3,0,0,0.999956762877916,NA,NA,NA,1
MAP3K20,2,0,0,0.999956762877916,NA,NA,NA,1
MAP4,3,0,0,0.999956762877916,NA,NA,NA,1
MAPKAP1,2,0,0,0.999956762877916,NA,NA,NA,1
MAST4,2,0,0,0.999956762877916,NA,NA,NA,1
MAT2B,3,0,0,0.999956762877916,NA,NA,NA,1
MATCAP1,2,0,0,0.999956762877916,NA,NA,NA,1
MATN2,2,0,0,0.999956762877916,NA,NA,NA,1
MAU2,3,0,0,0.999956762877916,NA,NA,NA,1
MAX,4,0,0,0.999956762877916,NA,NA,NA,1
MBLAC2,3,0,0,0.999956762877916,NA,NA,NA,1
MBNL1,3,0,0,0.999956762877916,NA,NA,NA,1
MCUR1,4,0,0,0.999956762877916,NA,NA,NA,1
MEAF6,4,0,0,0.999956762877916,NA,NA,NA,1
MECOM,2,0,0,0.999956762877916,NA,NA,NA,1
MEDAG,2,0,0,0.999956762877916,NA,NA,NA,1
METTL21A,2,0,0,0.999956762877916,NA,NA,NA,1
MFAP1,2,0,0,0.999956762877916,NA,NA,NA,1
MFN2,2,0,0,0.999956762877916,NA,NA,NA,1
MFSD11,4,0,0,0.999956762877916,NA,NA,NA,1
MGAT2,4,0,0,0.999956762877916,NA,NA,NA,1
MGLL,4,0,0,0.999956762877916,NA,NA,NA,1
MID1,3,0,0,0.999956762877916,NA,NA,NA,1
MIDN,3,0,0,0.999956762877916,NA,NA,NA,1
MINDY3,2,0,0,0.999956762877916,NA,NA,NA,1
MKNK2,2,0,0,0.999956762877916,NA,NA,NA,1
MLH3,2,0,0,0.999956762877916,NA,NA,NA,1
MMADHC,2,0,0,0.999956762877916,NA,NA,NA,1
MMGT1,3,0,0,0.999956762877916,NA,NA,NA,1
MMP10,2,0,0,0.999956762877916,NA,NA,NA,1
MMRN1,2,0,0,0.999956762877916,NA,NA,NA,1
MMS22L,3,0,0,0.999956762877916,NA,NA,NA,1
MORF4L1,4,0,0,0.999956762877916,NA,NA,NA,1
MPRIP,5,0,0,0.999956762877916,NA,NA,NA,1
MRFAP1,2,0,0,0.999956762877916,NA,NA,NA,1
MRFAP1L1,2,0,0,0.999956762877916,NA,NA,NA,1
MRPL1,2,0,0,0.999956762877916,NA,NA,NA,1
MRPL17,3,0,0,0.999956762877916,NA,NA,NA,1
MRPL22,2,0,0,0.999956762877916,NA,NA,NA,1
MRPL34,2,0,0,0.999956762877916,NA,NA,NA,1
MRPL36,2,0,0,0.999956762877916,NA,NA,NA,1
MRPL50,2,0,0,0.999956762877916,NA,NA,NA,1
MRPL51,2,0,0,0.999956762877916,NA,NA,NA,1
MRPS7,4,0,0,0.999956762877916,NA,NA,NA,1
MSANTD3,4,0,0,0.999956762877916,NA,NA,NA,1
MSANTD7,2,0,0,0.999956762877916,NA,NA,NA,1
MTA2,2,0,0,0.999956762877916,NA,NA,NA,1
MTREX,2,0,0,0.999956762877916,NA,NA,NA,1
MTX2,3,0,0,0.999956762877916,NA,NA,NA,1
MXD4,2,0,0,0.999956762877916,NA,NA,NA,1
MXI1,2,0,0,0.999956762877916,NA,NA,NA,1
MYCBP2,2,0,0,0.999956762877916,NA,NA,NA,1
MYDGF,2,0,0,0.999956762877916,NA,NA,NA,1
MYH10,2,0,0,0.999956762877916,NA,NA,NA,1
MYL12A,2,0,0,0.999956762877916,NA,NA,NA,1
MYL12B,2,0,0,0.999956762877916,NA,NA,NA,1
MYL9,2,0,0,0.999956762877916,NA,NA,NA,1
MYO1C,3,0,0,0.999956762877916,NA,NA,NA,1
MZT1,3,0,0,0.999956762877916,NA,NA,NA,1
NAA50,8,0,0,0.999956762877916,NA,NA,NA,1
NABP2,2,0,0,0.999956762877916,NA,NA,NA,1
NAT1,2,0,0,0.999956762877916,NA,NA,NA,1
NAV2,3,0,0,0.999956762877916,NA,NA,NA,1
NAXE,2,0,0,0.999956762877916,NA,NA,NA,1
NCBP2,2,0,0,0.999956762877916,NA,NA,NA,1
NCLN,3,0,0,0.999956762877916,NA,NA,NA,1
NCOA6,2,0,0,0.999956762877916,NA,NA,NA,1
NDRG3,4,0,0,0.999956762877916,NA,NA,NA,1
NDUFA2,2,0,0,0.999956762877916,NA,NA,NA,1
NDUFA7,2,0,0,0.999956762877916,NA,NA,NA,1
NDUFS4,2,0,0,0.999956762877916,NA,NA,NA,1
NEDD9,3,0,0,0.999956762877916,NA,NA,NA,1
NEK7,3,0,0,0.999956762877916,NA,NA,NA,1
NELFA,2,0,0,0.999956762877916,NA,NA,NA,1
NF2,2,0,0,0.999956762877916,NA,NA,NA,1
NFKBIA,2,0,0,0.999956762877916,NA,NA,NA,1
NHERF2,3,0,0,0.999956762877916,NA,NA,NA,1
NIBAN1,3,0,0,0.999956762877916,NA,NA,NA,1
NIPSNAP2,2,0,0,0.999956762877916,NA,NA,NA,1
NKIRAS2,2,0,0,0.999956762877916,NA,NA,NA,1
NMD3,2,0,0,0.999956762877916,NA,NA,NA,1
NME4,3,0,0,0.999956762877916,NA,NA,NA,1
NMNAT1,5,0,0,0.999956762877916,NA,NA,NA,1
NOS3,2,0,0,0.999956762877916,NA,NA,NA,1
NPC2,2,0,0,0.999956762877916,NA,NA,NA,1
NPM1,2,0,0,0.999956762877916,NA,NA,NA,1
NR1D1,2,0,0,0.999956762877916,NA,NA,NA,1
NR5A2,2,0,0,0.999956762877916,NA,NA,NA,1
NRG1,4,0,0,0.999956762877916,NA,NA,NA,1
NRIP3,4,0,0,0.999956762877916,NA,NA,NA,1
NSFL1C,2,0,0,0.999956762877916,NA,NA,NA,1
NSUN3,5,0,0,0.999956762877916,NA,NA,NA,1
NUMB,4,0,0,0.999956762877916,NA,NA,NA,1
NUP107,3,0,0,0.999956762877916,NA,NA,NA,1
NUP153,2,0,0,0.999956762877916,NA,NA,NA,1
NUP214,2,0,0,0.999956762877916,NA,NA,NA,1
NUP62,3,0,0,0.999956762877916,NA,NA,NA,1
NUSAP1,2,0,0,0.999956762877916,NA,NA,NA,1
NUTF2,2,0,0,0.999956762877916,NA,NA,NA,1
NXF1,2,0,0,0.999956762877916,NA,NA,NA,1
NXT1,2,0,0,0.999956762877916,NA,NA,NA,1
OAZ1,3,0,0,0.999956762877916,NA,NA,NA,1
OAZ2,3,0,0,0.999956762877916,NA,NA,NA,1
OCIAD1,5,0,0,0.999956762877916,NA,NA,NA,1
OGDH,2,0,0,0.999956762877916,NA,NA,NA,1
OPN3,3,0,0,0.999956762877916,NA,NA,NA,1
OPTN,3,0,0,0.999956762877916,NA,NA,NA,1
ORC4,4,0,0,0.999956762877916,NA,NA,NA,1
OSBPL2,5,0,0,0.999956762877916,NA,NA,NA,1
OSTF1,2,0,0,0.999956762877916,NA,NA,NA,1
OTUB1,2,0,0,0.999956762877916,NA,NA,NA,1
OXA1L,5,0,0,0.999956762877916,NA,NA,NA,1
OXCT1,2,0,0,0.999956762877916,NA,NA,NA,1
P3H2,3,0,0,0.999956762877916,NA,NA,NA,1
P3H4,3,0,0,0.999956762877916,NA,NA,NA,1
PA2G4,3,0,0,0.999956762877916,NA,NA,NA,1
PAFAH2,2,0,0,0.999956762877916,NA,NA,NA,1
PAK1,2,0,0,0.999956762877916,NA,NA,NA,1
PALM2AKAP2,6,0,0,0.999956762877916,NA,NA,NA,1
PAM,2,0,0,0.999956762877916,NA,NA,NA,1
PAQR8,3,0,0,0.999956762877916,NA,NA,NA,1
PARG,2,0,0,0.999956762877916,NA,NA,NA,1
PBK,2,0,0,0.999956762877916,NA,NA,NA,1
PCDH7,3,0,0,0.999956762877916,NA,NA,NA,1
PCGF5,4,0,0,0.999956762877916,NA,NA,NA,1
PDCD5,2,0,0,0.999956762877916,NA,NA,NA,1
PDE4B,2,0,0,0.999956762877916,NA,NA,NA,1
PDGFA,2,0,0,0.999956762877916,NA,NA,NA,1
PDHA1,2,0,0,0.999956762877916,NA,NA,NA,1
PDHB,3,0,0,0.999956762877916,NA,NA,NA,1
PDIA4,3,0,0,0.999956762877916,NA,NA,NA,1
PDK1,2,0,0,0.999956762877916,NA,NA,NA,1
PDLIM1,2,0,0,0.999956762877916,NA,NA,NA,1
PEA15,3,0,0,0.999956762877916,NA,NA,NA,1
PEBP1,2,0,0,0.999956762877916,NA,NA,NA,1
PECAM1,7,0,0,0.999956762877916,NA,NA,NA,1
PEPD,2,0,0,0.999956762877916,NA,NA,NA,1
PEX10,2,0,0,0.999956762877916,NA,NA,NA,1
PEX11A,2,0,0,0.999956762877916,NA,NA,NA,1
PEX26,7,0,0,0.999956762877916,NA,NA,NA,1
PGD,2,0,0,0.999956762877916,NA,NA,NA,1
PGK1,5,0,0,0.999956762877916,NA,NA,NA,1
PGRMC1,2,0,0,0.999956762877916,NA,NA,NA,1
PHAF1,3,0,0,0.999956762877916,NA,NA,NA,1
PHB1,2,0,0,0.999956762877916,NA,NA,NA,1
PHIP,2,0,0,0.999956762877916,NA,NA,NA,1
PHLDA3,3,0,0,0.999956762877916,NA,NA,NA,1
PHTF1,2,0,0,0.999956762877916,NA,NA,NA,1
PI4KB,2,0,0,0.999956762877916,NA,NA,NA,1
PISD,2,0,0,0.999956762877916,NA,NA,NA,1
PITPNA,3,0,0,0.999956762877916,NA,NA,NA,1
PJA1,2,0,0,0.999956762877916,NA,NA,NA,1
PJA2,4,0,0,0.999956762877916,NA,NA,NA,1
PLAAT3,2,0,0,0.999956762877916,NA,NA,NA,1
PLAG1,3,0,0,0.999956762877916,NA,NA,NA,1
PLBD2,2,0,0,0.999956762877916,NA,NA,NA,1
PLEKHA3,3,0,0,0.999956762877916,NA,NA,NA,1
PLEKHB2,4,0,0,0.999956762877916,NA,NA,NA,1
PLIN3,3,0,0,0.999956762877916,NA,NA,NA,1
PLK2,2,0,0,0.999956762877916,NA,NA,NA,1
PLP2,3,0,0,0.999956762877916,NA,NA,NA,1
PLPBP,3,0,0,0.999956762877916,NA,NA,NA,1
PLPP5,2,0,0,0.999956762877916,NA,NA,NA,1
PLSCR4,4,0,0,0.999956762877916,NA,NA,NA,1
PLXNA2,3,0,0,0.999956762877916,NA,NA,NA,1
PLXND1,2,0,0,0.999956762877916,NA,NA,NA,1
PMEPA1,5,0,0,0.999956762877916,NA,NA,NA,1
POLR2C,2,0,0,0.999956762877916,NA,NA,NA,1
POLR2M,4,0,0,0.999956762877916,NA,NA,NA,1
POLR3D,2,0,0,0.999956762877916,NA,NA,NA,1
POLR3K,3,0,0,0.999956762877916,NA,NA,NA,1
POU2F1,2,0,0,0.999956762877916,NA,NA,NA,1
POU4F1,2,0,0,0.999956762877916,NA,NA,NA,1
PPDPF,2,0,0,0.999956762877916,NA,NA,NA,1
PPIA,2,0,0,0.999956762877916,NA,NA,NA,1
PPIG,2,0,0,0.999956762877916,NA,NA,NA,1
PPP1CC,4,0,0,0.999956762877916,NA,NA,NA,1
PPP1R14B,2,0,0,0.999956762877916,NA,NA,NA,1
PPP2CB,2,0,0,0.999956762877916,NA,NA,NA,1
PPP2R1B,7,0,0,0.999956762877916,NA,NA,NA,1
PPP3CC,3,0,0,0.999956762877916,NA,NA,NA,1
PPP4R1,2,0,0,0.999956762877916,NA,NA,NA,1
PPP4R2,4,0,0,0.999956762877916,NA,NA,NA,1
PPP6R1,2,0,0,0.999956762877916,NA,NA,NA,1
PPTC7,2,0,0,0.999956762877916,NA,NA,NA,1
PRCP,6,0,0,0.999956762877916,NA,NA,NA,1
PRDX1,2,0,0,0.999956762877916,NA,NA,NA,1
PRDX6,2,0,0,0.999956762877916,NA,NA,NA,1
PRELID1,2,0,0,0.999956762877916,NA,NA,NA,1
PRKAA2,2,0,0,0.999956762877916,NA,NA,NA,1
PRKAG1,2,0,0,0.999956762877916,NA,NA,NA,1
PRKCD,3,0,0,0.999956762877916,NA,NA,NA,1
PRKCI,2,0,0,0.999956762877916,NA,NA,NA,1
PRPS1,2,0,0,0.999956762877916,NA,NA,NA,1
PRPSAP2,3,0,0,0.999956762877916,NA,NA,NA,1
PRSS23,4,0,0,0.999956762877916,NA,NA,NA,1
PRXL2C,2,0,0,0.999956762877916,NA,NA,NA,1
PSAP,2,0,0,0.999956762877916,NA,NA,NA,1
PSENEN,2,0,0,0.999956762877916,NA,NA,NA,1
PSIP1,2,0,0,0.999956762877916,NA,NA,NA,1
PSMA7,2,0,0,0.999956762877916,NA,NA,NA,1
PSMD11,4,0,0,0.999956762877916,NA,NA,NA,1
PSMD7,2,0,0,0.999956762877916,NA,NA,NA,1
PSMD8,3,0,0,0.999956762877916,NA,NA,NA,1
PSMD9,2,0,0,0.999956762877916,NA,NA,NA,1
PSME3,5,0,0,0.999956762877916,NA,NA,NA,1
PSME4,3,0,0,0.999956762877916,NA,NA,NA,1
PTBP1,4,0,0,0.999956762877916,NA,NA,NA,1
PTGS1,2,0,0,0.999956762877916,NA,NA,NA,1
PTMA,4,0,0,0.999956762877916,NA,NA,NA,1
PTP4A2,4,0,0,0.999956762877916,NA,NA,NA,1
PTPRM,2,0,0,0.999956762877916,NA,NA,NA,1
PUS1,2,0,0,0.999956762877916,NA,NA,NA,1
PUS10,2,0,0,0.999956762877916,NA,NA,NA,1
PUS7L,3,0,0,0.999956762877916,NA,NA,NA,1
PWWP2A,2,0,0,0.999956762877916,NA,NA,NA,1
PWWP3A,2,0,0,0.999956762877916,NA,NA,NA,1
QRICH1,4,0,0,0.999956762877916,NA,NA,NA,1
QTRT2,2,0,0,0.999956762877916,NA,NA,NA,1
RAB11B,3,0,0,0.999956762877916,NA,NA,NA,1
RAB11FIP2,3,0,0,0.999956762877916,NA,NA,NA,1
RAB12,2,0,0,0.999956762877916,NA,NA,NA,1
RAB13,2,0,0,0.999956762877916,NA,NA,NA,1
RAB18,7,0,0,0.999956762877916,NA,NA,NA,1
RAB1A,3,0,0,0.999956762877916,NA,NA,NA,1
RAB23,4,0,0,0.999956762877916,NA,NA,NA,1
RAB29,3,0,0,0.999956762877916,NA,NA,NA,1
RAB2A,6,0,0,0.999956762877916,NA,NA,NA,1
RAB33B,3,0,0,0.999956762877916,NA,NA,NA,1
RAB3GAP1,6,0,0,0.999956762877916,NA,NA,NA,1
RAB3GAP2,5,0,0,0.999956762877916,NA,NA,NA,1
RAB7A,3,0,0,0.999956762877916,NA,NA,NA,1
RABIF,6,0,0,0.999956762877916,NA,NA,NA,1
RAD54L2,2,0,0,0.999956762877916,NA,NA,NA,1
RAI1,2,0,0,0.999956762877916,NA,NA,NA,1
RAI2,2,0,0,0.999956762877916,NA,NA,NA,1
RALGPS2,2,0,0,0.999956762877916,NA,NA,NA,1
RALY,3,0,0,0.999956762877916,NA,NA,NA,1
RANBP1,4,0,0,0.999956762877916,NA,NA,NA,1
RANGAP1,3,0,0,0.999956762877916,NA,NA,NA,1
RAP1B,2,0,0,0.999956762877916,NA,NA,NA,1
RAP1GDS1,2,0,0,0.999956762877916,NA,NA,NA,1
RAPGEF2,2,0,0,0.999956762877916,NA,NA,NA,1
RASGRF2,2,0,0,0.999956762877916,NA,NA,NA,1
RASIP1,2,0,0,0.999956762877916,NA,NA,NA,1
RBCK1,2,0,0,0.999956762877916,NA,NA,NA,1
RBIS,2,0,0,0.999956762877916,NA,NA,NA,1
RBM17,3,0,0,0.999956762877916,NA,NA,NA,1
RBPMS,2,0,0,0.999956762877916,NA,NA,NA,1
RBX1,2,0,0,0.999956762877916,NA,NA,NA,1
RCAN1,2,0,0,0.999956762877916,NA,NA,NA,1
RDH11,4,0,0,0.999956762877916,NA,NA,NA,1
RDX,2,0,0,0.999956762877916,NA,NA,NA,1
REXO2,2,0,0,0.999956762877916,NA,NA,NA,1
RFC1,3,0,0,0.999956762877916,NA,NA,NA,1
RFFL,2,0,0,0.999956762877916,NA,NA,NA,1
RFK,3,0,0,0.999956762877916,NA,NA,NA,1
RFX5,2,0,0,0.999956762877916,NA,NA,NA,1
RHBDF1,2,0,0,0.999956762877916,NA,NA,NA,1
RHEB,2,0,0,0.999956762877916,NA,NA,NA,1
RHOA,4,0,0,0.999956762877916,NA,NA,NA,1
RHOB,4,0,0,0.999956762877916,NA,NA,NA,1
RHOBTB2,2,0,0,0.999956762877916,NA,NA,NA,1
RHOBTB3,3,0,0,0.999956762877916,NA,NA,NA,1
RIN2,2,0,0,0.999956762877916,NA,NA,NA,1
RIOK3,3,0,0,0.999956762877916,NA,NA,NA,1
RNASE4,2,0,0,0.999956762877916,NA,NA,NA,1
RNASEH2A,2,0,0,0.999956762877916,NA,NA,NA,1
RNF10,3,0,0,0.999956762877916,NA,NA,NA,1
RNF103-CHMP3,2,0,0,0.999956762877916,NA,NA,NA,1
RNF11,8,0,0,0.999956762877916,NA,NA,NA,1
RNF121,3,0,0,0.999956762877916,NA,NA,NA,1
RNF126,3,0,0,0.999956762877916,NA,NA,NA,1
RNF214,3,0,0,0.999956762877916,NA,NA,NA,1
RNF40,3,0,0,0.999956762877916,NA,NA,NA,1
RPGRIP1L,2,0,0,0.999956762877916,NA,NA,NA,1
RPL19,2,0,0,0.999956762877916,NA,NA,NA,1
RPL22,5,0,0,0.999956762877916,NA,NA,NA,1
RPL23A,2,0,0,0.999956762877916,NA,NA,NA,1
RPL7L1,5,0,0,0.999956762877916,NA,NA,NA,1
RPN1,2,0,0,0.999956762877916,NA,NA,NA,1
RPP25,2,0,0,0.999956762877916,NA,NA,NA,1
RPRD1A,2,0,0,0.999956762877916,NA,NA,NA,1
RPS19,3,0,0,0.999956762877916,NA,NA,NA,1
RPS27A,2,0,0,0.999956762877916,NA,NA,NA,1
RPS6KA3,5,0,0,0.999956762877916,NA,NA,NA,1
RPS6KA4,2,0,0,0.999956762877916,NA,NA,NA,1
RPSA,2,0,0,0.999956762877916,NA,NA,NA,1
RPUSD4,2,0,0,0.999956762877916,NA,NA,NA,1
RRAGA,2,0,0,0.999956762877916,NA,NA,NA,1
RSL1D1,4,0,0,0.999956762877916,NA,NA,NA,1
RTCA,3,0,0,0.999956762877916,NA,NA,NA,1
RTN4,4,0,0,0.999956762877916,NA,NA,NA,1
RUNDC3B,2,0,0,0.999956762877916,NA,NA,NA,1
S1PR1,2,0,0,0.999956762877916,NA,NA,NA,1
SAFB2,2,0,0,0.999956762877916,NA,NA,NA,1
SAMD4A,4,0,0,0.999956762877916,NA,NA,NA,1
SAPCD2,2,0,0,0.999956762877916,NA,NA,NA,1
SARS1,2,0,0,0.999956762877916,NA,NA,NA,1
SASH1,3,0,0,0.999956762877916,NA,NA,NA,1
SAT1,4,0,0,0.999956762877916,NA,NA,NA,1
SC5D,4,0,0,0.999956762877916,NA,NA,NA,1
SCAF11,8,0,0,0.999956762877916,NA,NA,NA,1
SCAF4,2,0,0,0.999956762877916,NA,NA,NA,1
SCARB2,3,0,0,0.999956762877916,NA,NA,NA,1
SCFD2,2,0,0,0.999956762877916,NA,NA,NA,1
SCO1,5,0,0,0.999956762877916,NA,NA,NA,1
SDHAF2,2,0,0,0.999956762877916,NA,NA,NA,1
SEC11A,2,0,0,0.999956762877916,NA,NA,NA,1
SEC14L1,4,0,0,0.999956762877916,NA,NA,NA,1
SEC31A,3,0,0,0.999956762877916,NA,NA,NA,1
SEC61A2,2,0,0,0.999956762877916,NA,NA,NA,1
SEL1L3,3,0,0,0.999956762877916,NA,NA,NA,1
SELENOF,3,0,0,0.999956762877916,NA,NA,NA,1
SELENOT,7,0,0,0.999956762877916,NA,NA,NA,1
SEMA4F,2,0,0,0.999956762877916,NA,NA,NA,1
SEMA6C,2,0,0,0.999956762877916,NA,NA,NA,1
SEPTIN10,3,0,0,0.999956762877916,NA,NA,NA,1
SERPINB8,2,0,0,0.999956762877916,NA,NA,NA,1
SERPINE1,7,0,0,0.999956762877916,NA,NA,NA,1
SETD4,2,0,0,0.999956762877916,NA,NA,NA,1
SETD5,3,0,0,0.999956762877916,NA,NA,NA,1
SETX,4,0,0,0.999956762877916,NA,NA,NA,1
SF1,2,0,0,0.999956762877916,NA,NA,NA,1
SF3B3,4,0,0,0.999956762877916,NA,NA,NA,1
SH3BGRL3,2,0,0,0.999956762877916,NA,NA,NA,1
SH3BP4,3,0,0,0.999956762877916,NA,NA,NA,1
SH3BP5,3,0,0,0.999956762877916,NA,NA,NA,1
SH3RF1,3,0,0,0.999956762877916,NA,NA,NA,1
SHCBP1,4,0,0,0.999956762877916,NA,NA,NA,1
SHMT2,3,0,0,0.999956762877916,NA,NA,NA,1
SHROOM1,2,0,0,0.999956762877916,NA,NA,NA,1
SIRT3,2,0,0,0.999956762877916,NA,NA,NA,1
SKAP2,5,0,0,0.999956762877916,NA,NA,NA,1
SKIC3,3,0,0,0.999956762877916,NA,NA,NA,1
SLC16A7,3,0,0,0.999956762877916,NA,NA,NA,1
SLC1A1,2,0,0,0.999956762877916,NA,NA,NA,1
SLC25A3,4,0,0,0.999956762877916,NA,NA,NA,1
SLC25A37,2,0,0,0.999956762877916,NA,NA,NA,1
SLC2A8,2,0,0,0.999956762877916,NA,NA,NA,1
SLC35A1,3,0,0,0.999956762877916,NA,NA,NA,1
SLC35C1,2,0,0,0.999956762877916,NA,NA,NA,1
SLC37A2,2,0,0,0.999956762877916,NA,NA,NA,1
SLC38A7,3,0,0,0.999956762877916,NA,NA,NA,1
SLC44A1,3,0,0,0.999956762877916,NA,NA,NA,1
SLC44A2,2,0,0,0.999956762877916,NA,NA,NA,1
SLC47A1,2,0,0,0.999956762877916,NA,NA,NA,1
SLC48A1,2,0,0,0.999956762877916,NA,NA,NA,1
SLC5A3,3,0,0,0.999956762877916,NA,NA,NA,1
SLC7A1,5,0,0,0.999956762877916,NA,NA,NA,1
SLC8B1,2,0,0,0.999956762877916,NA,NA,NA,1
SLIT2,4,0,0,0.999956762877916,NA,NA,NA,1
SLTM,2,0,0,0.999956762877916,NA,NA,NA,1
SLU7,2,0,0,0.999956762877916,NA,NA,NA,1
SMAD1,2,0,0,0.999956762877916,NA,NA,NA,1
SMAD3,2,0,0,0.999956762877916,NA,NA,NA,1
SMAD4,6,0,0,0.999956762877916,NA,NA,NA,1
SMAP1,2,0,0,0.999956762877916,NA,NA,NA,1
SMARCA4,3,0,0,0.999956762877916,NA,NA,NA,1
SMARCE1,4,0,0,0.999956762877916,NA,NA,NA,1
SMC1A,5,0,0,0.999956762877916,NA,NA,NA,1
SMC6,3,0,0,0.999956762877916,NA,NA,NA,1
SMCO4,2,0,0,0.999956762877916,NA,NA,NA,1
SMIM15,3,0,0,0.999956762877916,NA,NA,NA,1
SNCA,6,0,0,0.999956762877916,NA,NA,NA,1
SNRNP27,4,0,0,0.999956762877916,NA,NA,NA,1
SNU13,2,0,0,0.999956762877916,NA,NA,NA,1
SNX1,2,0,0,0.999956762877916,NA,NA,NA,1
SNX25,2,0,0,0.999956762877916,NA,NA,NA,1
SNX3,3,0,0,0.999956762877916,NA,NA,NA,1
SNX5,3,0,0,0.999956762877916,NA,NA,NA,1
SNX8,2,0,0,0.999956762877916,NA,NA,NA,1
SOCS5,3,0,0,0.999956762877916,NA,NA,NA,1
SOWAHC,2,0,0,0.999956762877916,NA,NA,NA,1
SOX4,4,0,0,0.999956762877916,NA,NA,NA,1
SOX7,4,0,0,0.999956762877916,NA,NA,NA,1
SPATS2,3,0,0,0.999956762877916,NA,NA,NA,1
SPATS2L,4,0,0,0.999956762877916,NA,NA,NA,1
SPCS2,3,0,0,0.999956762877916,NA,NA,NA,1
SPIDR,2,0,0,0.999956762877916,NA,NA,NA,1
SPOP,4,0,0,0.999956762877916,NA,NA,NA,1
SPOUT1,2,0,0,0.999956762877916,NA,NA,NA,1
SQSTM1,4,0,0,0.999956762877916,NA,NA,NA,1
SRBD1,2,0,0,0.999956762877916,NA,NA,NA,1
SRD5A3,3,0,0,0.999956762877916,NA,NA,NA,1
SREBF1,2,0,0,0.999956762877916,NA,NA,NA,1
SRGN,3,0,0,0.999956762877916,NA,NA,NA,1
SRM,2,0,0,0.999956762877916,NA,NA,NA,1
SRP14,3,0,0,0.999956762877916,NA,NA,NA,1
SRP68,3,0,0,0.999956762877916,NA,NA,NA,1
SRSF2,3,0,0,0.999956762877916,NA,NA,NA,1
SRSF4,2,0,0,0.999956762877916,NA,NA,NA,1
ST3GAL1,4,0,0,0.999956762877916,NA,NA,NA,1
ST7,2,0,0,0.999956762877916,NA,NA,NA,1
STAT6,3,0,0,0.999956762877916,NA,NA,NA,1
STING1,2,0,0,0.999956762877916,NA,NA,NA,1
STK40,3,0,0,0.999956762877916,NA,NA,NA,1
STPG1,2,0,0,0.999956762877916,NA,NA,NA,1
STX11,2,0,0,0.999956762877916,NA,NA,NA,1
STX12,5,0,0,0.999956762877916,NA,NA,NA,1
SUB1,5,0,0,0.999956762877916,NA,NA,NA,1
SUCLG1,2,0,0,0.999956762877916,NA,NA,NA,1
SUGP1,2,0,0,0.999956762877916,NA,NA,NA,1
SUMO1,4,0,0,0.999956762877916,NA,NA,NA,1
SUPT20H,2,0,0,0.999956762877916,NA,NA,NA,1
SUPT4H1,3,0,0,0.999956762877916,NA,NA,NA,1
SURF4,4,0,0,0.999956762877916,NA,NA,NA,1
SUSD5,2,0,0,0.999956762877916,NA,NA,NA,1
SYPL1,2,0,0,0.999956762877916,NA,NA,NA,1
TACC1,7,0,0,0.999956762877916,NA,NA,NA,1
TAF1C,3,0,0,0.999956762877916,NA,NA,NA,1
TAOK3,4,0,0,0.999956762877916,NA,NA,NA,1
TASOR,2,0,0,0.999956762877916,NA,NA,NA,1
TASOR2,3,0,0,0.999956762877916,NA,NA,NA,1
TBC1D1,3,0,0,0.999956762877916,NA,NA,NA,1
TBC1D24,4,0,0,0.999956762877916,NA,NA,NA,1
TBC1D5,3,0,0,0.999956762877916,NA,NA,NA,1
TBCC,2,0,0,0.999956762877916,NA,NA,NA,1
TBCK,3,0,0,0.999956762877916,NA,NA,NA,1
TBL3,2,0,0,0.999956762877916,NA,NA,NA,1
TBRG1,4,0,0,0.999956762877916,NA,NA,NA,1
TBX18,6,0,0,0.999956762877916,NA,NA,NA,1
TCAF2,3,0,0,0.999956762877916,NA,NA,NA,1
TCEAL4,2,0,0,0.999956762877916,NA,NA,NA,1
TCEAL9,2,0,0,0.999956762877916,NA,NA,NA,1
TCP1,2,0,0,0.999956762877916,NA,NA,NA,1
TCTN3,2,0,0,0.999956762877916,NA,NA,NA,1
TENM3,2,0,0,0.999956762877916,NA,NA,NA,1
TENT4B,4,0,0,0.999956762877916,NA,NA,NA,1
TEX2,2,0,0,0.999956762877916,NA,NA,NA,1
TGFBR2,2,0,0,0.999956762877916,NA,NA,NA,1
TGIF2,2,0,0,0.999956762877916,NA,NA,NA,1
THAP5,2,0,0,0.999956762877916,NA,NA,NA,1
THSD7A,3,0,0,0.999956762877916,NA,NA,NA,1
TIGD6,2,0,0,0.999956762877916,NA,NA,NA,1
TIMM10B,2,0,0,0.999956762877916,NA,NA,NA,1
TIMM13,2,0,0,0.999956762877916,NA,NA,NA,1
TIMM17A,5,0,0,0.999956762877916,NA,NA,NA,1
TIMM21,4,0,0,0.999956762877916,NA,NA,NA,1
TIMM8A,2,0,0,0.999956762877916,NA,NA,NA,1
TIMMDC1,2,0,0,0.999956762877916,NA,NA,NA,1
TIMP2,4,0,0,0.999956762877916,NA,NA,NA,1
TIPRL,3,0,0,0.999956762877916,NA,NA,NA,1
TJP2,2,0,0,0.999956762877916,NA,NA,NA,1
TLE5,2,0,0,0.999956762877916,NA,NA,NA,1
TLN1,2,0,0,0.999956762877916,NA,NA,NA,1
TLNRD1,3,0,0,0.999956762877916,NA,NA,NA,1
TMBIM6,4,0,0,0.999956762877916,NA,NA,NA,1
TMED10,3,0,0,0.999956762877916,NA,NA,NA,1
TMED9,3,0,0,0.999956762877916,NA,NA,NA,1
TMEM104,2,0,0,0.999956762877916,NA,NA,NA,1
TMEM109,2,0,0,0.999956762877916,NA,NA,NA,1
TMEM131L,2,0,0,0.999956762877916,NA,NA,NA,1
TMEM14A,2,0,0,0.999956762877916,NA,NA,NA,1
TMEM179B,2,0,0,0.999956762877916,NA,NA,NA,1
TMEM248,3,0,0,0.999956762877916,NA,NA,NA,1
TMEM267,4,0,0,0.999956762877916,NA,NA,NA,1
TMEM47,2,0,0,0.999956762877916,NA,NA,NA,1
TMEM69,2,0,0,0.999956762877916,NA,NA,NA,1
TMEM70,3,0,0,0.999956762877916,NA,NA,NA,1
TMEM87A,4,0,0,0.999956762877916,NA,NA,NA,1
TMTC1,4,0,0,0.999956762877916,NA,NA,NA,1
TNFAIP1,3,0,0,0.999956762877916,NA,NA,NA,1
TNFRSF1B,2,0,0,0.999956762877916,NA,NA,NA,1
TNFSF4,3,0,0,0.999956762877916,NA,NA,NA,1
TNKS,3,0,0,0.999956762877916,NA,NA,NA,1
TNPO2,2,0,0,0.999956762877916,NA,NA,NA,1
TNPO3,2,0,0,0.999956762877916,NA,NA,NA,1
TOMM34,2,0,0,0.999956762877916,NA,NA,NA,1
TOMM5,4,0,0,0.999956762877916,NA,NA,NA,1
TOP1,3,0,0,0.999956762877916,NA,NA,NA,1
TPI1,2,0,0,0.999956762877916,NA,NA,NA,1
TPP1,6,0,0,0.999956762877916,NA,NA,NA,1
TPT1,5,0,0,0.999956762877916,NA,NA,NA,1
TRABD,2,0,0,0.999956762877916,NA,NA,NA,1
TRAF5,3,0,0,0.999956762877916,NA,NA,NA,1
TRAM2,3,0,0,0.999956762877916,NA,NA,NA,1
TRAPPC3,2,0,0,0.999956762877916,NA,NA,NA,1
TRAPPC6B,2,0,0,0.999956762877916,NA,NA,NA,1
TRIM2,2,0,0,0.999956762877916,NA,NA,NA,1
TRIM33,3,0,0,0.999956762877916,NA,NA,NA,1
TRIM65,2,0,0,0.999956762877916,NA,NA,NA,1
TRIM8,2,0,0,0.999956762877916,NA,NA,NA,1
TRIOBP,4,0,0,0.999956762877916,NA,NA,NA,1
TRNT1,3,0,0,0.999956762877916,NA,NA,NA,1
TRPC4,2,0,0,0.999956762877916,NA,NA,NA,1
TSHZ1,2,0,0,0.999956762877916,NA,NA,NA,1
TSPAN11,2,0,0,0.999956762877916,NA,NA,NA,1
TSR1,6,0,0,0.999956762877916,NA,NA,NA,1
TSR2,3,0,0,0.999956762877916,NA,NA,NA,1
TTC1,2,0,0,0.999956762877916,NA,NA,NA,1
TTC19,5,0,0,0.999956762877916,NA,NA,NA,1
TTC23,3,0,0,0.999956762877916,NA,NA,NA,1
TTC3,3,0,0,0.999956762877916,NA,NA,NA,1
TTLL11,4,0,0,0.999956762877916,NA,NA,NA,1
TTPAL,4,0,0,0.999956762877916,NA,NA,NA,1
TTYH3,3,0,0,0.999956762877916,NA,NA,NA,1
TUBB2B,2,0,0,0.999956762877916,NA,NA,NA,1
TUFM,2,0,0,0.999956762877916,NA,NA,NA,1
TUSC2,3,0,0,0.999956762877916,NA,NA,NA,1
TWSG1,5,0,0,0.999956762877916,NA,NA,NA,1
TXLNG,2,0,0,0.999956762877916,NA,NA,NA,1
TXN2,2,0,0,0.999956762877916,NA,NA,NA,1
TXNDC17,4,0,0,0.999956762877916,NA,NA,NA,1
TXNRD1,4,0,0,0.999956762877916,NA,NA,NA,1
UBALD2,2,0,0,0.999956762877916,NA,NA,NA,1
UBE2A,2,0,0,0.999956762877916,NA,NA,NA,1
UBE2K,8,0,0,0.999956762877916,NA,NA,NA,1
UBE2Q1,2,0,0,0.999956762877916,NA,NA,NA,1
UBE2Q2,3,0,0,0.999956762877916,NA,NA,NA,1
UBE2R2,5,0,0,0.999956762877916,NA,NA,NA,1
UBE2T,2,0,0,0.999956762877916,NA,NA,NA,1
UBOX5,2,0,0,0.999956762877916,NA,NA,NA,1
UBQLN1,4,0,0,0.999956762877916,NA,NA,NA,1
UBXN6,2,0,0,0.999956762877916,NA,NA,NA,1
UFSP2,2,0,0,0.999956762877916,NA,NA,NA,1
UHMK1,4,0,0,0.999956762877916,NA,NA,NA,1
UPP1,2,0,0,0.999956762877916,NA,NA,NA,1
UQCRC2,2,0,0,0.999956762877916,NA,NA,NA,1
UQCRFS1,2,0,0,0.999956762877916,NA,NA,NA,1
USP11,3,0,0,0.999956762877916,NA,NA,NA,1
USP19,2,0,0,0.999956762877916,NA,NA,NA,1
USP22,3,0,0,0.999956762877916,NA,NA,NA,1
USP38,5,0,0,0.999956762877916,NA,NA,NA,1
USP42,2,0,0,0.999956762877916,NA,NA,NA,1
USP48,3,0,0,0.999956762877916,NA,NA,NA,1
UTP11,2,0,0,0.999956762877916,NA,NA,NA,1
UTP6,4,0,0,0.999956762877916,NA,NA,NA,1
VAMP2,3,0,0,0.999956762877916,NA,NA,NA,1
VAPA,5,0,0,0.999956762877916,NA,NA,NA,1
VAPB,5,0,0,0.999956762877916,NA,NA,NA,1
VBP1,3,0,0,0.999956762877916,NA,NA,NA,1
VDAC2,2,0,0,0.999956762877916,NA,NA,NA,1
VMA21,2,0,0,0.999956762877916,NA,NA,NA,1
VPS26C,5,0,0,0.999956762877916,NA,NA,NA,1
VPS39,3,0,0,0.999956762877916,NA,NA,NA,1
WBP2,2,0,0,0.999956762877916,NA,NA,NA,1
WBP4,2,0,0,0.999956762877916,NA,NA,NA,1
WDFY4,2,0,0,0.999956762877916,NA,NA,NA,1
WDR1,4,0,0,0.999956762877916,NA,NA,NA,1
WDR77,6,0,0,0.999956762877916,NA,NA,NA,1
WDR91,3,0,0,0.999956762877916,NA,NA,NA,1
WIZ,3,0,0,0.999956762877916,NA,NA,NA,1
WLS,5,0,0,0.999956762877916,NA,NA,NA,1
WWTR1,6,0,0,0.999956762877916,NA,NA,NA,1
XIAP,5,0,0,0.999956762877916,NA,NA,NA,1
XPO1,2,0,0,0.999956762877916,NA,NA,NA,1
XPO5,3,0,0,0.999956762877916,NA,NA,NA,1
XPO7,4,0,0,0.999956762877916,NA,NA,NA,1
XXYLT1,2,0,0,0.999956762877916,NA,NA,NA,1
YBX3,2,0,0,0.999956762877916,NA,NA,NA,1
YIPF5,5,0,0,0.999956762877916,NA,NA,NA,1
YRDC,2,0,0,0.999956762877916,NA,NA,NA,1
YTHDF1,2,0,0,0.999956762877916,NA,NA,NA,1
YTHDF2,2,0,0,0.999956762877916,NA,NA,NA,1
ZBTB33,2,0,0,0.999956762877916,NA,NA,NA,1
ZBTB43,2,0,0,0.999956762877916,NA,NA,NA,1
ZBTB7A,6,0,0,0.999956762877916,NA,NA,NA,1
ZBTB8OS,2,0,0,0.999956762877916,NA,NA,NA,1
ZC3HAV1,2,0,0,0.999956762877916,NA,NA,NA,1
ZC4H2,2,0,0,0.999956762877916,NA,NA,NA,1
ZCCHC2,2,0,0,0.999956762877916,NA,NA,NA,1
ZCCHC24,2,0,0,0.999956762877916,NA,NA,NA,1
ZDHHC5,2,0,0,0.999956762877916,NA,NA,NA,1
ZDHHC7,2,0,0,0.999956762877916,NA,NA,NA,1
ZFP36L2,4,0,0,0.999956762877916,NA,NA,NA,1
ZFPM2,2,0,0,0.999956762877916,NA,NA,NA,1
ZKSCAN4,2,0,0,0.999956762877916,NA,NA,NA,1
ZMAT3,4,0,0,0.999956762877916,NA,NA,NA,1
ZMPSTE24,4,0,0,0.999956762877916,NA,NA,NA,1
ZMYM2,3,0,0,0.999956762877916,NA,NA,NA,1
ZMYND11,3,0,0,0.999956762877916,NA,NA,NA,1
ZNF106,4,0,0,0.999956762877916,NA,NA,NA,1
ZNF121,2,0,0,0.999956762877916,NA,NA,NA,1
ZNF131,2,0,0,0.999956762877916,NA,NA,NA,1
ZNF136,2,0,0,0.999956762877916,NA,NA,NA,1
ZNF175,4,0,0,0.999956762877916,NA,NA,NA,1
ZNF184,2,0,0,0.999956762877916,NA,NA,NA,1
ZNF250,3,0,0,0.999956762877916,NA,NA,NA,1
ZNF254,4,0,0,0.999956762877916,NA,NA,NA,1
ZNF302,2,0,0,0.999956762877916,NA,NA,NA,1
ZNF367,2,0,0,0.999956762877916,NA,NA,NA,1
ZNF431,3,0,0,0.999956762877916,NA,NA,NA,1
ZNF438,2,0,0,0.999956762877916,NA,NA,NA,1
ZNF48,3,0,0,0.999956762877916,NA,NA,NA,1
ZNF507,2,0,0,0.999956762877916,NA,NA,NA,1
ZNF618,3,0,0,0.999956762877916,NA,NA,NA,1
ZNF7,3,0,0,0.999956762877916,NA,NA,NA,1
ZNF721,3,0,0,0.999956762877916,NA,NA,NA,1
ZNF740,2,0,0,0.999956762877916,NA,NA,NA,1
ZNF770,4,0,0,0.999956762877916,NA,NA,NA,1
ZNF829,2,0,0,0.999956762877916,NA,NA,NA,1
ZNF830,2,0,0,0.999956762877916,NA,NA,NA,1
ZNF845,2,0,0,0.999956762877916,NA,NA,NA,1
ZNRF1,5,0,0,0.999956762877916,NA,NA,NA,1
ZSCAN29,3,0,0,0.999956762877916,NA,NA,NA,1
ZSCAN30,2,0,0,0.999956762877916,NA,NA,NA,1
ZYG11B,3,0,0,0.999956762877916,NA,NA,NA,1
ACCS,2,0,0,NA,NA,NA,NA,NA
ADAL,3,0,0,NA,NA,NA,NA,NA
ADRB1,2,0,0,NA,NA,NA,NA,NA
ALDH3B1,2,0,0,NA,NA,NA,NA,NA
ARHGEF39,2,0,0,NA,NA,NA,NA,NA
ARMC10,2,0,0,NA,NA,NA,NA,NA
ARPC4-TTLL3,2,0,0,NA,NA,NA,NA,NA
BCLAF3,3,0,0,NA,NA,NA,NA,NA
BHLHE41,2,0,0,NA,NA,NA,NA,NA
BMPR1A,2,0,0,NA,NA,NA,NA,NA
C14orf93,3,0,0,NA,NA,NA,NA,NA
C17orf100,3,0,0,NA,NA,NA,NA,NA
C19orf44,2,0,0,NA,NA,NA,NA,NA
C6orf132,3,0,0,NA,NA,NA,NA,NA
CCDC96,2,0,0,NA,NA,NA,NA,NA
CDC14B,2,0,0,NA,NA,NA,NA,NA
CEACAM19,2,0,0,NA,NA,NA,NA,NA
CEP78,2,0,0,NA,NA,NA,NA,NA
CFAP418,2,0,0,NA,NA,NA,NA,NA
CHD9NB,2,0,0,NA,NA,NA,NA,NA
CIP2A,2,0,0,NA,NA,NA,NA,NA
CNNM2,3,0,0,NA,NA,NA,NA,NA
COLEC12,4,0,0,NA,NA,NA,NA,NA
CREBRF,2,0,0,NA,NA,NA,NA,NA
CSKMT,2,0,0,NA,NA,NA,NA,NA
CXCL11,2,0,0,NA,NA,NA,NA,NA
CYB5RL,2,0,0,NA,NA,NA,NA,NA
DGAT2,2,0,0,NA,NA,NA,NA,NA
DGKE,4,0,0,NA,NA,NA,NA,NA
DHFR2,2,0,0,NA,NA,NA,NA,NA
DMRTA1,2,0,0,NA,NA,NA,NA,NA
DOP1A,2,0,0,NA,NA,NA,NA,NA
DRP2,2,0,0,NA,NA,NA,NA,NA
EIF4E3,4,0,0,NA,NA,NA,NA,NA
ENOX1,2,0,0,NA,NA,NA,NA,NA
ENPP1,2,0,0,NA,NA,NA,NA,NA
ENTPD1,2,0,0,NA,NA,NA,NA,NA
ESCO2,2,0,0,NA,NA,NA,NA,NA
FAM13A,2,0,0,NA,NA,NA,NA,NA
FAM185A,2,0,0,NA,NA,NA,NA,NA
FAM78A,2,0,0,NA,NA,NA,NA,NA
FANCM,3,0,0,NA,NA,NA,NA,NA
FBLN2,2,0,0,NA,NA,NA,NA,NA
FZD1,2,0,0,NA,NA,NA,NA,NA
GALNT12,2,0,0,NA,NA,NA,NA,NA
HACE1,3,0,0,NA,NA,NA,NA,NA
HDX,2,0,0,NA,NA,NA,NA,NA
HEYL,2,0,0,NA,NA,NA,NA,NA
HTR1D,3,0,0,NA,NA,NA,NA,NA
IGSF3,2,0,0,NA,NA,NA,NA,NA
ITGA1,2,0,0,NA,NA,NA,NA,NA
JRKL,2,0,0,NA,NA,NA,NA,NA
KCNK1,2,0,0,NA,NA,NA,NA,NA
KIAA1958,2,0,0,NA,NA,NA,NA,NA
KLF5,2,0,0,NA,NA,NA,NA,NA
LACTB2,2,0,0,NA,NA,NA,NA,NA
LAMA3,2,0,0,NA,NA,NA,NA,NA
LCORL,3,0,0,NA,NA,NA,NA,NA
LIAS,2,0,0,NA,NA,NA,NA,NA
LOC124905135,2,0,0,NA,NA,NA,NA,NA
LOC728743,2,0,0,NA,NA,NA,NA,NA
LOXL4,2,0,0,NA,NA,NA,NA,NA
LRRC27,2,0,0,NA,NA,NA,NA,NA
LRRC51,2,0,0,NA,NA,NA,NA,NA
LRRC75A,2,0,0,NA,NA,NA,NA,NA
MARK1,2,0,0,NA,NA,NA,NA,NA
MMACHC,2,0,0,NA,NA,NA,NA,NA
MORN3,3,0,0,NA,NA,NA,NA,NA
MPP2,2,0,0,NA,NA,NA,NA,NA
MTHFSD,2,0,0,NA,NA,NA,NA,NA
MTO1,3,0,0,NA,NA,NA,NA,NA
NEK8,3,0,0,NA,NA,NA,NA,NA
NPHP1,2,0,0,NA,NA,NA,NA,NA
OTULINL,2,0,0,NA,NA,NA,NA,NA
PECR,2,0,0,NA,NA,NA,NA,NA
PGBD2,2,0,0,NA,NA,NA,NA,NA
PHEX,2,0,0,NA,NA,NA,NA,NA
PHKA2,3,0,0,NA,NA,NA,NA,NA
PHYKPL,2,0,0,NA,NA,NA,NA,NA
PITX1,2,0,0,NA,NA,NA,NA,NA
POC1B-GALNT4,2,0,0,NA,NA,NA,NA,NA
POU2F2,3,0,0,NA,NA,NA,NA,NA
POU6F1,3,0,0,NA,NA,NA,NA,NA
PRDM1,2,0,0,NA,NA,NA,NA,NA
PTPN22,2,0,0,NA,NA,NA,NA,NA
RAD52,2,0,0,NA,NA,NA,NA,NA
RASGRP3,2,0,0,NA,NA,NA,NA,NA
RBBP8,2,0,0,NA,NA,NA,NA,NA
REPS2,2,0,0,NA,NA,NA,NA,NA
RNF144A,2,0,0,NA,NA,NA,NA,NA
RNF180,2,0,0,NA,NA,NA,NA,NA
RNFT2,2,0,0,NA,NA,NA,NA,NA
RSKR,2,0,0,NA,NA,NA,NA,NA
SEMA5A,2,0,0,NA,NA,NA,NA,NA
SEMA6D,2,0,0,NA,NA,NA,NA,NA
SETDB2,3,0,0,NA,NA,NA,NA,NA
SLCO3A1,2,0,0,NA,NA,NA,NA,NA
SLIT3,2,0,0,NA,NA,NA,NA,NA
SNX16,2,0,0,NA,NA,NA,NA,NA
SPATA6,3,0,0,NA,NA,NA,NA,NA
SSPN,3,0,0,NA,NA,NA,NA,NA
SUCLA2,2,0,0,NA,NA,NA,NA,NA
SULT1E1,2,0,0,NA,NA,NA,NA,NA
TAF1B,3,0,0,NA,NA,NA,NA,NA
TCF7,2,0,0,NA,NA,NA,NA,NA
TDRD9,2,0,0,NA,NA,NA,NA,NA
TMA7B,2,0,0,NA,NA,NA,NA,NA
TMEM163,2,0,0,NA,NA,NA,NA,NA
TMOD1,3,0,0,NA,NA,NA,NA,NA
TNFRSF10C,2,0,0,NA,NA,NA,NA,NA
TONSL,2,0,0,NA,NA,NA,NA,NA
TTC39B,3,0,0,NA,NA,NA,NA,NA
TTLL7,4,0,0,NA,NA,NA,NA,NA
VDR,3,0,0,NA,NA,NA,NA,NA
VSIG10L,3,0,0,NA,NA,NA,NA,NA
WDR4,2,0,0,NA,NA,NA,NA,NA
YPEL1,3,0,0,NA,NA,NA,NA,NA
ZBTB25,2,0,0,NA,NA,NA,NA,NA
ZC3H6,2,0,0,NA,NA,NA,NA,NA
ZCCHC4,2,0,0,NA,NA,NA,NA,NA
ZNF107,2,0,0,NA,NA,NA,NA,NA
ZNF17,2,0,0,NA,NA,NA,NA,NA
ZNF225,2,0,0,NA,NA,NA,NA,NA
ZNF383,3,0,0,NA,NA,NA,NA,NA
ZNF397,2,0,0,NA,NA,NA,NA,NA
ZNF429,2,0,0,NA,NA,NA,NA,NA
ZNF470,2,0,0,NA,NA,NA,NA,NA
ZNF484,2,0,0,NA,NA,NA,NA,NA
ZNF585A,2,0,0,NA,NA,NA,NA,NA
ZNF585B,2,0,0,NA,NA,NA,NA,NA
ZNF596,2,0,0,NA,NA,NA,NA,NA
ZNF607,2,0,0,NA,NA,NA,NA,NA
ZNF626,2,0,0,NA,NA,NA,NA,NA
ZNF649,4,0,0,NA,NA,NA,NA,NA
ZNF714,2,0,0,NA,NA,NA,NA,NA
ZNF790,2,0,0,NA,NA,NA,NA,NA
ZNF8,4,0,0,NA,NA,NA,NA,NA
ZNF813,2,0,0,NA,NA,NA,NA,NA
ZNF844,3,0,0,NA,NA,NA,NA,NA
ZSCAN20,2,0,0,NA,NA,NA,NA,NA
