baseMean,log2FoldChange,lfcSE,stat,pvalue,padj,groupID,normCount_Control,normCount_Experimental
242.467197754101,0.206492012002457,0.337017683076841,0.612703790843452,0.540072215512211,0.996294710336961,AACS,217.419031720916,267.515363787286
929.491493623057,0.118349566531607,0.182786561781747,0.647474110667504,0.517325144874834,0.994447194724684,AAGAB,882.1620544531,976.820932793013
389.867909220991,-0.363602910572909,0.260719736692195,-1.39461214247151,0.163132831467707,0.975339452879178,AAK1,440.768659488339,338.967158953643
724.902991640706,-0.175981358712627,0.199679913756209,-0.88131728125386,0.37814611514497,0.992443630108828,AARS1,772.036314565977,677.769668715434
73.4593987131132,-0.0251939226895802,0.647580957016086,-0.0389046688551009,0.968966394180756,0.998879356112684,AARS2,73.8427096566259,73.0760877696004
182.074749131654,0.268644431596805,0.373132049769089,0.719971473270802,0.471542559717958,0.994447194724684,AASDHPPT,164.361401923338,199.788096339971
91.840791020306,-0.397054265040781,0.54122212398457,-0.733625340585856,0.463177112283421,0.994447194724684,AASS,104.721141361941,78.9604406786713
22.6681137106477,2.41812193860795,1.23255487416367,1.96187771375999,0.0497767230605663,0.857187196127094,ABAT,12.6391431379832,32.6970842833122
48.8167209930973,-0.505307926684335,0.896680726514583,-0.563531602433876,0.573072946868184,0.996294710336961,ABCA1,48.9725733952731,48.6608685909215
69.1718118479968,-0.85191076811029,0.886493678492465,-0.960989106610455,0.336557645121488,0.986983139323132,ABCA5,83.8033227705862,54.5403009254074
65.4710417203113,0.940119049181513,0.640615404895651,1.46752488622194,0.142233324504328,0.974401534329554,ABCB10,46.2375581368087,84.7045253038139
96.6698628501113,-0.147656099694474,0.572674515298606,-0.25783598841915,0.796533488531081,0.996294710336961,ABCB7,102.859449080853,90.4802766193693
43.0195721933056,0.572739281475429,0.747632232073832,0.766070879377052,0.443634129066468,0.994447194724684,ABCB8,33.829514582905,52.2096298037061
285.494884688127,-0.152803246771536,0.306931166719583,-0.497842067994157,0.618595362366305,0.996294710336961,ABCC4,302.509961186348,268.479808189906
151.902201644183,0.664912752238085,0.439520105424865,1.51281532751577,0.130326574338959,0.974401534329554,ABCC5,117.862945130921,185.941458157445
177.323545760489,0.621369918301865,0.422627635478978,1.47025387395135,0.141493008575868,0.974401534329554,ABCD3,153.185144783485,201.461946737492
667.059967356501,0.28539043117094,0.195998902312905,1.45608178312818,0.145370012779997,0.974401534329554,ABCE1,610.804496726389,723.315437986613
519.00629505924,0.038758944205643,0.225716108548092,0.171715454669842,0.863661235219519,0.996577394764533,ABCF2,504.931357704722,533.081232413758
159.312829996667,-0.866087061074289,0.459342130042756,-1.8854945027439,0.0593631059383493,0.883471068233563,ABCG1,204.945315065035,113.6803449283
350.6061114841,-0.0451800292566206,0.294206173782023,-0.153565877547133,0.877952043506604,0.996577394764533,ABHD10,355.944323413192,345.267899555007
78.4654781025743,0.296651816325375,0.546783858588865,0.542539454421664,0.587446935349235,0.996294710336961,ABHD11,64.9439515343075,91.9870046708411
159.321194474789,-0.281480775752251,0.387214678584861,-0.726937255532171,0.467264393392383,0.994447194724684,ABHD13,173.133682256143,145.508706693434
116.377083422461,-0.0453327683985788,0.447021783578619,-0.101410647229915,0.919224484781206,0.996577394764533,ABHD15,119.746922126405,113.007244718517
72.1452853951779,-0.698286423115077,0.649065981664312,-1.07583272400836,0.282002074194011,0.982783504448174,ABHD17B,89.385933283426,54.9046375069297
35.2717611722702,2.14794716613578,1.23742523904475,1.73581974761879,0.0825957112550827,0.941807879236941,ABHD18,14.4845770386148,56.0589453059256
644.90419561042,-0.0564446131620281,0.211623989475618,-0.266721241301102,0.789683798014984,0.996294710336961,ABHD2,660.842994832782,628.965396388059
113.752361596817,0.0845400804841778,0.478792013074491,0.176569529515157,0.859846529904084,0.996304623708877,ABHD4,111.564374177892,115.940349015742
275.592322148857,-0.0133778935074126,0.319694961356137,-0.0418458065484171,0.966621618627039,0.998879356112684,ABHD5,273.488865687895,277.695778609819
33.824249039364,-0.48493417562814,0.843097826188417,-0.575181385320956,0.565168630700875,0.996294710336961,ABHD6,37.325244198654,30.323253880074
470.855384163127,0.254103553154879,0.23135894772923,1.0983087347556,0.27206969905067,0.982783504448174,ABI1,430.574051740427,511.136716585827
398.866712790858,-0.238545574076332,0.273477477310676,-0.872267714409766,0.383062346293439,0.992443630108828,ABI2,437.563096387398,360.170329194317
107.041334097705,-0.423690885514389,0.505611326288303,-0.837977441337613,0.402043373222939,0.992443630108828,ABI3,119.14677708442,94.9358911109901
167.504697688551,-0.391442198075127,0.383855768047443,-1.01976375154208,0.307840518361314,0.986152964913951,ABI3BP,194.678771020574,140.330624356527
2354.91466664989,-0.0199940087479719,0.119386104937048,-0.167473499185812,0.866997497617419,0.996577394764533,ABL2,2384.5341657223,2325.29516757747
259.612574793069,-0.255893994136535,0.311222944230829,-0.822220851258134,0.410951213598324,0.992443630108828,ABLIM1,289.106056094404,230.119093491734
288.858627594508,-0.201539781035917,0.300923246539836,-0.669738158661124,0.503024721949188,0.994447194724684,ABLIM3,306.541848126582,271.175407062434
1708.28386330652,0.125699328756293,0.13499500386186,0.931140598987802,0.351780839947783,0.990443880456887,ABRACL,1632.39006138067,1784.17766523237
50.0667567763468,0.223841468887586,0.821122147577753,0.272604349484302,0.785157368132676,0.996294710336961,ABRAXAS1,47.7678247441971,52.3656888084964
177.257683919753,0.110281270552472,0.370492844018637,0.297661000294312,0.765961912079727,0.996294710336961,ABRAXAS2,163.547176126216,190.968191713289
640.071971946991,0.0236151980593175,0.204272449682356,0.115606378129009,0.907964507788144,0.996577394764533,ABT1,638.579519795995,641.564424097986
435.909735492214,-0.338967946992028,0.281412727246399,-1.20452244754103,0.228387711218465,0.98168489642748,ACAA2,487.147271661328,384.672199323101
117.477549370064,-0.0132152094811175,0.500321641519071,-0.0264134276522471,0.978927584169318,0.998987745956335,ACAD8,111.892735438181,123.062363301947
125.069190224354,-0.0544188946103772,0.469339168421656,-0.115947907764406,0.907693826810146,0.996577394764533,ACADM,127.982839150055,122.155541298653
71.3650213869268,0.0436804104731086,0.574854663841502,0.0759851371496433,0.939430922846074,0.998879356112684,ACADSB,71.7375867657799,70.9924560080737
111.212144396035,-0.3551468246016,0.505857970242869,-0.702068259260776,0.48263659574542,0.994447194724684,ACAP2,116.370608410634,106.053680381435
19.5385230542255,-1.7096205865661,1.14926180438936,-1.48758148929736,0.13686129808549,0.974401534329554,ACAP3,32.286291868013,6.790754240438
436.41358647057,0.519656929131563,0.241234399320324,2.15415765991788,0.0312278099929244,0.742691457963059,ACBD3,360.289248417978,512.537924523162
118.732018033284,0.270601660859064,0.487113421316821,0.555520847952705,0.578538454260673,0.996294710336961,ACBD5,106.400782055646,131.063254010922
7.8427495042791,-0.789108453313023,2.17182856985461,-0.363338278290469,0.716352202366104,0.996294710336961,ACCS,9.65786746520218,6.02763154335603
60.1564942495434,1.32986746977117,0.716981993197219,1.85481292750594,0.063622945335244,0.891663350651627,ACE,46.6479414983372,73.6650470007497
204.25319474638,1.05677251810625,0.341720524405706,3.09250525687359,0.00198474718380782,0.407851177625858,ACER3,133.444869342039,275.061520150721
262.828410900976,0.177491429090777,0.303941390838315,0.583965969890543,0.559243207444925,0.996294710336961,ACIN1,247.615405277265,278.041416524686
1691.7732954831,0.0135795214374376,0.143693886905512,0.0945031255669701,0.924709499715738,0.996580054638504,ACLY,1689.1965969858,1694.3499939804
703.811764122973,-0.0189433981666548,0.213327352290072,-0.0887996685061579,0.929241121145415,0.997480238800445,ACO1,699.294254354806,708.329273891141
536.980763253454,-0.423630413085774,0.23103560328919,-1.833615282903,0.0667111219973969,0.903548220102363,ACO2,609.278287964405,464.683238542503
34.7585561115864,2.02466062587077,0.995674468321456,2.03345640597174,0.0420064336057284,0.82869888739163,ACOT11,13.8080091352262,55.7091030879466
334.567218614289,-0.153798971340557,0.296729020511875,-0.518314558768957,0.604238816770035,0.996294710336961,ACOT13,346.954294952818,322.180142275759
621.823340679103,0.288034076360067,0.200701045904675,1.43513988709791,0.151247239267231,0.974401534329554,ACOT9,562.283471982039,681.363209376167
300.935090240345,-0.0852821946434854,0.282435489896327,-0.30195282708554,0.762688023901562,0.996294710336961,ACOX1,309.887339089303,291.982841391386
231.088932236048,0.318493642411873,0.364960490148396,0.872679785919762,0.382837638620623,0.992443630108828,ACOX3,214.356844996533,247.821019475564
673.034058935765,0.184929466080761,0.192234787518151,0.961997921751287,0.336050647887191,0.986943211920092,ACP1,631.297630816655,714.770487054876
307.115936387583,0.16065059373878,0.316924888548526,0.506904315639389,0.612221957447427,0.996294710336961,ACP2,290.817906696816,323.41396607835
930.763157887337,-0.357148725162634,0.18595391424104,-1.92063031649705,0.054778330325074,0.869042076164583,ACSL3,1048.38608871828,813.140227056393
1265.75607504151,0.15920056623744,0.175717697341716,0.906001891931495,0.364934851051261,0.992443630108828,ACSL4,1192.64076968423,1338.87138039879
28904.9918165328,-0.172898956268543,0.0838108010147619,-2.06296747167576,0.0391157187903914,0.810377133390495,ACTB,30671.1692058372,27138.8144272283
209.098678485207,-0.108923519311413,0.342727341011924,-0.317813918754801,0.750626092054966,0.996294710336961,ACTL6A,221.223367832949,196.973989137465
16595.4285361,-0.10849034132286,0.0675509881522309,-1.60605113693333,0.108262674701244,0.961015869502668,ACTN1,17240.3843925807,15950.4726796194
867.638010820057,0.246145277022952,0.196535295139601,1.25242276125574,0.210415856726422,0.98168489642748,ACTR10,800.070773144833,935.20524849528
1820.09877824097,-0.201079214461409,0.142435303240328,-1.411723146488,0.158031495224562,0.974401534329554,ACTR1A,1949.81698132681,1690.38057515513
6048.67799477545,-0.00322561096464653,0.09049166745351,-0.0356453920611384,0.971565113670668,0.998879356112684,ACTR2,6081.87723286915,6015.47875668174
2626.9526974748,-0.128670001289387,0.120380206102301,-1.06886344072248,0.285131207718414,0.982783504448174,ACTR3,2754.73950469531,2499.16589025428
36.6994385040698,0.0129826029590184,0.82955837798103,0.0156500172906642,0.987513602530635,0.998987745956335,ACTR3B,34.8752185630052,38.5236584451344
79.7738896444803,0.654682584818461,0.558888845239104,1.17140034265378,0.241437894609943,0.98168489642748,ACTR6,62.4177360207627,97.130043268198
219.918962339786,0.294142987732471,0.402955692476384,0.729963599533243,0.465412434858167,0.994447194724684,ACTR8,195.366249423542,244.471675256031
57.9652621385926,0.333516592477606,0.646483624477504,0.515893334107508,0.605928910000401,0.996294710336961,ACTRT3,45.1795247563743,70.7509995208108
40.2801512872366,0.103214458897826,0.791428397413893,0.130415409953818,0.896237775331736,0.996577394764533,ACVR2A,37.331377901509,43.2289246729643
1796.10737735567,-0.184059171829319,0.137142642069849,-1.34210023265831,0.179563498473298,0.98168489642748,ACVRL1,1912.9846700559,1679.23008465544
110.191793279692,-0.206524632424074,0.462326807246668,-0.446707024526669,0.655086609287628,0.996294710336961,ACYP2,117.090484331527,103.293102227856
14.5711357933416,0.633719109363341,1.5186805732728,0.417282686376675,0.676471650905504,0.996294710336961,ADAL,11.4479638021618,17.6943077845213
1067.47747140968,0.164065380547337,0.203489521482672,0.806259601732409,0.420093178829809,0.992443630108828,ADAM10,1006.20334569338,1128.75159712597
140.658783090364,0.234346902450286,0.427483972429898,0.548200441570277,0.58355427894817,0.996294710336961,ADAM12,129.430311333643,151.887254847085
1155.13894160416,0.0368082098674432,0.16862745082722,0.218281244761019,0.827209986653338,0.996294710336961,ADAM17,1140.50385360377,1169.77402960455
205.491447893418,0.0536790274212049,0.362921237184576,0.14790820134316,0.882415215665701,0.996577394764533,ADAM23,202.303741496917,208.679154289919
644.326416489164,0.414246914304228,0.21044944073668,1.96839161393898,0.0490229960519578,0.857187196127094,ADAMTS1,563.021482527773,725.631350450554
167.418139474739,0.482423250608329,0.446148545659122,1.08130633911541,0.279560868560809,0.982783504448174,ADAMTS7,139.074467118889,195.761811830589
356.305197654641,-0.326533411472315,0.281790559545492,-1.15878052124596,0.246545659285735,0.98168489642748,ADAMTSL1,394.031443139319,318.578952169963
24.3917521683604,-0.408335916402596,1.23458107910927,-0.330748561849987,0.740834417679612,0.996294710336961,ADAMTSL5,24.1971688597379,24.5863354769829
575.594507272169,0.0563009195854424,0.213782110739494,0.263356552102005,0.792275775251911,0.996294710336961,ADAR,568.279032427931,582.909982116406
89.1542931590737,1.01303288539173,0.516551868053584,1.96114455883963,0.0498621620692686,0.857187196127094,ADARB1,57.2162927561471,121.092293562
219.58197292026,0.336693802255616,0.3419734377294,0.98456127028801,0.324839621573693,0.986152964913951,ADAT1,194.660009688563,244.503936151956
57.0043283209078,-0.367420763759519,0.688643321337068,-0.53354291310941,0.593657813520223,0.996294710336961,ADAT2,64.6870303540266,49.3216262877889
228.979709166224,-0.42876731028917,0.338517747389901,-1.26660216072902,0.205297579466699,0.98168489642748,ADD3,263.548005712595,194.411412619854
81.2886802058499,-0.126701509844513,0.626750197535614,-0.202156314178606,0.839794524210598,0.996294710336961,ADGRA2,86.1724238552142,76.4049365564857
161.259608329982,-0.131195297354472,0.382986788900876,-0.342558284401889,0.731930789374492,0.996294710336961,ADGRA3,156.678356322916,165.840860337048
119.600573198633,-0.422904852142808,0.682232233224928,-0.61988400950176,0.535334154106945,0.996294710336961,ADGRF5,127.635545568872,111.565600828393
743.250405069475,-0.246781115975624,0.190288081530435,-1.29688162280491,0.194671920549128,0.98168489642748,ADGRG6,808.404796410605,678.096013728346
124.155750072539,0.398318537306767,0.443107517756851,0.898920738973647,0.368694880495615,0.992443630108828,ADGRL2,107.881387458586,140.430112686491
1450.98120098945,0.13711462497027,0.137949192517878,0.993950181712738,0.320247121838607,0.986152964913951,ADGRL4,1377.44886427426,1524.51353770464
469.636356620687,-0.409114233026511,0.229276491220799,-1.78437061230374,0.0743634630995012,0.926371049184813,ADH5,537.4213996656,401.851313575773
291.003645342596,-0.334304417741899,0.315417813926596,-1.05987805057738,0.289200082494343,0.983627823676635,ADK,326.977543422234,255.029747262957
413.719285907308,-0.0926953438243857,0.300190692212232,-0.308788201064045,0.757482645023495,0.996294710336961,ADNP,426.341134022055,401.097437792561
252.615828262978,0.212887154109808,0.306205886238019,0.695241873777459,0.486903734510336,0.994447194724684,ADNP2,234.715048504744,270.516608021212
166.6072950686,0.179193057336076,0.398876712608705,0.449244219257952,0.653255491875473,0.996294710336961,ADO,158.761869701741,174.45272043546
8.02646410246851,0.388600084482435,1.88647506739446,0.205992695688873,0.836796616950803,0.996294710336961,ADRB1,3.8957520654795,12.1571761394575
593.76453046391,-0.361184789058235,0.217806466253824,-1.6582831321331,0.0972603320155068,0.950315102270568,ADSL,660.773518495049,526.75554243277
427.375073572172,-0.048075270137268,0.247547734224127,-0.194206060047155,0.846014537977654,0.996294710336961,ADSS2,435.257423810193,419.492723334152
106.673517384346,-0.634144818954411,0.509356296827016,-1.24499259733266,0.213134471348647,0.98168489642748,ADTRP,130.181464100526,83.1655706681664
91.3273951933288,-0.472237334897167,0.559715071209915,-0.843710236132017,0.398831346148776,0.992443630108828,AEBP2,106.19391417813,76.4608762085277
768.882759020329,-0.256133344460632,0.187869575994176,-1.36335722857315,0.172769953976264,0.98168489642748,AFAP1,840.521761440576,697.243756600081
49.9483823811829,-0.849310330506927,0.725122244122102,-1.17126503481517,0.241492261263636,0.98168489642748,AFAP1L1,60.3816656242344,39.5150991381314
120.64924100102,0.0889223580872839,0.463317543239038,0.191925299149327,0.847800719966618,0.996294710336961,AFDN,123.099081255,118.19940074704
869.396188122822,-0.0148489415269439,0.173479756460889,-0.085594664356654,0.931788640120908,0.997480238800445,AFF4,869.287908124408,869.504468121235
15.7579604847375,-1.89952251458165,1.38602733033572,-1.37047984048161,0.170537164159821,0.98168489642748,AFG1L,21.7836255862547,9.73229538322026
208.786665285026,-0.556725735224017,0.345020598551122,-1.61360144165864,0.106613903951216,0.961015869502668,AFG3L2,249.980044544098,167.593286025954
231.108742557591,-0.295422493136119,0.4025070420082,-0.733956085990913,0.46297550268421,0.994447194724684,AFTPH,253.905453316404,208.312031798777
178.277064357871,-0.0584793660962876,0.386706493803794,-0.151224163631342,0.879798889668475,0.996577394764533,AGA,183.72244035862,172.831688357122
44.606343997989,0.951700876044239,0.7559429094081,1.25895866499947,0.20804526233736,0.98168489642748,AGAP1,37.5215435543562,51.6911444416218
370.945916886235,0.0961970838077219,0.258799435307063,0.371705153427344,0.710112387627656,0.996294710336961,AGFG1,359.452397554038,382.439436218431
93.3721277765221,0.606048905488748,0.540460180492246,1.12135718294133,0.262135853974696,0.982783504448174,AGGF1,73.942801137393,112.801454415651
265.846457226899,0.249975212819647,0.345976757525006,0.722520248492647,0.469974680859681,0.994447194724684,AGL,240.683937912487,291.00897654131
150.574147675964,-0.902604782986271,0.45255543254085,-1.99446237540149,0.0461015477785583,0.846580529316298,AGO1,187.546204381654,113.602090970274
412.448595755577,-0.259476646532211,0.256990092358822,-1.00967568107613,0.312650697399631,0.986152964913951,AGO2,451.563938744303,373.33325276685
65.6488086963346,-0.478684254140417,0.597514366687718,-0.801125932408908,0.423058744799756,0.994447194724684,AGO3,76.9423188039292,54.3552985887399
86.5861287003627,0.644559539018519,0.540857197308863,1.1917370097424,0.233364381462101,0.98168489642748,AGO4,71.6707406195403,101.501516781185
607.845467779103,0.224001203684837,0.229808474595003,0.974729953190802,0.329694230925609,0.986152964913951,AGPAT3,562.614364818064,653.076570740142
79.7911473709277,-1.00232554468592,0.78994677225865,-1.26885200355972,0.204493853448485,0.98168489642748,AGPAT4,75.3912802523939,84.1910144894615
431.112155258787,-0.291983349929627,0.249004604970124,-1.1726022093634,0.240955363018656,0.98168489642748,AGPS,462.156477959732,400.067832557842
42.7904082898862,0.410512674176596,0.857859708869002,0.478531244599206,0.632272141531612,0.996294710336961,AGTPBP1,50.1970903097727,35.3837262699997
137.843753697068,0.246498195304246,0.448623941340613,0.549453947035553,0.582693960822339,0.996294710336961,AHCTF1,128.648117954965,147.039389439172
2491.11474153984,0.0394363995900123,0.131256576154096,0.300452752506007,0.763831830508025,0.996294710336961,AHCYL1,2458.15264357379,2524.0768395059
52.0549815430422,-0.461362037452417,0.74957633976624,-0.615497065444055,0.538226506713422,0.996294710336961,AHCYL2,61.0643807298963,43.0455823561881
32.4089342936482,0.77244574736423,0.85727706579243,0.901045622456043,0.367564063113907,0.992443630108828,AHDC1,24.1752476194766,40.6426209678199
71.7471485208267,-0.148108642374216,0.566566350361844,-0.261414470308066,0.793772899215716,0.996294710336961,AHI1,75.0584054284142,68.4358916132391
221.35446740414,0.0242179303923808,0.34279089013719,0.0706492823735439,0.943676886712307,0.998879356112684,AHR,221.08047579886,221.62845900942
386.821178502784,-0.262815059201431,0.298281150968463,-0.881098448051846,0.378264537178783,0.992443630108828,AIDA,427.31236687918,346.329990126389
17.7393498571253,-1.00648558556958,1.55692766371144,-0.646456228525287,0.51798393570122,0.994447194724684,AIF1L,19.3271528941661,16.1515468200845
132.344103204513,-0.0736612820434136,0.561266635454085,-0.131241155968266,0.895584539746913,0.996577394764533,AIFM2,138.417824968388,126.270381440637
109.819802202087,-0.275949039068804,0.542156432627063,-0.508984164831672,0.610763323674859,0.996294710336961,AIG1,119.438027650029,100.201576754144
334.695678457658,0.434815757258736,0.268274568592513,1.62078634415469,0.105063468190864,0.961015869502668,AIMP1,287.308289536193,382.083067379122
310.0195283419,0.0374987506566593,0.288382619374661,0.130031243692747,0.896541707642394,0.996577394764533,AJUBA,301.619858864915,318.419197818885
944.8329517951,0.0228224804682822,0.171004525610968,0.133461265932826,0.893828595486575,0.996577394764533,AK1,939.329438326562,950.336465263637
958.19011038654,-0.242498618884359,0.168091056162566,-1.4426622356982,0.149115642314275,0.974401534329554,AK2,1026.16858851162,890.211632261458
408.685749178088,-0.377568280418743,0.275558815276679,-1.37019126040167,0.170627205735072,0.98168489642748,AK3,458.980849923416,358.39064843276
222.847720477157,0.320172927616129,0.345509575182504,0.926668754250901,0.354098545245242,0.990443880456887,AK4,199.634647448701,246.060793505614
203.727111168481,-0.307226283588813,0.370333970137201,-0.829592498562829,0.406769219432706,0.992443630108828,AKAP1,223.83948978038,183.614732556581
79.0004560972501,0.152916868946187,0.571778001746822,0.267440979679203,0.789129650873545,0.996294710336961,AKAP10,73.3818156487011,84.6190965457991
127.80701877626,0.0101419510291003,0.438840683390427,0.0231107812310038,0.98156190580521,0.998987745956335,AKAP11,125.13851754445,130.475520008069
6966.64782896267,-0.0237304649515009,0.105696615525366,-0.224514898926028,0.822356675137632,0.996294710336961,AKAP12,7117.8113705504,6815.48428737495
316.050317350818,-0.575301698211324,0.28504011399797,-2.01831836979767,0.0435581147637512,0.842267852842935,AKAP13,362.697105083509,269.403529618127
174.71872904133,0.200993039378824,0.400774145168009,0.501511990736242,0.616010841161845,0.996294710336961,AKAP8,163.842121063095,185.595337019566
255.652006344341,0.071068223355712,0.349634632585808,0.203264255689174,0.83892849213548,0.996294710336961,AKIP1,244.632981933714,266.671030754968
1059.78978901887,0.157116025701407,0.192818086503293,0.814840705821044,0.415163497209343,0.992443630108828,AKIRIN1,1005.8148985671,1113.76467947065
217.21523711916,0.103905494274929,0.393584234750516,0.263998110444623,0.791781374765004,0.996294710336961,AKIRIN2,204.772937313001,229.657536925319
502.747277954625,-0.205737335943346,0.247384861575684,-0.831648851239037,0.405607179401685,0.992443630108828,AKR7A2,532.847400813633,472.647155095617
541.183879394287,-0.501987410859793,0.216942404541411,-2.31392019426046,0.0206721001680454,0.714845395677829,AKT2,634.164314256044,448.20344453253
52.5042623846508,-0.848258057144408,0.758553152170421,-1.11825790284744,0.263456860729838,0.982783504448174,AKTIP,67.1095371349227,37.8989876343789
259.028674950971,0.212742585171519,0.319728066304752,0.665386018907522,0.505803624989995,0.994447194724684,ALAD,235.003546385182,283.05380351676
2323.94403500121,0.0505820543879548,0.11740125406206,0.430847649729673,0.666579150153722,0.996294710336961,ALCAM,2278.61688436595,2369.27118563646
248.361061275152,0.0361557477539173,0.347303617078908,0.104104149729321,0.91708669774691,0.996577394764533,ALDH16A1,253.815957356288,242.906165194016
1668.32892505564,-0.146932272977911,0.156035861267081,-0.941657076679392,0.346368237510964,0.988142440035739,ALDH1A1,1754.41121862791,1582.24663148337
147.332150341152,-0.117070747191562,0.418156067831794,-0.279969026393884,0.779501268331841,0.996294710336961,ALDH1B1,163.031559387716,131.632741294588
862.772343021295,0.0953603946615045,0.185836916175535,0.513140212526076,0.607853244221152,0.996294710336961,ALDH2,832.342827493255,893.201858549334
161.395027865153,-0.45542546415224,0.431786913732407,-1.05474587040051,0.291541566784951,0.98435505564872,ALDH3A2,188.33413936487,134.455916365436
7.57210324121971,-1.11248818668976,2.60608683427438,-0.426880705607613,0.669466219517261,0.996294710336961,ALDH3B1,8.05287525496175,7.09133122747768
22.075053739075,3.09046508692858,1.24497527099219,2.48235058071925,0.0130518793497918,0.62676812170277,ALDH5A1,7.52247465977779,36.6276328183723
120.287061285517,-0.603475122599399,0.490235356303923,-1.23099061469013,0.218326374505719,0.98168489642748,ALDH6A1,145.685595044692,94.8885275263417
165.952736090584,-0.113237989119472,0.414197747135183,-0.273391127553656,0.784552572288296,0.996294710336961,ALDH7A1,169.357126606553,162.548345574616
498.320740270331,-0.270898754164226,0.237588557351259,-1.14020118302129,0.25420249475585,0.981693019573617,ALDH9A1,545.074555575687,451.566924964975
360.896113251724,-0.377233150824128,0.265751584032835,-1.41949539904725,0.155754637287497,0.974401534329554,ALG1,395.437932896468,326.35429360698
18.2465762169225,0.108047093806167,1.59663823032808,0.0676716188763469,0.946047042360557,0.998879356112684,ALG10B,12.4252937410091,24.0678586928359
84.7573416737613,-0.193256016307531,0.5255069952661,-0.367751558111368,0.713058492536672,0.996294710336961,ALG11,91.7653682810152,77.7493150665074
233.466546344646,-0.06114791989978,0.319408643258215,-0.191441030762424,0.84818007657864,0.996294710336961,ALG12,239.400888530277,227.532204159014
78.618080932074,0.139139533252247,0.541708488953629,0.256853152737206,0.797292136182456,0.996294710336961,ALG14,75.0633110904223,82.1728507737257
458.400956263512,-0.168981138078752,0.233214914957199,-0.724572603385015,0.468714271306524,0.994447194724684,ALG2,484.40729899496,432.394613532065
839.018478102046,-0.0822560888341966,0.197075862137597,-0.417382869429062,0.676398382875592,0.996294710336961,ALG3,863.970565840821,814.066390363271
78.9805781969299,1.0439798064129,0.592423407895082,1.76221903540616,0.0780322971425269,0.93128545397408,ALG6,52.1398646313458,105.821291762514
217.092831963778,-0.655930548944756,0.355062381256001,-1.84736706441403,0.0646939592188772,0.894506455520484,ALG9,265.564577450339,168.621086477216
90.7607247219151,0.294128469277579,0.576148734070224,0.510507880837813,0.609695694822012,0.996294710336961,ALKBH1,82.7659054701788,98.7555439736515
30.5392664809685,-0.420212187670589,1.14119179187383,-0.368222231059518,0.712707535105533,0.996294710336961,ALKBH4,22.2548518817958,38.8236810801412
556.406569251974,-0.0241712855718876,0.212794314045343,-0.11358990337842,0.909562891481608,0.996577394764533,ALKBH5,558.970939999097,553.84219850485
319.652608807594,-0.256789891119228,0.306023295954851,-0.839118768125134,0.40140266517956,0.992443630108828,ALKBH7,347.685661080825,291.619556534363
129.387391728776,-0.488481034776255,0.444358151092188,-1.09929576755961,0.271639077885203,0.982783504448174,ALPK3,153.875737720415,104.899045737138
160.380322113103,0.0551457289807214,0.394428894534981,0.1398115851673,0.888808859566053,0.996577394764533,ALS2,155.109075777626,165.651568448579
14.2970468439077,-0.021813662228313,1.57296895226007,-0.0138678275861521,0.988935429128456,0.998987745956335,ALS2CL,14.855318129727,13.7387755580884
37.5548645766399,-0.152703764537532,0.792047172039017,-0.192796300432987,0.847118500961005,0.996294710336961,AMACR,38.6569932281886,36.4527359250913
434.907752787232,0.0172083313596021,0.267399540368181,0.0643543789787672,0.948688054985969,0.998879356112684,AMD1,427.952885016975,441.862620557489
52.954451467057,-0.0449364005636067,0.671753981512745,-0.0668941335671921,0.94666598331435,0.998879356112684,AMDHD2,53.2494139642445,52.6594889698696
275.223657243715,-0.338077412883699,0.369417016223709,-0.915164700152765,0.360105173111593,0.992443630108828,AMFR,312.158280560568,238.289033926861
23.0199567314145,0.309203616559359,1.03561857282164,0.298569014378435,0.765268910535932,0.996294710336961,AMIGO1,16.4416913726583,29.5982220901706
358.043772042818,0.238156722463187,0.287852394824878,0.827357099488701,0.408034688812436,0.992443630108828,AMIGO2,330.976531751968,385.111012333667
71.6739166060232,0.448502264316519,0.601062667165289,0.746182201652499,0.455557358222425,0.994447194724684,AMMECR1,58.9735843521023,84.374248859944
306.10810307527,-0.26925976034988,0.301253646680513,-0.893797513546572,0.37143023979388,0.992443630108828,AMMECR1L,338.067787486101,274.148418664439
89.7732065213881,0.28101055907568,0.54117458548522,0.51926045053229,0.603579129077407,0.996294710336961,AMN1,80.9045249173313,98.641888125445
377.872952485306,-0.345874189422848,0.25283034081153,-1.36800903053276,0.171309249430513,0.98168489642748,AMOTL1,426.252586119643,329.493318850969
312.536080008103,-0.211092819493298,0.27713321338396,-0.761701626866482,0.446238104151877,0.994447194724684,AMOTL2,334.509986895493,290.562173120713
59.1164424287074,0.0671428009325982,0.674766389202864,0.0995052539767391,0.920737116535004,0.996577394764533,ANAPC10,56.0043398508341,62.2285450065808
1201.87389874817,-0.0376496099323862,0.153106649899515,-0.245904472190436,0.805756181807352,0.996294710336961,ANAPC13,1212.62175329979,1191.12604419654
424.87395099168,0.0727361206757285,0.296912715472781,0.244974758187466,0.806475975999076,0.996294710336961,ANAPC16,417.504753726802,432.243148256559
538.215404937845,-0.292553727199702,0.223684847394209,-1.30788352723831,0.19091281756532,0.98168489642748,ANAPC5,595.785538366573,480.645271509117
326.510550759406,-0.340554020849306,0.282766268232533,-1.20436579291435,0.228448227314543,0.98168489642748,ANAPC7,366.68437722066,286.336724298151
134.403542160135,-0.462404694413698,0.433118520610809,-1.06761699721727,0.285693313273661,0.982783504448174,ANGEL1,157.6844180326,111.12266628767
63.454169179561,-0.171286643703394,0.62847601787631,-0.272542847827656,0.785204649891646,0.996294710336961,ANGEL2,67.7172752787723,59.1910630803497
48.8612908289305,0.806273106186421,0.726614046140114,1.10963049843238,0.267158283396052,0.982783504448174,ANGPT1,35.5911002584622,62.1314813993987
224.859710824277,-0.101011361242367,0.34202326315368,-0.295334768491991,0.767738158970831,0.996294710336961,ANGPT2,223.757637042679,225.961784605874
119.543209251645,-0.766437529824119,0.450895855728295,-1.69981054402497,0.0891665675755849,0.94617021594231,ANGPTL2,148.36220670073,90.7242118025608
22.1460619627099,1.78414152671234,1.18753458703536,1.50239121133001,0.132996104766444,0.974401534329554,ANK3,9.85814592157675,34.433978003843
12.861173119505,5.45543061807932,1.74428225305578,3.12760770713686,0.00176235233844771,0.390612807585946,ANKEF1,1.89610041114773,23.8262458278624
447.435060961894,-0.0399122693745634,0.241795503454653,-0.165066218371793,0.868891862062627,0.996577394764533,ANKFY1,455.145878797325,439.724243126463
80.3668127449707,0.340664992235594,0.601664932882049,0.566203834755279,0.571255223405356,0.996294710336961,ANKH,72.5434503891663,88.1901751007751
401.970626507246,-0.0819821486902349,0.244933689640699,-0.334711606273915,0.737842645437889,0.996294710336961,ANKIB1,412.493259881634,391.447993132859
501.224583443939,0.271936836628871,0.232253144809635,1.17086395902954,0.241653464035144,0.98168489642748,ANKLE2,452.104750371836,550.344416516043
13317.0174848145,0.313529500255477,0.0819360849227223,3.82651307480924,0.000129971249155843,0.123833006087085,ANKRD1,11909.9804257505,14724.0545438785
171.625437180416,0.962592933911318,0.416680723712923,2.31014510422735,0.020880122045319,0.714845395677829,ANKRD12,121.601033179702,221.649841181131
124.639231873624,0.624381133778821,0.463329870944398,1.34759525110297,0.177788598825718,0.98168489642748,ANKRD13C,96.3148539477047,152.963609799544
254.870778556772,-0.280197750951437,0.326180449434067,-0.859026809968497,0.390325724835227,0.992443630108828,ANKRD17,281.568837449766,228.172719663779
114.364870249054,0.303184016347026,0.468193989434766,0.647560676105751,0.517269138254765,0.994447194724684,ANKRD28,104.027936479198,124.701804018911
131.11203733042,0.173837905469998,0.465342036152029,0.373570174118559,0.708724127500753,0.996294710336961,ANKRD39,123.087835905466,139.136238755373
207.481311070548,-0.529321394655185,0.404511063666762,-1.30854614916353,0.190688132388575,0.98168489642748,ANKRD40,243.933881207658,171.028740933437
769.773626440557,-0.125342306940073,0.192729443881473,-0.650353700066488,0.515463777187585,0.994447194724684,ANKRD50,798.878613876435,740.668639004679
617.876479883929,-0.0391855533720866,0.200328775842422,-0.19560621387169,0.844918396272804,0.996294710336961,ANKRD52,630.602495691852,605.150464076005
43.5587551669205,0.167946195325477,0.854862173290014,0.196459968136292,0.844250162856717,0.996294710336961,ANKRD6,40.6968868612693,46.4206234725716
176.030803764332,0.0031977237104993,0.413695049258754,0.00772966395471466,0.99383268188425,0.998987745956335,ANKRD9,178.168956965623,173.892650563041
98.7693653752928,0.151884313559227,0.521509212375629,0.29123994352343,0.770867815445028,0.996294710336961,ANKS1A,93.7495457515253,103.78918499906
22.0368330643057,1.84896327693391,1.25678627945915,1.47118353148286,0.141241489657055,0.974401534329554,ANKS6,23.4166711142665,20.6569950143449
294.665795530834,-0.205303028626184,0.377338657941584,-0.544081620860502,0.586385307312406,0.996294710336961,ANLN,313.075636878375,276.255954183292
57.5039889118465,-0.0766471990731462,0.671942235787319,-0.114068137097139,0.909183780238551,0.996577394764533,ANOS1,59.944091886301,55.0638859373921
682.349543999115,-0.129932648366174,0.203928712033364,-0.637147398571891,0.524028836945217,0.995460348195308,ANP32A,713.080747847506,651.618340150724
1041.2703549605,-0.0991212966967947,0.159206843041559,-0.622594448851172,0.533551060008635,0.996294710336961,ANP32B,1078.68893006405,1003.85177985695
344.831075845902,0.0456314748280894,0.269312255350977,0.169437052794426,0.86545288090267,0.996577394764533,ANP32E,341.040570494519,348.621581197284
97.5869740649486,-0.0474555745489881,0.502760304404958,-0.0943900585094008,0.924799312707564,0.996580054638504,ANTXR1,99.4366189441217,95.7373291857755
786.21363141543,0.0530609194160122,0.180267460793368,0.294345519610071,0.768493892776209,0.996294710336961,ANTXR2,778.803853720574,793.623409110285
1166.15277320924,0.0228651062269963,0.17606331238451,0.129868658707616,0.896670340978554,0.996577394764533,ANXA11,1152.2347111705,1180.07083524797
30070.5413403253,0.0477261969069225,0.0642039178511315,0.743353342043462,0.457267784538889,0.994447194724684,ANXA2,29548.0105076833,30593.0721729673
622.802936217474,0.102867905100419,0.211414085962726,0.48657072508667,0.626562573783044,0.996294710336961,ANXA3,605.812370919603,639.793501515345
561.664847944054,-0.0507424993363217,0.235212867187089,-0.215730116907086,0.829198124038832,0.996294710336961,ANXA4,576.081952897307,547.247742990801
7884.56206396823,-0.063034874333859,0.0870754708590118,-0.723910806476395,0.469120495147206,0.994447194724684,ANXA5,8028.7095375047,7740.41459043176
3566.88424801101,-0.268932289497913,0.097869302272911,-2.74787173559272,0.00599834694366564,0.560424063446575,ANXA6,3907.371139403,3226.39735661902
695.742638144027,-0.134497382180684,0.192583839587932,-0.698383532431723,0.484937372070874,0.994447194724684,ANXA7,732.66573823456,658.819538053494
64.9415882701755,1.45318696269191,0.731407111221893,1.98683734461402,0.046940424726999,0.851790280279988,AOPEP,49.5874337979377,80.2957427424133
25.4928628849443,-0.0107550806601233,1.18182268695966,-0.00910041817507472,0.992739017064273,0.998987745956335,AOX1,24.8183991994546,26.167326570434
2174.98188884702,-0.130095506520163,0.147172977233572,-0.883963272100519,0.3767160396161,0.992443630108828,AP1B1,2256.7499822652,2093.21379542885
400.687976209303,-0.127713673031074,0.255277468596953,-0.500293557958755,0.616868389466693,0.996294710336961,AP1G1,419.408155512372,381.967796906234
442.246663464261,0.00929803481442255,0.248947675154305,0.037349353869882,0.970206454223698,0.998879356112684,AP1S1,440.598300971825,443.895025956697
424.282005639114,0.496078477298457,0.257491356846616,1.92658302544098,0.0540316157617248,0.869042076164583,AP1S2,353.950818961134,494.613192317095
439.691430762257,0.229210552837469,0.24377941975286,0.940237502697473,0.347095749027779,0.988142440035739,AP1S3,405.899824361804,473.48303716271
409.247878527636,0.115036636799758,0.243584012145436,0.472266778868367,0.636736379704932,0.996294710336961,AP2A1,389.304920541513,429.190836513758
515.478809331065,-0.0241791705081805,0.233215300600058,-0.103677462181804,0.917425312824058,0.996577394764533,AP2B1,519.266182058122,511.691436604009
885.310044645214,0.103068943996949,0.17177139335428,0.6000355587986,0.548482537619868,0.996294710336961,AP3D1,863.028848324734,907.591240965694
509.184560832723,0.349384414677209,0.250797189990804,1.39309541183464,0.163590940383031,0.977137031777759,AP3M1,449.244513988887,569.124607676559
62.9906471527267,-1.38671781965948,0.704752388667463,-1.96766671806741,0.0491063976383149,0.857187196127094,AP3M2,76.4319982004087,49.5492961050446
733.631405859921,0.0445500461633213,0.185519220004585,0.240137092869516,0.810223979405053,0.996294710336961,AP3S1,721.934217589711,745.328594130132
169.839605054451,-0.184148301611918,0.388348342898501,-0.474183307278969,0.635369195926652,0.996294710336961,AP3S2,178.425719031094,161.253491077808
78.678420965868,0.431020127165013,0.606033255986451,0.711215305277983,0.476950825614205,0.994447194724684,AP4B1,66.8493304317977,90.5075114999383
111.62179361075,0.0200319971984975,0.456698201817667,0.0438626583568093,0.965013880951196,0.998879356112684,AP4M1,112.16459471392,111.078992507579
25.5105964285548,1.15490910639517,0.96001445913918,1.2030121998691,0.228971599544923,0.98168489642748,AP4S1,15.5380181106257,35.4831747464839
215.863027726562,-0.2389171284863,0.339982356067178,-0.702733904341471,0.482221594461185,0.994447194724684,AP5B1,234.40332422381,197.322731229315
213.075219936903,0.114575726163623,0.371769050998739,0.30819059804957,0.757937306192113,0.996294710336961,AP5M1,204.847743285931,221.302696587875
229.404636236425,-0.144417762399188,0.328997092371936,-0.438963643593303,0.660687879959723,0.996294710336961,AP5S1,243.290871992382,215.518400480468
639.56317491972,-0.109971868953223,0.220350429055808,-0.499077171868681,0.61772501886946,0.996294710336961,AP5Z1,653.306130039983,625.820219799458
103.354016718401,-0.212531840226759,0.484281545063729,-0.438860085405053,0.660762919898936,0.996294710336961,APAF1,110.485630847935,96.2224025888667
170.740360855262,-0.0879984569544405,0.384895329619141,-0.228629578440238,0.819156833125998,0.996294710336961,APBA3,173.307226054399,168.173495656124
954.537938675508,-0.0993191284696783,0.177896247769106,-0.558298051337127,0.57664087537548,0.996294710336961,APBB2,990.449581314164,918.626296036852
158.872886416876,0.0744124940820929,0.396620233996905,0.187616484747154,0.851177302764342,0.996294710336961,APC,156.847971141051,160.897801692701
72.1813180375347,0.857573077900767,0.610991425190045,1.4035762901812,0.160445059531481,0.974401534329554,APCDD1L,50.3106756117517,94.0519604633176
413.503965284625,0.16182971502563,0.251121242616637,0.644428616788427,0.519297532736909,0.994447194724684,APEX2,391.830586467276,435.177344101974
1987.60980213467,0.0712240738381009,0.135556581965968,0.525419517113393,0.599291588803897,0.996294710336961,APH1A,1974.10563900978,2001.11396525956
192.711953827229,0.153613754710066,0.369818811009134,0.415375719506793,0.677866878389654,0.996294710336961,APH1B,182.500535389934,202.923372264525
431.447630977559,-0.173910698070916,0.246940039775093,-0.704262857612355,0.481269092414528,0.994447194724684,API5,464.743097439112,398.152164516007
343.245653452878,-0.508629824015439,0.3706549697172,-1.37224606593974,0.169986849278389,0.98168489642748,APLN,388.218356498879,298.272950406877
8203.46484330053,0.0300870999540324,0.0819193117482993,0.367277255044284,0.713412218224334,0.996294710336961,APLP2,8120.29951787749,8286.63016872358
316.963492278812,-0.483835769420532,0.288354434028758,-1.67792033803884,0.0933626515809478,0.948038963233236,APOBEC3C,370.533849099376,263.393135458248
18.5806386776617,-0.952715888689205,1.46044492011142,-0.652346333346499,0.514177776513145,0.994447194724684,APOBEC3F,24.2427722187812,12.9185051365423
19.0875076854085,-0.467752934590333,1.27694404195456,-0.366306524970635,0.714136361241015,0.996294710336961,APOL1,22.2104749382546,15.9645404325623
176.087874382571,-0.220917354113656,0.378548342568112,-0.583590863494288,0.559495608606472,0.996294710336961,APOL2,183.582093399685,168.593655365457
242.637541958508,-0.331023044948212,0.321960174699003,-1.02814904128339,0.303879724845713,0.986152964913951,APOLD1,269.388969805888,215.886114111128
212.780863272419,0.542978839733887,0.356166292018048,1.52450934269314,0.127381524812018,0.974401534329554,APOO,175.634860370121,249.926866174718
392.733209429621,0.225404700626966,0.273720155601286,0.823485943633982,0.410231707363447,0.992443630108828,APOOL,351.671617809013,433.79480105023
236.651751457963,-0.016210780590574,0.321623017231015,-0.0504030486690266,0.959801206989739,0.998879356112684,APPBP2,225.337863083337,247.965639832589
276.544767804335,0.137311008932101,0.305133549180953,0.450002988201968,0.652708285922531,0.996294710336961,APPL1,279.133518551412,273.956017057258
21.3209779013511,1.20276913077864,1.25549715682416,0.958002273634064,0.338061612069152,0.986983139323132,APPL2,15.4667355200826,27.1752202826195
272.43572860278,0.103252761003726,0.310176510135204,0.33288388265997,0.739221936056193,0.996294710336961,APTX,263.241957790884,281.629499414676
230.841964506985,-0.282320205286953,0.346604479120603,-0.814531324013034,0.415340635039914,0.992443630108828,AQR,256.002823990576,205.681105023394
175.135713948063,-0.803484772008509,0.384279006515007,-2.09088906337935,0.036538009708838,0.785555962274654,AR,213.450186065822,136.821241830303
347.914041791672,0.355002737850693,0.351713667477108,1.00935155689905,0.31280606228957,0.986152964913951,ARAP3,305.86183233485,389.966251248494
120.534727161716,0.199102961274327,0.638621560908824,0.311769870392386,0.755215423476835,0.996294710336961,ARB2A,110.946116007435,130.123338315998
1169.62655042743,-0.00932489489327513,0.15332407844807,-0.060818202774546,0.951503993437948,0.998879356112684,ARCN1,1178.72445413524,1160.52864671963
187.331370533597,-0.405974864102065,0.379371394784257,-1.07012513247852,0.284562987867521,0.982783504448174,AREL1,214.556655860548,160.106085206647
1284.80156641739,0.378945908332678,0.158044347547993,2.3977188315299,0.0164975233483349,0.667120754755207,ARF1,1111.57744982954,1458.02568300524
1686.25967144196,0.0687405358183909,0.133565601626991,0.514657479029391,0.606792391617673,0.996294710336961,ARF3,1648.49771675916,1724.02162612476
7443.07097947967,0.0293716858531081,0.0851368220541217,0.344993918547212,0.730098942686173,0.996294710336961,ARF4,7356.76496651683,7529.37699244251
1218.42058229361,-0.0492908189247672,0.165401252759689,-0.298007530791691,0.765697415889316,0.996294710336961,ARF6,1241.04636475709,1195.79479983013
314.096301566547,0.235509371403576,0.277220181978098,0.849539054924158,0.395581407975723,0.992443630108828,ARFGAP1,286.593843491598,341.598759641496
589.387938282465,0.30662116348624,0.209023834528103,1.46691961793962,0.142397923123305,0.974401534329554,ARFGAP3,528.503395868803,650.272480696126
292.267211266059,0.182703522425964,0.29475499434216,0.619848775874776,0.535357352718116,0.996294710336961,ARFGEF1,268.030955335939,316.503467196178
100.356620970989,0.857185431603127,0.509829169203127,1.68131892677487,0.0927009835172623,0.948038963233236,ARFGEF2,71.6881466707657,129.025095271212
87.3207669448537,0.576174333616729,0.536251559641074,1.07444784683214,0.282622007608576,0.982783504448174,ARFGEF3,78.5981215147322,96.0434123749752
139.204095316586,-0.275363066289897,0.41726749543803,-0.659919762024194,0.509305321630293,0.994447194724684,ARFIP1,153.799862821448,124.608327811723
309.663472848108,0.0809072237472959,0.282513282875793,0.286383786715143,0.774584191240614,0.996294710336961,ARFRP1,301.633820278487,317.69312541773
49.4269056395638,-0.498565071293325,0.687823003264477,-0.724845009438599,0.46854711973478,0.994447194724684,ARG2,57.9999336597611,40.8538776193666
120.402292937094,0.395193781588599,0.528365682212824,0.747955052518753,0.454487269318862,0.994447194724684,ARHGAP12,105.904424491042,134.900161383146
534.011033876278,-0.207625142139928,0.231699365535739,-0.896097154430501,0.370200876717106,0.992443630108828,ARHGAP18,572.466705515134,495.555362237423
179.732784138776,0.474460917173928,0.394930768467631,1.20137744398817,0.229604821667972,0.98168489642748,ARHGAP24,156.006680582117,203.458887695435
32.01293126823,-0.657050889983901,0.887255705905308,-0.74054287350396,0.458970656494965,0.994447194724684,ARHGAP26,37.965329739877,26.060532796583
441.441407657403,-0.0654172261435663,0.271670511228044,-0.24079619774652,0.809713076688216,0.996294710336961,ARHGAP29,455.554157677222,427.328657637584
431.659988425225,0.0711822470766029,0.25833918753986,0.275537938144285,0.782902982944452,0.996294710336961,ARHGAP31,414.736885232127,448.583091618323
35.8951890461942,-0.316926844267158,1.04253198409702,-0.303997238551546,0.761129994980331,0.996294710336961,ARHGAP32,36.5998494080023,35.190528684386
362.496093148137,0.0474437203185568,0.288924570881328,0.164207980559894,0.869567418809689,0.996577394764533,ARHGAP35,356.033405778622,368.958780517651
23.8103126444669,0.930208133870085,1.24629541554332,0.746378524921847,0.455438788152843,0.994447194724684,ARHGAP42,17.0266588342984,30.5939664546355
121.293068608738,-0.509958279062115,0.451102915303951,-1.13046992551247,0.258278264020305,0.982783504448174,ARHGAP5,134.623090945012,107.963046272465
2202.1721244811,-0.152155789849061,0.123538752179104,-1.23164421823258,0.218082015536388,0.98168489642748,ARHGDIA,2316.28040201644,2088.06384694577
340.204283218922,-0.149678889396201,0.285788630308391,-0.523739832598252,0.600459506751604,0.996294710336961,ARHGEF12,354.938936905884,325.46962953196
255.841922488294,0.0345129087077676,0.354838353610922,0.0972637494130942,0.922516943244834,0.996577394764533,ARHGEF15,245.030472807709,266.653372168879
131.460406088876,-0.105278904505755,0.50892719480899,-0.206864371917221,0.836115781734017,0.996294710336961,ARHGEF17,136.915077215753,126.005734961999
379.480998535811,0.307713918065503,0.264626533915991,1.16282337040015,0.2449011731024,0.98168489642748,ARHGEF28,339.041845401523,419.9201516701
3.69378795958456,-1.20889542603842,2.30148428070922,-0.525267730990495,0.599397086395977,0.996294710336961,ARHGEF39,5.21768814565301,2.16988777351612
122.399117983483,0.254154041420607,0.473503719911805,0.536751942451362,0.591438971467001,0.996294710336961,ARHGEF40,102.022323736239,142.775912230728
554.646416937769,-0.0049268985771569,0.212065558761208,-0.0232329030981628,0.981464492808627,0.998987745956335,ARHGEF7,555.506316240456,553.786517635082
67.8024120107378,-0.107156685082762,0.600820697329796,-0.178350522142453,0.858447703847809,0.996294710336961,ARHGEF9,70.7661542955903,64.8386697258852
698.149753604686,-0.472608233307756,0.220740905302036,-2.14100885679116,0.0322733238351395,0.761552272702949,ARID1A,820.725019010368,575.574488199004
313.756745623034,0.00601198928307937,0.278299757413415,0.0216025674580397,0.982764985475302,0.998987745956335,ARID1B,312.815964638269,314.697526607799
184.481487100383,0.270976550744928,0.436253000876376,0.621145413786429,0.53450395111136,0.996294710336961,ARID2,165.437472938202,203.525501262564
91.4343613704465,-0.0450245148328967,0.582794442092686,-0.0772562529443891,0.938419691939438,0.998879356112684,ARID3A,94.8802305027063,87.9884922381868
33.3877355569557,-0.653274710121698,0.857300419646274,-0.762013752881681,0.446051795991875,0.994447194724684,ARID4A,43.4780264423773,23.2974446715341
153.538093676881,0.222987701437984,0.444224707136115,0.50197050694359,0.615688267299638,0.996294710336961,ARID4B,140.549315792528,166.526871561234
818.03341782015,-0.105512051104996,0.17874858567258,-0.590281879478844,0.555001685779096,0.996294710336961,ARIH1,842.220736802221,793.846098838079
507.881413615935,0.302644389313298,0.237350901980584,1.27509264463657,0.202276452497557,0.98168489642748,ARIH2,460.490292840762,555.272534391107
129.032260167708,-0.0506831279186389,0.489640515263787,-0.10351089490896,0.917557503056267,0.996577394764533,ARK2N,127.831923669307,130.23259666611
541.555992509459,0.258701355946434,0.223081540045697,1.15967173210944,0.246182483450647,0.98168489642748,ARL1,493.98665424189,589.125330777027
95.3924370190007,-0.336248673530602,0.502880649769601,-0.668645082455762,0.503721907169217,0.994447194724684,ARL10,106.831938986666,83.9529350513355
174.164924302683,0.108638291144211,0.425648476824766,0.255230071430364,0.79854540635741,0.996294710336961,ARL14EP,166.50331890459,181.826529700776
104.234021608332,-0.0533191981904074,0.537916739895448,-0.0991216562637012,0.92104167754894,0.996577394764533,ARL15,106.710365233816,101.757677982849
318.962127059936,-0.42818925885188,0.290460382853669,-1.47417439392276,0.140434642313012,0.974401534329554,ARL2BP,359.473781080591,278.45047303928
537.843953981241,0.184793164580554,0.222606321475859,0.830134397601077,0.406462800973927,0.992443630108828,ARL3,506.624299734387,569.063608228096
316.350709861918,-0.175866721907413,0.343450358573072,-0.512058635309287,0.60860997319857,0.996294710336961,ARL4A,335.32872788165,297.372691842185
375.598811563055,-0.217120913685581,0.25734879559515,-0.843683426547473,0.398846331242145,0.992443630108828,ARL4C,404.517566311218,346.680056814893
117.662841428273,-0.148908779867424,0.482927794347198,-0.308345847164819,0.757819183361575,0.996294710336961,ARL4D,125.738361106924,109.587321749621
892.329357054569,-0.0609057073446179,0.192254822240923,-0.316796773338118,0.751397812710224,0.996294710336961,ARL5A,915.541132930291,869.117581178847
194.320778812277,-0.166862775219681,0.36971219827098,-0.451331538423784,0.651750617440882,0.996294710336961,ARL5B,207.816659308851,180.824898315704
72.1475481707769,0.801353289372,0.570654006861195,1.40427172986962,0.160237949201842,0.974401534329554,ARL6,53.1840288423592,91.1110674991946
1048.88374742365,-0.0690277106168341,0.179075718056517,-0.385466613597767,0.699891737501243,0.996294710336961,ARL6IP1,1056.03788759246,1041.72960725483
3630.585024256,-0.130134754604436,0.100610608123995,-1.29344963747814,0.195855591851029,0.98168489642748,ARL6IP5,3787.86146194095,3473.30858657105
93.866902622545,-0.542806512922155,0.510607911975689,-1.06305934591158,0.287755039241663,0.982783504448174,ARL6IP6,111.891493897915,75.8423113471746
774.98228234966,-0.00244586149231996,0.197806226018983,-0.0123649368452399,0.990134459189678,0.998987745956335,ARL8A,746.286423395571,803.67814130375
748.32358775288,-0.34331172093642,0.218498550205999,-1.57123111623738,0.116128974862522,0.974401534329554,ARL8B,822.717208679896,673.929966825864
736.429192214359,0.094570516247222,0.194577561296309,0.48602991844063,0.626945953701037,0.996294710336961,ARMC1,710.30198235267,762.556402076048
13.2235283211377,-0.309385936606582,1.34015885825695,-0.230857658926329,0.817425385507181,0.996294710336961,ARMC10,14.3190200658852,12.1280365763901
199.851829506406,-0.344785788158454,0.470105389477883,-0.733422325877579,0.463300886425582,0.994447194724684,ARMC8,224.196028347689,175.507630665123
62.5374134064306,-1.31717886868485,0.718134337359439,-1.83416778750349,0.0666290914788024,0.903548220102363,ARMC9,83.7650779045551,41.3097489083062
3297.51727234656,0.139880727901713,0.132481946559169,1.05584746853972,0.291037907316918,0.98435505564872,ARMCX2,3160.65343058361,3434.38111410952
1291.3012383373,0.225769931935615,0.165118601475864,1.36731979266804,0.17152509045446,0.98168489642748,ARMCX3,1197.80701362411,1384.79546305048
76.3217716415313,-1.10342192573099,0.600848739705532,-1.83643877870454,0.0662927887431012,0.902221594165978,ARMCX4,103.34210521423,49.3014380688327
124.88987540728,-0.0915678023204732,0.507545589029126,-0.180412960529578,0.856828380238186,0.996294710336961,ARMH3,132.701009822853,117.078740991707
21.7212844508972,-0.604590016144497,1.18200042407878,-0.511497292072207,0.60900288408923,0.996294710336961,ARMH4,25.8036237196775,17.6389451821169
194.667909247141,-1.03711710882496,0.398820852460997,-2.60045858290819,0.00930992563669214,0.601847901055327,ARNT,264.203024473241,125.132794021041
8523.03143198301,0.0679376817408593,0.0789482121666558,0.860534771800103,0.38949432456146,0.992443630108828,ARPC2,8328.43669136155,8717.62617260446
3771.24239147826,0.0512543394157688,0.103910624156206,0.493254080917845,0.621833069553544,0.996294710336961,ARPC3,3666.69246575063,3875.79231720589
2293.79922000461,-0.183923916084252,0.12836569393232,-1.43281207345963,0.151911550047928,0.974401534329554,ARPC4,2436.45281821406,2151.14562179516
14.6520851362473,-0.692564582374438,1.67906508564422,-0.412470361212183,0.67999470041685,0.996294710336961,ARPC4-TTLL3,12.4088929958518,16.8952772766429
4261.6341553079,0.141979426618085,0.0996265000381393,1.42511707792337,0.154123360802348,0.974401534329554,ARPC5,4066.99030930943,4456.27800130637
1361.99249562105,0.176566967461331,0.149877672136152,1.17807385813234,0.238767162844458,0.98168489642748,ARPC5L,1279.71602386091,1444.26896738119
67.4138099789261,-0.454368644014314,0.715834968168403,-0.634739380191081,0.525598405329124,0.995949036926657,ARPIN,76.2947960249618,58.5328239328904
978.82274526961,0.00648506914397687,0.162793266660243,0.0398362246610083,0.968223696038611,0.998879356112684,ARPP19,964.52870329473,993.116787244489
310.408541179128,0.189068386472289,0.375715510308206,0.503222202131587,0.614808056773842,0.996294710336961,ARRB1,291.169117384046,329.64796497421
289.384006591075,0.177683595206392,0.320817852504492,0.553845722173157,0.579684434125032,0.996294710336961,ARRDC3,275.314214720828,303.453798461322
151.082926451834,-0.348323123792931,0.405688503377611,-0.858597472920535,0.390562632808721,0.992443630108828,ARSA,169.320644244387,132.84520865928
270.889607552212,-0.258103008290535,0.31990146234801,-0.806820345227911,0.419769995789151,0.992443630108828,ARSB,295.323961852324,246.455253252101
198.826988120174,-0.206745922466043,0.350334492878849,-0.590138643691983,0.555097702917628,0.996294710336961,ARSD,213.627537975868,184.026438264481
329.18115941447,0.107625594011173,0.313415495517554,0.343395893152784,0.731300648700234,0.996294710336961,ARSJ,321.017289043556,337.345029785384
79.5220647493053,-0.0560345298250897,0.580318204414238,-0.0965582837120368,0.923077186407123,0.996577394764533,ARSK,82.2286155996873,76.8155138989232
342.906670755665,0.0436634019113144,0.271410742537652,0.160875732121241,0.872191276281159,0.996577394764533,ART4,339.248569288992,346.564772222337
89.2965992014767,0.155539889941836,0.555155114913365,0.280173749216214,0.779344205546401,0.996294710336961,ARV1,80.4083129681185,98.1848854348348
98.5680303134846,0.409484231648017,0.520511738836679,0.78669547888237,0.431460151339181,0.994447194724684,ASAH1,86.0630403886863,111.073020238283
64.9002914967768,-1.22597202902907,0.641116704915789,-1.91224471243516,0.0558448135591142,0.869042076164583,ASAH2B,88.0014570106884,41.7991259828652
1497.26760908993,-0.0196147344710956,0.149480673285619,-0.131219200716449,0.89560190731113,0.996577394764533,ASAP1,1526.73924017553,1467.79597800433
745.552699179875,0.560232957643536,0.214386969523272,2.61318567490046,0.00897025542421592,0.601847901055327,ASAP2,609.698343535938,881.407054823812
223.206041195317,0.459055410283085,0.335828033674925,1.36693594414885,0.171645384285501,0.98168489642748,ASB1,189.264719899249,257.147362491385
174.072164824512,-0.0210227874497743,0.39194638885924,-0.0536368953696987,0.957224460554009,0.998879356112684,ASB3,176.346749465487,171.797580183537
200.108775184246,0.321455854219764,0.360081994154586,0.89272959891952,0.372001995507698,0.992443630108828,ASB6,175.605186913186,224.612363455306
225.027079789791,0.504143038855883,0.338132626939688,1.49096241737656,0.135971362323697,0.974401534329554,ASB8,184.858662355013,265.195497224569
225.001804219805,0.242775559323117,0.355809400961327,0.682319125540767,0.495037182083696,0.994447194724684,ASCC1,205.733487907793,244.270120531818
329.776761800264,0.146909221640705,0.273605932950805,0.53693726614883,0.591310948254658,0.996294710336961,ASCC3,315.322634623169,344.230888977359
191.564631710726,0.176831905982753,0.353055999240905,0.500860787985346,0.616469100733868,0.996294710336961,ASF1A,178.583696401378,204.545567020075
101.762150948252,0.631480333860486,0.545150368023411,1.15835991480679,0.246717190240997,0.98168489642748,ASH1L,82.0271107278108,121.497191168692
491.047541766506,-0.0841483228625267,0.240205604495556,-0.350317899697813,0.726100133339158,0.996294710336961,ASL,507.164734388366,474.930349144646
287.763308364973,-0.185572529137155,0.301012104068204,-0.616495239324686,0.537567712982772,0.996294710336961,ASPH,304.788535631299,270.738081098646
40.1175991928563,-0.997097328558823,0.766125835956112,-1.30147983759673,0.193094261540954,0.98168489642748,ASPHD2,44.9663673118837,35.2688310738289
29.8881035366655,2.3023193475671,0.985013681757803,2.33734758227774,0.0194211183038639,0.714772028525713,ASPM,12.6663486391513,47.1098584341797
241.167753005172,0.0100022375797344,0.319712204586937,0.0312851290511638,0.975042149901729,0.998987745956335,ASRGL1,239.173927161679,243.161578848664
28.955131395022,-0.199913449480765,1.30298922762517,-0.153426786071844,0.878061722723673,0.996577394764533,ASTN2,31.0361879661644,26.8740748238796
183.706448857481,0.510586086891085,0.38928456854707,1.31160114770732,0.18965474559242,0.98168489642748,ASXL1,154.327416861966,213.085480852996
122.9232450957,0.0509649043008853,0.444550762100411,0.11464361023719,0.908727611603199,0.996577394764533,ASXL2,125.814107140607,120.032383050793
349.515501370628,0.387535496728871,0.27681710075705,1.39996949490845,0.161522453562698,0.974401534329554,ATAD1,305.764717899377,393.266284841878
81.7938515588432,-0.902087540243981,0.556875754577832,-1.61990809050011,0.105252021655669,0.961015869502668,ATAD2,106.158423622614,57.4292794950725
43.3210064583602,-1.52382677190612,0.776844189972354,-1.96156036381035,0.0498136907019511,0.857187196127094,ATAD2B,56.1446096903809,30.4974032263395
117.677451771329,-0.124116476362703,0.462551685806116,-0.268329962188761,0.788445345093173,0.996294710336961,ATF1,124.421645667688,110.933257874971
179.246566277954,0.95388336234575,0.425936063033705,2.23949894158239,0.0251234701108287,0.721834516239828,ATF2,132.152997191773,226.340135364136
317.998421043572,-0.358824864551511,0.326096404222735,-1.10036437048972,0.271173395898827,0.982783504448174,ATF5,357.926669883833,278.070172203311
795.829542463436,-0.120044911025789,0.184825707891342,-0.649503320698018,0.51601310076463,0.994447194724684,ATF6,830.88492752721,760.774157399661
317.456020380215,-0.0431707614606978,0.3217303062082,-0.134183073921426,0.893257809919866,0.996577394764533,ATF7IP,316.895623039147,318.016417721283
84.6044032150547,0.0333959044285484,0.652250709243873,0.0512010243227837,0.959165335625534,0.998879356112684,ATG10,81.0998189669653,88.108987463144
518.335559170051,-0.0953534643318422,0.245832784947432,-0.387879364228136,0.698105309889692,0.996294710336961,ATG12,537.852290112897,498.818828227206
432.308182184435,-0.277329964206588,0.286125916207315,-0.969258457544428,0.332416250831085,0.986152964913951,ATG13,474.603346216975,390.013018151896
197.833687286259,0.90494843448365,0.376927440000244,2.40085581055883,0.0163567802407933,0.667120754755207,ATG2B,127.92129076414,267.746083808377
230.320516688154,1.03051635339594,0.322431052374879,3.19608283943381,0.00139307109260809,0.360224966696909,ATG4A,152.793864731734,307.847168644573
731.026155414917,0.147402922388529,0.186698257140478,0.789524897801365,0.429805283668924,0.994447194724684,ATG4B,686.907156984622,775.145153845212
36.2249083828014,-0.273071701246363,0.884323166597954,-0.308791753468234,0.757479942576565,0.996294710336961,ATG4C,40.2505691000121,32.1992476655906
179.222213230572,0.277922859615681,0.436375341193411,0.63688946963779,0.524196842408895,0.995460348195308,ATG5,160.894258463034,197.550167998109
614.948381903709,0.00579814858624742,0.21295958869337,0.027226520401464,0.978279063322116,0.998987745956335,ATG9A,599.565959376316,630.330804431103
91.8891224433457,1.25476064925772,0.541886509678364,2.31554140368336,0.0205833214023994,0.714845395677829,ATL2,52.8497701134127,130.928474773279
894.566586586156,-0.0729452538562914,0.174810945113163,-0.417280816193005,0.676473018677673,0.996294710336961,ATL3,913.645924084691,875.487249087621
145.54986059153,-0.144202641000942,0.541295162323433,-0.266402973900548,0.789928875120277,0.996294710336961,ATM,155.5619209654,135.53780021766
566.438101431376,-0.179282152355875,0.233845542715656,-0.76666910249332,0.443278278477733,0.994447194724684,ATOH8,599.867493734335,533.008709128417
85.0710863601181,0.181206063562694,0.640917938465049,0.282728962145558,0.777384613087422,0.996294710336961,ATOSA,86.6615135456119,83.4806591746242
1313.45772843675,0.175958804023266,0.160245962786835,1.09805452170632,0.27218068236801,0.982783504448174,ATOSB,1229.49493320274,1397.42052367076
2802.89187206746,-0.0588299701765854,0.11052822542273,-0.532261962513034,0.594544573039836,0.996294710336961,ATOX1,2860.88370104706,2744.90004308786
187.595285335388,0.239392791744163,0.39007962045265,0.613702380725174,0.539412014881485,0.996294710336961,ATP10D,174.421903784085,200.768666886691
153.655674111134,0.425693646666378,0.483225591509526,0.880941850237223,0.378349294423317,0.992443630108828,ATP11A,139.879104326773,167.432243895494
219.394129951535,0.0590702969863735,0.336710208042406,0.175433638706119,0.860738910565767,0.996408445993499,ATP11B,219.164374140781,219.623885762289
69.0850465791227,0.356364639384248,0.711788690218216,0.500660721758582,0.616609919881312,0.996294710336961,ATP11C,61.1226284682034,77.0474646900421
2773.9470322304,0.150233747335891,0.11750227395078,1.2785603400222,0.201051923550894,0.98168489642748,ATP13A3,2650.76864440573,2897.12542005507
574.27534618658,0.444888851417145,0.211408876414873,2.10440005624024,0.0353435645216626,0.78306154168562,ATP1B1,473.626078272752,674.924614100408
1224.60062774371,0.213243940595486,0.185628598439611,1.14876663611108,0.250652220287864,0.98168489642748,ATP1B3,1141.06391415647,1308.13734133094
2133.5381982877,-0.143422484534961,0.120903938864115,-1.18625154715724,0.235522975055633,0.98168489642748,ATP2A2,2237.92812181887,2029.14827475652
194.771807221578,-0.693480421328114,0.354929617064795,-1.95385335003338,0.0507185628513752,0.869042076164583,ATP2B1,238.320463066532,151.223151376623
1314.98089398659,0.0347301558737246,0.154941046578562,0.224150776315525,0.822639983715297,0.996294710336961,ATP2B4,1303.85342521405,1326.10836275913
499.778484955775,0.224487280438164,0.240001225708692,0.935358891502668,0.349603374771669,0.990443880456887,ATP2C1,452.163611317894,547.393358593657
2823.49690058082,0.130600933967538,0.114285684319063,1.1427584718566,0.253138885289877,0.98168489642748,ATP5F1A,2698.65106213952,2948.34273902211
12370.0908125639,0.0266732577406057,0.0690001904164262,0.386567885967107,0.699076136362003,0.996294710336961,ATP5F1E,12229.497945966,12510.6836791619
6882.82488938325,0.0418571185767283,0.0798425056242671,0.524246054773191,0.600107412115892,0.996294710336961,ATP5MC3,6764.99554818032,7000.65423058618
8307.82674428357,-0.0776727508351925,0.0776838106022375,-0.999857630992104,0.317379411031382,0.986152964913951,ATP5MG,8513.71500468368,8101.93848388346
3437.42220824929,-0.122720609149711,0.115343010314752,-1.06396225323777,0.28734579957735,0.982783504448174,ATP5MJ,3574.24255749857,3300.601859
2372.46796116099,-0.160984846285277,0.112732355412154,-1.42802699097973,0.153284089842539,0.974401534329554,ATP5PB,2504.18316659155,2240.75275573044
2228.74345511813,0.0551666454849955,0.136494286971791,0.404168164901998,0.68608906216055,0.996294710336961,ATP5PF,2180.58244447904,2276.90446575723
1976.52300512639,-0.05885463958756,0.129239456563253,-0.455392193317953,0.648827110580091,0.996294710336961,ATP6AP2,2017.18280431146,1935.86320594133
126.891448424513,0.0864023807394016,0.440328181209852,0.196222691225443,0.844435868256425,0.996294710336961,ATP6V0A2,128.229320673805,125.553576175222
42.8139077990977,0.408012649998864,0.870577662647068,0.468668870687844,0.639306341044712,0.996294710336961,ATP6V0A4,37.3802047887721,48.2476108094233
6738.11183246852,-0.0517803531019632,0.0877162840677951,-0.590316309591303,0.554978606996792,0.996294710336961,ATP6V0E1,6840.98495623141,6635.23870870563
727.247779756228,0.280228741483368,0.223862470493082,1.25178972994505,0.210646493373692,0.98168489642748,ATP6V1A,659.523214980136,794.972344532319
857.446892805602,-0.0360482843027846,0.187563672754387,-0.192192250095195,0.847591616271833,0.996294710336961,ATP6V1B2,871.202975852237,843.690809758967
248.252630215279,0.807682695907702,0.420117512229883,1.92251613511828,0.0545408453157893,0.869042076164583,ATP6V1C1,182.200069957952,314.305190472606
1177.65364876905,-0.0656284535159252,0.175391492032943,-0.374182651366,0.708268430260313,0.996294710336961,ATP6V1D,1205.33640455804,1149.97089298006
2109.99467332327,-0.250952211048116,0.135082027581799,-1.8577764602782,0.0632007652830977,0.891663350651627,ATP6V1E1,2298.71624195429,1921.27310469224
2058.82249724597,0.0932329356325933,0.122220278926841,0.762827056616365,0.445566542782347,0.994447194724684,ATP6V1G1,1988.9787779141,2128.66621657784
526.023365210481,-0.0568210464255881,0.219215421614646,-0.259201866397304,0.795479491128039,0.996294710336961,ATP6V1H,537.244179871528,514.802550549434
60.9904768544233,0.322019584571587,0.633522512338971,0.508300144508974,0.611242868724348,0.996294710336961,ATP7A,54.1565318639308,67.8244218449158
277.002042114491,-0.311518005326349,0.336328306716909,-0.926231896349292,0.354325479765278,0.990443880456887,ATP8B2,304.672132398836,249.331951830147
578.063152234975,-0.200695389188796,0.226047460113167,-0.887846247369121,0.374623462090222,0.992443630108828,ATP9A,616.126704800161,539.999599669788
57.4880213977966,0.098368635041733,0.657628682571591,0.149580816118105,0.881095344401959,0.996577394764533,ATP9B,55.1570882032739,59.8189545923194
135.587310531906,-0.682839949056741,0.420225735311237,-1.62493605621512,0.104176184458525,0.961015869502668,ATPAF1,167.384836317509,103.789784746303
158.958386191997,0.211738536336017,0.427055360848214,0.495810510177097,0.620028108868886,0.996294710336961,ATPAF2,147.5459805402,170.370791843795
59.7455429721085,0.30087505869712,0.758637973138728,0.396598996293718,0.691663192829099,0.996294710336961,ATPSCKMT,57.0828485719386,62.4082373722784
75.2678422405154,0.374428432679205,0.556835268754358,0.672422265056599,0.501314912354898,0.994447194724684,ATR,66.3932784659118,84.1424060151189
372.008700936553,0.125505581054356,0.263724210748893,0.475897077094138,0.634147704644378,0.996294710336961,ATRX,349.711135956703,394.306265916404
250.710407487662,0.283221241393097,0.314085795216891,0.90173209265169,0.36719920063344,0.992443630108828,ATXN1,224.863334514844,276.55748046048
647.077381750151,-0.0474188986346293,0.204384123032499,-0.232008719322534,0.816531241526208,0.996294710336961,ATXN10,660.385260733108,633.769502767193
100.257902729055,-0.629348008461312,0.563195909939816,-1.1174584142995,0.263798370890224,0.982783504448174,ATXN1L,121.421216564579,79.0945888935299
991.343270071656,-0.0889939597209552,0.178982097407628,-0.497222688804865,0.619032023331376,0.996294710336961,ATXN2,1034.41526979303,948.271270350284
158.816400301916,0.266742357165658,0.408098374655647,0.653622689359483,0.513354922620747,0.994447194724684,ATXN3,141.952032433676,175.680768170156
165.84317680851,0.759122209001777,0.419393268976606,1.81004862298856,0.0702882472517998,0.904997639926701,ATXN7,124.925829317664,206.760524299356
13.3017854135115,2.24466133320829,1.43336116392489,1.56601238383065,0.117345718019762,0.974401534329554,AUH,9.68040191321452,16.9231689138086
226.097090682135,-0.130276966129692,0.369664052424379,-0.352419893888228,0.724523384636475,0.996294710336961,AURKA,247.468299533651,204.72588183062
176.900075391805,0.034948356167644,0.397127603164601,0.0880028381032953,0.929874420416193,0.997480238800445,AVEN,176.058878292218,177.741272491391
188.397476840029,0.132602121588223,0.358411970715842,0.369971240981105,0.711403918761222,0.996294710336961,AVL9,180.324821861028,196.47013181903
2009.15356439018,-0.059127258025365,0.134097612227909,-0.440927001182345,0.659265845395644,0.996294710336961,AXL,2035.45036030796,1982.85676847241
280.008419050019,-0.16874310464226,0.315742896446314,-0.534431990526038,0.593042690894713,0.996294710336961,AZI2,296.729538547556,263.287299552482
686.273249873489,-0.00702595125266019,0.192645522927292,-0.0364708774224247,0.970906899704829,0.998879356112684,AZIN1,690.960492696723,681.586007050255
670.487174538724,0.467665661493999,0.21503874707071,2.17479718359882,0.0296453182462043,0.735915380143775,B2M,557.499329978441,783.475019099008
68.7603577823858,-0.509726176127088,0.681125440877687,-0.748358739133667,0.454243803113648,0.994447194724684,B3GALNT1,84.0403165726339,53.4803989921376
724.111867351015,-0.199707068690196,0.187294974805032,-1.0662702984855,0.286301471918346,0.982783504448174,B3GALT6,775.196652906773,673.027081795258
265.97205860659,0.339117314273048,0.309834921503932,1.09450965897253,0.27373151346741,0.982783504448174,B3GLCT,233.983992479632,297.960124733549
176.575709833321,-0.278249257866333,0.406576200947762,-0.684371729623405,0.493740462940703,0.994447194724684,B3GNT2,193.544561261662,159.60685840498
1332.906793689,-0.00969469549786931,0.144220294575697,-0.0672214373600578,0.946405419177033,0.998879356112684,B4GALT5,1330.27160460619,1335.54198277181
539.746350623765,-0.403825464637061,0.240549132420077,-1.67876500145447,0.0931978520343704,0.948038963233236,B4GALT7,620.440144722508,459.052556525022
183.442496951272,0.0893278339317061,0.394235011316875,0.226585238163707,0.820746272009301,0.996294710336961,BABAM2,178.619015968011,188.265977934534
286.136057796933,-0.115300971441098,0.306475850118569,-0.376215520395786,0.706756677973577,0.996294710336961,BACE1,294.343294644737,277.928820949129
858.420270962065,-0.369821992294113,0.176460397540662,-2.09577898184715,0.0361018016795899,0.785555962274654,BACE2,970.00553246816,746.83500945597
143.899033758048,1.08369833017307,0.407222115536948,2.66119714236085,0.00778633530493508,0.596504608412017,BACH1,88.9962582460752,198.801809270021
92.562281716208,0.453167781030245,0.579781458644259,0.781618270597886,0.434438946147154,0.994447194724684,BAG2,75.4299959614746,109.694567470941
1247.35977796243,0.0351030649066808,0.147631283307315,0.237775247361421,0.812055417881856,0.996294710336961,BAG3,1231.78302236823,1262.93653355664
126.538648103106,0.401446829044047,0.491352222907709,0.817024550470897,0.41391439822556,0.992443630108828,BAG4,110.527035622217,142.550260583994
197.279132318199,-0.101475420781878,0.352677585109455,-0.287728580058142,0.773554511003207,0.996294710336961,BAG5,204.725869678914,189.832394957483
17.1414322677751,1.43110342848865,1.2819438140992,1.1163542526193,0.264270527365771,0.982783504448174,BAIAP2L1,12.2549098510039,22.0279546845463
84.4543767301111,-0.357171239235985,0.587001924858991,-0.60846689612097,0.542877855216529,0.996294710336961,BAMBI,96.2356616510228,72.6730918091993
91.8631706072817,0.0994541172303714,0.668208876997726,0.148836869209551,0.881682357221259,0.996577394764533,BARD1,90.3621004267405,93.364240787823
5368.06853834757,0.0434053805124885,0.0953570989208822,0.455187720722313,0.648974193738949,0.996294710336961,BASP1,5299.46165776746,5436.67541892769
152.626113376683,0.169308987350632,0.447084548108134,0.378695680866345,0.704913861070929,0.996294710336961,BAZ1B,143.496089465753,161.756137287613
231.149027760545,-0.182879072558028,0.321700993755576,-0.568475311260546,0.56971226522698,0.996294710336961,BAZ2A,249.009146536927,213.288908984164
87.8620806633726,-0.176557705618513,0.555904770591223,-0.317604228203939,0.750785166451362,0.996294710336961,BAZ2B,86.4862876135677,89.2378737131774
94.8119637782407,-0.234601119007729,0.494732358585966,-0.474198048573699,0.635358684814807,0.996294710336961,BBIP1,97.8917140954413,91.73221346104
23.8742828954185,-0.767985155419184,3.07382458798799,-0.249846773436697,0.802705846556656,0.996294710336961,BBOF1,20.6323096302836,27.1162561605534
46.1747401569648,0.96232803138939,0.734120347726748,1.3108586819168,0.18990551241543,0.98168489642748,BBS10,37.8187703333552,54.5307099805743
41.0149755608313,-0.354168864027571,0.765946667774088,-0.462393635129739,0.643799062854929,0.996294710336961,BBS12,46.9146605032159,35.1152906184467
183.938178353856,0.589005551922503,0.382729370501578,1.53896094033911,0.123813832190807,0.974401534329554,BBS2,148.060060760304,219.816295947407
44.1845583353655,-1.03972968380882,0.764676951555852,-1.35969795047873,0.173925526972008,0.98168489642748,BBS4,58.0781206503749,30.2909960203562
100.068559285798,1.00197548927187,0.565207893757323,1.77275565387288,0.0762692046257457,0.926371049184813,BBS5,68.9998204474899,131.137298124106
30.3623039629366,2.72397289786616,0.997560377176725,2.73063461639836,0.00632125111847571,0.560424063446575,BBS7,15.8812403469851,44.8433675788881
356.005726205414,-0.259405313793603,0.264853751272346,-0.979428505533454,0.327368298168326,0.986152964913951,BBX,387.436248366313,324.575204044516
1758.89133307661,-0.186130013200072,0.138950417636046,-1.33954266828908,0.180394073654418,0.98168489642748,BCAR1,1874.30330763248,1643.47935852073
374.566264119356,0.0258598597534135,0.285250306083915,0.0906567292019172,0.927765354083393,0.997480238800445,BCAR3,372.78443222118,376.348096017531
354.027477801949,-0.202153596835055,0.290563779412225,-0.695728824989774,0.486598670188798,0.994447194724684,BCAS2,369.839119572309,338.215836031588
61.9534119854061,1.91600467294162,0.681660904680226,2.81078856039197,0.00494202511423047,0.526861971967634,BCAS4,27.7941543771316,96.1126695936806
2750.4105684362,0.0477378141175778,0.108132220129364,0.441476315389314,0.658868204315639,0.996294710336961,BCAT1,2701.69110001283,2799.13003685956
48.3525707819143,0.204453845962134,0.701516228018865,0.291445639881385,0.770710513146005,0.996294710336961,BCDIN3D,40.8222018552499,55.8829397085787
688.101210110227,-0.319872816263066,0.210650526513783,-1.51849996084456,0.128888409369856,0.974401534329554,BCKDK,763.954880154407,612.247540066047
709.237117367153,-0.0463432549072359,0.200104397849185,-0.231595384236202,0.81685229290089,0.996294710336961,BCL10,731.14843261071,687.325802123597
704.539222474538,-0.21400440517976,0.240592157737565,-0.889490360750631,0.373739601376601,0.992443630108828,BCL2L13,753.720360401665,655.35808454741
1146.39005241123,0.347825000147228,0.157039355594046,2.2148906484714,0.0267675711394129,0.722700907616249,BCL2L2-PABPN1,1017.52092422228,1275.25918060019
550.106287174852,-0.197352492421984,0.281319940731842,-0.701523297312587,0.482976500673853,0.994447194724684,BCL6B,588.21246794406,512.000106405643
21.4222183451317,0.0915221059078159,1.31273132870459,0.0697188403343208,0.944417445851543,0.998879356112684,BCL7A,22.0167859030212,20.8276507872423
376.291855619365,-0.21798075060695,0.291285073523003,-0.748341643361744,0.454254112201479,0.994447194724684,BCLAF1,404.786579032291,347.797132206439
23.3751575256424,0.884414355754187,1.21074359914767,0.730472047406893,0.465101693068917,0.994447194724684,BCLAF3,20.3885656669402,26.3617493843446
35.1272710847408,-0.432382742713615,0.884507580466485,-0.488840064531248,0.6249549309886,0.996294710336961,BCORL1,40.0072824802998,30.2472596891817
869.222163466819,-0.273773369485264,0.193287745561371,-1.41640313869944,0.156657505494011,0.974401534329554,BCR,953.23946381192,785.204863121718
165.426533741485,-0.175699684754999,0.406832544405022,-0.43187224613988,0.665834267289112,0.996294710336961,BDH2,178.707786605201,152.145280877768
362.142697858649,0.348918918194944,0.28175700653416,1.23836820417327,0.21557956468905,0.98168489642748,BDNF,318.036340223778,406.249055493519
1188.46615200366,0.191042439781832,0.158967077513551,1.20177361734254,0.229451249800214,0.98168489642748,BECN1,1112.80274069195,1264.12956331538
196.976450377333,-0.184852466921904,0.429760431429523,-0.430129098453817,0.667101734070821,0.996294710336961,BET1,213.008763717845,180.944137036822
288.477138307334,0.278864517258614,0.326813169708274,0.85328420977508,0.393501714391557,0.992443630108828,BET1L,258.172496060778,318.78178055389
8272.26243658725,-0.161473807314392,0.0868454831330138,-1.85932303545455,0.0629813637554024,0.891663350651627,BGN,8737.45913941153,7807.06573376297
37.3786970577378,-0.463811158376247,0.810611506380865,-0.572174407500115,0.567203823911777,0.996294710336961,BHLHE40,41.972291395719,32.7851027197567
11.3934667136078,1.76896803076381,1.83337703983033,0.964868650764558,0.334610605162207,0.986152964913951,BHLHE41,10.4257208314098,12.3612125958059
63.8636507426911,0.036919886197118,0.633507419380162,0.0582785379739377,0.953526762669754,0.998879356112684,BICD1,62.9676050252039,64.7596964601783
174.663611419994,-0.535450600138576,0.376182046119346,-1.42338159319996,0.154625565461593,0.974401534329554,BICD2,203.788168511065,145.539054328924
47.7536849649791,-0.333640056325379,0.832653621083232,-0.400694896265909,0.688644768855494,0.996294710336961,BICRAL,53.9905827928842,41.5167871370739
574.43471269939,0.0657174800994426,0.244290945726884,0.269013163397855,0.787919553019595,0.996294710336961,BID,551.337791837321,597.53163356146
120.428031433172,0.25280718689769,0.482777654839355,0.523651383537649,0.600521035646615,0.996294710336961,BIN3,108.943336319724,131.91272654662
242.797588200204,-0.261032839244593,0.321655811091807,-0.81152844202802,0.41706226624052,0.992443630108828,BIRC5,270.182267794743,215.412908605666
101.169150215567,-0.423688016083958,0.556088694662424,-0.76190726434595,0.446115354067993,0.994447194724684,BIRC6,109.282200856512,93.0560995746217
287.878362100322,0.22934800188094,0.311511600652696,0.736242250370123,0.461583284037401,0.994447194724684,BIVM,261.312047332664,314.444676867981
1345.91148996623,-0.133741640784676,0.151485110513278,-0.882869876329884,0.377306581010035,0.992443630108828,BLCAP,1395.90508177674,1295.91789815572
23.6281414960502,-4.2754027075415,1.43878674131893,-2.97153329590893,0.00296316741772227,0.417941295326918,BLM,37.6617998944847,9.59448309761572
587.419673431961,-0.0247184702125888,0.252786626185461,-0.0977839317909707,0.922103866803746,0.996577394764533,BLMH,588.96335747791,585.875989386012
614.112866444827,0.0565495455181046,0.215333533562777,0.262613744280653,0.792848305397932,0.996294710336961,BLOC1S2,605.342841882614,622.88289100704
139.98944623219,-0.447750407243102,0.417886781786822,-1.07146343640875,0.283961102609392,0.982783504448174,BLOC1S5,156.368850264134,123.610042200246
962.500195562957,0.0221507658944926,0.171527415464712,0.129138341147859,0.897248184148843,0.996577394764533,BLOC1S6,947.343334639409,977.657056486505
43.7204570667865,-0.925627565543824,0.759100487747013,-1.21937422052126,0.222702189895177,0.98168489642748,BLTP3B,56.0680428389311,31.372871294642
169.116829820775,-0.250113480373709,0.411740339584172,-0.607454398629742,0.543549396750937,0.996294710336961,BLZF1,181.28973015539,156.943929486159
157.020993539879,-0.112464635605899,0.410185467001974,-0.274179961635153,0.783946326575664,0.996294710336961,BMAL2,161.159610313054,152.882376766703
63.8290978809842,1.12147478096742,0.70353338887788,1.59406049335646,0.11092248640353,0.968371142498555,BMI1,43.7536588341181,83.9045369278503
103.722605094319,-0.908547984606459,0.501585573404374,-1.81135190639543,0.0700863955776746,0.904997639926701,BMP1,135.308935709398,72.1362744792402
271.186089618907,0.310752372795676,0.33834393126199,0.918451150096293,0.35838272236824,0.992443630108828,BMP2,239.83852588818,302.533653349634
65.4350437205425,0.155518316967553,0.636464565378186,0.244347172532918,0.80696195202869,0.996294710336961,BMP2K,63.700200819403,67.169886621682
13955.6785738475,-0.172546107596574,0.0793373551404903,-2.17484068243806,0.0296420572778078,0.735915380143775,BMP4,14745.7930061201,13165.564141575
1575.68418593531,0.0738488515913934,0.142581805660716,0.517940218593685,0.604499979994045,0.996294710336961,BMP6,1544.40583568497,1606.96253618564
12.2007722666092,0.339692559759845,1.80443366077281,0.188254390917514,0.85067723682384,0.996294710336961,BMPR1A,13.4416392431034,10.959905290115
2688.52880890316,-0.0248654000290111,0.114687288939677,-0.216810426498875,0.828356086055648,0.996294710336961,BMPR2,2716.12611283741,2660.93150496891
866.14837109793,-0.152641514156646,0.197506955986286,-0.772841206500315,0.439616363284399,0.994447194724684,BMS1,910.125143569956,822.171598625903
288.407810108418,-0.0599810650023139,0.334892717901507,-0.179105312824253,0.857855010432965,0.996294710336961,BNC2,303.574091648505,273.241528568331
943.26721708863,0.428365585786244,0.173841494287154,2.46411587488233,0.0137351699245209,0.62676812170277,BNIP2,803.816201311173,1082.71823286609
584.615234339198,0.167224871313535,0.237970660666479,0.702712136215413,0.482235162889115,0.994447194724684,BNIP3,548.112302983492,621.118165694905
1554.62182729515,-0.17156440287479,0.156373424498438,-1.0971455247276,0.272577782122289,0.982783504448174,BNIP3L,1651.89917374784,1457.34448084246
30.4056034050165,0.0483374701537707,0.864540198051105,0.0559111887020821,0.955412557478839,0.998879356112684,BOD1L1,26.8038667054358,34.0073401045972
731.589075117855,-0.07894320053518,0.199564791244864,-0.395576795098678,0.692417258465772,0.996294710336961,BOP1,750.952669397253,712.225480838457
329.778716675886,-0.00523804696620176,0.290370696699106,-0.0180391720850181,0.985607603683694,0.998987745956335,BORCS7,331.588185376521,327.96924797525
1119.46967009669,0.270506892124356,0.173037538099001,1.5632844473873,0.117985704777392,0.974401534329554,BPGM,1019.09485419458,1219.8444859988
57.5312063494856,-0.164180579483194,0.666193909472581,-0.246445632643466,0.805337285514347,0.996294710336961,BPHL,62.5024973077544,52.5599153912168
261.804140947384,-0.592550284400704,0.38597577824208,-1.53520069860203,0.124734536797206,0.974401534329554,BPNT1,315.14765842474,208.460623470027
1775.26437097189,-0.218899872196892,0.148219478938853,-1.47686305311596,0.139712350552763,0.974401534329554,BPNT2,1876.9372464718,1673.59149547199
396.384798262487,-0.0366796646011667,0.34895269769004,-0.105113572251984,0.916285689866653,0.996577394764533,BPTF,395.06626524402,397.703331280955
80.817929179294,0.4060511630532,0.590263776578969,0.687914758053725,0.491506462394285,0.994447194724684,BRAP,72.3163450305223,89.3195133280656
64.4630097344653,-0.612016136181979,0.686865711789432,-0.891027351747617,0.372914496833374,0.992443630108828,BRAT1,71.9510591892,56.9749602797305
121.628268250188,0.487317748428273,0.554422136877773,0.878965171146668,0.379420160490561,0.992443630108828,BRCA1,101.258670580138,141.997865920238
128.483098470849,-1.03189847011705,0.469327440294468,-2.19867491546971,0.0279010458347427,0.726566203087928,BRCC3,173.744251829896,83.2219451118028
67.6273999033556,0.0542315770804311,0.618219345815844,0.0877222258531289,0.930097454043591,0.997480238800445,BRD10,66.2639692464956,68.9908305602155
806.129462197855,-0.257245641351429,0.177965150769063,-1.44548323219328,0.1483221995193,0.974401534329554,BRD3,877.057412270373,735.201512125336
248.80021777319,0.250797600446429,0.362721268156758,0.691433402074569,0.489293219301747,0.994447194724684,BRD3OS,226.130844467918,271.469591078462
1052.71099598618,0.0605012696281739,0.156930815339713,0.385528294727871,0.699846047359641,0.996294710336961,BRD4,1034.20199698267,1071.21999498969
342.62590737093,0.0442345867752968,0.287108996027555,0.154068968187439,0.877555355898116,0.996577394764533,BRD7,338.173034362492,347.078780379368
98.6059313035417,0.199686240914293,0.688219208160579,0.290149182915134,0.771702110793958,0.996294710336961,BRF2,92.6573889704338,104.55447363665
3275.0521764876,-0.0520855278491924,0.100352356665553,-0.519026454184621,0.603742293625744,0.996294710336961,BRI3,3320.52213643242,3229.58221654278
101.210535876733,-0.347041628022549,0.515302258525737,-0.673471971606381,0.500647074349062,0.994447194724684,BRI3BP,117.309681609377,85.1113901440886
2725.02409370338,-0.0883382411647336,0.111115104761752,-0.795015595351725,0.426604430422803,0.994447194724684,BRK1,2805.8257125179,2644.22247488885
39.1965002969249,0.887125871456461,0.867576707179543,1.02253306723791,0.306528670305793,0.986152964913951,BRMS1L,28.9932282943286,49.3997722995212
337.852047697586,-0.193038693276822,0.315631968088489,-0.611594238840542,0.540806250737963,0.996294710336961,BROX,363.403503933298,312.300591461875
154.221272381398,0.152912315762996,0.459839215665256,0.332534308849183,0.739485837496341,0.996294710336961,BRPF1,146.605134588863,161.837410173933
26.9140180457535,0.677258940127719,1.20826181404357,0.560523333813888,0.575122528429506,0.996294710336961,BRWD1,33.2080631337544,20.6199729577526
56.4145189889525,-0.165267719494478,0.884113521548073,-0.186930428577878,0.851715181135362,0.996294710336961,BRWD3,56.7391538671849,56.0898841107201
612.606970781233,-0.0460947011275401,0.202099013144764,-0.228079793217606,0.819584208790071,0.996294710336961,BSDC1,629.055138012168,596.158803550297
2485.16660062938,-0.0525042897425339,0.131132731006258,-0.400390423806764,0.688868976379575,0.996294710336961,BSG,2531.99038431532,2438.34281694345
174.554192480716,0.302168541100691,0.383820015226086,0.787266242284683,0.431126026741022,0.994447194724684,BST1,154.016478403011,195.091906558421
48.7860953172709,-0.969143158772764,0.773440193367397,-1.25302921555359,0.210195074497395,0.98168489642748,BTAF1,65.2109202728018,32.3612703617401
82.4200633002287,-0.224361520265394,0.591954467677552,-0.379018205818506,0.704674344439635,0.996294710336961,BTBD1,82.3626594922285,82.4774671082289
91.7376151432835,0.097639603433776,0.546676407959961,0.178605848015536,0.858247202277955,0.996294710336961,BTBD19,88.698860478193,94.7763698083739
65.7884525847157,-1.41560504655884,0.613601387371568,-2.30704342541132,0.0210523993543882,0.714845395677829,BTBD3,92.894762996725,38.6821421727064
102.320618581373,-0.245634632924869,0.558643392970597,-0.439698448089938,0.660155526738795,0.996294710336961,BTBD9,110.944371879022,93.696865283723
117.969621441079,0.046516117391332,0.443935583029781,0.104781232164063,0.916549402623886,0.996577394764533,BTD,118.957082274622,116.982160607536
4287.67712821465,-0.00660093892886316,0.0942699965218211,-0.070021631191375,0.944176442691632,0.998879356112684,BTF3,4296.23820784879,4279.11604858051
403.053643825075,-0.0482693891016154,0.245652363828558,-0.196494706378249,0.84422297560629,0.996294710336961,BTF3L4,400.063450951589,406.043836698561
1514.21601445317,-0.232379563848495,0.156372082167995,-1.48606810516754,0.137261107648724,0.974401534329554,BTG1,1640.89213657377,1387.53989233257
187.506908758291,-0.056271454024636,0.405818415751015,-0.138661657136725,0.889717518498813,0.996577394764533,BTG2,188.964661690348,186.049155826234
60.0498133674888,0.18476173432879,0.723314372085402,0.255437665086206,0.79838508287411,0.996294710336961,BTN2A2,55.5246057661662,64.5750209688114
37.5011333235748,-1.29371092982039,1.04038058395301,-1.24349776396714,0.213684464420781,0.98168489642748,BTN3A2,40.4795140819091,34.5227525652405
197.24953505318,-0.117201442430096,0.365323811331293,-0.320815229653377,0.748350417374987,0.996294710336961,BTRC,206.215502209236,188.283567897123
36.5694633566527,-0.123419192081516,0.830484170290644,-0.14861113130949,0.881860489038615,0.996577394764533,BUB1,38.1596319828614,34.9792947304441
1633.98435879232,0.157315594482614,0.13003888795078,1.20975807284786,0.226371738837548,0.98168489642748,BUB3,1548.75613556947,1719.21258201517
731.416236995991,0.113369677521557,0.208248055373031,0.544397292538844,0.586168108519138,0.996294710336961,BUD23,689.620785465844,773.211688526138
1523.61563916796,0.0923816344583014,0.14521961243778,0.636151225771124,0.524677859965655,0.995460348195308,BZW1,1458.14823694808,1589.08304138783
978.44520892749,0.0163804064665622,0.170528579673822,0.0960566639204633,0.923475569273075,0.996577394764533,BZW2,971.468333220179,985.422084634801
123.501678600139,0.112181717832482,0.440496905842104,0.25467084182583,0.798977338672481,0.996294710336961,C10orf88,119.670810993242,127.332546207036
373.691536699049,-0.141595365087406,0.265066867440806,-0.534187340932101,0.593211926556849,0.996294710336961,C11orf24,385.015058619724,362.368014778373
95.8329503368354,0.188792814730024,0.597067276924232,0.316200237438203,0.75185052753712,0.996294710336961,C11orf54,91.9111586156661,99.7547420580048
1235.71388371309,0.0315981075742973,0.152485276328814,0.207220712288052,0.835837492298485,0.996294710336961,C11orf58,1207.71790028831,1263.70986713788
89.2408922672951,-0.954335334582127,0.574034480939842,-1.66250524362167,0.0964115128578062,0.949729918723087,C12orf4,117.595676538261,60.8861079963296
196.519565464426,-0.461457261210084,0.384375541354443,-1.2005375253171,0.229930647925648,0.98168489642748,C12orf43,230.352816690922,162.686314237931
1425.52739985535,0.0399236362464795,0.154331093203377,0.25868822294849,0.795875807065255,0.996294710336961,C12orf75,1416.85786445754,1434.19693525316
559.194384099905,0.19155973953933,0.215253683012373,0.889925490976702,0.373505895378833,0.992443630108828,C14orf119,523.812507816561,594.576260383249
63.5325886433924,-0.790940541473874,0.609701841558042,-1.29725791782536,0.194542458585423,0.98168489642748,C14orf132,80.6275237453869,46.4376535413978
29.6143272905967,1.46858520692393,1.08221767544302,1.35701461937659,0.174776565373546,0.98168489642748,C14orf28,15.7852838310104,43.443370750183
15.1726010461783,1.06195949415911,1.25933503478739,0.843270031265665,0.399077439530917,0.992443630108828,C14orf93,10.7136055040972,19.6315965882593
84.8926330090098,-0.501219321134118,0.553929089632701,-0.90484383383163,0.365548125890414,0.992443630108828,C15orf39,99.8800265307437,69.9052394872759
131.96452190898,-0.0322025802466713,0.469018647067061,-0.0686594881633074,0.945260665830272,0.998879356112684,C15orf40,133.449930868167,130.479112949794
207.039699633625,-0.590097617569155,0.338824552055929,-1.74160229531344,0.0815780594502451,0.941807879236941,C15orf61,254.589525328196,159.489873939054
134.740305878207,0.0407261096886217,0.455107408161207,0.0894868089560868,0.928695036451842,0.997480238800445,C16orf87,134.573650849997,134.906960906417
11.5868139454673,-1.33807758870155,1.79179691828538,-0.746779713173076,0.455196543246169,0.994447194724684,C17orf100,15.3950743306409,7.77855356029372
118.448760060283,0.25932684734421,0.446085842124365,0.581338439501318,0.56101237840207,0.996294710336961,C17orf58,106.877763455143,130.019756665424
105.256616036495,-0.406045518045553,0.494418657767884,-0.821258485427505,0.411499049204524,0.992443630108828,C17orf75,121.260707618559,89.2525244544313
47.4876363553605,0.0593095658109941,0.88125763784006,0.0673010516610788,0.946342039684508,0.998879356112684,C17orf80,38.1782509501705,56.7970217605506
82.7323726016416,-0.605800446048815,0.627885041083807,-0.964827008783533,0.334631465544952,0.986152964913951,C18orf21,97.7890910389378,67.6756541643454
152.750489858035,0.520575482692899,0.423844135575463,1.2282238657994,0.219362942005157,0.98168489642748,C18orf32,126.273369135294,179.227610580775
51.7077202420491,0.440475207929408,0.712138757259082,0.618524414574391,0.536229709215117,0.996294710336961,C18orf54,43.7319587032907,59.6834817808076
288.349899930837,-0.288800572976106,0.32243465631128,-0.895687133263047,0.370419884236765,0.992443630108828,C19orf12,317.303602064878,259.396197796796
145.273185878006,0.248269190068153,0.418748116271998,0.592884314987319,0.553258575692077,0.996294710336961,C19orf25,133.96599145088,156.580380305132
16.7141671822806,-1.73376212514475,1.38625525549978,-1.25068029013148,0.211051144243571,0.98168489642748,C19orf44,15.6654089620565,17.7629254025047
159.275817701724,0.0154552313729327,0.434732630845351,0.0355511187252715,0.971640285264664,0.998879356112684,C1D,158.109221776676,160.442413626772
271.231629704125,-0.073787150621223,0.343320804809039,-0.214921873616907,0.829828230690983,0.996294710336961,C1GALT1,278.502973104221,263.960286304029
32.9899001717831,-0.346034875339336,0.831449332495299,-0.416182756802312,0.677276276410917,0.996294710336961,C1orf131,36.8878915701545,29.0919087734117
35.5605821126739,1.662598352131,0.875810864955601,1.89835319320375,0.0576495711281834,0.874751194184612,C1orf21,16.8368852797683,54.2842789455795
80.4334295901705,-0.658336290696521,0.627944369347922,-1.04839906659273,0.294454783425653,0.985645299859549,C1orf50,81.3194234678956,79.5474357124454
272.781195513582,-0.773181033802222,0.310703476641083,-2.48848529846154,0.0128288541102135,0.62676812170277,C1orf52,345.791230929392,199.771160097771
65.6315547853382,-0.0988350611750569,0.597440029778466,-0.165430932392838,0.868604808554276,0.996577394764533,C1orf53,63.5447566502008,67.7183529204757
53.5190989859345,-0.429610142136142,0.659143180776939,-0.651770593499513,0.514549174572499,0.994447194724684,C1orf74,62.227034279552,44.8111636923171
189.410222934597,-0.483449074291537,0.405962297139974,-1.19087185607497,0.233703894610805,0.98168489642748,C1QTNF6,219.442536482913,159.377909386281
249.264963632024,0.0993123332069107,0.373217230238506,0.266097932143821,0.790163787517395,0.996294710336961,C22orf39,241.829592633997,256.700334630051
83.5262715366525,0.520801715174792,0.563100234148949,0.924882789228305,0.355026880019282,0.990443880456887,C2CD2,68.4428275588888,98.6097155144162
126.7106261198,0.654554337935025,0.501790674413216,1.30443703183693,0.192084615830834,0.98168489642748,C2CD2L,101.619519977156,151.801732262444
28.4721197893241,-0.264427995469046,0.90403051732255,-0.292498970335865,0.769905147030085,0.996294710336961,C2CD4B,30.2856484070315,26.6585911716167
90.565284474812,-0.69983730674999,0.592254102619455,-1.18165041602027,0.237344440216989,0.98168489642748,C2CD5,111.300786457082,69.8297824925417
73.8037113073409,-0.192304325841645,0.569002899630812,-0.337967215925294,0.735387893503776,0.996294710336961,C2orf49,79.8533808122044,67.7540418024773
90.8250759264504,0.709697708491952,0.541632693341017,1.31029333571842,0.190096621082436,0.98168489642748,C2orf68,73.3306146751664,108.319537177734
206.44883125327,0.330994981009929,0.373057669559114,0.887248830458585,0.374944947943207,0.992443630108828,C2orf69,183.080737928922,229.816924577617
128.376576413621,0.691177537643155,0.44469034801599,1.55428949768503,0.120115377529291,0.974401534329554,C2orf74,99.007003407533,157.74614941971
105.613775180326,0.353853244647436,0.57196267792189,0.618664920468394,0.536137124098265,0.996294710336961,C2orf76,88.4740672111964,122.753483149455
189.554217034415,-0.265319014939736,0.499968602807104,-0.530671353061144,0.59564654075466,0.996294710336961,C3orf38,209.467188007476,169.641246061354
47.6788641577955,-2.27195802299286,0.71421278230077,-3.18106603423416,0.00146734179123381,0.364252926255881,C3orf52,79.5638123803839,15.7939159352071
1307.53011571076,0.0841824176876901,0.143871952023279,0.585120424821019,0.558466746126612,0.996294710336961,C4orf3,1268.21750091715,1346.84273050438
25.6207885873843,-3.41769238111982,1.25880633321593,-2.71502636341881,0.00662704946993988,0.571214847367318,C4orf33,28.6526799984072,22.5888971763614
174.746475333209,0.106864884413551,0.423101395455002,0.252575116890429,0.800596560520365,0.996294710336961,C4orf46,175.898421092094,173.594529574325
604.668577283182,-0.194773088300476,0.207226636727171,-0.939903727516019,0.34726694516886,0.988142440035739,C5orf15,640.513916819069,568.823237747294
165.661231477202,-0.0169107146807815,0.383533501890141,-0.044091884013891,0.964831162113478,0.998879356112684,C5orf22,165.769183341304,165.5532796131
673.453139971171,-0.000298765337934569,0.192870528064558,-0.00154904609290314,0.99876404053279,0.999451272705433,C5orf24,673.760161198886,673.146118743456
266.25894278184,0.63001042708546,0.309361928375383,2.0364833849917,0.0417018398358435,0.82869888739163,C6orf120,211.832222623315,320.685662940365
11.4976289513924,0.624085090605013,1.72438697961935,0.361917074288498,0.717414000219529,0.996294710336961,C6orf132,11.5107386035783,11.4845192992065
289.909422214514,-0.107246606095353,0.301363580502455,-0.355871157080572,0.721937056935694,0.996294710336961,C6orf62,303.407670109064,276.411174319963
730.686536783829,0.131280607861083,0.203607250842965,0.644773736286708,0.519073824198912,0.994447194724684,C6orf89,702.424718130031,758.948355437627
98.0144691075782,0.811903649214361,0.496442163178199,1.63544458838184,0.101955881742973,0.961015869502668,C9orf40,76.4804346146996,119.548503600457
1111.53272270245,0.0675058254801955,0.161038032366069,0.419191817537501,0.675075951617304,0.996294710336961,C9orf78,1083.98863706026,1139.07680834464
22.992157298892,-0.755681448193513,1.03233222156907,-0.732013815324813,0.464160135469529,0.994447194724684,C9orf85,28.1856690377355,17.7986455600485
49.9665335274928,0.575437442866155,2.04986849138975,0.280719199930735,0.778925781252287,0.996294710336961,CA12,40.8597531434528,59.0733139115328
22.6768396197706,-1.9603073234918,1.25141785714089,-1.56646903534723,0.117238852177833,0.974401534329554,CA13,29.4954180822763,15.8582611572648
27.8245324879615,-2.3651060923248,2.92828668861984,-0.807675731176283,0.419277277934224,0.992443630108828,CA5B,46.8626888324653,8.78637614345759
122.483636458561,0.352412398169294,0.541864480280374,0.650369992856788,0.515453255421429,0.994447194724684,CAAP1,108.187592869761,136.779680047361
350.561054727594,-0.295938567393519,0.262192124448104,-1.12870883523465,0.259020680939562,0.982783504448174,CAB39,387.499192531267,313.622916923921
912.515046181286,-0.195898996954666,0.204657003358606,-0.957206417272739,0.338463078661537,0.986983139323132,CABLES1,960.565428255291,864.464664107282
82.7619069755788,0.202417636528346,0.533764842179482,0.379226244467188,0.704519864277384,0.996294710336961,CABLES2,78.0732532887257,87.4505606624319
534.189739638485,0.0442872141622504,0.236794777722466,0.187027833080664,0.851638810330432,0.996294710336961,CACNA2D1,534.055332494674,534.324146782296
60.0530014916813,0.516088799394946,0.739410469029226,0.697973346350533,0.485193862920614,0.994447194724684,CACNG7,47.7448329525537,72.3611700308088
90.3453918231487,0.0182214007816964,0.531927182958284,0.0342554420331727,0.972673456104655,0.998879356112684,CACNG8,91.1049012686177,89.5858823776796
610.208073330899,0.10909412987428,0.231541557947657,0.471164359613325,0.637523367850454,0.996294710336961,CACUL1,586.417092092455,633.999054569342
308.684706018828,0.000801976672332507,0.281284551480451,0.00285112235318847,0.997725136575454,0.999437865096263,CACYBP,313.113962114484,304.255449923172
424.47183517563,-0.169821642194821,0.244850951079192,-0.693571503179073,0.487950969952428,0.994447194724684,CAD,454.120698653101,394.822971698158
497.252742029778,0.337474590633213,0.237272025492939,1.42231091057658,0.154936012915926,0.974401534329554,CADM3,439.598283971535,554.90720008802
37.4520038830851,-0.443959930265209,0.822636051622817,-0.539679642521632,0.589417981589273,0.996294710336961,CADM4,42.8972726902619,32.0067350759083
158.860667681899,-0.329518200040189,0.408206376802122,-0.807234327453741,0.419531492017515,0.992443630108828,CADPS2,170.479305193952,147.242030169845
35.6258706506843,0.248354825690952,0.843022421056825,0.29460049873835,0.768299081132854,0.996294710336961,CALCOCO1,31.2580726838707,39.9936686174978
386.208288540661,0.440339925323744,0.278577199175451,1.58067468058078,0.113952440480263,0.974401534329554,CALCOCO2,329.1871441176,443.229432963721
263.117408506111,-0.585779321481607,0.319907467063378,-1.83108986751333,0.0670871306415296,0.903548220102363,CALCRL,316.76414246744,209.470674544782
7346.01324448967,0.0660106555934927,0.101569256433617,0.649907835415095,0.515751756621838,0.994447194724684,CALD1,7236.4942787036,7455.53221027574
326.998469685977,-0.337868093969527,0.288248945738389,-1.17213991226934,0.241140887981523,0.98168489642748,CALHM5,365.653785575591,288.343153796364
12626.6831363923,-0.00917928872880339,0.0709057563430266,-0.129457595577939,0.896995576363012,0.996577394764533,CALM1,12683.3909339199,12569.9753388647
9133.49647781356,0.038757506589638,0.0875952600338409,0.442461231060502,0.658155478753076,0.996294710336961,CALM2,9034.53839523359,9232.45456039353
3823.4302240145,-0.30649880512938,0.102032012414124,-3.0039474658735,0.00266501337484825,0.407851177625858,CALM3,4226.46689528684,3420.39355274216
2909.62081656424,0.135542390127327,0.119297854467613,1.1361678777226,0.255886311432768,0.981773214040098,CALU,2769.9954553616,3049.24617776687
52.0504473691763,0.540985541218586,0.662543233615388,0.816528663746995,0.414197836437581,0.992443630108828,CAMK1D,42.0089312473494,62.0919634910031
19.8251994251383,2.82587840287356,1.12548019480808,2.51082019560144,0.0120451030619837,0.62676812170277,CAMK2B,5.80281309675789,33.8475857535188
77.7465321584252,0.486695931769684,0.543316241282763,0.895787563096957,0.370366233496747,0.992443630108828,CAMK2D,65.2290047770923,90.2640595397581
274.022604137671,-0.213780374598382,0.309535967558721,-0.690647927878772,0.489786820371622,0.994447194724684,CAMK2G,296.239900894721,251.805307380621
298.774414631513,-0.0692472362132352,0.286405076963258,-0.241780756638329,0.808950050571261,0.996294710336961,CAMK2N1,306.352215311409,291.196613951617
30.4608816065238,-1.16513238761215,0.914518220426483,-1.274039556116,0.20264939784146,0.98168489642748,CAMK4,42.6349885043418,18.2867747087059
193.219365372625,-0.621182524268587,0.352234063289045,-1.76355040301381,0.0778077042255263,0.931201700779585,CAMKK2,235.123342509404,151.315388235847
19.7201918617291,-1.35049195741726,1.36761534120571,-0.987479385999466,0.323407683679768,0.986152964913951,CAMKMT,28.0985972844412,11.3417864390169
1204.25625702667,0.0725214355349139,0.191306529045707,0.379084999851662,0.704624744860876,0.996294710336961,CAMLG,1174.64932979551,1233.86318425783
232.955077828729,-0.317649129998036,0.329566654450071,-0.963838803801553,0.33512674879206,0.986152964913951,CAMSAP1,259.44782347584,206.462332181619
315.948975870792,0.195942637046105,0.291866508792944,0.671343340681513,0.502001830574454,0.994447194724684,CAMSAP2,295.943367693551,335.954584048033
40.1541367818809,0.71527774097306,0.760054142422053,0.941087879205151,0.346659826431363,0.988142440035739,CAMTA1,32.1414297200427,48.1668438437191
465.066353559682,0.00777301379007106,0.233127945683381,0.0333422651981323,0.973401649727975,0.998879356112684,CAND1,470.848120096264,459.2845870231
580.264908447078,-0.201883359563419,0.206643216402844,-0.976965820982259,0.328586073660426,0.986152964913951,CANT1,622.541504746081,537.988312148075
5886.67725316269,-0.129162762566686,0.082819324280551,-1.55957276503665,0.118860876694097,0.974401534329554,CANX,6129.14671606297,5644.20779026241
7023.46834974035,0.029030005968483,0.0956716405009811,0.303433763824561,0.761559317987,0.996294710336961,CAP1,6989.54556163948,7057.39113784123
356.109333157921,0.18384638719691,0.262068041979871,0.701521581219855,0.482977571244499,0.994447194724684,CAP2,334.446064423307,377.772601892535
873.445394444045,0.13473449996267,0.178172366116078,0.756203124534426,0.449527419725638,0.994447194724684,CAPN1,837.975406062748,908.915382825343
1868.60796223529,0.0781086305118808,0.127379518598655,0.613196150928972,0.539746649534509,0.996294710336961,CAPN2,1822.00286555911,1915.21305891146
151.816444276884,0.193141812282491,0.416360831089111,0.46388084051344,0.642733120442812,0.996294710336961,CAPN5,143.402979504444,160.229909049324
112.77729847505,0.235529176252379,0.479501800211055,0.491195603746867,0.62328810802031,0.996294710336961,CAPN7,103.799760569172,121.754836380928
1436.84203783318,-0.14625881650164,0.137760429916397,-1.06168960557396,0.28837661969966,0.983332583437413,CAPRIN1,1497.29616586152,1376.38790980484
2256.59195712547,0.152320673313241,0.129019957764361,1.18059776140553,0.237762553357199,0.98168489642748,CAPZA1,2142.77518959652,2370.40872465443
662.834541773389,0.145932365989562,0.196126023296483,0.744074465676372,0.456831426084322,0.994447194724684,CAPZA2,629.851515539196,695.817568007581
5282.44421595956,-0.0828231833412615,0.0945816847688531,-0.875678875288296,0.381204632590382,0.992443630108828,CAPZB,5391.91574499279,5172.97268692633
302.579136895084,0.20976193349427,0.311018262296002,0.674436066698345,0.500034119333534,0.994447194724684,CARD8,281.793820081098,323.364453709069
258.574246877763,-0.397298560269152,0.32306974030239,-1.22976097946308,0.218786624229385,0.98168489642748,CARHSP1,294.499400516896,222.649093238631
1853.73083890359,-0.176660334187585,0.132062777175796,-1.3376996756052,0.180994356783922,0.98168489642748,CARM1,1958.53580196567,1748.92587584152
777.963732136097,0.0657416061538351,0.187214323912024,0.351156924214455,0.725470624318749,0.996294710336961,CASC3,755.444947627491,800.482516644703
57.0524761893349,0.439645680543898,0.652648991351552,0.67363266682363,0.500544879447085,0.994447194724684,CASD1,48.7921419470545,65.3128104316153
137.722209979908,-0.390661038472936,0.492900954714758,-0.792575130431654,0.428025403039746,0.994447194724684,CASK,157.339041194058,118.105378765757
104.230679026032,0.0359631956349838,0.482492326413169,0.0745363058980295,0.940583653570208,0.998879356112684,CASKIN2,98.4759124852105,109.985445566854
67.9359631323234,0.390178089299581,0.619348561724489,0.629981424697565,0.528706737490435,0.996294710336961,CASP10,59.3594226534823,76.5125036111645
490.392339410903,-0.198954341573296,0.238504137037247,-0.834175641750926,0.404182015129581,0.992443630108828,CASP2,520.365955062792,460.418723759014
659.874957426078,-0.00986644228737425,0.207515061808773,-0.047545668258366,0.962078333461878,0.998879356112684,CASP3,668.304001476723,651.445913375434
334.211581337583,-0.443980856448268,0.288905042156774,-1.53677088199569,0.124349426293485,0.974401534329554,CASP6,383.13763917051,285.285523504656
1249.90694445422,-0.127291597784295,0.152642458671368,-0.833919991149695,0.404326071176672,0.992443630108828,CAST,1309.5575139849,1190.25637492353
116.24004536059,-0.133611053381258,0.451106542858397,-0.296185137405995,0.767088698536732,0.996294710336961,CASTOR2,122.986893357406,109.493197363774
7901.20333439522,-0.0844525596990205,0.0826393668939856,-1.02194102971966,0.306808811674686,0.986152964913951,CAV1,8126.89893810432,7675.50773068612
1701.43506582482,0.0780454457817255,0.143772925747861,0.542838266493903,0.587241163526153,0.996294710336961,CAV2,1662.5033686568,1740.36676299284
22293.270432086,-0.168555877100193,0.0614112963202028,-2.74470475629322,0.00605653588508123,0.560424063446575,CAVIN1,23605.3507166963,20981.1901474757
579.369939954406,-0.35682747077934,0.22668404160855,-1.5741181789741,0.11546013056386,0.974401534329554,CAVIN2,655.051897928607,503.687981980204
1793.14128805738,-0.11517908178913,0.140076901274009,-0.822256066072058,0.410931175458474,0.992443630108828,CAVIN3,1849.91885679235,1736.36371932241
17.7729978459891,0.899313870925997,3.8010037852224,0.23659904639463,0.812967860067837,0.996294710336961,CAVIN4,15.0553754766676,20.4906202153106
45.9631919734359,0.00559569430380849,0.722265152511709,0.00774742389875687,0.993818511923389,0.998987745956335,CBFA2T2,50.3634044802996,41.5629794665722
341.134835759254,0.333558369071963,0.338735445320607,0.98471646141506,0.324763364572187,0.986152964913951,CBFB,305.581218787059,376.688452731449
572.102530868605,0.2925099144765,0.223243636645632,1.31027212632635,0.190103793425119,0.98168489642748,CBL,514.00669703987,630.19836469734
114.728177177674,0.216928514618405,0.532944861421538,0.407037444811431,0.683980486580957,0.996294710336961,CBLB,104.384349431913,125.072004923436
96.7244231223144,-0.339500261109861,0.526666599130696,-0.644620831604345,0.519172931794985,0.994447194724684,CBLL1,107.282770311614,86.1660759330148
398.957853469688,0.759784670076429,0.249961907380228,3.03960182589216,0.00236891108017581,0.407851177625858,CBR4,297.472262270046,500.44344466933
1537.8033248633,-0.0543941865825912,0.148675257395865,-0.365859037578528,0.714470263630098,0.996294710336961,CBX3,1565.03921586664,1510.56743385997
393.126195500721,0.120353310389167,0.292279989522285,0.41177403415772,0.680505054994007,0.996294710336961,CBX4,374.582182029284,411.670208972159
548.544963153997,-0.0454158376808346,0.219251920142377,-0.207139976933122,0.83590054200339,0.996294710336961,CBX5,567.624310270761,529.465616037233
1185.50296678941,-0.418265854963663,0.151985020968944,-2.75202024710797,0.0059228858842988,0.560424063446575,CBX6,1348.2276963041,1022.77823727471
22.4615525423145,-3.34722804660247,1.27002774224092,-2.63555506330625,0.00839997957706854,0.601847901055327,CBX8,31.7926098691918,13.1304952154372
172.561037015599,-0.625998024141895,0.463372469656631,-1.35096076080172,0.176708002666392,0.98168489642748,CC2D1B,211.366893796432,133.755180234767
461.779393424061,0.392605248142849,0.284301012711185,1.38094917214272,0.167294589340768,0.98168489642748,CCAR1,400.308076101978,523.250710746143
71.4622127417449,-0.284442615277292,0.57932245198274,-0.490991872149583,0.623432196210542,0.996294710336961,CCAR2,76.9509824571758,65.9734430263141
52.0436127151124,0.860318320208191,0.769902778450394,1.11743760938203,0.263807262009936,0.982783504448174,CCDC102A,39.5059421343003,64.5812832959245
108.517606518993,0.603953759503267,0.58318053757109,1.03562056789257,0.300379192636568,0.986152964913951,CCDC107,87.6117835986824,129.423429439303
109.164329501486,0.136030349294399,0.481996331683606,0.282222789578599,0.777772684734455,0.996294710336961,CCDC112,99.334593970606,118.994065032367
33.9065863250499,3.80443130551232,1.1022063098762,3.45165081294048,0.000557168282078318,0.25742746445773,CCDC113,16.1195409346121,51.6936317154877
221.900650832315,-0.0116959857433177,0.36297138702595,-0.0322228863248704,0.974294305006066,0.998987745956335,CCDC115,231.537759831009,212.263541833621
161.307440792657,0.604674139254981,0.449254993124795,1.3459486227391,0.178319086367939,0.98168489642748,CCDC117,128.396353795652,194.218527789662
146.37586427166,-0.694707460655244,0.516466022838209,-1.34511745194296,0.178587308207589,0.98168489642748,CCDC12,179.819395045442,112.932333497879
42.7862050105823,-1.20688986770328,0.844709944425373,-1.42876247126969,0.153072515453393,0.974401534329554,CCDC126,59.3358176540879,26.2365923670768
255.875747312823,-0.0605356269153726,0.319273663078155,-0.189604198265968,0.849619297150387,0.996294710336961,CCDC127,258.764823640775,252.98667098487
36.2552770576647,-0.745233936381929,0.801131061074777,-0.930227240699097,0.352253440530198,0.990443880456887,CCDC134,44.920072000357,27.5904821149725
21.3507588950452,0.229552171003326,1.01438893244986,0.226296012959183,0.820971199166647,0.996294710336961,CCDC138,19.2188518530939,23.4826659369965
55.4813877960588,1.06872882269898,0.655918614068835,1.62936193572763,0.103236421790892,0.961015869502668,CCDC14,32.4070932983026,78.5556822938151
82.7728503871234,-1.03573503088753,0.538639726251594,-1.9228715974873,0.0544961775463567,0.869042076164583,CCDC149,110.676175099681,54.8695256745658
16.8045147363863,0.322908070234191,1.52844761794267,0.211265382237197,0.832680194225798,0.996294710336961,CCDC170,22.2277251253601,11.3813043474125
75.7736430220412,-0.106677571848549,0.586522814550231,-0.181881367957278,0.855675826820871,0.996294710336961,CCDC174,80.1085411139647,71.4387449301176
100.845351299832,0.826568097322656,0.495402975288058,1.66847624772951,0.0952212232135427,0.949104594418722,CCDC186,70.0173119950089,131.673390604654
97.755640111896,1.09994186290085,0.662088171549137,1.66132232860653,0.0966487278943165,0.949811592024065,CCDC190,68.4500150630178,127.061265160774
305.21381147652,-0.35332836271429,0.307124497049522,-1.15044018340653,0.249962617703708,0.98168489642748,CCDC25,344.306138961598,266.121483991443
47.2318115165981,-1.31124395411064,0.803265208174244,-1.63239231671814,0.102596866669346,0.961015869502668,CCDC3,64.8142653413375,29.6493576918587
232.382454339461,0.211711303194938,0.326823203562398,0.647785410849869,0.517123752694142,0.994447194724684,CCDC32,211.466150960014,253.298757718909
159.847103846443,0.197344986814732,0.408003383337428,0.483684682221185,0.628609665785527,0.996294710336961,CCDC43,147.408543755901,172.285663936985
518.667348303252,0.170457121459038,0.234850117224099,0.725812375458105,0.467953799245552,0.994447194724684,CCDC47,491.828790608423,545.505905998081
1081.60935780599,0.243031578402069,0.167820175137129,1.44816663552808,0.147570453181972,0.974401534329554,CCDC50,999.61777925166,1163.60093636031
170.189440298829,-0.0488546467132773,0.402793618264756,-0.121289525200881,0.903461716444311,0.996577394764533,CCDC59,177.055115178467,163.323765419192
617.888504722872,0.0617221880176125,0.228437679518365,0.270192676390982,0.7870120266338,0.996294710336961,CCDC6,609.205949947243,626.571059498501
24.6904655022877,0.410647763216275,0.97455652412292,0.421368851422804,0.673485760748578,0.996294710336961,CCDC66,20.606472909319,28.7744580952565
233.590753123827,0.738667982871589,0.431115954167788,1.71338586691251,0.0866415746371463,0.942895213226454,CCDC68,179.220543289618,287.960962958036
100.457325037675,-0.292590325683948,0.524818945338136,-0.557507171345415,0.577180960738436,0.996294710336961,CCDC69,111.192172062425,89.7224780129246
706.718923057501,-0.195459964744762,0.201458381195483,-0.970225033998954,0.331934334978873,0.986152964913951,CCDC71L,755.3850862514,658.052759863603
178.179114468383,-0.0412230239165431,0.41262029176813,-0.0999054693599706,0.920419374157298,0.996577394764533,CCDC80,172.519069961749,183.839158975018
98.198597600179,-0.556194791753001,0.503755959950876,-1.10409570500613,0.269551624200109,0.982783504448174,CCDC82,120.921099383392,75.4760958169661
399.955927208201,0.145137418536883,0.263071236123046,0.551703868031389,0.58115125942116,0.996294710336961,CCDC85A,385.365376116062,414.54647830034
379.758970738684,-0.230268802422999,0.271760467638315,-0.847322660371129,0.396815299394491,0.992443630108828,CCDC86,411.232009246008,348.28593223136
77.3328027683345,-0.763351348874515,0.756390997339491,-1.00920205496827,0.312877741311206,0.986152964913951,CCDC88A,98.3719038983954,56.2937016382736
808.436207390013,-0.242755248384344,0.192250954477534,-1.26269983441207,0.206697073577155,0.98168489642748,CCDC90B,887.323796573591,729.548618206435
221.800852316786,0.43374434629489,0.336913755301187,1.28740468286057,0.197953272977046,0.98168489642748,CCDC93,190.289427575079,253.312277058492
14.7571455959429,1.02577821711975,1.49893219449117,0.68433930560012,0.493760932462077,0.994447194724684,CCDC96,9.95801791825472,19.556273273631
57.0103642069997,-0.503509458175311,0.801763363501972,-0.628002576690539,0.530002252026041,0.996294710336961,CCDC97,67.264384846482,46.7563435675174
174.44401895499,0.88769677951109,0.369015162291169,2.40558348334386,0.0161466622765038,0.667120754755207,CCDC9B,124.789776438331,224.098261471649
9688.79244593252,0.0214908816964676,0.0729555925729654,0.294574835712201,0.768318687786597,0.996294710336961,CCN1,9639.39653387934,9738.18835798571
50980.1976120536,0.0216026567865128,0.0564744255760784,0.382521053842526,0.702074915418946,0.996294710336961,CCN2,50900.1881191119,51060.2071049953
167.042490132448,0.421573722698117,0.393166576821481,1.07225218915171,0.283606774992265,0.982783504448174,CCNA2,138.487266310333,195.597713954563
321.427513167174,0.0414526335195018,0.27898100644221,0.148585862701333,0.881880429097781,0.996577394764533,CCNB1,331.433342540996,311.421683793351
424.492214660408,0.231194000672018,0.250496391091697,0.922943439082866,0.356036681586592,0.990443880456887,CCNC,388.746702862755,460.237726458061
6518.75301207047,0.025964707849425,0.0844587886575348,0.307424582593852,0.758520219348638,0.996294710336961,CCND1,6498.11697634375,6539.38904779719
1768.27648642687,0.232155643963063,0.155621822291199,1.49179363501253,0.135753253063426,0.974401534329554,CCND2,1660.33094177942,1876.22203107432
103.492107756671,-0.826569442264205,0.510584769350512,-1.61886819169252,0.105475626058491,0.961015869502668,CCNF,134.145965555468,72.838249957874
658.502054254043,-0.00552828801339622,0.217167332914036,-0.0254563517413761,0.979690963458299,0.998987745956335,CCNG1,659.986275464317,657.017833043769
223.926935948991,-0.363679064450222,0.392030946412736,-0.927679479842225,0.353573855839781,0.990443880456887,CCNG2,237.86379951824,209.990072379743
201.537615119432,-0.0845877893666651,0.342175383210997,-0.247205946181422,0.804748843707633,0.996294710336961,CCNH,208.648058173691,194.427172065174
2253.01267119974,-0.00626042944404144,0.124653678854581,-0.0502225806856834,0.959945017472494,0.998879356112684,CCNI,2239.79763855999,2266.22770383949
167.684436159703,-0.611465693463004,0.423097288141983,-1.44521298197924,0.148398071034782,0.974401534329554,CCNJL,198.908951178538,136.459921140867
211.695288387375,-0.0911905601576797,0.420357398437694,-0.216935780116158,0.82825839301185,0.996294710336961,CCNK,215.994645198467,207.395931576283
148.382842611901,0.226116739017132,0.465431963227711,0.485821251830324,0.627093905216395,0.996294710336961,CCNL1,143.629066057602,153.136619166201
157.109849151369,0.634342836571408,0.394216950368655,1.6091211602601,0.107589851161478,0.961015869502668,CCNL2,125.254334567999,188.965363734738
227.930664634699,0.208371898825628,0.32313202284493,0.644850661940197,0.51902396731011,0.994447194724684,CCNT1,212.081091732756,243.780237536643
81.0687364335764,0.727432569968666,0.560474015766809,1.29788812595252,0.19432578090395,0.98168489642748,CCNT2,61.6595381144513,100.477934752702
980.075900453259,-0.0204197321977458,0.175792307333255,-0.116158280800283,0.907527099967351,0.996577394764533,CCNY,991.483468730806,968.668332175713
240.583164095554,0.178830808569608,0.333193513708372,0.536717556651267,0.591462726875786,0.996294710336961,CCNYL1,230.768931408259,250.397396782849
93.8217165686041,0.845487503534732,0.506161406094226,1.67039109136926,0.0948420110753497,0.949104594418722,CCP110,67.8150865427633,119.828346594445
113.771083029772,-0.465684570665118,0.462462357856352,-1.00696751368847,0.313950385867971,0.986152964913951,CCPG1,129.7612829144,97.7808831451437
44.2081826168982,-0.955269060459598,0.981341834030054,-0.973431507079054,0.330338886086278,0.986152964913951,CCSAP,58.2910418606684,30.1253233731281
361.934525000849,0.109002711848445,0.27912365033167,0.390517649503804,0.696153806876397,0.996294710336961,CCSER2,351.6071862473,372.261863754399
971.332314088159,0.278151506975664,0.187458193861464,1.48380554216384,0.137860516391931,0.974401534329554,CCT4,878.701039819617,1063.9635883567
2523.76946384305,0.230771457165046,0.111861010135263,2.06301960697472,0.0391107653631022,0.810377133390495,CCT5,2322.71537744887,2724.82355023724
2594.81263534689,-0.0490119239182972,0.110436166005398,-0.443803200447049,0.657184874312356,0.996294710336961,CCT6A,2627.52202620864,2562.10324448515
1400.60394529691,-0.0846954805782466,0.14962758357529,-0.566041892507268,0.571365302690056,0.996294710336961,CCZ1,1448.59283979618,1352.61505079765
742.805420823006,0.0152409926191311,0.2215129007291,0.0688040857618946,0.945145565829835,0.998879356112684,CD109,748.286017931313,737.324823714699
1554.56580164278,-0.0206784439704317,0.153079803694849,-0.135082770367621,0.892546432565296,0.996577394764533,CD164,1572.67418690156,1536.457416384
256.037889228171,-0.144548651869814,0.359331616659739,-0.40227089732182,0.687484670299275,0.996294710336961,CD274,273.631325125412,238.44445333093
1225.47955008302,0.128138133535323,0.179845404255051,0.712490452931463,0.476161121283299,0.994447194724684,CD276,1176.34901724021,1274.61008292583
227.276070493086,0.344205094213822,0.356274210043832,0.966124082266506,0.333982095347023,0.986152964913951,CD2AP,201.036293538467,253.515847447704
1036.95112133328,-0.0426151173617914,0.176256467082473,-0.241779028407798,0.808951389778679,0.996294710336961,CD2BP2,1054.6920564108,1019.21018625576
18.8679488741883,-0.860311813570661,1.17702844849705,-0.730918453729133,0.464828963574075,0.994447194724684,CD302,18.4285427836064,19.3073549647702
52.1113557346043,0.886202795644446,0.693417240742054,1.27802244244185,0.201241513274033,0.98168489642748,CD40,36.5110955209198,67.7116159482887
3897.65321574436,-0.0745237341437195,0.103800875255584,-0.717948995711485,0.472788736051441,0.994447194724684,CD44,4027.66590354409,3767.64052794463
520.752070183775,0.0434866675970611,0.231846293518663,0.187566800991626,0.851216253254797,0.996294710336961,CD46,520.05316185582,521.450978511731
330.079845671173,0.241627782815905,0.325237514683211,0.742927159098654,0.457525781712521,0.994447194724684,CD47,302.522540320298,357.637151022048
821.808354610775,-0.243149005761739,0.199565824742531,-1.21839000277446,0.223075802343561,0.98168489642748,CD55,895.704651239254,747.912057982297
18646.6479269057,0.0148041053604774,0.0675084591668045,0.219292597449135,0.826422127954726,0.996294710336961,CD59,18524.750186571,18768.5456672405
82.8703866348784,1.02615525773153,0.593281507605546,1.72962623067932,0.0836970764088189,0.941807879236941,CD68,49.4624186581234,116.278354611633
9515.81592727835,0.0145402709723943,0.077950498868907,0.186532109266515,0.852027501144054,0.996294710336961,CD81,9523.35210300597,9508.27975155074
63.6654166996414,-0.794631697406134,0.62905607709964,-1.26321281414195,0.20651270891666,0.98168489642748,CD82,80.613874060055,46.7169593392277
1626.43277814862,-0.168318036497498,0.156652586027757,-1.07446701497589,0.282613420784164,0.982783504448174,CD93,1722.75496799359,1530.11058830365
21.0714065038272,-1.68993499821877,1.50512684367415,-1.12278576740648,0.261528491469826,0.982783504448174,CDADC1,17.2424265992579,24.9003864083965
526.29407136045,0.127548608142619,0.222428775834636,0.57343573314203,0.566349701671399,0.996294710336961,CDC123,502.465244677501,550.122898043399
10.0560253217099,1.31686608318359,1.72863525417943,0.761795225452982,0.446182230462479,0.994447194724684,CDC14B,5.9051379244399,14.2069127189798
372.282969889591,0.229528184556061,0.257803406030638,0.890322544958088,0.37329271886904,0.992443630108828,CDC16,348.871530782248,395.694408996934
183.496255578264,-0.00668613591351614,0.463478093688238,-0.0144260020151322,0.988490114938869,0.998987745956335,CDC23,209.682854904901,157.309656251626
78.0731306729021,0.261577944431722,0.541220832663314,0.483310930853333,0.628874979873806,0.996294710336961,CDC25A,71.308741926407,84.8375194193972
242.169072671617,-0.11917358285833,0.33235305173043,-0.358575262775053,0.719912855203901,0.996294710336961,CDC25B,254.077458970919,230.260686372315
876.115580018326,0.0867064871378264,0.18075489063193,0.479690960696527,0.63144715637821,0.996294710336961,CDC27,836.979083433727,915.252076602925
780.483873559714,0.192230144737105,0.211573506119561,0.908573801430864,0.363575140837215,0.992443630108828,CDC34,731.855671150378,829.11207596905
73.2875860028404,0.343375508257352,0.570654213088278,0.601722549981828,0.547358837037901,0.996294710336961,CDC37L1,65.8970648913543,80.6781071143266
3775.84776936865,0.0343823472440143,0.0938745705379074,0.366258370578967,0.714172290054356,0.996294710336961,CDC42,3737.28790555586,3814.40763318144
545.497835663914,-0.153453835888136,0.258974921187995,-0.592543228449293,0.553486882428253,0.996294710336961,CDC42BPA,574.365937210351,516.629734117476
304.891850525955,0.445610575596471,0.298124314880179,1.49471396110568,0.134989109106727,0.974401534329554,CDC42EP2,258.095001022648,351.688700029261
474.198000439884,0.00366225258131389,0.239424549882795,0.0152960612564863,0.987795984778747,0.998987745956335,CDC42EP3,474.578576796703,473.817424083065
652.270895720743,-0.0147562666551306,0.19973244907487,-0.0738801668105479,0.941105737306001,0.998879356112684,CDC42SE1,660.335445289885,644.206346151602
516.625589006286,-0.0666027603640479,0.225275570203394,-0.295650168830621,0.767497256180562,0.996294710336961,CDC42SE2,521.560386551015,511.690791461557
268.573570312073,-0.32306303120364,0.321488747595258,-1.00489685446274,0.314946519255756,0.986152964913951,CDC5L,298.347788344811,238.799352279334
66.1623549603427,0.833326614015892,0.688318252167916,1.21067051671412,0.226021706371273,0.98168489642748,CDC6,45.7969183601202,86.5277915605653
256.999066249756,-0.320721703694058,0.332198468798473,-0.965452083069721,0.33431842523274,0.986152964913951,CDC73,287.485735315734,226.512397183778
269.066976476273,0.621068543007493,0.305508530984227,2.03290081951773,0.0420625442359593,0.82869888739163,CDCA4,217.704007844314,320.429945108233
43.8412204299159,0.0924061592811127,0.753209461258615,0.122683216334938,0.902357954880213,0.996577394764533,CDCA7,42.4705808277267,45.2118600321051
327.995390918461,0.0319216927473148,0.310363730066473,0.102852523200691,0.918080018779112,0.996577394764533,CDCA7L,325.516986265859,330.473795571063
221.190053063091,0.535484489884122,0.366116818273548,1.46260554871322,0.143575344081282,0.974401534329554,CDCA8,197.03260715674,245.347498969442
447.403111455417,-0.0127020315616477,0.297415834737151,-0.0427079868591175,0.965934312787543,0.998879356112684,CDH11,446.321894773064,448.48432813777
243.286816947486,0.364950967464791,0.319274385603192,1.14306372174299,0.253012135307711,0.98168489642748,CDH13,215.760255215509,270.813378679463
6395.13704391262,-0.0157247439852451,0.0841013891100544,-0.186973653487076,0.851681290116622,0.996294710336961,CDH2,6407.05875986072,6383.21532796453
4350.65051911469,0.0397679901463361,0.101122941523885,0.393263779188454,0.694124667504604,0.996294710336961,CDH5,4296.51146953472,4404.78956869466
140.541755096396,-0.322740555175302,0.407682792381943,-0.791646253425722,0.428566969231006,0.994447194724684,CDK1,156.825436693038,124.258073499755
278.930494832642,-0.795063791462329,0.294903461476214,-2.69601376491966,0.00701747667578078,0.57568719552672,CDK12,354.582379963122,203.278609702163
193.090560938176,-0.335860081453054,0.362366724097331,-0.926851333520465,0.354003728029808,0.990443880456887,CDK13,216.578225504451,169.602896371901
141.750036252471,-0.46930014594502,0.579222063917847,-0.810224912308558,0.417810921914254,0.992443630108828,CDK14,161.456535612542,122.0435368924
680.886414154841,-0.20715920545833,0.244131554262205,-0.848555632574373,0.396128603738008,0.992443630108828,CDK16,729.894666709123,631.878161600558
1178.0726513409,-0.242305704027679,0.155636076191299,-1.55687363725265,0.119500489668153,0.974401534329554,CDK17,1276.43768052394,1079.70762215785
156.038111630857,0.088937165856431,0.506398699134695,0.175626766041069,0.860587172928658,0.996408445993499,CDK19,153.108149212586,158.968074049129
3259.46994697826,-0.0403839394211885,0.101518589130564,-0.397798469886637,0.690778745248814,0.996294710336961,CDK2AP1,3301.00909458847,3217.93079936804
741.096761660759,-0.0790978910121646,0.18460757086875,-0.428465044201251,0.668312577918222,0.996294710336961,CDK4,754.326200178327,727.867323143191
106.100898081506,-0.15995192848957,0.489629019125489,-0.326679837676401,0.743910051495484,0.996294710336961,CDK5R1,103.841086598721,108.360709564291
143.458310591113,0.481434924601625,0.484693217150067,0.993277618845998,0.320574681412958,0.986152964913951,CDK5RAP2,115.456210762668,171.460410419557
237.410651945274,0.0948000226117909,0.342527436936328,0.276766216043047,0.781959623869554,0.996294710336961,CDK6,227.648924039673,247.172379850875
4686.217904606,0.0295365898644091,0.0896784731700994,0.3293609806267,0.741882856902694,0.996294710336961,CDKN1A,4620.7379706762,4751.6978385358
118.267221797084,-0.821226121850695,0.532844409937785,-1.54121185572085,0.123265232985969,0.974401534329554,CDKN1B,147.183070410494,89.3513731836732
531.877219673938,-0.259284957806414,0.223398642877823,-1.16063801671444,0.245789138325518,0.98168489642748,CDKN2A,576.943246328516,486.811193019359
92.5430380230876,0.796002438476308,0.679464045137236,1.17151517313257,0.241391762513097,0.98168489642748,CDKN2AIP,68.0851229453575,117.000953100818
132.171984197384,-0.243690327680252,0.431188876641029,-0.565159123719993,0.571965536927717,0.996294710336961,CDKN2AIPNL,146.967302645535,117.376665749233
190.218516789079,0.265711743710933,0.367886626273302,0.722265297878853,0.4701313839455,0.994447194724684,CDKN2B,174.346875076377,206.090158501781
28.4076935327648,-0.132440661041712,1.07239651848084,-0.123499711869009,0.901711402440268,0.996577394764533,CDKN2C,29.8240775713866,26.9913094941431
240.302897047232,0.114676559130343,0.332471937218658,0.34492101826604,0.73015374888559,0.996294710336961,CDS2,230.535782965566,250.070011128897
72.4388352034224,-0.567253328550883,0.565605885001337,-1.00291270581377,0.315902981632454,0.986152964913951,CDT1,89.4775186004113,55.4001518064334
2681.21531508491,0.0339535006458716,0.108120477975906,0.314033948808828,0.75349525463796,0.996294710336961,CDV3,2643.18919279852,2719.2414373713
147.244668192307,-0.209542451969917,0.434498327535047,-0.482262965564613,0.629619152279791,0.996294710336961,CDYL,155.391833678871,139.097502705743
355.078412603627,-0.0663982393428444,0.260552198733801,-0.254836611111011,0.798849296985681,0.996294710336961,CDYL2,364.513113635476,345.643711571779
6.92395437635702,-0.585593202127033,1.93482966901238,-0.302658787750524,0.762149908117774,0.996294710336961,CEACAM19,6.61818818999418,7.22972056271986
106.775348606059,0.704120951020023,0.532562282898365,1.32213822426174,0.186122127389316,0.98168489642748,CEBPD,78.9496288054395,134.601068406678
335.693507565678,0.33774177778629,0.283725090753712,1.19038389198884,0.233895541218937,0.98168489642748,CEBPG,305.602826673735,365.784188457622
143.479362451921,0.180890514171744,0.456583391274044,0.396182860850435,0.691970134136815,0.996294710336961,CEBPZ,136.503702047574,150.455022856267
419.850095555769,0.221513303984557,0.260978031673223,0.848781418743778,0.396002931414572,0.992443630108828,CEBPZOS,391.730496611854,447.969694499684
1253.50203667285,-0.242647309349749,0.171183559526007,-1.41746853507205,0.156345987437819,0.974401534329554,CELF1,1353.56552404731,1153.43854929838
334.984656466934,-0.211381976064507,0.279683692148311,-0.755789422117667,0.449775459813306,0.994447194724684,CELF2,360.457088858174,309.512224075694
441.867871914323,0.166477155086671,0.239934011671964,0.693845586653537,0.487779050583017,0.994447194724684,CEMIP2,418.87643463219,464.859309196456
53.1547382877757,0.883337291397243,0.715222104322766,1.2350531199447,0.216810735124676,0.98168489642748,CENPA,38.8857823459657,67.4236942295857
75.2865385898235,0.128338957192678,0.716144859388246,0.179208096672382,0.857774306419612,0.996294710336961,CENPE,73.1131647764186,77.4599124032284
48.0215460133102,0.198207764197233,0.686139417129542,0.288873892461146,0.772677883190292,0.996294710336961,CENPF,45.3919115036492,50.6511805229712
36.1982588886475,0.504696230562277,1.1215733606246,0.449989495364989,0.652718015002047,0.996294710336961,CENPH,29.0624366527663,43.3340811245287
76.2607530326834,1.1396721497093,0.623370189347234,1.82824294325451,0.06751309869251,0.904937992409756,CENPI,51.0769892088726,101.444516856494
120.6633740297,0.0739058659027254,0.442983361816759,0.166836663118956,0.867498569961954,0.996577394764533,CENPO,117.127124183157,124.199623876242
86.441946450413,-1.04057566991845,0.594789060984172,-1.74948689909773,0.0802068914262032,0.938892717784579,CENPS,113.80706271832,59.0768301825056
92.1364686036087,-0.586302110819202,0.577658795817945,-1.01496266492232,0.310123624834076,0.986152964913951,CENPS-CORT,113.176555517606,71.0963816896113
43.5986117665661,0.228120781419655,0.791914307858555,0.288062457207681,0.773298929887431,0.996294710336961,CENPU,40.7128318881404,46.4843916449917
55.2673972043564,0.294814036709953,0.666910897602517,0.442059108300348,0.658446433873116,0.996294710336961,CEP104,51.624182647531,58.9106117611819
70.8038851935649,0.670505525471258,0.682540918778297,0.982366781278722,0.325919185424369,0.986152964913951,CEP112,55.6645773768916,85.9431930102382
94.864509557722,0.0483836260057973,0.492330549084914,0.0982746776443734,0.921714185144003,0.996577394764533,CEP120,93.344460150322,96.384558965122
55.5314670405706,-0.607825474169532,0.65016216404523,-0.934882876585306,0.349848662593747,0.990443880456887,CEP126,66.5832095099068,44.4797245712345
70.5727882482455,0.386260620405405,0.580060244609662,0.665897420129749,0.505476669631007,0.994447194724684,CEP135,58.0772712084267,83.0683052880643
135.679243667085,0.092159227253885,0.424763386452388,0.216966033780822,0.828234815529417,0.996294710336961,CEP15,131.669649105913,139.688838228257
44.3665622878109,-0.334081982096243,0.718262005583596,-0.465125510606395,0.641841578231443,0.996294710336961,CEP164,52.2851841229472,36.4479404526747
22.0977307747776,0.45784115416813,1.0413475958741,0.439662180027239,0.660181798293838,0.996294710336961,CEP19,18.9794807140849,25.2159808354703
77.7436040008307,-0.246079623588216,0.561091066380122,-0.438573412290803,0.660970665662934,0.996294710336961,CEP250,84.8511662281057,70.6360417735558
89.7566905656853,0.398303302570701,0.526560851047665,0.75642407098481,0.449394980497638,0.994447194724684,CEP350,77.5007727168846,102.012608414486
197.15756679155,-0.151878124457609,0.348956911992775,-0.435234607018628,0.663392145254383,0.996294710336961,CEP41,214.882770274503,179.432363308597
77.3891174191963,0.0204572796772866,0.604155430686152,0.0338609547116921,0.972988028946846,0.998879356112684,CEP43,76.2902037165384,78.4880311218542
60.8225413121767,0.516737611110816,0.623300964352218,0.829033870736665,0.407085241464038,0.992443630108828,CEP57,49.4710839367148,72.1739986876386
48.6161035788478,1.05303849220999,0.817298362291237,1.28843827517025,0.197593442328058,0.98168489642748,CEP57L1,32.9435472262642,64.2886599314313
75.3155440950571,0.20791939685144,0.556297545509811,0.373755732934064,0.708586056432324,0.996294710336961,CEP63,70.0574752290255,80.5736129610888
83.4352583828812,-0.830670064037548,0.678220623227172,-1.22477853900251,0.2206586730616,0.98168489642748,CEP68,106.494394734875,60.3761220308873
24.6427010631007,0.669335675282149,1.28061389736198,0.522667821004409,0.601205435174033,0.996294710336961,CEP70,19.5663665437104,29.7190355824911
8.62317032316309,0.118948795049008,2.3572309743526,0.050461238776856,0.959754837007361,0.998879356112684,CEP78,7.3616674849364,9.88467316138979
37.1616468153655,-2.39977832892718,0.850557714589141,-2.82141739210064,0.00478119496354132,0.520563086732236,CEP85,58.91310651757,15.4101871131611
60.8138524558791,0.441990604005287,0.61795370877214,0.715248727746149,0.474455364261852,0.994447194724684,CEP85L,52.1208535657196,69.5068513460386
79.8830850284299,0.594980187188579,0.551263913663949,1.0793018959541,0.280453167989173,0.982783504448174,CEP89,66.8927020692709,92.873467987589
75.5933045471632,0.78598493708341,0.604242578240775,1.30077714710501,0.193334746491491,0.98168489642748,CEPT1,55.9707811627219,95.2158279316045
780.535442187092,-0.0392281302259294,0.197872338087292,-0.198249692731804,0.842849709787268,0.996294710336961,CERK,790.024544425898,771.046339948286
251.305292849906,0.25087667489706,0.32148214141667,0.780375151762788,0.435170089379766,0.994447194724684,CERS2,222.801521266846,279.809064432966
248.646302864385,0.276134997476057,0.335340218429115,0.823447300087052,0.410253674330076,0.992443630108828,CERS5,231.656527527448,265.636078201321
207.649071755869,-0.262797923952378,0.362391074167634,-0.725177695272962,0.468343024541455,0.994447194724684,CERS6,226.8203717295,188.477771782239
336.500797747951,-0.118028049223596,0.288695205181207,-0.408832731217386,0.682662417847891,0.996294710336961,CES2,349.595400928576,323.406194567327
614.44212440288,-0.320056785311829,0.225461865902708,-1.41956061629482,0.155735637976171,0.974401534329554,CETN2,673.603425368868,555.280823436892
64.2148606963936,-0.112536188829547,0.629961517254677,-0.178639783140993,0.858220554487983,0.996294710336961,CETN3,68.6303693918489,59.7993520009383
162.459394631629,-0.184472338178991,0.378704762801116,-0.487113858337899,0.626177646047218,0.996294710336961,CFAP410,170.800163971182,154.118625292076
5.49964527203096,1.81705768426931,2.57057848650667,0.706867226115562,0.479648992666987,0.994447194724684,CFAP418,3.93108675687552,7.0682037871864
92.3159460232663,0.262758528309017,0.507688345358808,0.517558716309142,0.604766192058623,0.996294710336961,CFAP97,77.5157911824201,107.116100864113
400.719260891765,0.494344294687302,0.246086057563882,2.00882691031358,0.0445554933226653,0.843922150260544,CFH,333.844615846432,467.593905937097
8764.16481939644,-0.0312989708933497,0.0773147584928716,-0.404825307657599,0.685605924750342,0.996294710336961,CFL1,8865.68856344736,8662.64107534552
614.524262826922,-0.319417624833645,0.220600650436563,-1.44794507269823,0.14763241274585,0.974401534329554,CFL2,685.177730967447,543.870794686397
332.840342919589,-0.344148715578554,0.299099769297001,-1.1506151154427,0.249890611718353,0.98168489642748,CFLAR,373.14292265669,292.537763182487
705.023479642997,-0.158259592740307,0.203467948494686,-0.77781092261045,0.436680487795398,0.994447194724684,CGGBP1,743.307476564545,666.739482721449
52.0983830452803,0.469416417193958,0.813539822664105,0.577004842438759,0.563936184307918,0.996294710336961,CGREF1,42.4200701813305,61.77669590923
74.5152042510215,0.64158826616616,0.619743937534564,1.03524734540929,0.300553413115993,0.986152964913951,CGRRF1,60.6635740835317,88.3668344185112
19.0678670442266,-0.125555851526453,1.24540896958901,-0.100814956847377,0.919697353487327,0.996577394764533,CHAC2,17.4908399904122,20.6448940980411
86.9790180813303,0.265611758306798,0.548385551817542,0.484352217935843,0.628135922967199,0.996294710336961,CHAF1A,77.7519387932093,96.2060973694513
55.4691692703563,0.0542909546090987,0.874855590867064,0.0620570471011008,0.950517402481793,0.998879356112684,CHAF1B,55.6887168393047,55.2496217014079
808.315292304847,0.120773788004047,0.17962529467325,0.672365148927064,0.501351263967063,0.994447194724684,CHCHD1,774.857438395268,841.773146214427
8905.15722333362,-0.079681869894866,0.0729460955439271,-1.09233906627508,0.274684095102125,0.982783504448174,CHCHD2,9141.10165998356,8669.21278668367
199.882442264451,-0.138564347952517,0.377314240292421,-0.3672385856551,0.713441059794852,0.996294710336961,CHCHD4,208.304299848968,191.460584679935
689.943770655685,0.0206522384831985,0.192646234634318,0.107202917941276,0.914628000589945,0.996577394764533,CHCHD7,685.262457258651,694.625084052718
115.996042660996,0.303448278293866,0.474176634846499,0.639947766283546,0.522206558373586,0.995460348195308,CHD1,104.708733216874,127.283352105118
940.580317415795,-0.235539942735853,0.171478766043309,-1.37358081219435,0.169571857155619,0.98168489642748,CHD3,1015.98739746554,865.173237366055
19.8647425422594,-0.744530914317915,1.33400686348643,-0.55811625464361,0.57676500172911,0.996294710336961,CHD6,24.0163588126206,15.7131262718982
29.8959253910889,-0.146529947922111,0.970004163905101,-0.151061153523508,0.879927475779523,0.996577394764533,CHD7,29.7467400227209,30.0451107594569
327.854562898808,-0.349737800375292,0.274612332829176,-1.27356916847885,0.202816144724309,0.98168489642748,CHD8,367.404657113943,288.304468683673
337.930414068281,0.1486389342411,0.27460681516045,0.541279116303985,0.588315212598397,0.996294710336961,CHD9,321.096322225428,354.764505911133
10.0769873029069,-0.766131095191333,1.73654870364899,-0.441180309876406,0.65908246670522,0.996294710336961,CHD9NB,14.2915012111324,5.86247339468131
152.048340451972,0.0836261426782368,0.408166225922765,0.204882563443799,0.837663878597545,0.996294710336961,CHEK1,148.287243238336,155.809437665609
309.908637968512,-0.0599936711709497,0.282821660229405,-0.212125447259899,0.832009167384715,0.996294710336961,CHFR,315.527282653188,304.289993283836
223.282160719768,-0.378380180061831,0.358647164809924,-1.05502069216793,0.291415861262502,0.98435505564872,CHIC2,248.208439934509,198.355881505027
620.622269214225,-0.0972049031918211,0.214276562928424,-0.453642254959498,0.650086335207128,0.996294710336961,CHID1,641.692074802073,599.552463626377
134.466382704731,-0.399387184382172,0.483842449509945,-0.825448831095096,0.409116821602481,0.992443630108828,CHKA,148.529067208349,120.403698201114
414.934116901907,0.206092209439642,0.32129892160192,0.641434488519647,0.521240431497891,0.995460348195308,CHM,386.719971321849,443.148262481965
94.992948951859,0.315173881351187,0.552494995070573,0.570455631568081,0.568368706743949,0.996294710336961,CHML,86.0753849137838,103.910512989934
976.825821984004,-0.0254304146412334,0.176516830199925,-0.144067931723171,0.885446827285537,0.996577394764533,CHMP1A,992.242038237977,961.409605730032
293.025335213177,-0.261192156837789,0.355907638977014,-0.733876231453007,0.463024174439418,0.994447194724684,CHMP1B,318.594953251543,267.455717174811
1028.04434245872,0.0681031808512438,0.161353897451573,0.422073355071472,0.672971475640678,0.996294710336961,CHMP2B,1012.54097357705,1043.54771134039
1202.54667654607,0.162196672992066,0.158140956529096,1.02564621178464,0.305058376577776,0.986152964913951,CHMP3,1127.99951855417,1277.09383453798
1496.95207395374,-0.143221782957879,0.142466899438824,-1.005298659001,0.314753060634829,0.986152964913951,CHMP4B,1573.00915658487,1420.8949913226
141.773791931459,0.313080334434675,0.432240141866912,0.724320358313859,0.468869081284117,0.994447194724684,CHMP5,130.338657274176,153.208926588743
298.93119239605,0.0264629920050125,0.285377715758581,0.0927297071345235,0.926118295805355,0.996879177163446,CHMP7,303.653070832704,294.209313959396
400.179492293143,-0.20218267741766,0.262237993706448,-0.770989262692369,0.440713295972447,0.994447194724684,CHRAC1,419.669526636375,380.689457949911
44.4292069167183,-0.958234662037413,0.739273006123265,-1.29618510901998,0.194911718539327,0.98168489642748,CHRNA5,60.9674172825087,27.8909965509279
16.5301250605265,0.480153736969303,1.13851612208308,0.421736440666992,0.673217402870268,0.996294710336961,CHRNB1,14.6259158041989,18.4343343168541
333.563843214704,-0.0979778252523917,0.335441696927834,-0.292086005257332,0.770220866550374,0.996294710336961,CHST1,345.789120076154,321.338566353254
120.068699593194,0.134191503417298,0.488852988584802,0.274502778035118,0.783698269022069,0.996294710336961,CHST11,114.883666570858,125.25373261553
329.977400039546,-0.336823052186061,0.275497084460678,-1.22260114964714,0.221480378696734,0.98168489642748,CHST12,368.414543685524,291.540256393567
49.2637701683973,-1.18058576490783,0.698733211985787,-1.68960877292869,0.0911028264465263,0.946227721488623,CHST15,70.7361173645195,27.7914229722752
119.571270874138,0.141500943592432,0.46720132584405,0.302869310862496,0.76198945993309,0.996294710336961,CHST3,113.367805221254,125.774736527023
62.5529272641476,-0.520483142260089,0.632983088796796,-0.822270217754867,0.410923122948398,0.992443630108828,CHST7,70.7772707798409,54.3285837484542
484.707570782098,0.017148736454422,0.243730745890944,0.0703593483527726,0.943907646340265,0.998879356112684,CHSY1,467.66420375491,501.750937809285
74.0297974086922,-0.485169619648683,0.563911535726449,-0.860364771619137,0.389587998615263,0.992443630108828,CHSY3,86.2681457623366,61.7914490550477
604.062382744438,0.112262397147386,0.212995174367499,0.527065448692702,0.598148139357619,0.996294710336961,CHTOP,576.033027394288,632.091738094589
261.245497719897,0.0656441568218758,0.301869281138139,0.217458883442454,0.827850746541232,0.996294710336961,CHUK,258.6194922751,263.871503164694
741.375588685658,0.513384498101937,0.196329058208504,2.614918559619,0.00892487331725699,0.601847901055327,CHURC1,610.884374474175,871.866802897142
617.306358854768,-0.00890336002975816,0.210489260176592,-0.0422984052596725,0.966260816568536,0.998879356112684,CIAO1,624.978039811208,609.634677898328
559.855153595363,-0.17525178390084,0.271548022978937,-0.645380444969889,0.518680672649689,0.994447194724684,CIAPIN1,591.743789981772,527.966517208954
1314.55870724692,0.0138108858818158,0.142858532262464,0.0966752609248565,0.922984286708655,0.996577394764533,CIB1,1311.53761523455,1317.57979925929
120.50885695212,-0.0195832822061871,0.488035419813203,-0.0401267641878999,0.967992064244636,0.998879356112684,CIBAR1,122.086115145246,118.931598758995
11.3960924642647,2.09355465200142,1.92662962533079,1.08664095292419,0.277195518765198,0.982783504448174,CIP2A,9.52266077712818,13.2695241514013
104.538880865784,0.213354953595567,0.541086733718273,0.394308232488757,0.693353485992857,0.996294710336961,CIR1,97.1955202933307,111.882241438237
827.282494199169,-0.184110186722517,0.18153850148226,-1.01416605964718,0.310503520829239,0.986152964913951,CIRBP,883.162816777114,771.402171621224
1298.12696436642,0.166716766913207,0.144083124693256,1.15708739151887,0.247236657451402,0.98168489642748,CISD1,1226.1459771049,1370.10795162794
321.986398557902,0.148889839166229,0.281103069891293,0.529662800281075,0.59634574419417,0.996294710336961,CISD2,302.932452838777,341.040344277027
887.815421950838,0.0763140360130321,0.1792527830939,0.425734176596051,0.670301555477735,0.996294710336961,CITED2,880.229793030323,895.401050871354
124.070709275299,0.00803663887673541,0.499424793614376,0.0160917899541463,0.987161163335895,0.998987745956335,CKAP2,123.444392848228,124.697025702369
14718.236070328,-0.0467054987461504,0.0686495045034848,-0.680347208387783,0.496284639436552,0.994447194724684,CKAP4,14974.1111260763,14462.3610145796
260.263005709134,-0.0560422592687587,0.306602793980967,-0.182784568076172,0.854967057508367,0.996294710336961,CKAP5,265.36439286346,255.161618554807
605.029061288966,-0.198796485632397,0.209353567244392,-0.949572955689497,0.342329285580864,0.987678078249577,CKS2,653.133264694792,556.92485788314
202.950471374627,-0.543956773642067,0.408501750257358,-1.33158982378747,0.182995010687872,0.98168489642748,CLASP1,233.663998269113,172.236944480141
172.163900042062,0.205967476444805,0.397024393692413,0.518777888001447,0.603915639358356,0.996294710336961,CLASP2,161.069552891082,183.258247193041
230.029244144271,0.437416299341117,0.321956565311836,1.35861897680966,0.174267358629283,0.98168489642748,CLCC1,193.665049338367,266.393438950176
266.726449734083,0.144637193330573,0.34447178801712,0.419881100171212,0.674572315203593,0.996294710336961,CLCN3,256.073949091655,277.378950376511
186.534518859811,-0.236846215640383,0.440510807316998,-0.537662667308738,0.59080995740815,0.996294710336961,CLCN4,202.927015819212,170.14202190041
243.94283734713,-0.187369866761891,0.315283688273516,-0.59428975786195,0.55231832780091,0.996294710336961,CLCN7,255.712657475768,232.173017218493
185.753045651738,-0.00261665222591655,0.365365069509302,-0.00716174709703588,0.994285801410408,0.998987745956335,CLDN1,189.014545629574,182.491545673902
3449.48703685621,0.10174805728799,0.10570995663073,0.96252103899182,0.335787940031225,0.986695054845541,CLDN11,3332.40306003795,3566.57101367448
214.341015084489,-0.0400845085592013,0.3347706715611,-0.119737217039592,0.904691317499852,0.996577394764533,CLDND1,218.713385326368,209.96864484261
5198.74023891513,-0.0458712611058226,0.0915410449736925,-0.501100474863547,0.616300412667819,0.996294710336961,CLEC14A,5269.15254598637,5128.3279318439
129.77469651116,0.505279527525625,0.456290851756284,1.10736282697929,0.268137090963761,0.982783504448174,CLEC16A,103.269674952917,156.279718069403
108.736613184401,0.0823437395279463,0.488617024515312,0.168524090231256,0.866170993424494,0.996577394764533,CLEC2B,102.988992909122,114.484233459679
1596.04018547,0.0696845864232006,0.164917624441078,0.422541779020699,0.672629612474014,0.996294710336961,CLIC4,1561.36081183346,1630.71955910655
747.442604339135,0.199792031375468,0.215685768737619,0.926310681250901,0.354284546593852,0.990443880456887,CLINT1,698.661498812187,796.223709866082
179.76792737441,-0.256905919773902,0.371087199039534,-0.692306068327979,0.488745140020762,0.994447194724684,CLIP1,203.264564947037,156.271289801783
271.39948439952,-0.205327823959131,0.296463068197231,-0.692591577115199,0.488565897676896,0.994447194724684,CLIP3,291.536303217901,251.262665581138
126.727860649396,-0.789800486808028,0.444547459514842,-1.77663929891755,0.0756276053883283,0.926371049184813,CLIP4,156.654737824103,96.8009834746877
262.802923699679,0.00415437665068367,0.308255910825843,0.0134770380868083,0.989247204892194,0.998987745956335,CLK3,265.489396129201,260.116451270157
67.726788706173,0.886009086856992,0.661923898961268,1.33853617953268,0.180721714644161,0.98168489642748,CLK4,47.1554942919241,88.2980831204219
30.4096975975449,-0.00743779287760989,1.20137150144323,-0.00619108482985882,0.995060260555971,0.998987745956335,CLMP,33.2708244357525,27.5485707593373
271.888082352797,-0.238704456137393,0.307455307895165,-0.77638749440223,0.43752022626374,0.994447194724684,CLN5,294.142530220549,249.633634485045
362.191869183489,0.366587142270523,0.262644617684869,1.39575349193094,0.16278873992665,0.975060322548989,CLOCK,328.913872312712,395.469866054267
155.150051514049,-0.341592389020069,0.397147647561486,-0.860114345678414,0.389726014091918,0.992443630108828,CLPB,181.041760608449,129.25834241965
727.412567092367,-0.214737003646674,0.226718918231629,-0.947150795009029,0.343561944407975,0.988142440035739,CLPP,783.338439538282,671.486694646451
218.024961691762,0.452594246262013,0.414201428383117,1.09269117692029,0.274529414948164,0.982783504448174,CLPX,185.884113729221,250.165809654303
21.7386685122671,-0.649799520021764,1.08400130093225,-0.599445332273064,0.548875954865289,0.996294710336961,CLSPN,27.1047862303593,16.3725507941749
997.880787607549,-0.0127849271209643,0.211969304226291,-0.0603149930959602,0.951904760922345,0.998879356112684,CLSTN1,1004.19292752951,991.568647685583
4555.39021446295,-0.116548659685158,0.0885114504295824,-1.31676364040471,0.187917864001749,0.98168489642748,CLTC,4732.21353534399,4378.56689358191
1080.07890527527,-0.484553165800045,0.224187514474549,-2.16137445002565,0.0306664261089426,0.742691457963059,CLU,1256.4580895665,903.699720984028
98.7307943093242,0.632389996233361,0.511909911208699,1.23535407771299,0.216698755757318,0.98168489642748,CLUAP1,78.2518467390361,119.209741879612
689.549464655736,-0.371488982381704,0.204336693523302,-1.81802385061761,0.0690604874922595,0.904997639926701,CLUH,766.891606269419,612.207323042053
582.188766680969,0.35823672697081,0.244424665686348,1.46563247193108,0.142748439930254,0.974401534329554,CMAS,506.011942283277,658.365591078662
196.91164117746,-0.496325541343057,0.423876667192463,-1.17091970320154,0.241631054474684,0.98168489642748,CMBL,226.852040673808,166.971241681112
752.083465414304,-0.13959951368785,0.192556432584202,-0.724979746531219,0.468464455661392,0.994447194724684,CMIP,785.628190836763,718.538739991845
1385.49853584695,0.266545030641029,0.155046594628725,1.71912857086154,0.085590963457466,0.942895213226454,CMPK1,1262.6182867954,1508.3787848985
419.538105047562,-0.186405497370811,0.27534503144989,-0.676988781636088,0.498413072175953,0.994447194724684,CMTM3,444.286434463371,394.789775631752
2665.90247036441,-0.094801228297473,0.109356622274786,-0.866899748048737,0.385996941589536,0.992443630108828,CMTM6,2761.84140119461,2569.96353953421
160.237171903086,0.327817778883554,0.430436892497987,0.761593126883488,0.446302878217413,0.994447194724684,CMTM8,141.451213051277,179.023130754895
956.135263060138,0.028660820176046,0.174301185222824,0.164432732568092,0.869390497392363,0.996577394764533,CNBP,940.079795022738,972.190731097537
977.920693821515,0.00945994457790249,0.1627845498138,0.0581132827944863,0.953658394134693,0.998879356112684,CNIH1,973.212605088661,982.628782554368
1297.20105430737,0.101884920139733,0.168701952344268,0.603934446068634,0.545887226324844,0.996294710336961,CNIH4,1255.87431114303,1338.52779747171
112.32348168458,0.00495978501983016,0.468241628431572,0.0105923624015309,0.991548675614833,0.998987745956335,CNKSR3,111.410769631943,113.236193737217
1932.85791867062,-0.135071673900158,0.123360972312442,-1.09493036061726,0.273547146787714,0.982783504448174,CNN3,2026.68786817745,1839.02796916379
13.8191952877506,1.16816504442916,1.62042543926978,0.72090021306724,0.470970911763516,0.994447194724684,CNNM2,12.9112386479195,14.7271519275818
49.9925944627309,0.644497018325284,0.766445770194964,0.840890567066918,0.400409243378059,0.992443630108828,CNNM3,39.0801633336824,60.9050255917793
18.5626626536414,0.393743931495455,1.07381282820779,0.366678364378101,0.71385894686045,0.996294710336961,CNNM4,16.4288123845422,20.6965129227405
561.483636556117,-0.288705099947053,0.252839666459297,-1.14185050150558,0.253516166419957,0.98168489642748,CNOT1,619.163068302999,503.804204809236
517.467288985588,-0.170646081814982,0.254834906367593,-0.669633859220329,0.503091224145363,0.994447194724684,CNOT11,545.089902519571,489.844675451606
258.141220362432,0.421798958075068,0.318815253121792,1.32302000592781,0.18582872488681,0.98168489642748,CNOT2,219.450352319556,296.832088405307
160.306281911035,0.339324590709619,0.409434758574101,0.828763517517056,0.407238235883808,0.992443630108828,CNOT6,146.356042744644,174.256521077427
175.477938083655,0.206699960079778,0.385844688025298,0.53570767330669,0.592160599595108,0.996294710336961,CNOT6L,162.067356545255,188.888519622055
1199.52422016055,-0.0523563362993344,0.152788890003844,-0.342671095378841,0.731845910105522,0.996294710336961,CNOT7,1227.84086824874,1171.20757207235
388.919813665244,-0.053739181828397,0.312986285730261,-0.171698199820521,0.863674801132583,0.996577394764533,CNOT8,387.584248796391,390.255378534097
307.966508227948,0.413921490856876,0.285415744553939,1.45024056575356,0.146991446480221,0.974401534329554,CNOT9,260.157052130187,355.775964325709
613.819652709024,0.0461881103531599,0.207006917475397,0.223123511602695,0.823439379960867,0.996294710336961,CNPY2,600.295867730659,627.34343768739
420.722878139195,0.0450152767035466,0.270512962248571,0.166407096833248,0.867836589357199,0.996577394764533,CNRIP1,415.427467920328,426.018288358063
44.6896808402676,0.497262331057155,0.880209036404417,0.564936634925303,0.572116864347515,0.996294710336961,CNST,38.1386221791725,51.2407395013628
32.2816091882292,1.39029738055428,0.857098329755644,1.62209787639027,0.104782392812488,0.961015869502668,CNTN1,17.9895063959738,46.5737119804847
120.592230245564,0.410672056269266,0.465566724182102,0.882090654117787,0.377727785816144,0.992443630108828,CNTNAP1,104.56094739485,136.623513096277
495.52150445701,-0.0697003692161846,0.245679807934721,-0.283704101700961,0.77663715113557,0.996294710336961,COA3,514.387608182873,476.655400731148
872.70222495023,0.031279048838977,0.175370460395916,0.178359849021103,0.858440379502521,0.996294710336961,COA4,868.957068659623,876.447381240836
133.279408916037,0.141679717931986,0.485853599663292,0.291609896541207,0.770584907823482,0.996294710336961,COA5,127.9101710292,138.648646802874
143.614593379903,-0.01946376080318,0.42071033025496,-0.0462640429850737,0.963099798147494,0.998879356112684,COA6,144.980751088753,142.248435671053
151.088414356398,-0.419135479074368,0.401692080935977,-1.04342479965686,0.296751592655649,0.986152964913951,COA7,172.307204178075,129.86962453472
508.356390533858,0.0274104670661541,0.230991307081475,0.118664496133986,0.905541165729486,0.996577394764533,COA8,505.207603304214,511.505177763502
93.3168609448345,0.567044659466373,0.512373028925111,1.10670278772471,0.268422449708752,0.982783504448174,COBLL1,68.3196504169827,118.314071472686
113.046854795956,-0.0828640073976857,0.509699418840814,-0.162574263055154,0.870853652471049,0.996577394764533,COG2,116.205430036803,109.888279555109
127.843279539393,0.432099276145487,0.452573018446647,0.954761460655717,0.339698340990146,0.986983139323132,COG5,106.720571906839,148.965987171948
109.901141632768,0.580001469336987,0.488022543424637,1.18847269895956,0.234647229579675,0.98168489642748,COG6,87.0576857599532,132.744597505583
140.49896325706,-0.431644663879551,0.450823814416202,-0.957457547886002,0.338336363776869,0.986983139323132,COG7,161.915891476725,119.082035037394
254.142651205389,0.225802902468548,0.471135636081962,0.479273663835664,0.631743955295385,0.996294710336961,COL12A1,245.264971655152,263.020330755625
96.729596125535,-0.255101136968405,0.545051921768864,-0.468030891700229,0.639762498559274,0.996294710336961,COL13A1,105.725755546689,87.7334367043814
3225.79257992734,-0.461950701913898,0.547417689453167,-0.843872441125086,0.398740689646864,0.992443630108828,COL1A1,3665.13705363539,2786.44810621929
1519.548693456,-0.379114486335267,0.580820074938619,-0.652722766814373,0.513935022341028,0.994447194724684,COL1A2,1697.77415885667,1341.32322805533
66.4416856070636,0.718686010710797,0.603376922499062,1.19110622881324,0.23361188491641,0.98168489642748,COL25A1,52.5451713419831,80.338199872144
116.42527129486,0.76787599526948,0.620061284392154,1.2383872604177,0.215572502085327,0.98168489642748,COL27A1,81.8765738459615,150.973968743758
467.241155430526,-0.0783966100795985,0.315139459818887,-0.248767990288026,0.803540252884413,0.996294710336961,COL3A1,477.866528723709,456.615782137343
8375.29327438213,-0.0468257405119125,0.0795944231726096,-0.588304288735977,0.556328067439594,0.996294710336961,COL4A1,8544.18323526958,8206.40331349467
8960.37023006511,-0.163138021011374,0.073465148421075,-2.22061786462782,0.0263768547748,0.722700907616249,COL4A2,9437.47359415868,8483.26686597153
7415.38215096422,0.00378166344430546,0.0843181694097837,0.0448499234598736,0.964226931934318,0.998879356112684,COL5A1,7436.16444409598,7394.59985783245
2214.76657313745,-0.0133195175430062,0.135476235151247,-0.098316265787399,0.921681162525012,0.996577394764533,COL5A2,2237.48903481403,2192.04411146088
1336.11042306092,-0.210473669530834,0.187970327463989,-1.1197175233477,0.26283415524606,0.982783504448174,COL6A1,1434.62095107575,1237.59989504608
200.559834048103,-0.9687325368013,2.08070752592251,-0.465578426920815,0.641517287709956,0.996294710336961,COL6A3,222.117700614015,179.001967482191
3537.66639389641,-0.0102139192501187,0.100973021501744,-0.101154933250584,0.919427471204097,0.996577394764533,COL8A1,3579.40840208255,3495.92438571026
24.219742366606,1.01288513176313,1.17831949987627,0.859601433965481,0.390008784299361,0.992443630108828,COLEC12,17.6980212215126,30.7414635116995
3094.18146765006,-0.263749484000121,0.142519342778185,-1.8506223706814,0.0642238990881852,0.891663350651627,COLGALT1,3329.94156582133,2858.4213694788
152.728817390288,-0.0827778582459282,0.393590047489243,-0.210314917193607,0.833421893412467,0.996294710336961,COMMD10,157.683662460147,147.773972320429
136.717077472526,-0.145114269094145,0.429440819157035,-0.337914475337941,0.735427638818172,0.996294710336961,COMMD2,143.611908114647,129.822246830405
295.440421552574,0.42415578768092,0.286489595763622,1.4805277188177,0.138732469014026,0.974401534329554,COMMD5,251.244046239549,339.636796865599
157.943423917143,-0.236106866686986,0.40260397099543,-0.586449423494796,0.557573539739167,0.996294710336961,COMMD8,171.560658844377,144.326188989909
249.087158101341,-0.0551307822370389,0.364031613817981,-0.151445039783289,0.879624662552812,0.996577394764533,COMMD9,262.084426136636,236.089890066047
3278.95659785681,-0.0275343689043022,0.102135110043052,-0.269587695090316,0.787477467858771,0.996294710336961,COMT,3313.5597670732,3244.35342864041
2425.23142087396,0.0682954693936444,0.115260843184184,0.592529670154418,0.55349595864505,0.996294710336961,COPA,2378.23757188119,2472.22526986672
1847.71872681888,-0.0372315727384371,0.125979780335214,-0.295536098248221,0.767584380703828,0.996294710336961,COPB1,1886.99931772472,1808.43813591304
1809.78050804551,-0.101344374628425,0.135637603951627,-0.74717019230573,0.454960834389588,0.994447194724684,COPB2,1862.50667334221,1757.05434274881
739.665439490112,0.00663904058514341,0.213037206633501,0.0311637609695328,0.975138940424941,0.998987745956335,COPG1,740.979849246862,738.351029733362
44.7008849751512,1.53061290010552,0.797871042556666,1.91837128867453,0.0550639489338993,0.869042076164583,COPG2,37.8630032868501,51.5387666634522
516.064610152562,0.0484462297997133,0.249264224347539,0.194356931591462,0.84589641045145,0.996294710336961,COPS2,509.456675284817,522.672545020307
666.952434790639,0.147041184545129,0.226158904660582,0.650167565879431,0.515583989211603,0.994447194724684,COPS3,634.208627579616,699.696242001663
301.518167559884,0.363327384719064,0.344273239976948,1.05534599419749,0.291267112789848,0.98435505564872,COPS4,268.734324768106,334.302010351663
1249.407144919,-0.297540674778083,0.15126478583006,-1.96701878196793,0.0491810455112042,0.857187196127094,COPS6,1376.2997816652,1122.5145081728
377.50409003423,0.00654673003115193,0.258638392403071,0.025312290145035,0.979805870954648,0.998987745956335,COPS7A,373.123151142577,381.885028925883
243.465931638273,0.577501942480473,0.320905135823119,1.7996033033226,0.0719232991241353,0.918427971943176,COPS7B,195.823134081268,291.108729195279
760.00209039346,0.00565645623352421,0.184632889299543,0.0306362330946755,0.975559645872012,0.998987745956335,COPS8,751.042543956269,768.961636830651
1447.57809068916,0.126966854678026,0.137787645568341,0.921467626174452,0.356806335809544,0.990507278877153,COPZ1,1382.55325509803,1512.60292628028
407.657384529623,-0.0573562925307588,0.27505331886519,-0.208527905670793,0.834816795940757,0.996294710336961,COQ10B,417.26754206601,398.047226993237
26.6258676551175,0.87054004471307,1.07560660200832,0.809347993111646,0.418315007687783,0.992443630108828,COQ3,19.1989277255504,34.0528075846846
61.5649300103243,-0.162615602378556,0.759005651085275,-0.214248210334189,0.830353502397395,0.996294710336961,COQ7,64.3772260664227,58.7526339542259
1125.58519348482,0.112736034693625,0.15533680041434,0.725752264710727,0.467990655204349,0.994447194724684,CORO1C,1082.35129907799,1168.81908789165
134.901784996742,0.455320271283,0.421943607830439,1.07910219003951,0.280542175074785,0.982783504448174,COX11,114.533226580843,155.270343412642
216.391505655102,0.11387625330169,0.345256024733696,0.329831328474356,0.741527414098146,0.996294710336961,COX15,206.768123898848,226.014887411357
341.640022229847,0.184874593409543,0.265699994193817,0.695802022768148,0.486552822309017,0.994447194724684,COX16,330.888652680326,352.391391779369
79.4375460084345,0.378416504291395,0.549755751810907,0.688335689158108,0.491241412084946,0.994447194724684,COX18,67.8672793229478,91.0078126939211
154.123778150152,0.337110424683007,0.444043195552414,0.75918385431765,0.447742582997954,0.994447194724684,COX19,139.551575758324,168.69598054198
585.808909827869,0.182347362586557,0.227659282566731,0.800966077599354,0.423151284455083,0.994447194724684,COX20,549.969639190353,621.648180465385
2370.47530332204,0.0147058239186419,0.119789546076872,0.12276383374226,0.902294114065604,0.996577394764533,COX5A,2353.27982628261,2387.67078036146
4694.15028584043,0.070878698724898,0.0973612166341544,0.727997257791392,0.4666152649281,0.994447194724684,COX6C,4562.80220534511,4825.49836633574
1070.68372241517,0.0143807105924073,0.155853018652996,0.09227097887931,0.926482745481822,0.997009176081184,COX7A2L,1066.88987644299,1074.47756838734
2024.19424456354,-0.115494210078433,0.122407830210513,-0.943519788560991,0.345415098404136,0.988142440035739,COX7B,2102.80175703511,1945.58673209196
4274.31454320989,0.0849541594937597,0.099514085779051,0.853689795054558,0.393276889964756,0.992443630108828,COX7C,4153.90566837427,4394.72341804551
824.036702714691,-0.0417911076359753,0.19861065060969,-0.21041725359484,0.83334202765928,0.996294710336961,CPD,844.093664184113,803.979741245269
132.835731139619,-0.419645071912804,0.434671945345617,-0.965429391996151,0.334329785731881,0.986152964913951,CPEB2,152.544003815643,113.127458463595
144.012020095271,-0.461785291269862,0.444957939302496,-1.03781784856731,0.299354865604459,0.986152964913951,CPEB4,163.857922099919,124.166118090622
22.3832557061256,2.61324995156346,1.21285629500059,2.15462455225348,0.0311912261443295,0.742691457963059,CPLANE1,14.8993164743695,29.8671949378817
226.533689683446,0.0851442921045749,0.330985611774392,0.257244693049109,0.796989884503311,0.996294710336961,CPNE2,223.474631033163,229.592748333729
358.299018411135,-0.0318802787607808,0.271151926012498,-0.117573491841291,0.906405609681813,0.996577394764533,CPNE3,362.72916450079,353.868872321479
126.563094631208,-0.647698361480107,0.526151560589001,-1.23101100518459,0.21831874825769,0.98168489642748,CPOX,155.128023223283,97.9981660391338
1062.53908572542,-0.245266957522017,0.158522139269166,-1.54720948539282,0.121812739446941,0.974401534329554,CPPED1,1153.22970976718,971.848461683657
283.158564345393,-0.241567732313763,0.357560795908015,-0.675599045192604,0.499295247903876,0.994447194724684,CPSF2,295.134865125514,271.182263565272
195.427089086559,0.456174880224844,0.372834541633272,1.22353169914591,0.22112893897898,0.98168489642748,CPSF4,162.850920329481,228.003257843636
516.682481678761,-0.163830808202763,0.219951801288936,-0.744848677040609,0.456363204320818,0.994447194724684,CPSF6,547.015031305032,486.34993205249
1026.61392540044,-0.0204176861117519,0.173876124633361,-0.117426622860413,0.906521988019722,0.996577394764533,CPT1A,1031.41862893068,1021.8092218702
115.003295171219,0.364064826115155,0.457789424567426,0.795267008317562,0.426458200430674,0.994447194724684,CPT2,101.402854275043,128.603736067394
54.5773158565434,-0.00451123165152294,0.699443288640629,-0.00644974614066358,0.994853882812373,0.998987745956335,CRACD,52.9025912261114,56.2520404869755
75.1910949320971,0.149455492074968,0.564100434818703,0.264944826931399,0.791051964973946,0.996294710336961,CRAMP1,71.3159445552992,79.0662453088951
76.7865490725307,-0.280236999365762,0.561042787772536,-0.499493096557511,0.617432048924529,0.996294710336961,CRBN,77.8436950990777,75.7294030459838
264.076123902794,-0.441390837656291,0.348223161338653,-1.26755163544975,0.204958112839135,0.98168489642748,CREB1,305.872482852086,222.279764953502
817.548566769542,0.285276234964821,0.197787257691832,1.44233879519834,0.149206820890009,0.974401534329554,CREB3,737.720788205503,897.376345333581
103.137775566087,-0.863512177047753,0.485686797957569,-1.77791980485991,0.0754170269866431,0.926371049184813,CREB3L1,131.129748914953,75.1458022172214
144.99944396773,0.874493562874424,0.45272415252355,1.93162560026866,0.0534057337242212,0.869042076164583,CREB5,101.887416902331,188.11147103313
91.5366002222316,-0.84427181065152,0.575286246447859,-1.46756821645664,0.142221546746067,0.974401534329554,CREBBP,118.797960484259,64.2752399602042
202.691608842197,0.270137470202147,0.3593473210213,0.751744772813082,0.452204559726514,0.994447194724684,CREBL2,186.915962039319,218.467255645075
7.59043866628446,1.9770585389948,2.0106046765042,0.983315398645285,0.325452233707244,0.986152964913951,CREBRF,2.76689181278834,12.4139855197806
74.1642933610492,-0.237772041710217,0.627075355677809,-0.379176186015487,0.70455703432343,0.996294710336961,CREBZF,78.948717368867,69.3798693532314
160.165079655473,-0.237661200830565,0.388545612013016,-0.61166872944277,0.540756955125329,0.996294710336961,CREG1,174.078822287082,146.251337023864
164.791805466334,-0.0569869175111173,0.387168048976792,-0.147189102152728,0.882982762133883,0.996577394764533,CRELD1,167.826248416758,161.75736251591
209.947437621913,-0.169312047864613,0.352936685217892,-0.479723573535818,0.631423963270098,0.996294710336961,CREM,220.724860542197,199.170014701629
4231.18517378304,0.11131689723724,0.0941668065958597,1.18212458573629,0.23715627038306,0.98168489642748,CRIM1,4084.92983577468,4377.4405117914
267.660945867306,0.118109057213099,0.363462217168801,0.324955529444332,0.745214729017047,0.996294710336961,CRIPT,253.978275676034,281.343616058578
102.128500771205,-0.499627192479625,0.525810085602651,-0.950204657841402,0.342008272370023,0.987678078249577,CRISPLD1,119.893560277659,84.3634412647514
334.98377733316,-0.040775540656954,0.309850775626844,-0.131597348996345,0.895302782484181,0.996577394764533,CRKL,340.842964353238,329.124590313083
410.540757782417,-0.42374451776229,0.343489223827894,-1.23364719579851,0.217334398285723,0.98168489642748,CRLS1,458.470361581702,362.611153983132
117.248095060829,-0.669590714157039,0.517245236684805,-1.29453239327764,0.195481587645265,0.98168489642748,CRNKL1,145.226698149485,89.2694919721733
53.0438505407769,0.392085316633384,0.698390511207532,0.56141272016348,0.574516214558347,0.996294710336961,CROT,45.6854725355605,60.4022285459932
27.8812991332678,-0.195623380678911,0.993217605529692,-0.196959235911433,0.843859437899217,0.996294710336961,CRPPA,23.8869072285028,31.8756910380329
814.350321164082,-0.273277476038479,0.190292178392059,-1.43609410721782,0.150975564678577,0.974401534329554,CRTAP,883.081030910071,745.619611418093
42.5132095946925,0.0679292529673566,0.751482481423018,0.0903936613914469,0.927974393550598,0.997480238800445,CRTC1,41.5218386696695,43.5045805197155
349.264000402175,-0.508422723742178,0.793689338378099,-0.64058152120468,0.521794608551679,0.995460348195308,CRYAB,401.075440379457,297.452560424893
163.468967790254,0.391560717260835,0.402648248310578,0.972463481223961,0.330820024036993,0.986152964913951,CRYZ,140.693109014461,186.244826566046
108.508370009543,0.306014695251032,0.544518109385303,0.561991768458328,0.574121627491758,0.996294710336961,CRYZL1,103.250519897245,113.766220121842
1154.89162852319,-0.0377375681599644,0.192475427003953,-0.196064343108014,0.84455980463909,0.996294710336961,CS,1173.16576734807,1136.6174896983
4354.57043364675,-0.110282673077018,0.101620134555978,-1.08524431264424,0.277813462736798,0.982783504448174,CSDE1,4509.92810328404,4199.21276400947
895.28794796006,0.105438550934031,0.174942163404443,0.602705196289765,0.54670482412628,0.996294710336961,CSE1L,865.126257871816,925.449638048304
507.248302812246,-0.221143636381613,0.2507424227739,-0.881955410397475,0.377800920653093,0.992443630108828,CSF2RB,544.385408538349,470.111197086143
30.2160763434824,-1.14884736963154,0.886983474739806,-1.29522973352863,0.195240990573357,0.98168489642748,CSGALNACT1,42.3068634782502,18.1252892087145
367.959902069351,0.272403681332214,0.267156611151492,1.01964042798008,0.307899024048028,0.986152964913951,CSGALNACT2,333.362427305415,402.557376833288
158.317659626028,0.232810307453702,0.394872017563223,0.589584212349071,0.555469438710596,0.996294710336961,CSK,145.819588816682,170.815730435373
7.92164060905219,-0.338744999240364,2.06446712236317,-0.164083503956511,0.869665407739187,0.996577394764533,CSKMT,7.16069707607844,8.68258414202595
1627.27575158991,-0.0936173759614273,0.138407556300959,-0.676389197695695,0.498793573869017,0.994447194724684,CSNK1A1,1681.53182575066,1573.01967742916
1555.67700001597,0.0177335426335595,0.137852174899647,0.128641732685531,0.897641142735912,0.996577394764533,CSNK1D,1548.68475910943,1562.6692409225
125.525147292772,-0.181618203726275,0.441100570471951,-0.411738764091724,0.680530909156081,0.996294710336961,CSNK1G1,134.916873086357,116.133421499187
179.648898252695,-0.328681667826534,0.414670867809197,-0.79263264758153,0.42799188173005,0.994447194724684,CSNK1G2,201.774396328352,157.523400177039
146.300525232412,-0.0653478163840286,0.459758189996195,-0.142135187161254,0.886973224981577,0.996577394764533,CSNK1G3,153.952252825969,138.648797638855
795.946803266351,-0.313451093170485,0.189594875804388,-1.65326774703491,0.0982763840137947,0.952625474294342,CSNK2A1,878.385178948546,713.508427584156
760.508108814673,-0.0769047887905749,0.203884527792673,-0.377197767889372,0.706026638963105,0.996294710336961,CSNK2A2,782.88240269716,738.133814932186
22.1723519380154,-0.600484667805523,1.53977195162565,-0.389982858936705,0.696549222021672,0.996294710336961,CSPP1,21.2142110531686,23.1304928228622
268.830221554919,0.121783357057211,0.305419871156212,0.398740778051481,0.690084217838218,0.996294710336961,CSRNP2,268.077067784509,269.583375325328
2218.99689370389,-0.100795462542196,0.150244385098645,-0.670876735100733,0.502299058306911,0.994447194724684,CSRP1,2300.30033485067,2137.6934525571
121.293864999985,-0.267705706888142,0.513587317748976,-0.521246724045836,0.60219490893514,0.996294710336961,CSTF1,138.997194815537,103.590535184433
88.2379191270928,-0.44744211842899,0.563347416408674,-0.794256093835351,0.427046358830012,0.994447194724684,CSTF2,101.984991932125,74.4908463220606
113.612393751818,-0.448459468022367,0.458404820990673,-0.97830443199351,0.327923778564826,0.986152964913951,CSTF2T,129.867665587487,97.3571219161487
874.864901603042,0.011063213528144,0.190327377973179,0.0581272838724391,0.953647241742883,0.998879356112684,CTBP2,870.314808648897,879.414994557187
78.7856863094168,0.369532843769443,0.564338379997546,0.65480721649846,0.512591883771303,0.994447194724684,CTBS,70.9530980455626,86.618274573271
116.694056923856,1.11095480060093,0.537003363170765,2.06880417664657,0.0385644663432479,0.809927232263127,CTC1,80.5880389644353,152.800074883276
163.039254260551,0.219115773346736,0.400353302304354,0.547306022169791,0.584168507206769,0.996294710336961,CTCF,149.56057354068,176.517934980423
738.938723854839,-0.105214520772835,0.21728377967701,-0.484226300413381,0.62822527354538,0.996294710336961,CTDNEP1,770.163341939568,707.71410577011
576.500749430968,-0.18094202809388,0.247528822617315,-0.730993773495303,0.464782956147693,0.994447194724684,CTDSP1,611.509682660094,541.491816201841
773.163268391582,0.386320519539714,0.191814596169797,2.01403087801378,0.0440062917052167,0.843922150260544,CTDSP2,672.476846958297,873.849689824866
154.183600645973,0.245788291470716,0.502071059032752,0.489548813955202,0.624453204526975,0.996294710336961,CTDSPL,149.86968912649,158.497512165456
112.0901271304,0.141668887535657,0.57880197014184,0.244762275948957,0.806640504983476,0.996294710336961,CTDSPL2,104.758928884341,119.42132537646
337.698908366706,-0.345176565316355,0.286175496634357,-1.20617093138964,0.227751589680465,0.98168489642748,CTHRC1,377.879256578512,297.5185601549
2589.19328031968,0.135718435376024,0.111478827702626,1.21743687274913,0.223438041058117,0.98168489642748,CTNNA1,2463.20962378679,2715.17693685257
2811.75268911096,0.117712019856691,0.126930221276404,0.927375834320508,0.353731433094405,0.990443880456887,CTNNB1,2688.58856641675,2934.91681180517
592.477460291626,-0.144367748788278,0.230399343012951,-0.626597918641472,0.530922833003373,0.996294710336961,CTNNBIP1,627.682509049075,557.272411534178
1268.10177293864,-0.375313018881635,0.174234369972963,-2.15406994004613,0.0312346874844277,0.742691457963059,CTNND1,1434.71389167352,1101.48965420375
317.255238940485,-0.424434966246909,0.334025605499325,-1.27066595871426,0.203847510847866,0.98168489642748,CTPS1,363.805567114918,270.704910766053
95.8268858171592,0.689170936932928,0.51006443677459,1.35114485003292,0.176649036879105,0.98168489642748,CTPS2,72.9473866942552,118.706384940063
14879.8825767433,-0.0472692759234126,0.0793159935764931,-0.595961467441313,0.551200968507368,0.996294710336961,CTSB,15133.880135432,14625.8850180545
43.2783847731956,-0.801060337256739,0.91511698576708,-0.875363860266745,0.381375957213699,0.992443630108828,CTSS,49.0336509381381,37.523118608253
1303.24959662355,-0.318633492198417,0.169932310353414,-1.8750612613678,0.060784296131858,0.888761578890916,CTSZ,1439.68304131008,1166.81615193702
670.057104939088,-0.162325289062016,0.207214921385932,-0.783366796060453,0.433411748713517,0.994447194724684,CTTNBP2NL,703.968076708245,636.146133169931
77.1428218668261,-0.210704697214538,0.646393632852399,-0.32596963600143,0.744447328441973,0.996294710336961,CTU1,82.0836595822215,72.2019841514307
232.915329407441,-0.382038169043957,0.328975251606417,-1.16129759663813,0.245520896560343,0.98168489642748,CUEDC1,266.089837774663,199.740821040219
372.911155922488,0.340566915661434,0.270837937803918,1.25745646427126,0.208588394144021,0.98168489642748,CUL3,331.720118415824,414.102193429151
574.527530740519,-0.312033904998904,0.264340677550049,-1.18042333813654,0.237831884278011,0.98168489642748,CUL4A,634.339025725867,514.716035755171
1401.26911796105,-0.277557009155256,0.163719811781691,-1.69531717716216,0.0900152679921508,0.94617021594231,CUL4B,1535.17190739713,1267.36632852497
491.646728855956,0.393491917627339,0.275839705987236,1.42652384369039,0.153717189374862,0.974401534329554,CUL5,429.700129054717,553.593328657194
230.192311494224,0.365208492518964,0.362942706027071,1.00624282139927,0.314298778048944,0.986152964913951,CUX1,202.002600862559,258.382022125888
711.540101817827,0.285634286874824,0.187574972493024,1.52277397713838,0.127815262620593,0.974401534329554,CWC15,641.829499712299,781.250703923356
65.3159030008055,-1.36243273194735,0.647946334297021,-2.10269378778953,0.0354925454512991,0.78306154168562,CWF19L1,94.0053812556609,36.6264247459502
128.43753233525,0.25061170514673,0.491488578305427,0.5099034162926,0.610119128438084,0.996294710336961,CXADR,117.097702085182,139.777362585317
769.897548634268,0.174658643607668,0.198617639194164,0.87937125985535,0.379200009881175,0.992443630108828,CXCL1,738.967644830985,800.827452437552
12.7861959308974,-1.93936913631314,1.65624481927318,-1.17094351858212,0.241621480965317,0.98168489642748,CXCL11,13.1625622137089,12.4098296480859
23.3848635014742,-2.66990677965286,1.07665010429393,-2.47982772583651,0.013144587348116,0.62676812170277,CXCL16,37.7398277702889,9.02989923265946
23.7722752113641,0.807572961446173,0.965631997639099,0.836315452906108,0.402977462052928,0.992443630108828,CXCL2,16.7029050071963,30.841645415532
147.108979469843,0.103614820455568,0.525844314376632,0.197044672011714,0.843792579797176,0.996294710336961,CXCL6,143.143575243633,151.074383696053
2721.15353513024,0.0879772715675515,0.145134426947563,0.606177827121179,0.544396674838505,0.996294710336961,CXCL8,2688.42965310554,2753.87741715493
112.14893059595,1.0623170414958,0.468214719040319,2.26886724892629,0.0232763999134202,0.714845395677829,CXorf38,73.9483216324969,150.349539559402
424.44633618321,-0.394140306134124,0.315902349623653,-1.24766500345338,0.212153762537347,0.98168489642748,CYB561,476.824708349441,372.067964016979
289.886178994674,-0.110621038509462,0.289070975603466,-0.38267777758915,0.701958693417246,0.996294710336961,CYB5A,296.425487738564,283.346870250785
563.492406888849,0.103639402349619,0.22647244739092,0.457624773095352,0.647222042371859,0.996294710336961,CYB5B,542.728381037389,584.256432740308
78.0007462732713,0.306597027657615,0.621996795739578,0.492923805649287,0.622066425917651,0.996294710336961,CYB5D1,69.9864924926488,86.0150000538938
231.433843290848,0.201929025746468,0.392613387170766,0.514320276243253,0.607028087827644,0.996294710336961,CYB5D2,208.865759431399,254.001927150297
541.777701914511,0.184651212913742,0.221856257582358,0.832301125629488,0.405238995418016,0.992443630108828,CYB5R1,510.293425281222,573.2619785478
52.8143005899241,0.323438864171289,0.777111242866507,0.416206646268853,0.677258796762374,0.996294710336961,CYB5R4,46.4442836496229,59.1843175302253
16.2090944857613,1.00177848448462,1.48652626567155,0.673905673662657,0.500371284786539,0.994447194724684,CYB5RL,12.6287169808712,19.7894719906515
201.137488550817,-0.119429621763387,0.366540713717167,-0.325829075172104,0.74455367931979,0.996294710336961,CYBRD1,209.589534082887,192.685443018747
750.173555053222,0.00865560433034817,0.221372246280547,0.039099771880974,0.968810842844159,0.998879356112684,CYCS,749.763993012987,750.583117093458
129.301845597746,0.245756693595501,0.434678451764357,0.565375837237792,0.571818155898223,0.996294710336961,CYFIP2,118.664749283558,139.938941911935
273.735030422249,0.0590357014089349,0.296375552395663,0.199192210463169,0.842112392482066,0.996294710336961,CYLD,265.149774394615,282.320286449882
673.75937885578,0.229901999971409,0.194201382831793,1.18383297080093,0.236479187902701,0.98168489642748,CYP20A1,639.140596902404,708.378160809155
118.012388413548,0.319460424189599,0.503880784332009,0.634000013739569,0.526080813146482,0.995949036926657,CYP2U1,105.453660036752,130.571116790343
355.690388377717,0.0267082275515727,0.274332322431994,0.0973572028071667,0.922442730430475,0.996577394764533,CYP51A1,352.947429566543,358.43334718889
179.31869382246,-0.400235527610638,0.389195452562324,-1.02836640298757,0.303777506161477,0.986152964913951,CYRIA,204.518247854291,154.119139790629
477.543456169468,-0.127484027088612,0.236188794188585,-0.539754764939535,0.589366166555275,0.996294710336961,CYRIB,496.828511142417,458.258401196519
1363.85256083491,-0.237262063276302,0.16236666095647,-1.46127328035594,0.143940459531604,0.974401534329554,CYSTM1,1471.73839208239,1255.96672958743
245.678836556514,-0.397489103033721,0.386871570894533,-1.02744459127518,0.304211163543529,0.986152964913951,CYTH2,277.182482923638,214.175190189389
105.336399461155,-0.376805041113099,0.491037917897616,-0.767364448607948,0.442864859728342,0.994447194724684,CYYR1,105.089742975634,105.583055946677
257.589787919558,0.116778914138299,0.314859231740477,0.370892457218958,0.710717633390128,0.996294710336961,CZIB,251.335933036045,263.84364280307
576.276758463955,0.237947653679486,0.276001903854752,0.862123233050984,0.38861970775506,0.992443630108828,DAAM1,566.604620372115,585.948896555796
5450.17482832273,0.0347277785504097,0.0872067678977537,0.398223433657426,0.690465493805207,0.996294710336961,DAB2,5409.57171523431,5490.77794141116
285.063127803458,0.054258977820922,0.304312553374199,0.178300162840152,0.858487250934821,0.996294710336961,DAB2IP,280.401368856908,289.724886750008
35.771219416137,-0.371623759929183,0.845340176036234,-0.439614453996156,0.660216370314254,0.996294710336961,DACT1,40.2363062069292,31.3061326253447
501.74426887655,0.215801580056094,0.226925684997535,0.950979084004693,0.341614993673087,0.987678078249577,DAG1,465.053905407439,538.434632345661
1281.98121056365,-0.169290016010249,0.160467636222346,-1.0549791845608,0.291434844814638,0.98435505564872,DAP,1353.98567511369,1209.97674601361
89.0849871318817,0.107968855510001,0.635068674774977,0.170011307120852,0.865001244308631,0.996577394764533,DAPK1,85.9086015255522,92.2613727382111
915.707655484908,0.0947455003122873,0.174238400082131,0.543769342852247,0.586600207789291,0.996294710336961,DARS1,887.654133450229,943.761177519588
63.1773971060584,-0.747025701449585,0.760643280647547,-0.982097285883641,0.326051922469469,0.986152964913951,DARS2,77.6119051878596,48.7428890242573
1803.2867527231,-0.0066964008467097,0.138708093925118,-0.0482769293212608,0.961495540844914,0.998879356112684,DAZAP1,1810.1817125811,1796.39179286511
955.25836502319,0.0908982800898601,0.166650650758042,0.545442095043687,0.585449495469017,0.996294710336961,DAZAP2,905.49049101854,1005.02623902784
21.4383469055047,-1.15306390624252,1.22035548779285,-0.944859033106791,0.344730848792971,0.988142440035739,DBF4,30.1882292413576,12.6884645696518
2223.32272901454,-0.219632635781138,0.129583719546795,-1.69490917955805,0.0900926508761158,0.94617021594231,DBN1,2374.26261627139,2072.3828417577
383.713453559872,-0.375029840945365,0.25750255947844,-1.45641209044668,0.145278735256779,0.974401534329554,DBNL,428.060609471429,339.366297648315
55.1891411944566,0.710669940634102,0.722467705510451,0.983670183751655,0.32527770453846,0.986152964913951,DBR1,41.4658878982465,68.9123944906667
80.6464277390431,0.621541913938094,0.54382393778899,1.14291017873373,0.253075885983327,0.98168489642748,DBT,64.0444148624121,97.2484406156742
423.09343723536,-0.0440001251070859,0.248890898333282,-0.176784789647738,0.859677436972998,0.996294710336961,DCAF10,427.79197047322,418.394903997501
216.734700760356,0.0215074772220971,0.354739975741076,0.0606288512513045,0.951654795807913,0.998879356112684,DCAF12,216.640387098116,216.829014422596
511.631549971193,0.126341737076943,0.241971465488857,0.522134859255796,0.601576436899723,0.996294710336961,DCAF13,490.611819925926,532.65128001646
181.36976247829,0.0723435891285248,0.45692849992488,0.15832584122115,0.874200046597149,0.996577394764533,DCAF16,177.113436785472,185.626088171108
624.972846130374,0.402663074904005,0.202397709487139,1.98946458398331,0.0466499471828669,0.849001678055344,DCAF5,544.632958988137,705.312733272611
694.699465290203,-0.0513054613569141,0.20159776885543,-0.254494192312745,0.799113790294527,0.996294710336961,DCAF6,708.523335854343,680.875594726063
1755.79526891174,-0.1787869469998,0.133897492781511,-1.33525238812005,0.181793755861953,0.98168489642748,DCAF7,1859.52975211831,1652.06078570517
276.061931925986,0.338879955218737,0.313218865966726,1.08192702305083,0.279284956189684,0.982783504448174,DCAF8,254.998077689856,297.125786162116
217.589163280936,-0.743884352141636,0.359473453402361,-2.06937214723614,0.038511178116567,0.809927232263127,DCAKD,268.624887930337,166.553438631534
758.910120243768,0.342219291915042,0.197862454706065,1.72958175629342,0.0837050278809576,0.941807879236941,DCBLD1,661.007653868357,856.812586619179
3908.82088084496,0.106118060305388,0.0934966018224245,1.13499376701343,0.256377929957096,0.981773214040098,DCBLD2,3763.87914927982,4053.76261241011
78.3532035974958,0.440488510883564,0.609350368849969,0.722882160086161,0.469752284744481,0.994447194724684,DCK,70.2368377512068,86.4695694437848
59.425112931798,-0.693370146139021,0.639008212126158,-1.08507235584968,0.277889609882285,0.982783504448174,DCLRE1C,72.2091129154874,46.6411129481086
691.209073534022,-0.171632574851347,0.199667232506655,-0.859593097458425,0.390013381277807,0.992443630108828,DCP1A,731.968333141711,650.449813926334
44.9869576525066,0.34511704148672,0.722886408084871,0.477415313978627,0.633066411451163,0.996294710336961,DCP2,37.1048070058836,52.8691082991296
99.9094267259025,-0.127391856233011,0.540929536112153,-0.235505454460151,0.813816445849872,0.996294710336961,DCPS,103.7943188188,96.024534633005
488.528386289373,0.309397139342962,0.266454741567049,1.16116207023888,0.245575996451145,0.98168489642748,DCTD,438.598731312916,538.458041265831
1498.36211545871,-0.183873312675284,0.165399617028091,-1.11169128429152,0.266270908494923,0.982783504448174,DCTN2,1583.33690153502,1413.3873293824
441.455192909218,-0.455637542276146,0.247891866051725,-1.83804958804527,0.0660550986162617,0.902221594165978,DCTN4,496.133934228781,386.776451589655
1147.35441497255,0.19737103074967,0.157860124630869,1.25029060512394,0.211193409093874,0.98168489642748,DCTN5,1068.94793495044,1225.76089499466
531.649661909389,-0.36694251790803,0.257403333345673,-1.42555464662633,0.153996935552369,0.974401534329554,DCTN6,592.38428112073,470.915042698048
409.853698261067,0.140806523675195,0.24719190606944,0.569624329186734,0.568932523581952,0.996294710336961,DCTPP1,391.521318268036,428.186078254098
243.12524435744,-0.243004724863677,0.358953719883934,-0.676980656286977,0.498418227568108,0.994447194724684,DCUN1D1,269.663047303779,216.587441411102
251.168391979414,-0.291602717748412,0.380401528358386,-0.766565578763095,0.443339847474072,0.994447194724684,DCUN1D3,275.81448614079,226.522297818037
129.551762249083,0.0965812315880211,0.437070895764945,0.220973834048108,0.825112806784267,0.996294710336961,DCUN1D4,125.086480628385,134.017043869781
1342.86614421659,0.142824696919195,0.145179164433849,0.983782331825404,0.325222548288968,0.986152964913951,DDA1,1278.39348644706,1407.33880198613
103.092594955066,-0.250203797861769,0.534039929200435,-0.46851140557294,0.639418916558352,0.996294710336961,DDHD1,108.993155013636,97.1920348964957
214.40633507091,0.028621657168906,0.392081764877499,0.0729992050965402,0.941806750065711,0.998879356112684,DDHD2,211.210754424056,217.601915717764
409.484123021722,-0.0707270750222618,0.255218713413333,-0.277123389881359,0.781685362368184,0.996294710336961,DDI2,409.3130880321,409.655158011343
882.942548387338,-0.00992680381447064,0.18360728414337,-0.0540654139120062,0.956883047626436,0.998879356112684,DDOST,877.982546178346,887.90255059633
117.933495655029,0.241687904192412,0.447679973791468,0.539867580284018,0.589288357099883,0.996294710336961,DDR2,108.638970531801,127.228020778256
581.433302602327,0.298739920665351,0.259581993177031,1.15084993765964,0.24979397636235,0.98168489642748,DDRGK1,525.845148700198,637.021456504455
360.902649661967,-0.115231308764706,0.271319714348276,-0.424706730366046,0.671050476855499,0.996294710336961,DDX18,369.510220598312,352.295078725622
363.377269171065,0.325719756832547,0.259093743496227,1.2571502207551,0.208699244748813,0.98168489642748,DDX19A,320.688643053864,406.065895288266
196.745567030658,-0.0771827771622022,0.392285549598281,-0.19675151746283,0.844021992861857,0.996294710336961,DDX19B,207.012429324047,186.478704737268
83.4338486212036,-0.60277594648576,0.571665249701394,-1.05442117882907,0.291690130089912,0.98435505564872,DDX20,98.6177204684992,68.249976773908
3032.87169337395,0.196785799939792,0.111453314151912,1.76563435046509,0.0774572132043146,0.931201700779585,DDX21,2836.722647328,3229.0207394199
291.451488902251,0.33896655256264,0.28606286869233,1.18493726260995,0.236042253040532,0.98168489642748,DDX27,259.169517143661,323.73346066084
68.0481179777926,0.872526454948647,0.638122931295235,1.36733286355598,0.17152099529578,0.98168489642748,DDX31,48.4708409509564,87.6253950046287
1691.21049209055,0.0995223108835902,0.142894875031402,0.69647222030685,0.486133148529293,0.994447194724684,DDX3X,1638.58704258101,1743.83394160009
343.811181331123,0.514945639151999,0.298324132899075,1.72612800093584,0.0843243873446162,0.941807879236941,DDX42,286.434964933471,401.187397728776
258.289925481483,0.514159934305743,0.362484085497269,1.4184345047877,0.156063947717371,0.974401534329554,DDX46,213.03054096806,303.549309994906
1755.91034518909,0.0853442747569455,0.144662910604341,0.589952700387495,0.555222360858281,0.996294710336961,DDX5,1694.08446984484,1817.73622053334
59.6459386435855,0.592610739183995,0.626515273287874,0.945883946410512,0.344207782441989,0.988142440035739,DDX52,48.2132278181921,71.0786494689789
351.887966172428,-0.100429665627114,0.286928085448475,-0.35001685342214,0.726326049518125,0.996294710336961,DDX54,361.703009300024,342.072923044831
73.499406776751,-0.461785844001157,0.58306326585777,-0.791999549691753,0.428360938800831,0.994447194724684,DDX55,77.6614240276061,69.337389525896
1390.12269562225,0.263675232476569,0.145627747041899,1.81061121820903,0.0702010544423342,0.904997639926701,DDX6,1261.82000127888,1518.42538996562
574.432880765391,0.00252155966565008,0.214889520205264,0.0117342142289744,0.990637666486774,0.998987745956335,DECR1,577.457883134441,571.40787839634
241.307331830501,-0.096575164384787,0.3172693121767,-0.304394912077095,0.760827043580406,0.996294710336961,DEDD,246.756343567626,235.858320093376
1037.72594733263,0.118023979405973,0.173303180222944,0.681026044958565,0.49585501049792,0.994447194724684,DEGS1,999.571953157838,1075.87994150741
267.275499754016,0.146448889756748,0.336118671727499,0.435705904120312,0.663050121513513,0.996294710336961,DEK,255.758404824858,278.792594683175
256.092959642355,0.0364158988385353,0.354083589269586,0.10284548604372,0.918085603999754,0.996577394764533,DELE1,252.749089333724,259.436829950987
121.285143703754,0.461305199893508,0.450722652058003,1.02347906808585,0.30608139182183,0.986152964913951,DENND10,97.2571490493223,145.313138358186
82.429777161942,-0.198818816806257,0.638945705028536,-0.311166997823982,0.755673670406242,0.996294710336961,DENND3,86.8874728588311,77.9720814650528
124.197131476256,1.22342405504437,0.457299667964764,2.67532242148628,0.00746574124676344,0.586485951612834,DENND4A,75.2015838172513,173.192679135262
228.834281535762,-0.0226551230974643,0.362042960503513,-0.0625757867683896,0.950104310980519,0.998879356112684,DENND4C,231.022262335495,226.646300736029
407.830691515359,0.115089948683218,0.246235567817201,0.46739774315893,0.640215336968788,0.996294710336961,DENND5A,378.903965879686,436.757417151032
105.133181247912,-0.261490897569003,0.524271253186433,-0.49877023769605,0.61794125683985,0.996294710336961,DENND5B,110.280917572602,99.9854449232219
594.945525947023,0.149788743573436,0.214368721686947,0.698743465906277,0.484712364874659,0.994447194724684,DENR,563.554143468709,626.336908425338
97.8067260468115,0.449507774040464,0.491872732061884,0.913870082116912,0.360785115848504,0.992443630108828,DEPDC1,83.2419586829957,112.371493410627
299.066004546228,-0.115037738502609,0.856578744873489,-0.134299081305828,0.893166079673887,0.996577394764533,DEPP1,333.774204820639,264.357804271817
574.259372806115,-0.181462030316164,0.215831663729478,-0.840757223386868,0.400483955779244,0.992443630108828,DERA,611.874732267219,536.644013345012
678.532530224002,0.0467381403450344,0.191974187753761,0.243460544836288,0.807648646339923,0.996294710336961,DERL1,669.195891675513,687.86916877249
520.511529274158,-0.096591743534162,0.218450236003886,-0.442168181189072,0.658367509288441,0.996294710336961,DERL2,538.184947078132,502.838111470184
1027.19596434678,0.0431625614829941,0.164119745000183,0.262994324558243,0.792554953532111,0.996294710336961,DESI1,1010.52234647931,1043.86958221424
346.339433284045,0.279334845344844,0.287516308462666,0.971544351130661,0.331277278711747,0.986152964913951,DESI2,314.701719262382,377.977147305707
663.323056167183,0.2601148281977,0.194217892115137,1.33929384859917,0.18047503052178,0.98168489642748,DFFA,605.818831475461,720.827280858904
15.076218273991,-1.75206928741124,1.76553751878675,-0.992371597186583,0.321016288926033,0.986152964913951,DGAT2,22.0982584164791,8.05417813150279
435.869650016759,0.0884999502492475,0.236322492694854,0.374488053337865,0.708041243135694,0.996294710336961,DGCR2,424.057419306244,447.681880727275
67.0581451900001,0.75024368216576,0.641198917741686,1.17006386225375,0.241975269901516,0.98168489642748,DGCR8,48.6413823304265,85.4749080495737
26.5569378376328,1.52327993448169,1.11423243740523,1.36711146018063,0.171590371691809,0.98168489642748,DGKE,30.6791585550083,22.4347171202572
392.366403075517,0.691673525608144,0.363560903461207,1.9024969930023,0.0571062115973504,0.874751194184612,DHCR7,302.212024079413,482.520782071622
443.475216592723,0.36703100884661,0.281730452416645,1.30277364657696,0.192652050377133,0.98168489642748,DHDDS,388.397675401889,498.552757783558
66.1114986262156,-0.0604557765062678,0.633811068499979,-0.0953845388805637,0.924009396267736,0.996577394764533,DHFR,67.4122191637117,64.8107780887195
13.7570641764641,0.885883616764251,1.29968800664561,0.681612519492768,0.495483996458231,0.994447194724684,DHFR2,10.0827984492167,17.4313299037115
137.32799586662,-0.227544128919139,0.492000206433523,-0.462487872858005,0.643731496946993,0.996294710336961,DHTKD1,147.990681412983,126.665310320256
143.517057000271,-0.362780889545151,0.447715325499342,-0.810293659571599,0.417771418562711,0.992443630108828,DHX32,161.3013428023,125.732771198241
226.158638858881,0.246694588524903,0.324135328316371,0.76108516096128,0.4466062030724,0.994447194724684,DHX33,204.658110470757,247.659167247004
54.1752576181336,-0.236012593063206,0.668594160529455,-0.352998286548463,0.724089725092666,0.996294710336961,DHX34,53.3984914470843,54.9520237891829
95.7955455933776,-0.632959638030493,0.565031487881,-1.12022011446519,0.262619974444759,0.982783504448174,DHX37,116.845828931611,74.7452622551441
365.946051300552,0.0152272924888276,0.27618143378814,0.0551351054991935,0.956030828524832,0.998879356112684,DHX40,357.281841046101,374.610261555002
69.5879520618342,-0.103063723074186,0.574209287585959,-0.179488080918157,0.857554475410185,0.996294710336961,DHX57,74.3931114987409,64.7827926249274
767.592791354226,-0.0228663901723557,0.21748386303128,-0.105140629073095,0.916264220611175,0.996577394764533,DHX9,777.890156022042,757.29542668641
372.400517054626,-0.0970643272876365,0.254638843351614,-0.381184292270786,0.703066503799493,0.996294710336961,DIABLO,382.708496102316,362.092538006937
643.48313785887,-0.0440609960771441,0.198217279022491,-0.222286353109229,0.824090975015874,0.996294710336961,DIAPH1,649.143318617203,637.822957100537
78.8455344464409,0.828677461166855,0.628236293389632,1.31905378579093,0.187151131713984,0.98168489642748,DIAPH2,54.308296786627,103.382772106255
142.369493187806,0.0137626981562293,0.535693745249104,0.0256913549547409,0.979503519329361,0.998987745956335,DIAPH3,142.282139447722,142.456846927891
162.52913967869,-0.10886861752577,0.493237898591569,-0.220722328589597,0.825308644512759,0.996294710336961,DICER1,168.790071034975,156.268208322405
105.646769648618,-1.30525192698472,0.527438696666848,-2.47469883274259,0.0133348570870367,0.62676812170277,DIDO1,145.859423572351,65.4341157248844
240.35564709188,-0.0641895851172491,0.343813768013762,-0.186698704615807,0.851896871809532,0.996294710336961,DIMT1,244.376658836421,236.334635347338
462.725271075851,0.150931206090358,0.245411517288133,0.615012725393618,0.538546316560625,0.996294710336961,DIO2,438.964645486752,486.485896664951
183.752888814297,0.0925043201212977,0.36312648702866,0.25474407245318,0.798920774010553,0.996294710336961,DIP2A,179.110339005323,188.39543862327
207.428288643477,-0.527890439468725,0.368167247505898,-1.43383324574593,0.151619855170234,0.974401534329554,DIP2B,244.387934435482,170.468642851472
365.964941601895,0.0806034530220473,0.264423329417578,0.304827313080073,0.760497678078995,0.996294710336961,DIP2C,357.194925156927,374.734958046864
27.1241764251033,-0.407779073987488,1.19907169223284,-0.340078976619109,0.733797053462494,0.996294710336961,DIPK1A,35.7259148482191,18.5224380019876
1117.70514590346,0.0446943271090357,0.164912323762783,0.271018721277167,0.786376633438439,0.996294710336961,DIPK1B,1109.44381315638,1125.96647865055
295.098482574105,0.403001511029418,0.299769643807946,1.34437065044388,0.178828559670366,0.98168489642748,DIS3,261.86560908303,328.331356065181
160.341751249488,0.395160514124276,0.416542282275601,0.948668432807074,0.34278927394821,0.988142440035739,DIS3L,134.054745337963,186.628757161013
60.8779046207983,-0.840924674927902,0.635455698376759,-1.32334115041537,0.185721952817583,0.98168489642748,DIS3L2,78.3003602727146,43.4554489688821
617.343269953259,-0.0660039334860879,0.239249538795475,-0.275879041683386,0.782640971778211,0.996294710336961,DIXDC1,631.937027656084,602.749512250434
517.157723208075,0.0724567746603928,0.222079852527968,0.326264511776311,0.744224235907824,0.996294710336961,DKC1,502.576298403743,531.739148012408
2844.30826716087,0.027176156219117,0.147671358471432,0.184031328081636,0.853988878374536,0.996294710336961,DKK1,2851.26137150949,2837.35516281225
5018.46400998503,0.014576699304447,0.109251045149196,0.133423888847385,0.893858153740174,0.996577394764533,DKK3,5015.42135367001,5021.50666630004
242.12148580554,0.0062609882987273,0.32579779031573,0.0192174056572323,0.984667672460158,0.998987745956335,DLAT,243.897839439016,240.345132172065
1804.08540053928,0.0858042087948924,0.132808002306071,0.646077098555756,0.518229425996858,0.994447194724684,DLC1,1755.01215748882,1853.15864358975
455.593312999693,0.171079259979466,0.238665025143717,0.716817472004734,0.473486729478446,0.994447194724684,DLD,431.083822756165,480.10280324322
534.781097589445,-0.583072949395139,0.219608636059599,-2.6550547367222,0.00792955405322746,0.596504608412017,DLG1,651.218233588095,418.343961590795
948.162678160066,-0.131323140492591,0.172699923734959,-0.760412266852719,0.447008193112087,0.994447194724684,DLGAP4,989.681657826608,906.643698493524
88.1057326488458,-0.597908890203434,0.523688108456266,-1.14172707103462,0.253567484639232,0.98168489642748,DLGAP5,108.687549310794,67.5239159868978
505.145398355777,0.122134028317608,0.274703979876626,0.444602325646903,0.656607166510443,0.996294710336961,DMAC1,487.972116100814,522.318680610739
68.379216102058,0.183269224468453,0.610644228192372,0.300124386684152,0.76408227826109,0.996294710336961,DMAC2L,64.1248184498328,72.6336137542832
56.8759863843449,1.22589835813134,0.777260533885894,1.57720391643004,0.114748612133701,0.974401534329554,DMD,39.4130381576622,74.3389346110276
14.2954181854435,0.0003606800959859,1.22068448230937,0.000295473647132419,0.999764246142259,0.999974371261861,DMRTA1,14.3074462380035,14.2833901328834
208.504870735335,0.0726772730973776,0.336568191109076,0.215936250118848,0.829037440106388,0.996294710336961,DMWD,205.978676145382,211.031065325288
49.2300959778674,0.483558451409697,0.713813849417441,0.677429349128403,0.498133582253865,0.994447194724684,DMXL1,45.5085628443832,52.9516291113515
345.266017788566,0.448035400336262,0.291810615958239,1.53536360856858,0.124694537547402,0.974401534329554,DNAAF10,293.473793278567,397.058242298564
19.3266668712918,0.122631440582038,1.44387901521083,0.0849319363257954,0.932315501992084,0.997480238800445,DNAAF11,23.4270972713786,15.2262364712051
431.732170571065,0.182352616574461,0.254448583158944,0.71665801518947,0.473585137791738,0.994447194724684,DNAAF5,403.538567738001,459.925773404128
115.506250268044,1.14569750232997,0.45459029720285,2.52028586923124,0.0117259559251469,0.62676812170277,DNAAF9,72.001710574953,159.010789961134
1775.99384269824,0.152993248566323,0.130523665700355,1.1721494929322,0.24113704213467,0.98168489642748,DNAJA1,1682.77701211643,1869.21067328006
302.346516594292,0.15134420226105,0.327402345790884,0.462257537878839,0.643896646107201,0.996294710336961,DNAJA2,287.533322288076,317.159710900508
199.220176934227,0.692968288782933,0.359923284306696,1.92532219780603,0.0541890622641071,0.869042076164583,DNAJA4,152.109259882268,246.331093986186
1202.44698932969,0.144143531366037,0.150926288494653,0.955059140483295,0.339547790228985,0.986983139323132,DNAJB1,1139.10097459713,1265.79300406225
1354.93365667546,0.133318169275962,0.171516597546087,0.777290193388654,0.436987579491259,0.994447194724684,DNAJB11,1291.27665665244,1418.59065669847
180.856930717249,0.136283265239742,0.360499602564093,0.37803998747963,0.705400888675521,0.996294710336961,DNAJB12,171.317920187102,190.395941247395
143.343230784215,0.131344901972532,0.442076774407094,0.297108804570631,0.766383442649512,0.996294710336961,DNAJB14,137.330210375169,149.356251193261
834.092647164226,0.0134697745668295,0.199351984960464,0.0675677975792458,0.946129690602961,0.998879356112684,DNAJB4,846.43562889001,821.749665438443
98.9241493851738,-0.225870154832287,0.670365650612392,-0.336935752340458,0.736165333048287,0.996294710336961,DNAJB5,106.461794353197,91.386504417151
499.706910433704,-0.346768027227588,0.226964881809051,-1.52784882164867,0.126550077408211,0.974401534329554,DNAJB9,560.415109909733,438.998710957674
294.319412717154,-0.0220879007912955,0.302824239219837,-0.0729396723597833,0.941854124026938,0.998879356112684,DNAJC1,299.475566172047,289.163259262262
1039.47291427341,0.0718429692437961,0.190453811323867,0.377219908304313,0.706010186584507,0.996294710336961,DNAJC10,1002.75025526437,1076.19557328245
346.522602178782,-0.0356772514793601,0.269803166839709,-0.132234368844736,0.894798917396996,0.996577394764533,DNAJC11,351.849909779812,341.195294577751
724.514190375016,-0.207289443574264,0.188852874578622,-1.09762397864887,0.272368717811728,0.982783504448174,DNAJC15,774.343867264691,674.684513485341
110.219390400556,-0.103783131063483,0.480684294647924,-0.215907056292527,0.829060196697593,0.996294710336961,DNAJC16,116.833640270634,103.605140530478
40.6493713577525,-3.02629536908969,0.957229465411485,-3.16151505824027,0.00156950703225454,0.374629255468141,DNAJC18,54.2248271604512,27.0739155550538
411.033493712666,0.133592885521174,0.250258990187484,0.533818527043092,0.593467094321015,0.996294710336961,DNAJC19,392.691958643218,429.375028782114
144.012495453252,0.187343755232739,0.432664923972226,0.432999637485671,0.66501503318716,0.996294710336961,DNAJC2,131.703836126539,156.321154779965
140.348721674782,0.419639378972241,0.418074526169761,1.00374299964367,0.315502505204761,0.986152964913951,DNAJC21,121.633209588192,159.064233761373
56.8064795654227,-0.492130537418277,0.714920471457941,-0.688371024562596,0.49121916571389,0.994447194724684,DNAJC24,61.8890963040994,51.7238628267461
48.2845810526925,0.205162699609049,0.723142796549597,0.283709801975435,0.776632782380196,0.996294710336961,DNAJC25,42.9855708590582,53.5835912463269
714.680876206075,0.0453776333466776,0.198756183454775,0.228308033279391,0.819406779814381,0.996294710336961,DNAJC3,705.747374790573,723.614377621578
253.354840487745,0.39472840156771,0.309493157961838,1.27540267502903,0.202166752352918,0.98168489642748,DNAJC30,221.577004352347,285.132676623142
1796.86512558924,-0.101357858653073,0.157575835800698,-0.643232245210938,0.5200734131258,0.994740769775778,DNAJC5,1860.65181533984,1733.07843583864
892.811531631668,0.127008568983832,0.186680871932175,0.680351273642954,0.496282065986024,0.994447194724684,DNAJC8,861.334802373245,924.28826089009
488.833493236331,-0.0787410480037691,0.237349389706358,-0.331751634588929,0.740076807784468,0.996294710336961,DNAJC9,503.083318359656,474.583668113005
170.101592927908,0.505511114406325,0.375949573572802,1.34462478465462,0.178746435357529,0.98168489642748,DNAL1,140.553908100951,199.649277754864
1011.81407038008,0.0987390657307762,0.168668675085778,0.585402509864749,0.558277101534699,0.996294710336961,DNASE1L1,980.586134381572,1043.04200637859
396.52263268415,-0.0781457561450495,0.257140584825917,-0.303902848311378,0.761201907725563,0.996294710336961,DNASE2,404.110421602672,388.934843765628
584.012514111782,0.349745760209066,0.215675347187934,1.62163068134212,0.104882449172279,0.961015869502668,DNM1L,514.796642635222,653.228385588341
541.230731755238,-0.0556840879557251,0.234535830337177,-0.237422520370008,0.812329020400134,0.996294710336961,DNMBP,549.760366977039,532.701096533436
80.3716094842918,0.902072456022921,0.569660492646642,1.58352644718592,0.113301523568583,0.974401534329554,DNMT3A,53.936171790548,106.807047178036
304.633322600214,0.165804493043734,0.290694221572908,0.570374230855322,0.568423903604606,0.996294710336961,DNPEP,288.059884521945,321.206760678483
137.811542799213,0.0216530196584801,0.471497512801089,0.0459239318779077,0.963370879417357,0.998879356112684,DOCK10,128.94927208874,146.673813509685
149.233243262349,-0.2145881451034,0.409860382240963,-0.523564009602763,0.600581819436976,0.996294710336961,DOCK5,163.249778358334,135.216708166363
152.416055842062,0.420139560318392,0.422294623485922,0.994896778107804,0.31978647004582,0.986152964913951,DOCK7,130.133014186817,174.699097497308
395.363882116088,0.13871251543074,0.262226478685311,0.528979819758036,0.596819449045451,0.996294710336961,DOCK9,372.343269855546,418.38449437663
101.932952846258,-0.350983747232624,0.508667193103066,-0.690006652663185,0.490190003742403,0.994447194724684,DOK4,123.143485197378,80.7224204951387
85.4063898805983,0.377361713221492,0.542584970807056,0.695488694904678,0.486749093541546,0.994447194724684,DOK5,68.3770638381049,102.435715923092
93.2394279329888,0.450810487555592,0.519306220101666,0.868101459418946,0.385338792197339,0.992443630108828,DONSON,79.1537439977849,107.325111868193
17.2487044249713,0.130781869982584,1.38978399560707,0.0941022996350285,0.925027893645207,0.996596129250316,DOP1A,10.7154451273503,23.7819637225924
42.6478992825519,0.348151532616405,0.738148672662005,0.471655027652975,0.637173042288641,0.996294710336961,DOP1B,38.7379312786279,46.5578672864759
108.367128985417,0.427977810420898,0.488955380441057,0.875290113455435,0.381416072109759,0.992443630108828,DOT1L,92.5351400152083,124.199117955626
708.775149095852,0.162696263295783,0.193349777784178,0.841460823799804,0.400089823319008,0.992443630108828,DPF2,677.400650469726,740.149647721979
873.464590251559,0.16150290857714,0.179348322385831,0.900498574108205,0.367854983791456,0.992443630108828,DPH3,824.949191209844,921.979989293274
144.768878967128,-0.803283054992213,0.476940607058905,-1.68424127260987,0.0921350498882582,0.948038963233236,DPH5,183.287761670558,106.249996263699
410.415168440051,0.0761111585837722,0.25363880698813,0.300076945983011,0.764118463778833,0.996294710336961,DPM1,398.468336936024,422.361999944079
484.151901868752,-0.176935781679594,0.253389122718635,-0.698276941729912,0.485004016560705,0.994447194724684,DPP8,512.549708510397,455.754095227106
499.18920805007,-0.105970143824462,0.233628622304247,-0.453583738068106,0.650128460221349,0.996294710336961,DPP9,518.338826677307,480.039589422833
636.146886706866,0.0383176461968372,0.206843217107828,0.185249711025632,0.853033180024645,0.996294710336961,DPY19L1,629.782682528968,642.511090884765
127.162274812845,0.444463696099286,0.467913436658142,0.949884447161137,0.342170970330076,0.987678078249577,DPY19L3,104.945023192365,149.379526433326
215.068007517988,-0.0756222217042364,0.358775954344548,-0.21077840024812,0.833060193999654,0.996294710336961,DPY19L4,218.749788943801,211.386226092174
373.158960072907,0.00156484186763317,0.256084263908026,0.00611065218827813,0.995124435304877,0.998987745956335,DPY30,372.510728446153,373.80719169966
1013.67456169163,0.208581790381722,0.174388252613406,1.19607707087999,0.231666484497164,0.98168489642748,DPYSL2,926.817389436533,1100.53173394673
4595.50504709125,-0.100841435644796,0.125774217329328,-0.80176555884067,0.422688584814329,0.994447194724684,DPYSL3,4750.23033898862,4440.77975519387
522.67248100746,0.0597378738642602,0.229193513618294,0.260643824169254,0.79436719064499,0.996294710336961,DPYSL4,512.380708525359,532.964253489562
356.362296354399,-0.0769273851886392,0.283864061106661,-0.27100079132502,0.786390423637433,0.996294710336961,DR1,353.672194399336,359.052398309462
337.222216461527,0.111495118132264,0.286639938950773,0.388972724946791,0.697296323034304,0.996294710336961,DRAM1,325.350393737535,349.094039185518
126.364185728949,-0.10745643944029,0.472327285156845,-0.227504196384943,0.82003170654024,0.996294710336961,DRAM2,136.819720408111,115.908651049787
73.4308858468405,-0.252752424934217,0.612625349193379,-0.412572586601267,0.679919789342392,0.996294710336961,DRAXIN,79.712968607956,67.1488030857249
233.053298287927,0.450863551736567,0.331938815182616,1.35827306453608,0.174377053877958,0.98168489642748,DRG2,197.075235095835,269.03136148002
223.596456804348,0.107251784052894,0.339481299409105,0.315928400885628,0.752056854331786,0.996294710336961,DROSHA,210.710499754202,236.482413854493
10.9428117417881,0.242206860054301,2.20350130151043,0.109919090988635,0.912473541866805,0.996577394764533,DRP2,8.70605926838986,13.1795642151864
23.1498911989585,1.0513081206272,1.38189760878391,0.76077135812715,0.446793644724737,0.994447194724684,DSC3,21.2241011219172,25.0756812759998
191.860326787276,0.00374609836207075,0.353304005579943,0.0106030452610397,0.991540152404806,0.998987745956335,DSE,192.096539490292,191.62411408426
21.5062221161898,0.567900086389418,1.52851251161108,0.37153774148099,0.710237050729797,0.996294710336961,DSG2,24.8380234728318,18.1744207595479
220.716236000321,-0.0514577777968861,0.335702959909402,-0.153283658299507,0.878174587166613,0.996577394764533,DSN1,227.581935528732,213.850536471911
279.502743938024,0.748280642783113,0.332597067642536,2.2498113049732,0.024460926082047,0.721834516239828,DST,230.611176772755,328.394311103294
7972.02246992362,0.0486570453970296,0.0780351604862245,0.623527203556133,0.532938131388981,0.996294710336961,DSTN,7859.71757188108,8084.32736796615
342.813581750261,0.212967953292278,0.270615699017491,0.786975604392089,0.431296147257953,0.994447194724684,DSTYK,318.08439803917,367.542765461352
88.5522581695302,-0.288806125686972,0.541260100628028,-0.533581036828446,0.593631431015461,0.996294710336961,DTD2,98.6751991349354,78.4293172041251
106.287597724456,0.272792705514679,0.595243712150176,0.458287420675609,0.646745960406631,0.996294710336961,DTL,98.3784145748042,114.196780874108
84.3930456682153,0.533627958516001,0.532749618858042,1.001648691293,0.316513295529971,0.986152964913951,DTNA,71.787092106108,96.9989992303226
57.0202640988344,0.814355455956096,0.643379978705239,1.26574572244995,0.205604133090072,0.98168489642748,DTWD1,42.9054018804898,71.1351263171791
26.5303882309015,0.269367939848496,1.16441100405061,0.231334072686922,0.817055278300889,0.996294710336961,DTWD2,30.4900634535432,22.5707130082598
71.7146225538166,0.285304110259492,0.583429153035134,0.489012434115219,0.624832893885367,0.996294710336961,DUS2,65.0528657831308,78.3763793245025
293.462933638966,-0.697817032070605,0.322662788382058,-2.16268208543569,0.0305656398981515,0.742691457963059,DUS4L-BCAP29,354.388692553233,232.5371747247
573.41777245652,-0.0887465826946353,0.215696155791791,-0.411442579348986,0.680748037493261,0.996294710336961,DUSP1,594.216715164913,552.618829748127
70.4957680901903,-1.51683590846266,0.585918371877692,-2.58881779658429,0.00963060367257423,0.60922635085547,DUSP18,98.9598737788214,42.0316624015591
327.865754355514,0.0429476463993971,0.317768418493523,0.135153916814652,0.892490181749122,0.996577394764533,DUSP22,323.402430649896,332.329078061133
27.0212217863683,0.983489232195157,1.30673532155185,0.752630786031854,0.45167181238785,0.994447194724684,DUSP28,28.8124969919437,25.2299465807929
1012.04273635581,0.186766316994942,0.1659422732111,1.12548968614737,0.260381585311876,0.982783504448174,DUSP3,945.467875681781,1078.61759702983
215.022043262157,0.00703239412178343,0.338560915795413,0.0207714292869913,0.983427988946647,0.998987745956335,DUSP4,215.959228511649,214.084858012664
1465.46896425869,0.211061235583154,0.136523374370732,1.54597142471745,0.122111469155939,0.974401534329554,DUSP6,1359.14023523252,1571.79769328486
274.149811818917,0.183108188320059,0.333545856562813,0.548974555423915,0.583022911662636,0.996294710336961,DUT,255.722911018652,292.576712619183
431.344194657675,0.136694157661645,0.244723501890839,0.55856571438986,0.576458144492626,0.996294710336961,DVL1,411.802745689437,450.885643625914
410.890781335099,-0.0627274690390186,0.25020907115608,-0.250700219417262,0.802045891025333,0.996294710336961,DVL3,421.100219475906,400.681343194292
183.412301395181,0.0776023971755904,0.361703596923327,0.214546932448782,0.830120572103002,0.996294710336961,DYM,177.533163878657,189.291438911704
1546.5989854469,-0.13657649674119,0.149166941521905,-0.915594939118155,0.359879386732549,0.992443630108828,DYNC1H1,1616.25799143266,1476.93997946114
401.17904036049,-0.317896389141232,0.279236072502653,-1.13845029509292,0.254932502718241,0.981773214040098,DYNC1LI1,445.942203673958,356.415877047023
2993.68365180166,0.148050303533669,0.106734431212028,1.38709038735183,0.165414202823462,0.977539653561902,DYNC1LI2,2843.45684565323,3143.91045795009
431.45382365615,-0.1150846204271,0.276335072290229,-0.416467658170545,0.677067828673623,0.996294710336961,DYNLL2,449.511212992968,413.396434319333
2695.31757834017,-0.00507424211016301,0.128949486500844,-0.0393506189738088,0.968610849737676,0.998879356112684,DYNLT1,2704.50111047879,2686.13404620155
463.252115167714,0.146935687043937,0.251551960305645,0.584116644789428,0.559141837053506,0.996294710336961,DYNLT3,438.817995461424,487.686234874004
52.6517936411918,0.319970721355489,0.692281163517749,0.462197641966154,0.643939594092614,0.996294710336961,DYNLT5,45.7700898325059,59.5334974498777
177.860630736693,-0.287429653862707,0.398981816369938,-0.720407903492526,0.471273885232983,0.994447194724684,DYRK1A,195.727552913502,159.993708559884
90.1867704380398,0.52052352328645,0.623033639831515,0.835466161068308,0.403455291941707,0.992443630108828,DYRK2,80.358728883058,100.014811993022
127.816586857739,-1.6886892042934,0.497933555351296,-3.39139466731061,0.000695378866715702,0.25742746445773,DYRK3,195.454217488646,60.1789562268317
125.709371523465,0.989148070025109,0.53054412799756,1.86440301159955,0.0622651302884209,0.891663350651627,DZIP1,89.1262459185564,162.292497128373
35.6904935019088,-0.295501363321571,0.860730049243802,-0.343314798386771,0.731361649112461,0.996294710336961,DZIP3,38.4040511485801,32.9769358552376
100.900764910497,0.325305432164462,0.563323035287936,0.577475820775173,0.563618067848901,0.996294710336961,E2F1,91.5110557958583,110.290474025135
389.369536471001,0.0303605283238416,0.257912885399599,0.117716213661843,0.906292519460857,0.996577394764533,E2F3,378.248704383463,400.49036855854
93.0516683122575,0.792029160092892,0.605240748428204,1.30861836740136,0.190663656034795,0.98168489642748,E2F6,73.9873506951622,112.115985929353
159.280698777481,0.0987565703445635,0.442754832702895,0.223050236948702,0.823496407798889,0.996294710336961,EAPP,155.018936360231,163.542461194731
76.8380277787308,-0.0407343714089582,0.633398659977109,-0.064310795053514,0.948722758040223,0.998879356112684,EARS2,77.4441283676335,76.2319271898282
128.793979342377,0.233400358497845,0.497100884716251,0.469523120303983,0.638695762745975,0.996294710336961,EBAG9,118.871003953323,138.716954731431
1224.47615559871,-0.0356383913251431,0.159797399262931,-0.22302234885878,0.823518112649511,0.996294710336961,EBNA1BP2,1238.41450864349,1210.53780255392
588.516688615132,-0.308407311101701,0.233700247429302,-1.31967045176107,0.186945069535867,0.98168489642748,EBPL,648.514220694948,528.519156535317
476.923881673699,-0.508779806909416,0.228283757031282,-2.22871663549719,0.0258327646858335,0.722700907616249,ECD,564.776673519219,389.07108982818
5757.91674326627,-0.0814439949552929,0.095886692232661,-0.849377458528613,0.395671292054194,0.992443630108828,ECE1,5921.91222303538,5593.92126349716
159.584974331643,0.339620892612434,0.389767671829761,0.871341871474581,0.383567514493939,0.992443630108828,ECHDC1,148.776646282318,170.393302380969
1044.17501986869,0.229762466489814,0.163320781969228,1.40681708548949,0.159481634908509,0.974401534329554,ECHS1,951.737183651644,1136.61285608575
99.9987596264102,-0.328442493828446,0.499062247362121,-0.658119293864613,0.510461479031948,0.994447194724684,ECT2,110.075339730557,89.922179522263
107.369587318712,0.508220479100843,0.467222811986404,1.08774757152832,0.27670656041275,0.982783504448174,EDC3,88.9578575159241,125.781317121499
193.033431433778,0.22053887006932,0.385478374614392,0.572117360124114,0.567242468829504,0.996294710336961,EDEM1,180.738633110102,205.328229757454
596.909729162366,0.0414843315138678,0.233388107485502,0.177748266442603,0.858920677623776,0.996294710336961,EDIL3,585.64161225394,608.177846070792
9375.67871956991,-0.0240607101213338,0.077574982122576,-0.310160691797719,0.756438760887093,0.996294710336961,EDN1,9418.88674227576,9332.47069686405
284.223038693401,0.170766576846813,0.305827640628153,0.558375222383654,0.576588188673527,0.996294710336961,EEA1,267.441836159399,301.004241227403
444.770600997483,-0.216538895138958,0.239018836236119,-0.905949081456684,0.36496280399215,0.992443630108828,EED,481.876529419469,407.664672575496
64803.934884887,-0.0902051505670009,0.0640398362468983,-1.40857871995839,0.158959774876398,0.974401534329554,EEF1A1,66591.2351946787,63016.6345750954
74.5278781725879,-0.0379795743859669,0.686205697601718,-0.0553472151553173,0.955861847532126,0.998879356112684,EEF1AKMT2,72.6289942474474,76.4267620977284
471.657804614764,0.219057694996513,0.234994467379075,0.932182350672732,0.351242294991575,0.990443880456887,EEF1E1,434.283161535445,509.032447694083
143.022898636758,-0.713500385243981,0.419183713717888,-1.70211857449254,0.0887331426149491,0.94617021594231,EEF2K,176.781034429887,109.264762843628
153.259813551737,-0.307656485639652,0.418175389919252,-0.735711601055861,0.461906228059605,0.994447194724684,EEF2KMT,161.933220408563,144.586406694911
87.3133273088318,-0.434526195473397,0.673382564491199,-0.645288753209286,0.518740079693281,0.994447194724684,EEIG1,98.3315363050529,76.2951183126106
105.601150957928,0.0995995070901644,0.539374904678602,0.184657287957275,0.85349784922572,0.996294710336961,EFCAB11,102.563292853236,108.639009062619
746.516005805064,-0.0218594362816882,0.267254915181967,-0.0817924574625865,0.934811754051143,0.998183369862593,EFCAB14,748.030968119383,745.001043490744
18083.2571253792,0.149110794180444,0.0848553366438688,1.75723531457132,0.0788777082261743,0.93454033835815,EFEMP1,17122.9100085761,19043.6042421824
1313.00543834276,-0.222894520612945,0.156125357971262,-1.42766379215588,0.153388652640716,0.974401534329554,EFEMP2,1407.38129138192,1218.6295853036
121.409121789744,0.967344407076438,0.44543863113574,2.17166707029875,0.0298807840531239,0.738805361887198,EFHC1,84.1753690219328,158.642874557555
640.748748264754,0.103353417761612,0.200001696500817,0.516762705366303,0.605321817255518,0.996294710336961,EFHD2,621.076179416365,660.421317113143
25.8440764811002,2.07116279770587,1.35731189471156,1.52592989553518,0.127027324461194,0.974401534329554,EFNA2,13.4116675573466,38.2764854048539
194.443167521366,0.0535999227840459,0.357654464619459,0.149865101896814,0.880871045362951,0.996577394764533,EFNA5,191.556406315824,197.329928726909
970.407171514671,-0.0218590025636258,0.163500142341143,-0.133694088889642,0.893644479583018,0.996577394764533,EFNB2,969.659840650689,971.154502378654
428.513599911033,0.0900514389626936,0.24733254929743,0.364090530011082,0.715790408191305,0.996294710336961,EFR3A,415.342079926166,441.685119895899
779.589272239266,-0.183810294205583,0.194279105609144,-0.94611457896753,0.344090148557611,0.988142440035739,EFTUD2,832.220095820906,726.958448657625
57.3921181473911,-1.59371642991501,0.655428765015268,-2.43156314611532,0.0150338275021028,0.650593284178309,EGFR,87.253841125609,27.5303951691732
306.265352542304,0.198468436552447,0.303170666511145,0.654642610501867,0.512697882914329,0.994447194724684,EGLN1,284.732618802871,327.798086281737
171.042126220125,0.487903794976672,0.423395225335154,1.15236017267425,0.249173099897145,0.98168489642748,EGR1,142.901153190632,199.183099249618
67.6151115247113,1.1570168635288,0.627815452879005,1.84292511154832,0.0653399453111431,0.899112418183934,EHBP1,45.6121140875673,89.6181089618553
2142.07579118514,-0.127739582100156,0.147922038712683,-0.863560178130533,0.387829547809704,0.992443630108828,EHD1,2235.09286634333,2049.05871602694
953.730574508207,-0.292630758785759,0.173001441386403,-1.69149318318199,0.0907426486439691,0.946227721488623,EHD2,1059.16076363852,848.300385377897
72.1645207290167,-0.0522868975007888,0.600186708898069,-0.0871177197455547,0.930577940614539,0.997480238800445,EHD3,73.6971555561723,70.6318859018612
1039.25860040835,-0.162381610024283,0.158795757781468,-1.02258153676719,0.306505742915749,0.986152964913951,EHD4,1107.05676605504,971.460434761661
22.131011630311,-1.33299088119594,1.0552119570776,-1.2632446706609,0.206501263638501,0.98168489642748,EHHADH,32.0440892991012,12.2179339615208
162.725863746622,-0.393324957673131,0.381658659474855,-1.0305673614594,0.302743748309319,0.986152964913951,EHMT1,174.076382955496,151.375344537747
2958.66261241246,-0.0722513451057576,0.107512060072894,-0.672030143006941,0.5015645068925,0.994447194724684,EI24,3023.52297995299,2893.80224487194
1559.66412867211,-0.0621570161391136,0.138192779233625,-0.449784833070277,0.652865595045137,0.996294710336961,EID1,1594.03416029163,1525.2940970526
297.430167994562,0.35541992389771,0.304758870445992,1.16623323671459,0.243520157984352,0.98168489642748,EID2,260.852617599783,334.007718389341
25.7756908613968,-0.797595043799736,0.947440801991992,-0.841841561101014,0.399876644802601,0.992443630108828,EID2B,32.443119942182,19.1082617806116
8866.45890882055,-0.0628606855861676,0.0728252663092409,-0.863171379548957,0.388043247098888,0.992443630108828,EIF1,9046.1570005434,8686.7608170977
279.619187477728,-0.122471516088614,0.312616865277183,-0.391762344555608,0.695233820202884,0.996294710336961,EIF1AD,291.574470964545,267.663903990912
1774.52806994518,0.118934779630356,0.127475352279088,0.93300216476332,0.350818850650302,0.990443880456887,EIF1AX,1707.18669496338,1841.86944492697
366.333535456771,0.254780218657117,0.286674179673973,0.888744912244529,0.374140187833489,0.992443630108828,EIF2A,334.666263756535,398.000807157007
948.467628138737,-0.0490833129552822,0.1724470987726,-0.284628232684893,0.775928978975232,0.996294710336961,EIF2AK1,967.228841205429,929.706415072045
259.065463735627,0.275213523516461,0.352948076181744,0.779756406363708,0.435534270457157,0.994447194724684,EIF2AK2,240.266841140568,277.864086330686
111.172671827427,0.557846993957539,0.460515645885135,1.21135296692326,0.225760156884451,0.98168489642748,EIF2AK3,92.59760146304,129.747742191814
186.197817440061,0.274677239016147,0.405308032742075,0.677699963550792,0.497961949554254,0.994447194724684,EIF2AK4,171.318679010244,201.076955869877
976.124305125552,-0.477341639090045,0.227124976328011,-2.10166951608473,0.0355822357001845,0.78306154168562,EIF2B2,1131.42984967839,820.818760572719
234.739148996213,-0.0906613749259581,0.349491395667224,-0.259409462006565,0.795319329908025,0.996294710336961,EIF2B3,243.733210652967,225.745087339459
1191.20658098965,0.0393125110875131,0.159394293064269,0.246636879726063,0.805189260160537,0.996294710336961,EIF2S1,1170.6964205439,1211.71674143539
2725.6602796777,0.0889657070177987,0.119425951593252,0.744944510225078,0.456305265815335,0.994447194724684,EIF2S2,2641.82083904292,2809.49972031248
1278.9156656079,0.110884462865204,0.149265797474583,0.742865845634098,0.457562905595541,0.994447194724684,EIF2S3,1228.38826392472,1329.44306729108
1377.21721960911,0.235879724014624,0.171212935682813,1.37769802891303,0.168296540186022,0.98168489642748,EIF3A,1269.63541513944,1484.79902407878
1585.44831867495,0.0797902466705527,0.136414242354615,0.584911408759903,0.558607286939695,0.996294710336961,EIF3E,1546.28225357547,1624.61438377444
1439.47386613491,0.0363222897074392,0.14090972904985,0.257769920873166,0.796584479835069,0.996294710336961,EIF3F,1419.53415638839,1459.41357588144
1720.64848209503,-0.0710007334756479,0.149955455185074,-0.473478830016682,0.635871601016598,0.996294710336961,EIF3H,1770.08547673042,1671.21148745964
856.84425581545,-0.121909574816601,0.203531224603617,-0.598972344680889,0.549191326640383,0.996294710336961,EIF3J,891.425500333753,822.263011297147
2588.12700060791,-0.0221004401159498,0.134940450453945,-0.163779208099595,0.86990496017715,0.996577394764533,EIF3L,2610.30112599729,2565.95287521853
808.224773472763,-0.121487916974256,0.179561878319236,-0.67657967332168,0.498672679486872,0.994447194724684,EIF3M,846.990480049414,769.459066896113
2259.56061814511,-0.010017771312573,0.116383022630979,-0.086075881912234,0.931406095899896,0.997480238800445,EIF4A2,2265.20897642518,2253.91225986504
1010.78358110026,-0.25629783796531,0.167239524522084,-1.53251953267462,0.125394281305745,0.974401534329554,EIF4B,1100.35933219712,921.207830003392
557.822791126385,0.350936535301374,0.238798444684947,1.46959305268664,0.141672002985884,0.974401534329554,EIF4E,484.637865741366,631.007716511405
26.6326372562143,0.971486345134254,0.957004737635136,1.01513222132516,0.310042804093487,0.986152964913951,EIF4E3,22.5323103973713,30.7329641150574
736.59008935612,-0.23135468806087,0.188343308764797,-1.2283669092263,0.219309264064043,0.98168489642748,EIF4EBP2,770.67116271245,702.50901599979
158.963878181306,-0.318067909857514,0.386956872396665,-0.821972505327327,0.411092545329262,0.992443630108828,EIF4ENIF1,176.475130498223,141.452625864389
1189.13664054907,-0.170530257084335,0.159677742982488,-1.06796510208086,0.285536253956271,0.982783504448174,EIF4G1,1259.20052143548,1119.07275966266
15288.2083716706,-0.0474559355507651,0.0681927209973206,-0.695909106671806,0.486485753852478,0.994447194724684,EIF4G2,15505.9676282678,15070.4491150733
289.746511165867,-0.416763850345695,0.290769649745005,-1.43331276393937,0.151768475928213,0.974401534329554,EIF4G3,331.797284975607,247.695737356127
922.46434149881,-0.0607108320349742,0.215345033875888,-0.281923529613245,0.778002147013658,0.996294710336961,EIF5,948.359288043187,896.569394954433
130.243094417798,-0.713571367505168,0.501854123099345,-1.42187009065165,0.155063967375782,0.974401534329554,EIF5A2,160.721659601567,99.764529234028
625.821764553818,-0.0275871611821283,0.213835202920741,-0.129011317151337,0.897348693875808,0.996577394764533,EIF5B,627.120739363749,624.522789743888
26.5499827690576,-0.182409926764102,1.24989188984434,-0.145940563536914,0.883968309311982,0.996577394764533,ELAC1,25.4777940351252,27.62217150299
570.790752424721,0.0908665167925182,0.210233198345034,0.432217734914486,0.665583170781231,0.996294710336961,ELAC2,554.651483365105,586.930021484337
184.469328302956,0.0934298401112853,0.399231051027038,0.234024482491864,0.814965972068107,0.996294710336961,ELAPOR2,167.67891831302,201.259738292891
977.32199875775,0.000488914656044945,0.18978400318906,0.00257616367991719,0.997944521047265,0.999437865096263,ELAVL1,970.08710197203,984.55689554347
237.167225235463,-0.621814917862181,0.319246188857054,-1.94775987800627,0.0514437016500276,0.869042076164583,ELF1,284.934361534289,189.400088936637
40.8767446800259,0.277323823697557,0.790815067796101,0.350681006205943,0.725827676582233,0.996294710336961,ELF2,36.9387155701355,44.8147737899162
23.081220783351,-0.0402098389186577,1.07019364808412,-0.0375724888581073,0.97002854313894,0.998879356112684,ELFN1,21.9973174937639,24.1651240729381
218.435269737335,-0.570057074888169,0.364808564364499,-1.56261976985441,0.118142055395476,0.974401534329554,ELFN2,263.984275915638,172.886263559031
727.736560464607,-0.116811141315528,0.227569425530252,-0.51329892424411,0.607742236368175,0.996294710336961,ELK3,744.821840268663,710.651280660552
285.608563980585,-0.605593083981777,0.337517495850218,-1.79425686498493,0.0727721795415784,0.922193472014251,ELK4,346.908297870113,224.308830091057
162.833427911948,-0.26479895376659,0.394949344987011,-0.670463078689999,0.502562635238249,0.994447194724684,ELL,171.938835547889,153.728020276007
157.281510598328,-0.19962338482863,0.41977240614604,-0.475551470048701,0.634393956366667,0.996294710336961,ELL2,171.582199860395,142.98082133626
132.148388419976,0.162976253180198,0.422840918880523,0.385431603004931,0.699917671992925,0.996294710336961,ELMOD2,124.706241566842,139.59053527311
421.158398363509,-0.00841203829035558,0.255843308894541,-0.0328796493709477,0.973770561469826,0.998879356112684,ELOA,424.122631813901,418.194164913118
3209.60462092176,-0.173925250048364,0.108470815943656,-1.6034289825819,0.108839976570128,0.961015869502668,ELOB,3390.58521464863,3028.62402719489
1890.95985352132,0.284257307468682,0.137130308004753,2.07289921246899,0.0381816603488841,0.808721447526193,ELOC,1697.44418157705,2084.47552546558
44.4668052049199,-2.23532307877824,0.937270553279777,-2.38492831227462,0.0170824497848712,0.679644419679662,ELOVL4,50.3867080001829,38.5469024096568
1116.45617174435,-0.215290523955558,0.153663895569326,-1.40104819780798,0.161199660721494,0.974401534329554,ELOVL5,1195.26287109574,1037.64947239295
100.64028872543,0.0119154829071325,0.493551641814552,0.0241423225000833,0.980739084676421,0.998987745956335,ELOVL6,100.938061536523,100.342515914337
157.322076034349,0.568596080281234,0.398524642261398,1.42675262702647,0.153651210425152,0.974401534329554,ELP1,126.168134132977,188.476017935721
229.973250053341,-0.119251929007025,0.337569142611656,-0.353266676226429,0.723888525519512,0.996294710336961,ELP2,240.269997798129,219.676502308553
141.259291990098,0.250255554532325,0.412826627797294,0.606200127805724,0.544381867935604,0.996294710336961,ELP3,137.099018546939,145.419565433256
714.333370558217,0.0812172651758648,0.187459964088647,0.433251257518957,0.66483224464749,0.996294710336961,EMC1,687.439553067179,741.227188049254
595.333958550356,0.257340983277101,0.240236750029772,1.07119740524799,0.284080678072218,0.982783504448174,EMC10,541.91308306354,648.754834037173
211.260549815837,0.166772034869456,0.33496240462491,0.497882844661946,0.618566619627142,0.996294710336961,EMC2,198.552159626924,223.968940004749
718.524269713653,0.0480040065588327,0.193320406758944,0.248313188264134,0.803892095738599,0.996294710336961,EMC3,715.907480538929,721.141058888376
594.461670316471,0.175706694984332,0.218718460818624,0.803346431420069,0.421774527947865,0.994125605941684,EMC4,561.136905823956,627.786434808986
1159.52550234232,0.213622745835499,0.168892817495171,1.26484209928944,0.205927936555321,0.98168489642748,EMC6,1074.32479663235,1244.72620805229
1361.27920002619,-0.106560504347572,0.157837758937087,-0.675126820509696,0.499595194963811,0.994447194724684,EMC7,1414.30805906937,1308.25034098302
775.42913363618,-0.109813350803707,0.183056690479576,-0.59988711975517,0.548581466997119,0.996294710336961,EMC8,808.122574597723,742.735692674636
1377.63207494412,0.0822407964504256,0.152622106979113,0.538852451183108,0.589988668490609,0.996294710336961,EMCN,1344.2855750584,1410.97857482984
20.5350790234898,-1.12597326688459,1.14221689162138,-0.985778861391433,0.324241640982841,0.986152964913951,EME2,27.3483727042379,13.7217853427418
651.979926124764,0.207041305302065,0.231086330780639,0.895947867633076,0.37028060702178,0.992443630108828,EMG1,601.37981657679,702.580035672739
34.0217375909464,-0.68114424888605,1.00204775662827,-0.679752281645727,0.496661325865143,0.994447194724684,EMILIN2,36.9984243327969,31.0450508490959
224.841182093554,0.530575706964417,0.343135959158261,1.54625504207125,0.122042985058051,0.974401534329554,EML1,183.263404349401,266.418959837707
206.609330471802,0.0771733046704425,0.345710122010104,0.223231255774995,0.823355527048834,0.996294710336961,EML4,205.228124712176,207.990536231428
5405.27507196573,0.15379797879874,0.119375139372837,1.28835852763607,0.197621188260447,0.98168489642748,EMP1,5146.19089801102,5664.35924592044
92.5962556844769,0.581815889264018,0.500563351485215,1.16232218666772,0.245104617692564,0.98168489642748,EMP2,75.4498413442857,109.742670024668
73.6321373874433,0.757889404392433,0.602097387096871,1.25874886793106,0.208121054354202,0.98168489642748,EMSY,54.4454218426864,92.8188529322002
502.519378307418,-0.356195851685613,0.240834786918951,-1.47900499027777,0.139138981086414,0.974401534329554,ENAH,557.902701570985,447.13605504385
123.203860157183,-0.317303909628086,0.454949253620908,-0.697449016791846,0.485521835042478,0.994447194724684,ENDOD1,133.898937694625,112.508782619741
50.9866759663151,0.231878232998974,0.773880017536204,0.299630727948245,0.764458842940552,0.996294710336961,ENGASE,45.9423920904966,56.0309598421335
12896.8180043495,-0.0831034097654443,0.0712014357869881,-1.16715918502069,0.243146090191918,0.98168489642748,ENO1,13282.0365204337,12511.5994882652
38.2333786957364,0.288535079428316,1.05606292929824,0.273217695104636,0.784685878546762,0.996294710336961,ENOSF1,39.0134730515628,37.4532843399101
12.7189513143623,0.15290681489824,1.64091845012041,0.093183677035882,0.925757641800001,0.996747384630605,ENOX1,12.1520505603033,13.2858520684214
8.49688996787539,0.476116119510068,1.95505201404746,0.243531177732906,0.807593935627835,0.996294710336961,ENPP1,10.900626373457,6.09315356229375
47.3067016709086,-0.0197739570903193,0.727235897480592,-0.0271905679557671,0.978307738607267,0.998987745956335,ENPP4,45.6440041413096,48.9693992005077
13.5269581690711,-1.39750613054143,1.34173597081573,-1.04156567382761,0.297613090171539,0.986152964913951,ENTPD1,19.6621019502512,7.39181438789098
232.137247254496,0.228371468579687,0.322931993801535,0.707181304309038,0.479453815251445,0.994447194724684,ENTPD4,221.841270526221,242.43322398277
42.3962642479206,-0.101726844671335,0.727345410750421,-0.139860433801845,0.888770263204237,0.996577394764533,ENTPD5,43.9732482102851,40.819280285556
197.300581781801,-0.122338586898314,0.352943281690987,-0.346623928672556,0.728873866701067,0.996294710336961,ENTPD6,206.306162590231,188.295000973371
223.486764546489,0.439676986766689,0.37437304088457,1.17443549281171,0.240220635780776,0.98168489642748,ENTPD7,195.176368500098,251.79716059288
392.774326881861,0.664530261674506,0.269175990880829,2.46875755709101,0.0135583042933717,0.62676812170277,ENTR1,304.177210485095,481.371443278628
2518.13749222172,0.0299955715926151,0.113100011597978,0.265212807397726,0.790845529199182,0.996294710336961,ENY2,2483.68665310894,2552.58833133449
588.596023586635,-0.233398744519108,0.222894317193139,-1.04712738959992,0.295040828401986,0.986152964913951,EOGT,632.64268592841,544.54936124486
382.564678833271,-0.246149015337791,0.253940449843922,-0.969317867590928,0.332386617131259,0.986152964913951,EP300,410.805111398802,354.32424626774
192.802891334639,-0.375135513623385,0.431457108145802,-0.869461892134631,0.38459454299377,0.992443630108828,EP400,218.074368711182,167.531413958095
3752.72789102437,0.067729576618913,0.0991607592064543,0.683028015930162,0.494589139648304,0.994447194724684,EPAS1,3672.88425118686,3832.57153086189
76.0713642213732,-0.367834439589304,0.577660743200831,-0.63676551318188,0.524277592925687,0.995460348195308,EPB41L1,85.6302935680286,66.5124348747179
234.601033083756,-0.0263498907925297,0.319993253776279,-0.0823451447228073,0.934372255992839,0.998165331923783,EPB41L2,233.79543021584,235.406635951673
1120.9508887544,0.0398781107009278,0.16805449991178,0.237292727786888,0.812429703402191,0.996294710336961,EPB41L3,1110.62553588916,1131.27624161964
53.8131281513494,-1.35646353526518,0.903105279419255,-1.5019993418015,0.133097278814303,0.974401534329554,EPB41L4A,58.8858373964327,48.7404189062661
321.406107203266,-0.565893687789305,0.337390201986353,-1.67726769911414,0.0934901459069837,0.948038963233236,EPC1,385.002340371763,257.80987403477
57.0676233928353,0.345066069899762,0.676473160321329,0.510095729054281,0.609984397211743,0.996294710336961,EPC2,52.7433086955935,61.3919380900772
135.411011622593,-0.41163879936196,0.448389158422494,-0.918039144412349,0.358598372798065,0.992443630108828,EPG5,158.998839755641,111.823183489544
883.241232727558,0.100509175378635,0.191625217123228,0.524509127178186,0.599924473252946,0.996294710336961,EPHA2,832.325197081906,934.157268373211
150.174436635547,0.111262166734262,0.426129791414811,0.261099244821292,0.794015974032622,0.996294710336961,EPHA4,144.807302785338,155.541570485757
202.153546145134,1.47808535099359,0.421502322534649,3.50670748883498,0.000453687574607023,0.255962280728289,EPHA5,107.825656171252,296.481436119016
801.182285361884,-0.0323214146793418,0.188810403853802,-0.171184500534031,0.864078694385227,0.996577394764533,EPHB2,804.477621883743,797.886948840026
2074.91011236574,0.0400798840177869,0.148665703670996,0.269597378736964,0.787470017165166,0.996294710336961,EPHB4,2038.47126212748,2111.348962604
31.3315733132946,2.45092107787658,1.0560872704498,2.32075619738576,0.0203000057995471,0.714845395677829,EPHX4,26.8503178810825,35.8128287455067
34.454430266853,-0.36331368037447,0.93339648136675,-0.389238322221313,0.697099857258623,0.996294710336961,EPM2A,40.7901543120429,28.1187062216631
154.489512737116,-0.167898586829221,0.391413073564376,-0.428954979199504,0.667955988429789,0.996294710336961,EPM2AIP1,170.409093154791,138.569932319441
158.736924702679,0.142768527860496,0.384135608184908,0.371661790311751,0.710144677174615,0.996294710336961,EPN2,152.911456133222,164.562393272136
63.2183769407951,-0.266724040180408,0.618165971866484,-0.431476419472046,0.66612199474121,0.996294710336961,EPOR,68.6743041165223,57.762449765068
270.122196098729,0.381760010829511,0.3024373074471,1.26227816948901,0.206848709194599,0.98168489642748,EPS15,241.70871408432,298.535678113138
116.931973333112,0.388464203907251,0.46866569206742,0.828872713497809,0.40717643713186,0.992443630108828,EPS8,101.33448023379,132.529466432433
99.7973166998091,0.441088830755086,0.504511208900323,0.87428945675265,0.381960639565159,0.992443630108828,ERAP1,85.2498182722878,114.34481512733
388.549234387495,0.327065275220661,0.25306820701722,1.29239970154926,0.196218760018719,0.98168489642748,ERAP2,346.274203667043,430.824265107946
239.684059577666,-0.45686202408762,0.342208010160675,-1.3350418766443,0.181862640960942,0.98168489642748,ERBB2,281.25638622056,198.111732934771
128.42469453754,-0.566108388879044,0.478938349996702,-1.1820068050156,0.237203000721071,0.98168489642748,ERBIN,153.35823123811,103.491157836971
218.121395499081,0.359665113602505,0.352407056715614,1.02059566273881,0.307446045229307,0.986152964913951,ERC1,195.955795694187,240.286995303974
471.925213909396,-0.0407943958887921,0.227123644119828,-0.179613162015265,0.85745627093979,0.996294710336961,ERCC1,477.594808561981,466.255619256811
276.725553197885,0.173938829400457,0.293771819029342,0.592088206333651,0.553791523939025,0.996294710336961,ERCC2,259.851459926763,293.599646469007
38.702491408824,0.305091277566062,0.914383527606852,0.333657889009172,0.73863772988105,0.996294710336961,ERCC4,35.5972323359723,41.8077504816758
139.680063516799,0.309986895982454,0.410207284645312,0.755683547283871,0.449838950765662,0.994447194724684,ERCC6,119.357404578519,160.00272245508
61.8758853205166,-0.623030625924336,0.63842240805257,-0.975890911825629,0.32911852627094,0.986152964913951,ERCC6L2,79.4566590100813,44.2951116309519
51.5544398571749,-2.05381296293089,0.684467174439207,-3.00060110934261,0.00269447281383502,0.407851177625858,ERCC8,81.6018663902116,21.5070133241382
573.642892795413,-0.414746253501975,0.249378419459569,-1.66312006628632,0.0962884039259258,0.949729918723087,ERF,661.299067296125,485.986718294701
1525.93335561524,0.0513314602636929,0.150952549611838,0.340050303195854,0.733818646206712,0.996294710336961,ERG,1493.3290848323,1558.53762639819
2988.10481340439,-0.0833895359788692,0.10882923523361,-0.766242047000218,0.443532294040379,0.994447194724684,ERGIC1,3072.0611012721,2904.14852553668
454.327669020084,0.283865234969444,0.289780765809696,0.979586185357322,0.327290426836453,0.986152964913951,ERGIC2,411.298262185295,497.357075854873
176.353125145537,0.587850385466041,0.388930834572728,1.51145225117428,0.130673265337306,0.974401534329554,ERI1,141.185941571334,211.520308719741
384.223226760405,0.293646373324543,0.281636556018492,1.04264296324254,0.297113683213547,0.986152964913951,ERLEC1,344.910358599096,423.536094921714
488.352267211982,0.250616017781892,0.271222498105838,0.924023705747653,0.355473973561882,0.990443880456887,ERLIN1,450.520898455912,526.183635968052
129.997625482622,-0.235986754378678,0.427612717941648,-0.551870289346448,0.581037225407203,0.996294710336961,ERLIN2,140.230609992135,119.764640973109
97.4037022391501,0.338485142562212,0.4883773116701,0.693081219118671,0.488258583062999,0.994447194724684,ERMP1,86.7416037794479,108.065800698852
609.055963506435,0.0270367881148344,0.203179356831545,0.133068578109786,0.89413914514656,0.996577394764533,ERO1A,604.394257214021,613.717669798849
1059.48924982523,-0.408811558993187,0.165031991767644,-2.4771655156945,0.0132430472476314,0.62676812170277,ERP29,1211.32732257496,907.651177075513
1137.02635515208,-0.0549269260251069,0.156107938844183,-0.351852227579095,0.724949087881296,0.996294710336961,ERP44,1168.322561038,1105.73014926616
370.427095971466,0.136067200005906,0.269484944470573,0.504915776550047,0.613617992733488,0.996294710336961,ERRFI1,352.91991071179,387.934281231142
247.473814411386,0.48569818232091,0.341659087653341,1.4215871899,0.15514612573729,0.974401534329554,ERVK3-1,208.726166419572,286.221462403201
702.084652882582,-0.110959350029438,0.2300971848114,-0.482228194666466,0.629643849952684,0.996294710336961,ESAM,718.58004784898,685.589257916183
8.12363204633695,-1.16304167223415,1.89482558558087,-0.613798800841931,0.539348289775517,0.996294710336961,ESCO2,11.6112238080073,4.63604028466664
137.573030439709,-0.285897146084557,0.411984415279603,-0.693951361947821,0.487712711575055,0.994447194724684,ESS2,153.195204215772,121.950856663645
1135.04471581193,0.205662510609395,0.167325884105161,1.22911354515922,0.219029237329171,0.98168489642748,ESYT1,1057.39916933958,1212.69026228429
360.385342669807,-0.0935263006168028,0.291384989962599,-0.320971580000767,0.748231928193186,0.996294710336961,ESYT2,368.99290660126,351.777778738355
79.3408685512526,0.619629435701704,0.561694604607096,1.10314293678347,0.269965097325284,0.982783504448174,ETAA1,63.2193843092796,95.4623527932257
686.624115573631,-0.143278334356858,0.248100532428355,-0.577501115997133,0.563600984953323,0.996294710336961,ETF1,714.14221249595,659.106018651312
1890.16602444788,0.259477468448055,0.158733568845195,1.63467293235945,0.10211762965066,0.961015869502668,ETFA,1725.77818615436,2054.5538627414
89.0897381724507,-0.386672033670685,0.533233400031911,-0.725145937309149,0.468362505204601,0.994447194724684,ETFRF1,98.6349571561864,79.544519188715
371.881563354711,-0.0224853791811773,0.259865963161751,-0.0865268344788252,0.93104762523231,0.997480238800445,ETNK1,371.503505566282,372.25962114314
239.9831397115,-0.0519718845663523,0.34326038258984,-0.151406591620721,0.879654990045959,0.996577394764533,ETS1,245.093311229094,234.872968193906
190.317859949988,-0.755158878447105,0.400838512043825,-1.88394791357907,0.0595720212853865,0.884459244251456,ETS2,239.041188429373,141.594531470603
30.5646642671728,0.672838430563014,0.88819886065307,0.757531292112098,0.448731625899009,0.994447194724684,ETV1,18.067378407658,43.0619501266876
498.720586681417,0.273456523208624,0.23091228992082,1.18424412707696,0.236316439025299,0.98168489642748,ETV5,445.107940008772,552.333233354061
205.756115838045,0.299410175257991,0.340873319177417,0.878362014312287,0.379747291601819,0.992443630108828,ETV6,186.398896150537,225.113335525553
169.129625487905,0.254980414782909,0.397293112948559,0.641794197967696,0.521006817358279,0.995460348195308,EVA1A,155.154379282503,183.104871693307
311.076532302526,0.184525875679429,0.341969665214971,0.539597205393734,0.589474844298338,0.996294710336961,EVI5,304.744381422537,317.408683182516
98.8185426178543,0.242036013351965,0.517238281030221,0.467939095439504,0.63982814446502,0.996294710336961,EXD2,89.7486374284611,107.888447807247
29.4083162272085,0.0878462840604878,0.90342029130041,0.0972374485125182,0.922537829326515,0.996577394764533,EXO1,29.6718569304042,29.1447755240128
281.141868630733,0.292917456210705,0.298867188118301,0.980092388378077,0.327040516062869,0.986152964913951,EXOC1,248.510492005439,313.773245256027
448.425192195641,-0.256754317308183,0.276348520886286,-0.929096043230981,0.35283931486026,0.990443880456887,EXOC2,485.210255694401,411.640128696881
670.798944266222,-0.196540373587141,0.196937575177862,-0.997983109163595,0.318287549236452,0.986152964913951,EXOC5,718.160493370023,623.437395162422
748.441706503438,-0.105209446489381,0.183866725304754,-0.572204928950573,0.567183148650685,0.996294710336961,EXOC7,783.042477421262,713.840935585613
152.457208429329,0.325211324764346,0.481852072724592,0.674919426880258,0.499726957207804,0.994447194724684,EXOC8,136.203472849789,168.710944008868
110.501601979908,0.356911380777412,0.616006255109685,0.57939570875601,0.562322198969897,0.996294710336961,EXOG,97.7939832015276,123.209220758289
90.8883430244388,-0.75024429564459,0.529583730136495,-1.41666794682537,0.156580032633428,0.974401534329554,EXOSC2,101.014093924954,80.7625921239235
120.970258456212,-0.120513881274531,0.490830920710029,-0.245530336801516,0.806045821541545,0.996294710336961,EXOSC3,125.368782811344,116.57173410108
542.194754657419,0.0936166642226793,0.214775906029823,0.435880662562215,0.66292331588349,0.996294710336961,EXOSC6,529.150082705241,555.239426609598
143.113755441621,1.06872766224315,0.454271647261688,2.35261801762305,0.0186417730880882,0.7054319742968,EXOSC8,95.9960710279247,190.231439855317
174.890736002885,-0.453746931186197,0.37396916463192,-1.21332712453124,0.225004776389483,0.98168489642748,EXOSC9,202.956389421981,146.825082583789
2503.65723806288,-0.0101590868061784,0.131247990108522,-0.0774037514614767,0.938302356503825,0.998879356112684,EXT1,2528.65889089065,2478.65558523511
892.446711981558,-0.29014148758785,0.179360157370281,-1.61764737409806,0.105738613346013,0.961015869502668,EXT2,988.887099425375,796.006324537741
280.618168970392,0.293154401832831,0.308632929818661,0.949848099504728,0.34218944157894,0.987678078249577,EXTL2,252.50036096364,308.735976977144
491.610025797801,-0.252419387682451,0.261801888220087,-0.964161830147883,0.334964797725883,0.986152964913951,EXTL3,531.659647740013,451.560403855588
466.427262646108,-0.221326653166171,0.23242112888589,-0.952265631903175,0.340962283006724,0.987678078249577,EZR,505.223144358694,427.631380933521
895.308435736153,-0.0870292748987813,0.1791034926454,-0.485916123763634,0.627026636023909,0.996294710336961,F11R,927.396233444047,863.220638028259
6256.42014291203,0.168011978694415,0.0800967586797381,2.09761270573008,0.0359393717868462,0.785555962274654,F2R,5938.93967443574,6573.90061138832
47.7129868359469,0.107852050618689,0.719390953908591,0.149921332806185,0.8808266807896,0.996577394764533,FAAP24,45.6764302834153,49.7495433884785
669.413229171104,0.0449063301928215,0.218745179498289,0.205290604784152,0.837345084038149,0.996294710336961,FADS1,661.114554254355,677.711904087853
779.369780269851,-0.291772060484384,0.184698344564713,-1.57972212026056,0.114170517574795,0.974401534329554,FAF2,859.127314782894,699.612245756807
958.982521421915,-0.0511289309514846,0.180092201341346,-0.283904192245254,0.776483803689761,0.996294710336961,FAHD1,966.571552346962,951.393490496868
152.69656958983,-0.339051712550965,0.439182139257047,-0.772007060953184,0.440110245480123,0.994447194724684,FAM107A,171.085217213967,134.307921965694
3847.13769732287,-0.0786548669698766,0.117045091423106,-0.672004831757936,0.501580620334287,0.994447194724684,FAM107B,3992.0020480562,3702.27334658955
65.4108477668573,-0.975249113253318,0.595648246321102,-1.63729032911075,0.101569820657113,0.961015869502668,FAM110A,86.9309216156918,43.8907739180227
934.275846985352,0.0496548959649767,0.174051171279108,0.285289065279257,0.775422689565678,0.996294710336961,FAM114A1,919.990557365739,948.561136604965
170.58306866372,0.630624503979229,0.39693801456604,1.58872287570811,0.112122972001552,0.972887579976839,FAM114A2,134.893048602873,206.273088724568
35.2454170895937,-0.929708354188475,0.899644736693197,-1.03341721044885,0.301408695782593,0.986152964913951,FAM117B,45.2232884921646,25.2675456870228
25.8744671973017,0.124743056287091,1.06270590124173,0.117382481965455,0.906556965464151,0.996577394764533,FAM118A,24.8870714695288,26.8618629250747
326.627150085478,-0.260240657281437,0.309808741093246,-0.840004243789591,0.400906007084848,0.992443630108828,FAM118B,353.473552832233,299.780747338724
2181.03036713388,-0.0440650947514597,0.126857801433449,-0.347358177845899,0.728322248757016,0.996294710336961,FAM120A,2218.24099271778,2143.81974154998
284.310318926077,0.148788557892879,0.299088941897651,0.49747261449671,0.618855810075413,0.996294710336961,FAM120AOS,270.020716921523,298.599920930632
74.7509693260949,-0.184878820580811,0.560657410598546,-0.329753637579567,0.74158612146227,0.996294710336961,FAM124A,78.0570736530023,71.4448649991874
287.127555910799,-0.298446287677229,0.315496690462546,-0.945956952003779,0.34417054324245,0.988142440035739,FAM131A,316.901882356596,257.353229465002
21.3128235138129,1.87585112819365,1.25610704888517,1.49338476355062,0.135336498974186,0.974401534329554,FAM131B,16.3556114260137,26.270035601612
34.7609070842815,-0.0918337122930948,0.892283592810877,-0.102919871028671,0.918026566647616,0.996577394764533,FAM133B,36.2219073133427,33.2999068552202
24.0828745711018,-1.20024795127393,1.28279933863314,-0.935647466542069,0.349454726830081,0.990443880456887,FAM135A,34.5150459937065,13.6507031484971
246.717001643916,0.46628335345949,0.3370305237854,1.38350481796833,0.166510131051476,0.98168489642748,FAM136A,212.001302978431,281.432700309401
10.0098765373395,0.796363310119547,2.11767613491763,0.376055288619722,0.706875793173641,0.996294710336961,FAM13A,5.2518751662794,14.7678779083996
71.9503952830265,0.304034787959404,0.608347245415998,0.49977178371458,0.617235780701378,0.996294710336961,FAM13B,65.2542131655426,78.6465774005105
19.8255051673976,1.40681442645197,1.47518774402203,0.95365110790329,0.340260276372395,0.987677864905089,FAM161B,14.4156685343434,25.2353418004518
397.359226231783,-0.0839364101416258,0.277278306480789,-0.302715388040792,0.762106769740528,0.996294710336961,FAM162A,412.371597135323,382.346855328244
88.4374281558813,0.0669991695943993,0.536691455173776,0.124837406946801,0.90065227256347,0.996577394764533,FAM168A,87.2987525321689,89.5761037795938
683.118362889054,0.37119950862482,0.193004593602594,1.92326774039968,0.0544464337765782,0.869042076164583,FAM168B,587.083329333572,779.153396444535
1857.91324403415,0.0958550349175919,0.155214965589756,0.617563097433165,0.536863376448143,0.996294710336961,FAM171A1,1808.05311856195,1907.77336950636
210.602470269968,0.00329833529386945,0.409154182789622,0.00806135054365405,0.993568042525933,0.998987745956335,FAM174A,211.584796162776,209.620144377159
574.948602055941,-0.523604365035062,0.23534805387066,-2.22480856086798,0.0260940924554189,0.722700907616249,FAM174B,675.339955269405,474.557248842478
374.605264616771,-0.231773392814822,0.299291463670702,-0.774406960934349,0.438690168513585,0.994447194724684,FAM177A1,405.41631553579,343.794213697753
8.56738664638427,-0.540246128044473,1.79751125012742,-0.300552293069752,0.763755914846995,0.996294710336961,FAM185A,11.7580043239629,5.37676896880561
261.862140290222,-0.142936667986303,0.302198235010727,-0.472989751185109,0.636220491118714,0.996294710336961,FAM199X,272.398625649444,251.325654931001
50.0474350613093,0.480528477746987,0.763998395041006,0.62896529739594,0.529371775490788,0.996294710336961,FAM200B,48.5304574694671,51.5644126531516
373.119880971722,0.296429101771981,0.257336673331228,1.15191161032239,0.24935739675009,0.98168489642748,FAM204A,332.485818805194,413.753943138249
273.763076830804,0.450746603901836,0.30183445401134,1.49335703035711,0.13534375447814,0.974401534329554,FAM20B,231.077065436149,316.449088225459
95.5223312920987,0.151593340917115,0.540837778398432,0.280293550066019,0.779252298842288,0.996294710336961,FAM210A,93.8162225342266,97.2284400499707
942.331595545682,0.169309370674824,0.169359776792772,0.999702372553254,0.31745456355504,0.986152964913951,FAM210B,888.416401076019,996.246790015346
225.179204291631,0.853985424392549,0.328290262423781,2.60131207696366,0.00928679298413828,0.601847901055327,FAM217B,161.002497509482,289.35591107378
157.906748542745,-0.0216452870959334,0.405732219832936,-0.0533487015274412,0.957454077213663,0.998879356112684,FAM219B,154.385833963812,161.427663121678
834.890930656457,-0.230465584956315,0.206863409225954,-1.11409545950479,0.265238236333483,0.982783504448174,FAM222B,902.108859541646,767.673001771269
202.010673348681,0.40601622325389,0.357598062461104,1.13539827497821,0.256208482130282,0.981773214040098,FAM229B,174.317281989518,229.704064707843
215.480791263802,0.958847324890028,0.342516780977847,2.7994170742602,0.00511949643650218,0.529526581415542,FAM241A,148.403060261885,282.558522265719
1435.68761061271,0.103741119115545,0.155978682297954,0.665098060755355,0.505987774931318,0.994447194724684,FAM32A,1390.68554276019,1480.68967846524
3293.40112897456,0.00119764482501396,0.118125782071713,0.0101387250438425,0.991910606411374,0.998987745956335,FAM43A,3258.68839281676,3328.11386513237
131.508773109547,0.0571399860644463,0.422841324435175,0.135133400551077,0.892506402553835,0.996577394764533,FAM50B,129.587596751443,133.429949467651
360.741048117621,-0.268875469101448,0.273005551714654,-0.984871799905658,0.324687046829205,0.986152964913951,FAM53C,377.559322737272,343.92277349797
95.3048830000196,0.152490542070683,0.539088073061053,0.282867586375655,0.777278342547455,0.996294710336961,FAM76A,89.1661076730618,101.443658326977
42.5499545296888,0.485653345438981,0.752012731596939,0.645804685258015,0.518405853354052,0.994447194724684,FAM76B,35.9301859046844,49.1697231546932
4.75064765505209,0.223727608933163,2.23387936467007,0.100152054972855,0.920223609146523,0.996577394764533,FAM78A,3.01530520394263,6.48599010616155
63.8733238037854,0.452694327121897,0.714545102043141,0.633541991719601,0.526379768146864,0.995949036926657,FAM89A,54.2802418435107,73.4664057640602
155.621619139707,0.205245175532057,0.419428857506945,0.489344430786234,0.624597870313184,0.996294710336961,FAM8A1,144.667110065178,166.576128214236
295.800532346272,0.323198358773331,0.373326542715898,0.86572563638821,0.386640637805018,0.992443630108828,FAM91A1,264.533513336876,327.067551355669
322.011010475795,0.239768226585963,0.334263298646373,0.717303477698341,0.473186861855823,0.994447194724684,FAM98B,302.744532406918,341.277488544672
41.5296697556042,0.226578110252123,1.00839631216638,0.224691530024893,0.822219254205238,0.996294710336961,FANCA,37.4254947942307,45.6338447169776
45.9338068737954,-0.368525807003884,0.759040454657694,-0.485515369757306,0.627310812811904,0.996294710336961,FANCC,51.7860603737545,40.0815533738364
33.8418428743639,-0.379486885732288,0.921236157881762,-0.41193225264286,0.680389080065315,0.996294710336961,FANCF,43.5302192225618,24.1534665261661
96.3255272688043,-0.406944268475768,0.508857775646218,-0.79972103788524,0.423872441137417,0.994447194724684,FANCI,109.485608971611,83.1654455659979
19.2963132374841,0.674176433888671,1.2088260942394,0.557711681689718,0.577041279484749,0.996294710336961,FANCM,14.3195545289038,24.2730719460644
420.686426295018,0.293903819964501,0.267528364601242,1.09858937912087,0.271947212437172,0.982783504448174,FAR1,377.795156994477,463.57769559556
293.660819909061,0.0742803879847626,0.286807127919572,0.258990731937432,0.795642391431847,0.996294710336961,FAR2,284.468119645488,302.853520172634
251.246430597058,0.0990785773791866,0.326391506197669,0.303557462427294,0.761465063179131,0.996294710336961,FARP1,242.824032020593,259.668829173523
538.138202617037,0.0570921305425786,0.21678977501726,0.263352506076604,0.792278893482931,0.996294710336961,FARSB,529.930282221891,546.346123012183
65.3065658921546,0.702948226977087,0.61046484988702,1.15149664572364,0.249527974407688,0.98168489642748,FAS,49.7510740280267,80.8620577562825
1423.82162314945,0.138455779746204,0.13987815018531,0.989831360814954,0.322256553481631,0.986152964913951,FASN,1365.53231086943,1482.11093542948
304.424068695489,0.0838361986977067,0.291543039868504,0.287560281787278,0.773683351710477,0.996294710336961,FASTKD2,293.471342072908,315.376795318069
33.3902571395756,0.829571045331914,0.935922765586527,0.886366990776248,0.375419800703997,0.992443630108828,FAXC,17.4778822575637,49.3026320215875
504.301455891978,0.0401638896025374,0.243171882911045,0.165166667797814,0.868812800145687,0.996577394764533,FBH1,497.249082801516,511.353828982439
5503.13401180382,0.0314667577393045,0.084463563789786,0.372548307547375,0.709484651917215,0.996294710336961,FBLIM1,5418.5296904063,5587.73833320133
11.4895959489223,-1.71318717803078,1.578971438703,-1.08500200576017,0.27792076691102,0.982783504448174,FBLN2,13.3136351839216,9.66555671392299
945.555936214087,-0.182151974771582,0.171370708122102,-1.06291195716947,0.28782187999672,0.982783504448174,FBLN5,999.634852078276,891.477020349898
1086.5406666227,0.013331400327312,0.157835792425715,0.0844637336210442,0.932687736148364,0.997536400808694,FBN1,1088.19379269164,1084.88754055376
280.456693240093,0.0457485121934111,0.33385510209244,0.137031041031519,0.891006259344083,0.996577394764533,FBN2,278.357311634853,282.556074845332
485.347011938137,-0.112711667777705,0.232044026767111,-0.485733976211451,0.627155790960382,0.996294710336961,FBRS,501.285575549592,469.408448326682
128.260668767454,-0.736010221567004,0.426399733524936,-1.72610384974352,0.0843287313825016,0.941807879236941,FBRSL1,160.078508021589,96.4428295133194
171.102527272919,0.091650144973369,0.38947877126514,0.235314866265144,0.813964357439438,0.996294710336961,FBXL13,166.137407981443,176.067646564395
167.756793169465,-0.590563891614272,0.442979258076121,-1.33316375619734,0.182478070457872,0.98168489642748,FBXL17,201.148900533215,134.364685805715
331.666888621707,-0.194045820115373,0.273921131075553,-0.708400331706614,0.478696686515169,0.994447194724684,FBXL18,358.140259298463,305.193517944952
80.7697209110514,-1.62071949290854,0.583966739828585,-2.77536267456649,0.00551401803411569,0.551935418060032,FBXL2,112.284156229289,49.2552855928139
83.2098839986413,0.922871328618566,0.604095113731165,1.52769209291976,0.126589004242223,0.974401534329554,FBXL20,60.3877340817753,106.032033915507
216.355106545645,-0.243510673465905,0.332456229793433,-0.732459348459817,0.463888246153029,0.994447194724684,FBXL3,234.615399242845,198.094813848446
80.7466195922569,-0.309383019262295,0.55850763566177,-0.553945907822209,0.57961586562024,0.996294710336961,FBXL4,88.5705581901897,72.9226809943241
215.173975994512,-0.198469361459197,0.362386529843192,-0.547673120038642,0.583916372192913,0.996294710336961,FBXL5,221.270892810667,209.077059178357
159.095167864751,-0.129277480425212,0.394870212276845,-0.327392334002076,0.743371163858793,0.996294710336961,FBXO11,153.915301246099,164.275034483404
442.093272185788,-0.165189290118306,0.238998377164213,-0.691173271041948,0.489456658978053,0.994447194724684,FBXO21,463.510163354291,420.676381017284
324.213084585579,-0.317607455241403,0.27564756085063,-1.15222298452882,0.249229455068851,0.98168489642748,FBXO22,360.836416483145,287.589752688013
117.422885492839,-0.56345302691948,0.451401079673361,-1.2482314559974,0.211946307512333,0.98168489642748,FBXO25,141.032950233136,93.8128207525427
225.369031932243,0.0301456241966223,0.344548693220565,0.0874930736635371,0.930279590735791,0.997480238800445,FBXO28,223.639430808095,227.098633056391
92.2973226561162,-0.894324857413339,0.5641988547312,-1.58512348955302,0.112938279605847,0.974401534329554,FBXO3,116.293649460867,68.300995851365
117.619305230201,0.301118532963114,0.482265613258086,0.624383171192365,0.53237597439586,0.996294710336961,FBXO30,107.283840862996,127.954769597405
291.409702959542,-0.310129875365503,0.29006646313021,-1.06916832790245,0.284993827420973,0.982783504448174,FBXO31,313.606509941954,269.212895977131
132.081560509345,0.143226558219637,0.437706122324785,0.327220824463041,0.743500871464985,0.996294710336961,FBXO32,119.04973814299,145.1133828757
82.9423698024127,0.826711114382486,0.585337259188029,1.41236714630004,0.157841884841549,0.974401534329554,FBXO33,65.1221663857193,100.762573219106
144.265520023548,-0.403485257797695,0.403817674131943,-0.999176815787067,0.317709044790894,0.986152964913951,FBXO38,163.73274947064,124.798290576455
68.5754221475222,-0.961504992475882,0.57942371828142,-1.6594160061789,0.0970319931265319,0.949811592024065,FBXO44,92.6444447370037,44.5063995580407
279.057851911822,-0.0707937077249239,0.293960642682471,-0.240827163387969,0.80968907577779,0.996294710336961,FBXO45,285.684286260326,272.431417563318
559.879590312241,-0.468702960306506,0.225463672760734,-2.07884026090492,0.0376320350158496,0.802558107588876,FBXO7,646.612758903506,473.146421720975
69.687498614659,0.0828179335251542,0.590951519298205,0.140143363407384,0.888546719597983,0.996577394764533,FBXO8,68.1178321915214,71.2571650377965
290.417267065627,-0.339704502596944,0.357579634001161,-0.950010767659774,0.342106781401982,0.987678078249577,FBXO9,317.476425286468,263.358108844785
413.79663294329,-0.197087855063686,0.289216929991882,-0.681453381962174,0.495584654985045,0.994447194724684,FBXW11,453.135993471133,374.457272415446
451.922917798994,-0.00167911838222705,0.238931984242897,-0.00702759987344378,0.994392832715195,0.998987745956335,FBXW2,447.736011132295,456.109824465693
341.072792385078,-0.252691853522385,0.272935357405259,-0.925830408799632,0.354534121443425,0.990443880456887,FBXW7,372.219400761157,309.926184008999
81.1445782545513,0.324516241313865,0.581492404937674,0.558074772014688,0.576793326822549,0.996294710336961,FBXW8,72.7737792760301,89.5153772330726
319.300796259084,-0.130666377361317,0.304384666397835,-0.429280419765081,0.667719164371703,0.996294710336961,FCF1,334.437020545817,304.164571972351
185.907036305433,0.0824159071405789,0.397534820819217,0.207317454533268,0.835761943515005,0.996294710336961,FCHSD1,179.947933567642,191.866139043223
153.198213116178,0.269441782334301,0.425215856757977,0.63365883010252,0.526303498462027,0.995949036926657,FCHSD2,139.135702151218,167.260724081138
42.2538410212667,1.959580821398,1.12747856576713,1.73802046521807,0.082207207788029,0.941807879236941,FCRLB,39.9071893741879,44.6004926683455
509.662544057443,0.304403394358706,0.269650994481805,1.12887918304802,0.258948803459908,0.982783504448174,FDFT1,459.321166861175,560.00392125371
270.476429867916,0.11026552650503,0.342035985201518,0.322379899413403,0.747164910003069,0.996294710336961,FDX1,260.525636993772,280.42722274206
157.782466136123,0.3810263247049,0.3923992945506,0.97101684431231,0.331539890654049,0.986152964913951,FECH,138.290432491613,177.274499780633
162.293760993943,0.338259448143268,0.441781838313924,0.765670787722391,0.443872212990921,0.994447194724684,FEM1A,148.217567287538,176.369954700347
322.675311692636,0.0141102730991656,0.277763969878888,0.0507995083211047,0.959485282675872,0.998879356112684,FEM1B,324.522858607503,320.82776477777
166.51762242365,0.724751396859646,0.405384995368569,1.78781011912075,0.0738066477351763,0.925302691758612,FEM1C,126.036749056111,206.998495791189
75.3226140906646,0.217504929011181,0.605223533025866,0.35937949723096,0.719311210497308,0.996294710336961,FER,69.3507932751785,81.2944349061507
919.820474048165,-0.0689855455197286,0.172151796883652,-0.400725097085988,0.688622531057008,0.996294710336961,FERMT2,944.263587625025,895.377360471304
458.346030986581,0.455244733154997,0.255682096554348,1.7805107955935,0.0749924041570968,0.926371049184813,FERMT3,389.565571088851,527.126490884311
875.317382124709,0.0728616246220158,0.17644553249405,0.412941169958342,0.679649716579505,0.996294710336961,FEZ2,848.427697064773,902.207067184645
45.2554524849575,-0.110738072754661,0.74335254357095,-0.14897113585257,0.881576409037547,0.996577394764533,FGD1,48.4968184112777,42.0140865586374
616.933942899689,0.296949001296204,0.222069837072538,1.33718745963328,0.181161454265468,0.98168489642748,FGD4,559.221127768191,674.646758031188
574.882075687404,-0.413751937934099,0.214686409644291,-1.92723861104964,0.0539499001605548,0.869042076164583,FGD5,653.3347480703,496.429403304508
201.904680588093,0.0206422030879561,0.432594256220019,0.0477172380149621,0.961941595802315,0.998879356112684,FGD6,203.58482564128,200.224535534907
22.5015005817608,-0.887382240847572,1.17977782262776,-0.752160469393359,0.451954562982998,0.994447194724684,FGF1,18.5228942851804,26.4801068783412
110.340040352111,-0.227072355950822,0.523322759113856,-0.433904988835808,0.664357436854889,0.996294710336961,FGF2,119.345515771708,101.334564932513
560.859294456739,-0.0546928595508315,0.233123988091004,-0.23460845878066,0.814512643621551,0.996294710336961,FGFR1,572.557267150598,549.16132176288
56.0407412685441,0.163617921731208,0.669116814791738,0.2445281871778,0.806821774217685,0.996294710336961,FGFR1OP2,61.9208957390357,50.1605867980525
472.824488407193,-0.209080542826183,0.244464330071122,-0.855259917736691,0.39240727198081,0.992443630108828,FGFRL1,504.939094796633,440.709882017754
655.188139951185,0.0998531124069777,0.202571766450052,0.492927095206025,0.622064101490265,0.996294710336961,FH,629.412712135072,680.963567767298
170.214667294169,-0.401925893306225,0.399267818625684,-1.00665737271211,0.314099453477175,0.986152964913951,FHIP2A,192.496184966469,147.93314962187
261.5454094117,0.00518379619709404,0.348241214778687,0.0148856481573797,0.98812340976677,0.998987745956335,FHIP2B,251.525403485719,271.56541533768
191.058627424771,0.396456592097716,0.396839788122785,0.99903438103603,0.31777803652186,0.986152964913951,FHL1,166.05187762258,216.065377226961
2771.15390906041,0.102904850744569,0.107660201462495,0.955830003535874,0.339158127247778,0.986983139323132,FHL2,2671.22743574102,2871.0803823798
1809.53250945733,-0.165937776033195,0.128797673311488,-1.28836004383314,0.19762066071534,0.98168489642748,FIBP,1914.44426077912,1704.62075813553
230.341796869363,0.0030109714832493,0.346786050333412,0.008682504617341,0.993072450656741,0.998987745956335,FICD,230.755514706435,229.92807903229
61.3577360478413,-0.726839523429105,0.630653339627288,-1.1525183135614,0.249108148654864,0.98168489642748,FIG4,75.030807828929,47.6846642667536
16.7593110845999,1.11791421093847,1.23175667482122,0.907577148790951,0.364101671942818,0.992443630108828,FIGN,8.60442639319125,24.9141957760085
62.5045601290525,0.526153410308606,0.723600412122492,0.727132546491057,0.467144762714064,0.994447194724684,FIGNL1,49.7201105356201,75.2890097224849
254.324433790444,0.0158247830279169,0.3056862536085,0.0517680557797804,0.958713509202175,0.998879356112684,FIP1L1,256.562375453751,252.086492127137
123.36377166909,-0.0366063086437158,0.479463497796901,-0.0763484786890328,0.939141857948395,0.998879356112684,FITM2,126.916897688826,119.810645649355
190.667479306196,-0.321986596637686,0.359937466584621,-0.894562601923485,0.371020950998857,0.992443630108828,FJX1,214.472179302959,166.862779309432
705.29280503635,-0.10494054325853,0.201602858280075,-0.520531028943758,0.60269350698615,0.996294710336961,FKBP14,734.481966270616,676.103643802083
140.34152549894,0.0443613079982147,0.41396503906968,0.107161967343691,0.914660487297668,0.996577394764533,FKBP15,136.099623377784,144.583427620097
18058.3484328495,-0.153272714706855,0.0896446607765725,-1.70978074298109,0.0873064252772973,0.942895213226454,FKBP1A,19026.4790270717,17090.2178386273
1060.18158468587,0.20391739537649,0.164502861977022,1.23959785821217,0.215124173254469,0.98168489642748,FKBP3,975.674588027125,1144.68858134461
420.929615535669,-0.874041374581273,0.287056978284655,-3.04483583643991,0.00232807347060157,0.407851177625858,FKBP4,545.79262199308,296.066609078257
282.157812913219,-0.515119392965455,0.308035847967446,-1.67227092679126,0.0944709098941764,0.949104594418722,FKBP5,328.907844353427,235.407781473011
125.701436645038,0.0811951938400421,0.514223147176583,0.157898753266663,0.874536580489794,0.996577394764533,FKBP7,120.939627731895,130.46324555818
786.762747968779,0.0960483417432716,0.199240928317125,0.482071342241462,0.62975526694411,0.996294710336961,FKBP9,763.587349092096,809.938146845462
132.583870313258,-0.611097415190893,0.479666786517504,-1.27400402189113,0.202661990817495,0.98168489642748,FKRP,160.350226557972,104.817514068544
111.898111438894,0.297678106076324,0.549253920351173,0.5419681044534,0.587840478603277,0.996294710336961,FKTN,99.2904532612618,124.505769616526
266.448817784115,-0.306275663401001,0.313234392490832,-0.977784275109463,0.328181029943576,0.986152964913951,FLI1,288.554022239052,244.343613329177
5641.13761481932,-0.0610769571435653,0.0836957180664766,-0.729750082256944,0.465542961961189,0.994447194724684,FLNB,5756.76726695011,5525.50796268853
827.028288723249,-0.212112864774191,0.185939518470414,-1.14076268734633,0.253968691820044,0.98168489642748,FLRT2,884.115223056914,769.941354389584
1867.1188627865,0.171101356481846,0.144260359259666,1.18605940925093,0.235598838854701,0.98168489642748,FLT1,1747.85397049211,1986.38375508089
205.640924524253,-0.502975493819725,0.342155624994208,-1.47001965502756,0.141556430768809,0.974401534329554,FLYWCH1,233.016016521169,178.265832527336
180.480982400418,-0.302832104151474,0.3844321475291,-0.787738762478368,0.430849527235622,0.994447194724684,FMNL3,195.374897952026,165.587066848811
140.840968463216,0.096330943179576,0.46480372302647,0.207250799439251,0.835813996220142,0.996294710336961,FMR1,135.268693730649,146.413243195782
99.0177705810221,0.661081516081099,0.530287005598758,1.24664853013824,0.212526398902509,0.98168489642748,FN3KRP,82.32350156428,115.712039597764
150.866165836115,0.539307720038982,0.407672529403927,1.32289443398976,0.185870486582602,0.98168489642748,FNBP1,120.495164718654,181.237166953575
529.020908733136,-0.184296139609179,0.226741267197311,-0.812803694215947,0.416330617163764,0.992443630108828,FNBP1L,555.224329036427,502.817488429846
199.138227665184,0.367584066290191,0.393504081344669,0.934130251036013,0.350236709106661,0.990443880456887,FNDC3A,177.904660542222,220.371794788147
3498.4294962581,-0.034037782879237,0.0989774575771401,-0.343894293836644,0.730925783309807,0.996294710336961,FNDC3B,3532.42310619342,3464.43588632278
360.768297154778,0.192175249397635,0.262399775457417,0.732375814966434,0.463939216221107,0.994447194724684,FNDC4,337.408719503434,384.127874806122
141.996239468019,-0.124219671015284,0.453755318457119,-0.273759151601048,0.784269717048718,0.996294710336961,FNIP2,148.156628858685,135.835850077354
555.828094264701,-0.466514877108174,0.229454340777766,-2.03314905931551,0.0420374657923002,0.82869888739163,FOSL1,642.478863739864,469.177324789537
714.584691738189,0.0234729060692265,0.189878769687436,0.123620487471379,0.90161577025823,0.996577394764533,FOSL2,711.631607029548,717.537776446829
357.054236163609,-0.665213336554751,0.288137628065472,-2.3086652757605,0.0209621626526656,0.714845395677829,FOXC1,440.029342157025,274.079130170192
2064.34564275845,-0.0541371010347053,0.140457300581011,-0.385434582686435,0.699915464746604,0.996294710336961,FOXC2,2106.9444160931,2021.7468694238
201.660765828338,0.812384310061814,0.360981264316021,2.25048884905731,0.0244179305734087,0.721834516239828,FOXJ3,146.991741962114,256.329789694562
561.201567961282,-0.325952879514742,0.218384185446017,-1.49256631769847,0.135550745627921,0.974401534329554,FOXK1,617.517726745096,504.885409177469
552.198197662425,-0.608189943938835,0.225717525238584,-2.69447373789863,0.00704998821463595,0.57568719552672,FOXK2,662.216855713845,442.179539611004
1120.13979132164,0.104567195601925,0.17418015217392,0.600339328544818,0.548280113284991,0.996294710336961,FOXN3,1083.15466462585,1157.12491801743
972.835896537967,-0.35319640176911,0.167531050891362,-2.10824441134882,0.0350098535603291,0.778749645861656,FOXO1,1080.34215270391,865.32964037202
299.623667812576,0.361378150677217,0.345664470897171,1.04545934310015,0.295810721917846,0.986152964913951,FOXO3,265.526188594262,333.721147030891
1321.09500632945,-0.045433667973924,0.158612996784263,-0.28644353801423,0.774538432483449,0.996294710336961,FOXP1,1346.60859069329,1295.58142196561
70.5891528304097,0.750168577555946,0.616949221398888,1.21593244879213,0.224010655871012,0.98168489642748,FOXP4,53.2176026552346,87.9607030055848
214.870075087524,-0.0764728557933584,0.374151971904188,-0.204389824284934,0.838048881393409,0.996294710336961,FOXRED2,223.112176621743,206.627973553305
28.9889277928828,0.178770953767278,0.926495995192529,0.192953833254432,0.846995124285613,0.996294710336961,FPGT,27.22604500428,30.7518105814856
156.677201475952,0.257815081798776,0.406439025613072,0.634326591571488,0.525867705930521,0.995949036926657,FRA10AC1,144.433401785975,168.921001165929
39.7439471916201,1.16628580644072,1.02149331712543,1.14174589974094,0.253559655831859,0.98168489642748,FRAT1,19.3018657609834,60.1860286222568
87.7409918376664,0.207993628016513,0.51698366104712,0.402321472975053,0.687447453589941,0.996294710336961,FRAT2,81.2150227827634,94.2669608925693
657.740953221348,-0.0826363225458073,0.209898885435402,-0.393695861578261,0.693805597112463,0.996294710336961,FRMD4A,684.453674837246,631.028231605449
299.695304101727,0.179285317727059,0.331394998314608,0.541001881859592,0.588506285615423,0.996294710336961,FRMD4B,272.659527555742,326.731080647712
145.648530251722,0.455670385485747,0.454673633418666,1.00219223635113,0.316250756712741,0.986152964913951,FRMD5,128.139965453045,163.157095050399
771.490713570173,-0.35420374830243,0.230224810253773,-1.53851249963893,0.123923354664427,0.974401534329554,FRMD6,868.33810016123,674.643326979116
1847.16784489818,-0.138075232107929,0.170424608055785,-0.810183656474847,0.417834629277424,0.992443630108828,FRMD8,1912.22647702562,1782.10921277075
93.9340846423258,0.5051554570377,0.52368491207907,0.964617168427086,0.334736596979749,0.986152964913951,FRS2,83.0396059945158,104.828563290136
227.561921669959,0.387402175787748,0.350713502888419,1.10461152079167,0.269327956851864,0.982783504448174,FRYL,197.472958953336,257.650884386582
616.182395049879,-0.0486061182848897,0.207043537119193,-0.234762789320527,0.814392850455382,0.996294710336961,FST,632.167862381785,600.196927717974
8009.23898837786,0.113354612915075,0.08215251273981,1.37980700936181,0.167646073899314,0.98168489642748,FSTL1,7723.81870679858,8294.65926995713
242.980658886913,0.00524354328023644,0.318583370137476,0.0164589359387269,0.986868262020391,0.998987745956335,FSTL3,244.90706105695,241.054256716876
33983.8031968104,-0.108194512262812,0.0617404951241006,-1.75240758995108,0.0797037472729843,0.938598587431006,FTH1,35410.8502097804,32556.7561838404
165.048869552701,0.279055612514668,0.385467014764567,0.723941613227548,0.469101581042435,0.994447194724684,FTSJ1,149.251538324947,180.846200780456
307.206413293196,-0.308789389829039,0.294921535415154,-1.04702218301679,0.295089347219803,0.986152964913951,FUBP1,329.126740151765,285.286086434626
170.124354205111,-0.356709884960848,0.383727514574317,-0.929591627946095,0.352582563801708,0.990443880456887,FUNDC1,192.064806926014,148.183901484207
290.455577691054,-0.170117288122534,0.296992492691873,-0.57279996063412,0.566780145747208,0.996294710336961,FUNDC2,306.688627017193,274.222528364915
926.013004883225,0.109183209534919,0.170727405657284,0.63951776877634,0.52248615810433,0.995460348195308,FURIN,893.962800456677,958.063209309772
24.3596513425936,-2.3967235473291,1.49063593072499,-1.60785306319795,0.1078673636786,0.961015869502668,FUT11,39.2007285297749,9.51857415541239
39.0780199020248,0.6145380072111,0.797172516528094,0.770897132640225,0.440767906852393,0.994447194724684,FUT4,31.7164987360282,46.4395410680214
112.729223047685,0.170422305510155,0.460873232499091,0.369781305340816,0.711545445645904,0.996294710336961,FUT8,102.328448777337,123.129997318033
186.018886026696,0.071900479023155,0.392321041146204,0.183269494832831,0.854586568589965,0.996294710336961,FXN,185.32774754779,186.710024505603
517.696175425301,-0.177970744944452,0.222969025298046,-0.798185957473492,0.424762585193387,0.994447194724684,FXR1,542.274922641864,493.117428208738
451.557343069918,-0.0503869745958379,0.235638147900716,-0.213831992165666,0.830678075771312,0.996294710336961,FXR2,441.675569778009,461.439116361826
340.890415430957,-0.109242738951142,0.299451103094776,-0.364809939993999,0.715253284691196,0.996294710336961,FYN,350.44505528659,331.335775575324
490.019407100709,0.0518404692946889,0.228997967067118,0.226379604843806,0.82090618919379,0.996294710336961,FYTTD1,482.099354197929,497.939460003488
12.0285748196135,-0.32516610470259,2.03062182741188,-0.160131295898178,0.872777648703191,0.996577394764533,FZD1,8.75312527713234,15.3040243620946
48.5982172790102,0.597007929935414,1.04798780248122,0.569670685595704,0.56890107609538,0.996294710336961,FZD2,39.8571376967676,57.3392968612528
72.767512478751,0.0260792007114046,0.564905575411329,0.0461655927053213,0.963178266264454,0.998879356112684,FZD3,67.7893285665312,77.7456963909708
1300.07261186245,-0.258522287591083,0.14590871054197,-1.77180845907564,0.0764263579088986,0.926371049184813,FZD4,1399.70325718708,1200.44196653782
372.346113260392,0.346536402528702,0.293560860544067,1.18045846400114,0.237817921067794,0.98168489642748,FZD6,332.030272678145,412.661953842639
333.113161335936,-0.678232444919097,0.275889328209766,-2.45834969159597,0.0139577190603818,0.632274485319195,FZD8,402.430228070496,263.796094601377
387.823145932317,0.0715989340006958,0.282266173932187,0.253657507037655,0.79976016497458,0.996294710336961,FZR1,369.899265677804,405.747026186831
82.7564349965319,-0.187257267846174,0.558223419399653,-0.335452188744717,0.737284005198345,0.996294710336961,G2E3,87.4776458366456,78.0352241564183
2423.17096568811,0.16925996542731,0.119943221506193,1.41116741156206,0.15819525674092,0.974401534329554,G3BP1,2268.17070706598,2578.17122431025
672.177036649502,0.0537727025989244,0.226043655576773,0.237886360763889,0.811969234426603,0.996294710336961,G3BP2,653.843215551149,690.510857747856
27.5187133456335,2.54270993021718,2.83082257482117,0.898222994557617,0.369066676680167,0.992443630108828,GAB1,16.1178588008238,38.9195678904432
238.604594503056,-0.11627618333826,0.327410736978058,-0.355138577346206,0.722485777301507,0.996294710336961,GAB2,244.878327660769,232.330861345343
5955.71860951171,-0.0550620259464784,0.0994112118367506,-0.553881447868267,0.579659982506954,0.996294710336961,GABARAP,6046.92869960151,5864.50851942192
980.620265319389,0.128159529382682,0.201999772818049,0.634453829302679,0.525784689345017,0.995949036926657,GABARAPL1,931.052158652231,1030.18837198655
922.873276072638,0.138610009180638,0.17892590067542,0.774678281106336,0.4385297878591,0.994447194724684,GABARAPL2,881.691320496978,964.055231648297
504.680099409886,0.105807900731852,0.237806702988197,0.444932373235516,0.656368626632818,0.996294710336961,GABBR2,480.798206812011,528.561992007761
85.4759483639541,-0.113406982718247,0.535054841269036,-0.211953941859997,0.832142966961222,0.996294710336961,GABPA,88.7717632079,82.1801335200082
124.198546951125,0.0863723714375111,0.533753710789085,0.161820648159656,0.871447092466376,0.996577394764533,GABPB1,118.116721527715,130.280372374536
20.2267531833154,0.784025596998441,1.08720321062023,0.721139883822793,0.470823454289758,0.994447194724684,GABPB2,17.0570878636863,23.3964185029444
1047.91815788085,-0.00799891217823698,0.159516689140465,-0.0501446727695898,0.960007100771475,0.998879356112684,GADD45A,1055.25838978037,1040.57792598133
1680.19018552209,0.0933977344826243,0.137263199211936,0.680428075542789,0.496233449000323,0.994447194724684,GADD45B,1646.70243590573,1713.67793513845
1056.27612094817,-0.0458517341992638,0.163050019180631,-0.281212688165758,0.778547273435049,0.996294710336961,GADD45GIP1,1068.18527197565,1044.3669699207
308.988246290644,-0.369858520021337,0.295486781876153,-1.25169226749491,0.210682018778207,0.98168489642748,GALC,343.01102116031,274.965471420979
118.808076714444,0.19824000848769,0.488356978215813,0.405932580736227,0.68479213816924,0.996294710336961,GALK2,110.835598369556,126.780555059332
33.2752414379906,1.33785410510327,1.08471559968129,1.23336854885866,0.217438293552905,0.98168489642748,GALM,35.3209214911665,31.2295613848147
4200.27363227121,-0.0770642573659436,0.0908620561478762,-0.848145646632992,0.396356863003288,0.992443630108828,GALNT1,4325.44231924578,4075.10494529664
983.38757778024,0.116245352999042,0.193551407320192,0.600591618570548,0.548112021768066,0.996294710336961,GALNT10,941.804858464308,1024.97029709617
264.835724118878,-0.101643225006446,0.359916753162608,-0.282407595960181,0.777630991216189,0.996294710336961,GALNT11,274.612351060873,255.059097176882
7.04814138623944,-0.0945092688889366,2.39699104788452,-0.0394282944745857,0.968548921715079,0.998879356112684,GALNT12,7.87259967086308,6.22368310161579
2809.18016958125,-0.120439825294644,0.10777436014576,-1.11751835159823,0.263772757442916,0.982783504448174,GALNT2,2915.34688316529,2703.01345599721
218.366525212863,0.295066586064939,0.40035418154996,0.737013873372314,0.461113912673007,0.994447194724684,GALNT4,197.953999823583,238.779050602142
466.992853843817,0.103708741080302,0.249443388842738,0.415760632348071,0.67758516868906,0.996294710336961,GALNT6,453.959811108182,480.025896579452
443.373875044729,-0.0177760590708846,0.247306656138718,-0.0718786115522657,0.942698511522551,0.998879356112684,GALNT7,448.291842850708,438.455907238751
239.759714901705,0.576797594775577,0.37421680790559,1.54134603948921,0.123232589395788,0.974401534329554,GAN,192.147130506765,287.372299296645
228.786089043388,0.253814467281223,0.342289061390957,0.741520825263299,0.458377709582409,0.994447194724684,GAPVD1,206.271310615958,251.300867470818
500.709428588291,0.313578028340518,0.225683393334939,1.38945991420438,0.164692942240294,0.977539653561902,GAR1,446.67502707897,554.743830097613
21.7837733644548,-0.349354769235255,1.26590344143814,-0.27597268306528,0.782569047526454,0.996294710336961,GAREM1,19.3545930041865,24.212953724723
113.130887940716,0.520295112096788,0.537473438429599,0.968038743676333,0.333025020609251,0.986152964913951,GAREM2,88.5250335758788,137.736742305554
2192.02050373786,0.00556475340628884,0.145868405972243,0.0381491342775607,0.969568776310506,0.998879356112684,GARS1,2190.41617782333,2193.62482965239
37.8729909294836,-0.265263464802783,0.880843043832965,-0.301147255075656,0.763302208176705,0.996294710336961,GAS2L3,48.2125223662904,27.5334594926768
41.4610402273862,-0.274271762443307,0.769402529279706,-0.356473694855245,0.721485848410006,0.996294710336961,GAS8,35.8967695812738,47.0253108734985
1248.37874762798,0.127737910663976,0.155169529448072,0.823215170648077,0.410385643274813,0.992443630108828,GASK1B,1190.4744755108,1306.28301974516
466.057384048853,0.1610530879395,0.24766076852648,0.650297133848556,0.515500308107539,0.994447194724684,GATA2,436.931562384246,495.18320571346
808.677006378834,-0.421553934459949,0.179048807897342,-2.35440793720138,0.0185522386302134,0.7054319742968,GATA3,929.977276805304,687.376735952365
222.279928969146,-0.0492236292968624,0.407282218743596,-0.120858773183641,0.90380289696501,0.996577394764533,GATA6,229.077919620654,215.481938317639
361.515575199832,0.290329407626689,0.271072006061055,1.07104164626021,0.284150704309542,0.982783504448174,GATAD1,331.219585388173,391.811565011491
689.682706121429,-0.297005683814466,0.193336512318443,-1.53621103563341,0.12448663028738,0.974401534329554,GATAD2A,759.895931703051,619.469480539806
84.8189055976293,-0.952888894657804,0.549875737234012,-1.73291678489222,0.0831104604774779,0.941807879236941,GATB,111.708386883914,57.9294243113447
189.401370648643,-0.441519842844832,0.388854648279034,-1.13543671086068,0.256192385440163,0.981773214040098,GATC,218.205596298584,160.597144998702
137.434411860786,0.38655518829219,0.426613002114397,0.906102688798349,0.36488150230148,0.992443630108828,GATD1,119.387831982562,155.480991739009
1643.84289679018,0.104590099031947,0.139674211309842,0.748814674170118,0.453968913956828,0.994447194724684,GBE1,1568.48993695564,1719.19585662472
180.153767455386,-0.344851880212028,0.364310852921097,-0.946586898103517,0.34384932279895,0.988142440035739,GBGT1,203.319081692943,156.988453217829
304.058315956665,0.657490627051761,0.328916592072123,1.99895852899871,0.0456128411331522,0.846580529316298,GBP1,233.614841278157,374.501790635173
92.8952737604129,-0.641926193820492,0.539352307400003,-1.19017974895659,0.233975750892745,0.98168489642748,GBP2,106.13980302996,79.6507444908658
83.2057705126427,-0.521003640471021,0.564449309240857,-0.923029990366597,0.35599157656773,0.990443880456887,GBP3,95.6723155754777,70.7392254498077
47.235292938793,-0.950022207515995,0.743604995719648,-1.27758986691124,0.201394075311471,0.98168489642748,GBP4,62.1074592647644,32.3631266128215
45.3715549384273,1.41816294862788,1.0139894957447,1.39859727795932,0.161933783083368,0.974401534329554,GBX2,27.5255035048491,63.2176063720055
29.9600494681711,-1.23225799017937,0.988653296116479,-1.2464005278896,0.212617387551399,0.98168489642748,GCA,42.2416358458297,17.6784630905125
84.3060665961558,-0.368245731884983,0.55147955067782,-0.667741408420991,0.504298672937319,0.994447194724684,GCC2,98.858148659472,69.7539845328396
78.2417642570534,-0.0641940253289041,0.731031435612061,-0.0878129478456111,0.930025346629109,0.997480238800445,GCDH,76.8393958932594,79.6441326208473
26.8003005383038,1.11502207114953,1.20276501732399,0.927048970571434,0.353901109078367,0.990443880456887,GCFC2,16.0762345424529,37.5243665341547
122.525674114458,0.294180151848961,0.453355003082786,0.648895787734896,0.516405737576549,0.994447194724684,GCLC,109.215887547946,135.835460680969
1016.13109971135,-0.186238780385682,0.173824701073811,-1.07141723377163,0.283981867286531,0.982783504448174,GCLM,1087.3414611425,944.920738280199
643.365868809926,-0.318462855667081,0.218057979541083,-1.4604503643357,0.144166339603209,0.974401534329554,GCN1,716.597934361847,570.133803258005
48.6829761625435,-0.068214759094683,0.804000226126242,-0.0848442038671417,0.93238525060931,0.997480238800445,GCNT1,50.562768249412,46.803184075675
52.9384437221917,0.669488667219178,0.67821731430396,0.98713001437638,0.323578905436611,0.986152964913951,GDAP2,41.0218671038735,64.85502034051
1301.38980730013,-0.117023013387453,0.159697290258219,-0.732780206841552,0.463692495313538,0.994447194724684,GDE1,1353.77501737006,1249.00459723021
185.028605461119,0.188446741915809,0.384614957201206,0.489962073464621,0.624160736838927,0.996294710336961,GDF11,171.764395437824,198.292815484413
1736.95329405995,0.10414332744588,0.149178773957289,0.698110895291957,0.485107844881006,0.994447194724684,GDF6,1673.94939584529,1799.9571922746
356.471054401646,0.191155909938208,0.292257458046007,0.654066832772206,0.513068748720525,0.994447194724684,GDF7,335.094135164711,377.847973638581
2214.43732460008,0.092081343044252,0.13317622244477,0.691424800567827,0.489298623137018,0.994447194724684,GDI2,2130.27476803538,2298.59988116477
60.1455530548998,0.158414401839117,0.631844164381428,0.250717519871698,0.802032514331214,0.996294710336961,GDPD1,58.938015051854,61.3530910579456
154.040107666496,-0.492221648129594,0.403222785935126,-1.22071883162076,0.222192495140579,0.98168489642748,GEMIN4,180.503023213021,127.577192119971
137.107102007658,0.0847439354549455,0.453074043788961,0.18704213277426,0.851627598654659,0.996294710336961,GEMIN5,135.589002920097,138.625201095219
143.242170256255,0.879360751208398,0.423966388241108,2.07412845828785,0.0380673822265021,0.808721447526193,GEMIN6,100.454411971152,186.029928541359
144.660351401009,0.00948164261222421,0.448184876067696,0.021155650532911,0.983121492103964,0.998987745956335,GEMIN8,139.25175378362,150.068949018399
14.054784172977,-1.58401244231119,1.57032477771763,-1.00871645457538,0.31311063808104,0.986152964913951,GEN1,23.0995067083056,5.01006163764844
230.981550602927,-0.0823257813840756,0.358076211015,-0.229911339685805,0.818160664551239,0.996294710336961,GET1,239.888813799797,222.074287406057
402.012679948343,-0.261076912751963,0.263475645145679,-0.990895809772511,0.321736458649512,0.986152964913951,GET4,424.223604611487,379.801755285199
163.984349077196,0.156321530412532,0.454094800246022,0.344248668621263,0.730659284142952,0.996294710336961,GFER,154.03119701438,173.937501140011
437.042086477606,0.0456609549144672,0.237097767451497,0.192582812589359,0.847285706512942,0.996294710336961,GFM1,418.821410422103,455.262762533109
159.511414801228,0.169475672616175,0.43617345785013,0.388551090319685,0.697608253362907,0.996294710336961,GFM2,151.00884667101,168.013982931445
334.871525649082,-0.0078345634707231,0.268076024349303,-0.029225155400375,0.976685018691525,0.998987745956335,GFOD1,336.69857778717,333.044473510993
740.44516651234,0.160670227053945,0.188979262625854,0.850200306750293,0.395213731227749,0.992443630108828,GFPT1,703.206583030361,777.68374999432
220.598093457236,-0.0941909827193509,0.357749671253005,-0.26328740537888,0.792329066391674,0.996294710336961,GGA2,232.58287597685,208.613310937622
163.809339332491,0.342230530248536,0.469032949255443,0.729651362003038,0.46560331837431,0.994447194724684,GGA3,144.761557061593,182.857121603389
76.0610003945116,1.07195231494304,0.588200724394965,1.82242603669974,0.0683903669394159,0.904997639926701,GGACT,52.2633416274182,99.8586591616049
177.367878035455,-0.592087424018507,0.383896416610857,-1.54231036915014,0.122998190393095,0.974401534329554,GGCX,213.752537990919,140.983218079991
270.69441552506,-0.0375015124462235,0.360652618007803,-0.103982365782832,0.917183342768182,0.996577394764533,GGPS1,272.425345182799,268.963485867322
1458.37946717997,0.0468592797889282,0.161247753195143,0.290604233922061,0.771354021569558,0.996294710336961,GHITM,1437.42670421301,1479.33223014694
81.6585159538765,-0.391538972191001,0.577469561870913,-0.67802529872306,0.497755652792779,0.994447194724684,GID4,93.102872414506,70.214159493247
1013.19971566102,-0.0854102269683404,0.212249193951132,-0.402405424389999,0.687385678592361,0.996294710336961,GID8,1038.86868032719,987.530750994852
203.86197032944,-0.0129774724856487,0.378638087440174,-0.0342740810185907,0.972658593073671,0.998879356112684,GIGYF2,204.377961264636,203.345979394244
138.870225903345,0.160963913130595,0.413521905558509,0.389251236674378,0.697090304786567,0.996294710336961,GIMAP1,125.866599774958,151.873852031733
332.596502165322,0.082426507775349,0.289524251465873,0.284696385045537,0.77587676040785,0.996294710336961,GIMAP4,329.06951284429,336.123491486354
296.684881792485,-0.923790798552618,0.33600046039059,-2.74937360942524,0.00597092853067537,0.560424063446575,GIMAP6,387.759337239768,205.610426345202
51.4793194613165,0.0197057691653436,0.794735185149139,0.0247953903810684,0.980218167872565,0.998987745956335,GIMAP7,51.5771166387885,51.3815222838445
163.267037139691,-0.81848629823841,0.379879432432115,-2.15459492765425,0.0311935463182603,0.742691457963059,GINM1,208.449398231135,118.084676048247
93.7972913681392,0.0237844606911716,0.557966740476337,0.0426270223039939,0.965998854379785,0.998879356112684,GINS2,91.563942153871,96.0306405824074
29.6632854039438,-0.0303500088330107,3.29834888931554,-0.00920157625875317,0.992658307970531,0.998987745956335,GINS4,32.4021876362945,26.924383171593
27.4967245960647,0.635293061480299,0.994960399385185,0.638510901411619,0.523141160002036,0.995460348195308,GIPC2,18.8351530291332,36.1582961629962
340.959368570145,-0.0589064941086131,0.28765702889625,-0.204780304985556,0.837743775269671,0.996294710336961,GIT2,351.407731859382,330.511005280908
6411.54349179431,0.0771128981568324,0.087445400518176,0.881840527916663,0.377863051732241,0.992443630108828,GJA1,6248.943067539,6574.14391604962
1009.0126242715,-0.216016668404915,0.16881588305124,-1.27959919706932,0.200686132400405,0.98168489642748,GJA5,1087.67121980717,930.354028735835
188.204055996884,-0.486038595308973,0.370406181379901,-1.31217733326776,0.189460307906657,0.98168489642748,GJC1,219.56846630999,156.839645683779
114.279008609395,0.408520844025718,0.485124633542461,0.842094620185808,0.399734992354065,0.992443630108828,GK5,99.3380386082597,129.21997861053
832.973805546603,0.045556695483797,0.188884427210546,0.241188202524583,0.809409254066562,0.996294710336961,GLB1,817.46404835418,848.483562739025
27.4548045914111,0.220668306138793,1.04641123183943,0.210881056533474,0.832980086423583,0.996294710336961,GLB1L,18.564283934699,36.3453252481231
29.2360518267543,0.224619981888438,0.895197548269348,0.250916663391993,0.801878540938735,0.996294710336961,GLCCI1,26.4246965699294,32.0474070835792
481.202066248844,-0.165359451342032,0.231582114386148,-0.714042411178204,0.47520095460366,0.994447194724684,GLCE,504.01442848102,458.389704016669
289.703843484783,-0.431738934861457,0.3183188455272,-1.35630969051301,0.175000653513953,0.98168489642748,GLE1,331.592571700274,247.815115269293
2218.82536713301,-0.0254927615951414,0.122093723729526,-0.20879665896353,0.834606979616445,0.996294710336961,GLG1,2244.2470306239,2193.40370364212
62.4420646807222,0.934837033904372,0.620128420490215,1.50748942157074,0.13168525332147,0.974401534329554,GLI2,44.9260482137472,79.9580811476972
85.2576326909769,-0.569762163988566,0.738040379320563,-0.771993213315899,0.440118447095782,0.994447194724684,GLI3,98.356051115675,72.1592142662788
2277.08558861155,-0.0394372302419369,0.125196154711406,-0.31500352652879,0.752758976295187,0.996294710336961,GLIPR1,2327.29645593939,2226.87472128371
808.572044828713,-0.0897453958561132,0.181708598667552,-0.493897352762643,0.621378674241379,0.996294710336961,GLIPR2,828.746450307578,788.397639349849
30.9912245517447,0.95925873065546,0.941970219399688,1.01835356458168,0.308509961310119,0.986152964913951,GLIS3,21.6561559900915,40.3262931133978
967.94285105137,-0.127966849881312,0.16413945118217,-0.779622747363085,0.435612962537073,0.994447194724684,GLO1,1007.12833010884,928.757371993902
501.752022199827,0.160116719798448,0.233420709520162,0.685957643293935,0.492739818775816,0.994447194724684,GLOD4,474.898793742001,528.605250657654
309.485806805946,0.0920052466873295,0.28894156959628,0.318421633882181,0.750165130149327,0.996294710336961,GLRX,288.31473147012,330.656882141772
612.009910677031,0.167606744826779,0.23860781544278,0.702436106360362,0.48240723480037,0.994447194724684,GLRX3,569.316399607788,654.703421746273
1091.21303760564,-0.0307514729079645,0.158925968731505,-0.193495582587368,0.846570865271606,0.996294710336961,GLRX5,1103.56014550017,1078.86592971112
318.535450209689,-0.345292484755198,0.303860250338492,-1.13635292661857,0.255808888355684,0.981773214040098,GLS,359.69574779372,277.375152625659
1554.48199397201,-0.00831302674485619,0.132694695203494,-0.06264776999644,0.950046989141955,0.998879356112684,GLTP,1557.77528952434,1551.18869841968
503.133477248261,0.215748479842598,0.234669546449922,0.919371444256139,0.357901320207531,0.992443630108828,GLUD1,467.256080739134,539.010873757389
267.628663400289,-0.275162522429367,0.300354635177141,-0.916125440405083,0.359601105818469,0.992443630108828,GLUL,292.866591223081,242.390735577498
421.89714058425,0.0618186375455532,0.25252893467805,0.244798235197745,0.806612660460661,0.996294710336961,GLYR1,406.816991445048,436.977289723452
349.760501912184,-0.70748775621469,0.274369891680686,-2.57859108330323,0.00992041426730341,0.609565256860247,GM2A,435.277818780786,264.243185043583
148.859170287706,0.192224608645842,0.435341788527553,0.441548718068162,0.658815800191386,0.996294710336961,GMCL1,140.822325989726,156.896014585685
131.084488700365,-0.101133805832562,0.462378643702183,-0.218725079996778,0.826864210978395,0.996294710336961,GMEB1,132.697647180621,129.471330220109
232.79422490779,0.713584699572495,0.323099972564924,2.20855697977228,0.0272054704317796,0.726566203087928,GMFB,176.773597192142,288.814852623437
96.9262601645751,-0.19649702640066,0.498351273986953,-0.39429421907288,0.693363830824808,0.996294710336961,GMNN,102.887281289191,90.9652390399593
241.211658511787,0.150279998044091,0.314536511702045,0.477782363741759,0.632805114958233,0.996294710336961,GMPPB,228.942285838475,253.481031185099
142.997906669834,-0.394002878280053,0.429759048509521,-0.916799494150324,0.359247717761095,0.992443630108828,GMPS,164.208204600469,121.787608739199
2981.18464666146,0.0307067272398721,0.128736127015207,0.238524553688374,0.811474273739941,0.996294710336961,GNA11,2943.63405471737,3018.73523860554
820.305571357367,0.0328042394331991,0.180549458304835,0.181691153998442,0.855825108511354,0.996294710336961,GNA12,813.552376635321,827.058766079413
307.082170479624,0.321746788937313,0.282403279551124,1.13931675810821,0.254571061205351,0.981773214040098,GNA13,272.412183090625,341.752157868623
266.35225616519,0.358877020957254,0.328156355365422,1.09361593974806,0.274123455365126,0.982783504448174,GNAI1,230.279634107846,302.424878222533
6468.65797714618,-0.129622734616341,0.0816880868993844,-1.58680095882277,0.112557731618332,0.972887579976839,GNAI2,6756.98389308156,6180.33206121081
1836.97214871007,0.0159545888969363,0.137150473002776,0.116329084017183,0.907391736370932,0.996577394764533,GNAI3,1797.32478469441,1876.61951272573
435.321615818136,0.115572263556997,0.247546229869136,0.466871434956185,0.6405918634026,0.996294710336961,GNAQ,416.961102045982,453.682129590289
5016.00862522423,-0.0920176887800733,0.0872129625490826,-1.05509188187807,0.291383304501756,0.98435505564872,GNB1,5187.88978286162,4844.12746758683
887.839988874983,-0.0499423316350407,0.191403800237332,-0.26092654154784,0.794149156446377,0.996294710336961,GNB4,903.404018969874,872.275958780093
144.158744086623,0.133884988819054,0.402859057054805,0.332337045610571,0.73963476966815,0.996294710336961,GNB5,137.757971163742,150.559517009505
151.069862937516,0.0926327442288708,0.467487210926277,0.198150328102728,0.84292744926684,0.996294710336961,GNE,146.381472242528,155.758253632504
3159.37393905084,0.0108788990985707,0.100721006626357,0.10801023006976,0.913987577264993,0.996577394764533,GNG11,3156.07396098461,3162.67391711706
4993.43657393238,-0.0313157872483825,0.0943874391168163,-0.331779181016081,0.74005600582171,0.996294710336961,GNG12,5031.83688558294,4955.03626228182
116.079658719888,0.142273251487704,0.532191446392715,0.267334720338059,0.789211456271928,0.996294710336961,GNL3,112.091316636004,120.068000803773
450.113507273506,0.30793287878787,0.247705178939713,1.2431426751187,0.213815262414651,0.98168489642748,GNL3L,405.339857678598,494.887156868413
653.009282430448,-0.376688794838309,0.208537720707521,-1.80633409418828,0.0708661693431476,0.908668278809038,GNPDA1,738.522652857193,567.495912003704
64.614562588646,0.355015711810002,0.620095018942381,0.572518244728861,0.566970929109631,0.996294710336961,GNPDA2,55.8322722016957,73.3968529755963
611.583227504299,0.0378699940198361,0.216175539748198,0.175181679037079,0.860936879731188,0.996451748528861,GNPNAT1,604.963371892941,618.203083115656
453.667116772546,0.444426489990207,0.2321653350924,1.91426721742644,0.0555860209448175,0.869042076164583,GNPTAB,395.416599490466,511.917634054626
343.069706197173,0.19675891778713,0.272362016370793,0.722416878861929,0.470038212588436,0.994447194724684,GNPTG,319.078053229132,367.061359165214
1799.12264464369,-0.121538503991904,0.132428619266671,-0.917766149529673,0.358741307666704,0.992443630108828,GNS,1874.75847340551,1723.48681588187
91.7021173838612,-0.293069610699175,0.549075366966839,-0.53375115390466,0.593513712562753,0.996294710336961,GOLGA1,104.841394829793,78.5628399379291
734.790064406738,-0.0138226368445948,0.219158552916508,-0.0630714004114674,0.949709648108076,0.998879356112684,GOLGA2,740.702728831931,728.877399981546
1574.86681939736,0.211060727611507,0.137808327523184,1.53155278352827,0.125632831644599,0.974401534329554,GOLGA3,1483.43073468179,1666.30290411293
100.640260953586,0.61946169215138,0.545288903030976,1.13602475441572,0.255946204321108,0.981773214040098,GOLGA5,84.5837417713252,116.696780135846
749.212919966372,-0.0840250265285842,0.198537937426899,-0.423218995913675,0.672135488563919,0.996294710336961,GOLGA7,756.984635085924,741.441204846821
319.018813161159,0.0604029031194703,0.273833784942965,0.220582362151007,0.825417635760966,0.996294710336961,GOLGB1,313.134826302781,324.902800019537
484.12476901841,-0.352696704451604,0.228463027200584,-1.54378022900811,0.122641582544509,0.974401534329554,GOLIM4,553.098187718508,415.151350318312
671.590379762476,-0.220542706653276,0.204322234825368,-1.07938671893331,0.280415368973279,0.982783504448174,GOLM1,726.224598849755,616.956160675197
268.028789117648,-0.219819205317455,0.337718835549086,-0.650894123095202,0.515114835395807,0.994447194724684,GOLPH3L,280.616980757747,255.440597477549
500.890198097813,0.164549721352145,0.23812417546742,0.691024844617927,0.489549928097084,0.994447194724684,GOLT1B,473.835022007718,527.945374187908
272.894250766806,0.153833104344576,0.346805221011508,0.443572054353447,0.657352013887168,0.996294710336961,GOPC,247.249571473506,298.538930060107
30.9031811426824,0.25717404137659,0.892455050224016,0.288164699512918,0.773220668881717,0.996294710336961,GORAB,35.5011835758468,26.3051787095181
1311.55918627893,0.148794461078276,0.142499328037007,1.04417658053542,0.296403700127215,0.986152964913951,GORASP2,1239.75305470418,1383.36531785369
543.722711119431,0.211619307312122,0.241458368076705,0.876421509006867,0.380800929525728,0.992443630108828,GOSR1,514.960728334868,572.484693903993
578.679612076539,0.223855284405484,0.242041495334444,0.924863251634477,0.355037044039896,0.990443880456887,GOSR2,528.668892472253,628.690331680825
381.349127225452,-0.205247215671486,0.267405524045476,-0.76755039524382,0.442754342333477,0.994447194724684,GOT1,407.420527753447,355.277726697457
41.340359717326,0.154038925911383,0.832639731740712,0.185000691222541,0.853228493415013,0.996294710336961,GPALPP1,38.5053070502248,44.1754123844272
417.167392762391,0.15509074821281,0.252963163188662,0.613096176762869,0.5398127480542,0.996294710336961,GPAT4,393.655367666749,440.679417858033
42.1869846785404,-0.253622725847668,0.865043498966204,-0.293190719484936,0.769376377341328,0.996294710336961,GPATCH1,43.9396743974098,40.434294959671
66.1389726330087,0.602915382737575,0.641386606951763,0.940018666125529,0.347207986110496,0.988142440035739,GPATCH11,55.2607969359227,77.0171483300947
45.4806434186283,-0.552308438936353,0.805239109523151,-0.685893708346357,0.492780137974645,0.994447194724684,GPATCH2,52.4625495324107,38.4987373048459
132.492124565852,-0.207612629545457,0.52148594553668,-0.398117401480102,0.690543647818867,0.996294710336961,GPATCH2L,137.529812003824,127.45443712788
101.119204332594,-0.316506275827935,0.481828990749017,-0.656885081439199,0.511254811495284,0.994447194724684,GPATCH8,110.57056312381,91.6678455413776
336.866473071794,-0.0209352331884093,0.286584987113734,-0.0730506974536699,0.941765774508764,0.998879356112684,GPBP1,341.457826381247,332.275119762341
332.186161161302,-0.0201547159965974,0.314120179539954,-0.0641624362564516,0.948840887261329,0.998879356112684,GPBP1L1,330.70169705628,333.670625266325
550.804793697463,-0.397317457433063,0.227289116819011,-1.74807075232487,0.0804517767538974,0.938892717784579,GPC1,625.469974430927,476.139612963999
89.2599804495751,0.547563308133378,0.52447634465454,1.04401907486227,0.296476564513269,0.986152964913951,GPCPD1,72.4462658323447,106.073695066805
171.134647311829,-0.336493586942152,0.397912606234863,-0.84564696284978,0.397749718570636,0.992443630108828,GPD2,194.784398121208,147.484896502451
1968.36417571954,-0.0160595975278882,0.130032288768911,-0.123504690103769,0.901707460560875,0.996577394764533,GPI,1982.7122258801,1954.01612555899
492.898760830238,0.0386331124559512,0.265694316240414,0.145404361683801,0.884391621137764,0.996577394764533,GPN1,480.566085171755,505.231436488722
155.822834669371,-0.353195667681914,0.409507723485765,-0.862488415787333,0.388418805026312,0.992443630108828,GPN2,171.140412412937,140.505256925804
89.9506882616905,0.363743439094694,0.593200359090259,0.613188164033711,0.539751929969307,0.996294710336961,GPN3,77.2234565660107,102.67791995737
801.263884437459,0.217049509661761,0.198470166858658,1.0936127736333,0.274124844550724,0.982783504448174,GPR107,743.68765200612,858.840116868799
190.344312142849,-0.407878783423886,0.362932680897233,-1.12384143091093,0.261080301715776,0.982783504448174,GPR108,215.095326385316,165.593297900382
54.3973390918536,0.109764180745932,0.834514878294408,0.131530525819108,0.895355640221196,0.996577394764533,GPR137B,52.3101865267268,56.4844916569804
87.5922737853418,-0.654599224510864,0.547129858853745,-1.19642387253781,0.231531189970744,0.98168489642748,GPR155,104.187895837436,70.9966517332479
112.789745491987,-0.167271455952139,0.494480007588465,-0.338277490262765,0.735154085063993,0.996294710336961,GPR157,122.912986946976,102.666504036998
230.152885730005,-0.105219142225304,0.337127857994957,-0.312104561311209,0.754961060139867,0.996294710336961,GPR161,248.965746275272,211.340025184738
364.717222549,0.028981796606184,0.264660717673496,0.109505471234828,0.912801582450238,0.996577394764533,GPR176,363.677579805844,365.756865292156
129.343273088152,0.133284927707953,0.437502242994071,0.304649701441096,0.760632961938029,0.996294710336961,GPR180,123.218969623372,135.467576552932
111.828586430264,-0.0875125333182791,0.552314681219009,-0.158446871492047,0.874104682114026,0.996577394764533,GPR37,115.606608530506,108.050564330023
237.339975315278,-0.564351023743442,0.364788427382599,-1.54706394551145,0.121847826871383,0.974401534329554,GPR4,271.894046650461,202.785903980096
60.0259662150316,-0.411359504095504,0.615753699433433,-0.668058518323161,0.504096239349204,0.994447194724684,GPR89A,68.669162220317,51.3827702097462
42.8295667689388,0.156629834002286,0.76465782364363,0.204836502235651,0.837699866975692,0.996294710336961,GPR89B,40.7483876889704,44.9107458489073
20.0002737459401,-1.41006089568911,1.06882344096885,-1.3192645685343,0.187080678692053,0.98168489642748,GPRASP3,27.6436158699375,12.3569316219428
2803.73723781221,0.0691141445868894,0.109219691153588,0.632799304382754,0.526864711091058,0.996294710336961,GPRC5A,2757.56232515672,2849.91215046769
47.6210037920836,0.0809000478471577,0.736614340743859,0.109826870551369,0.912546680328443,0.996577394764533,GPRC5B,49.1747567202147,46.0672508639526
230.06302929564,0.180929608635429,0.331443628575937,0.54588350185762,0.585146019742843,0.996294710336961,GPT2,218.710646140616,241.415412450663
130.441688173009,-1.20576545808801,0.477313024400215,-2.52615243341235,0.0115319432828362,0.62676812170277,GPX7,181.610888786787,79.2724875592303
970.274626858823,0.122923444116784,0.164621809734753,0.746702057976668,0.45524342723091,0.994447194724684,GPX8,931.396895284185,1009.15235843346
99.1472866819739,-0.227403647134384,0.622919415635402,-0.36506110008214,0.715065797558887,0.996294710336961,GRAMD4,106.011281257868,92.2832921060802
1333.64555202596,0.329809707333711,0.141593204026083,2.32927639149233,0.0198444282331471,0.714845395677829,GRB10,1186.60854888925,1480.68255516266
1184.90102209978,-0.07204107232907,0.164487410811866,-0.437973167511692,0.661405734573707,0.996294710336961,GRB2,1214.42040429574,1155.38163990383
287.836366266632,0.264926721307861,0.292805931709621,0.904786046378977,0.365578745335865,0.992443630108828,GRK2,263.981754588631,311.690977944633
218.533338195471,0.0925879224107263,0.330823880626754,0.279870734347581,0.77957668091818,0.996294710336961,GRK5,214.868690244377,222.197986146566
85.0879733553006,-0.395668116649287,0.579660507492401,-0.682585947352078,0.494868516328646,0.994447194724684,GRK6,98.2370256886693,71.9389210219319
773.505062800914,-0.0541104509376566,0.183385558902411,-0.295063860325292,0.767945096555018,0.996294710336961,GRPEL1,783.685197031101,763.324928570727
282.720637526032,0.087515477737495,0.315858738128947,0.277071574007769,0.781725148312113,0.996294710336961,GRPEL2,272.896993826184,292.544281225879
457.754234387584,0.145768011984096,0.235710727269234,0.618419083733924,0.536299121318526,0.996294710336961,GRSF1,434.184971672555,481.323497102612
364.786550813859,-0.296748136187525,0.271604368457929,-1.09257497540394,0.274580455018735,0.982783504448174,GRWD1,398.404712692659,331.168388935058
29.2315189032724,-0.941187814843099,0.917397880000769,-1.02593197058872,0.304923651649648,0.986152964913951,GSE1,35.6495038608892,22.8135339456556
525.094115502291,0.0999195140087911,0.261929032548635,0.381475520436009,0.702850432287168,0.996294710336961,GSK3B,507.459759695321,542.728471309262
214.86228312018,0.0809772112798417,0.362389806316006,0.223453336348068,0.823182697124849,0.996294710336961,GSKIP,209.756017616952,219.968548623409
1273.43371363984,0.11026158738781,0.152133059381288,0.724770722657091,0.468592699708844,0.994447194724684,GSPT1,1226.94120045978,1319.92622681989
79.5533983959153,0.901270244242103,0.624718048411449,1.44268321770738,0.149109728909828,0.974401534329554,GSPT2,53.3560328715284,105.750763920302
584.826091472242,-0.00832082222646273,0.240440150166575,-0.03460662547706,0.972393418299272,0.998879356112684,GSR,588.850060156024,580.802122788459
194.40256554755,-0.304664215199193,0.348020893977604,-0.875419322435276,0.381345790034001,0.992443630108828,GSTA4,217.511493478687,171.293637616413
795.363876537079,0.414947457065444,0.208451056874555,1.99062294663806,0.0465223555875397,0.849001678055344,GSTM3,686.59318423201,904.134568842148
98.4014237994663,0.596158580463618,0.490992971281703,1.21418964289323,0.224675314596414,0.98168489642748,GSTZ1,81.0101520179655,115.792695580967
529.869634789046,-0.00509370980672131,0.220905560122184,-0.023058314167846,0.981603757312106,0.998987745956335,GTF2A1,525.248878640661,534.490390937432
860.134650822912,-0.0391547298791319,0.214488655523707,-0.182549187897745,0.855151756428106,0.996294710336961,GTF2A2,863.360691470242,856.908610175583
599.782389847914,-0.276625414616224,0.225223332590289,-1.22822716205626,0.219361704957978,0.98168489642748,GTF2E2,630.969086693409,568.595693002419
399.420659797592,0.131018164219795,0.249196906018918,0.525761600787485,0.599053857444479,0.996294710336961,GTF2F1,380.850184838913,417.991134756272
272.392710470566,0.087554433253791,0.300490393555267,0.291371821301461,0.770766963388336,0.996294710336961,GTF2F2,262.310229585735,282.475191355397
307.08327704239,-0.102745897872919,0.312101632518006,-0.329206537767761,0.741999581691591,0.996294710336961,GTF2H3,321.165847188141,293.00070689664
970.941992367399,-0.198183176714238,0.175406348704044,-1.12985178802522,0.258538681953198,0.982783504448174,GTF2H5,1043.47718117871,898.406803556088
379.876176248471,0.114515499005652,0.256737187777967,0.446041728495867,0.655567103744073,0.996294710336961,GTF3A,370.390302360369,389.362050136574
282.928383567953,-0.110714624309314,0.291085765481894,-0.380350527020877,0.703685233558279,0.996294710336961,GTF3C1,294.924959833425,270.931807302481
366.986276274404,0.0266949451307218,0.26018718414989,0.102599000861408,0.918281235853254,0.996577394764533,GTF3C2,364.341203475802,369.631349073006
156.143559368908,0.692772863220774,0.425517062787851,1.62807305230476,0.103509396727307,0.961015869502668,GTF3C3,119.815294542313,192.471824195503
359.435283720157,-0.587234001826943,0.269161594862901,-2.18171541941581,0.0291305422052068,0.735915380143775,GTF3C4,427.829458141454,291.04110929886
893.070555283171,-0.166732922479629,0.174675714936936,-0.954528352952926,0.339816264452348,0.986983139323132,GTF3C6,943.104469331829,843.036641234513
184.632647317181,-0.182482540356972,0.359404955549835,-0.507735181552522,0.611639072169498,0.996294710336961,GTPBP1,195.969991716611,173.295302917751
44.3494520620144,0.399099020303319,0.964231025893495,0.413903939601505,0.678944458584237,0.996294710336961,GTPBP10,45.5525628143707,43.1463413096582
70.8893839653398,0.456408576117677,0.571307702855064,0.798883988150014,0.424357684174444,0.994447194724684,GTPBP3,60.1408469602894,81.6379209703902
705.404336311078,0.0317969699147918,0.196186013825892,0.162075620451774,0.871246304405852,0.996577394764533,GTPBP4,699.325941674567,711.482730947589
116.118087692037,0.281362493660935,0.498476146532346,0.56444525102803,0.572451150175837,0.996294710336961,GTPBP8,103.945014815459,128.291160568615
135.304498349709,0.187027823877765,0.42029243639162,0.444994503073799,0.65632372658868,0.996294710336961,GTSE1,114.459791013462,156.149205685956
15.6170414877588,2.80344936456227,1.46956273213844,1.90767587068761,0.0564331222517446,0.869042076164583,GUCY1B1,8.03685148335823,23.1972314921594
125.057565422003,0.368536586521103,0.494702271821326,0.744966432364008,0.456292012783334,0.994447194724684,GUF1,107.85026485137,142.264865992637
350.88332931327,0.110670866221127,0.278435728612586,0.397473653157185,0.691018211510906,0.996294710336961,GXYLT1,341.374305009176,360.392353617365
395.777527327244,-0.0345659465032171,0.314298921206653,-0.109977935560554,0.912426873624222,0.996577394764533,GYG1,401.980371802089,389.574682852398
94.6271864463219,0.318417618836631,0.575747006037777,0.553051280332212,0.58022829626119,0.996294710336961,GZF1,87.6138443313693,101.640528561275
559.078731111229,-0.252762101263239,0.219257535150076,-1.15280918893041,0.248988711936576,0.98168489642748,H1-0,609.826796812027,508.330665410431
260.892339396333,-0.503693180312958,0.345053742772684,-1.45975283811016,0.144358014451832,0.974401534329554,H2AZ2,303.325049924837,218.459628867829
6679.8191809595,-0.0104430832059047,0.0899598626129051,-0.116086028842007,0.907584361318751,0.996577394764533,H3-3B,6713.19628296435,6646.44207895464
56.0106348694516,-0.302036791638211,0.653025958444489,-0.462518813735466,0.643709313814979,0.996294710336961,H3-5,57.1512209878465,54.8700487510566
394.194715924984,0.371491460171772,0.24992496458797,1.486411974827,0.13717018431965,0.974401534329554,H6PD,345.630896222945,442.758535627022
197.590055974798,0.163423924119959,0.369732737649081,0.442005555578006,0.658485185742198,0.996294710336961,HABP4,187.848821165129,207.331290784466
58.9977644442963,-1.19960237968668,0.63597196693914,-1.88625040418091,0.0592612191533129,0.883471068233563,HACD1,82.9737770284178,35.0217518601748
861.359914769408,-0.211148784272119,0.189284676360478,-1.11550912800782,0.264632309058673,0.982783504448174,HACD3,924.790537027294,797.929292511521
19.2501935870021,0.421204340361446,1.18805053707395,0.354534026303991,0.722938708546574,0.996294710336961,HACD4,17.0485800745597,21.4518070994444
13.4262274991973,0.889082152020767,1.68578014899058,0.52740100929124,0.597915142779618,0.996294710336961,HACE1,10.4933241754468,16.3591308229478
177.20775471155,0.384875120760959,0.373418877832197,1.03067933521537,0.302691218493617,0.986152964913951,HADH,160.350826266304,194.064683156796
1081.04214357417,0.0214527017013496,0.160996871957401,0.133249183294853,0.893996314969281,0.996577394764533,HADHA,1073.28798928901,1088.79629785932
1003.9631791495,0.17640269574466,0.161775247052193,1.09041833629683,0.27552890829694,0.982783504448174,HADHB,935.794993001733,1072.13136529727
631.895552826234,-0.302236947766929,0.20246551147572,-1.49278237841102,0.135494161431001,0.974401534329554,HAPSTR1,701.866547321133,561.924558331335
29.4257206728059,1.47771439712353,0.930793811456929,1.58758511169142,0.112380187024973,0.972887579976839,HARBI1,18.8737112487491,39.9777300968627
244.061920574114,0.336965194791464,0.336973151531897,0.999976387613088,0.317321935010561,0.986152964913951,HAT1,216.270262465445,271.853578682783
133.018996441267,-0.663779256629866,0.419120161928343,-1.58374451273321,0.11325187082354,0.974401534329554,HAUS1,162.468603785143,103.569389097392
299.838862392811,0.14919736460552,0.28169856548851,0.52963480430505,0.596365158408728,0.996294710336961,HAUS2,285.254591979005,314.423132806617
37.9965539839824,-0.946953008464849,0.850345543037097,-1.11360965694335,0.265446681742178,0.982783504448174,HAUS3,53.1309882455714,22.8621197223935
27.1057273355816,0.0387713929995792,1.08154584797787,0.0358481270785413,0.971403457848023,0.998879356112684,HAUS5,22.3401611312246,31.8712935399386
93.9592143569457,0.28827304074771,0.534327031457712,0.539506751064539,0.589537239947755,0.996294710336961,HAUS6,87.2918513827879,100.626577331103
817.49605561316,0.140083507178589,0.184140511682795,0.76074246725186,0.446810904159187,0.994447194724684,HBEGF,799.978217517567,835.013893708754
159.857189223211,0.225896558735153,0.443503193075426,0.509345957959618,0.610509749421663,0.996294710336961,HBS1L,146.769463520746,172.944914925676
472.547791483413,0.0457134321173563,0.229449826712235,0.199230623846528,0.842082345207003,0.996294710336961,HCCS,467.375251781531,477.720331185296
984.093384922322,-0.241062185801184,0.167046122648928,-1.44308758550363,0.14899580003323,0.974401534329554,HCFC1,1061.80692739306,906.379842451589
82.2941361228679,0.424099812180332,0.568180640270852,0.746417216852309,0.45541542208636,0.994447194724684,HCFC2,73.1761758120323,91.4120964337035
1006.70468959558,-0.00698516351912588,0.175124426238486,-0.0398868602693574,0.968183326753468,0.998879356112684,HDAC2,1022.85518559036,990.554193600792
60.790818208811,-0.290940362019134,0.654590604210004,-0.444461561391118,0.656708913665989,0.996294710336961,HDAC4,65.5264661649436,56.0551702526785
175.077663894272,-0.517783384015423,0.409724592713124,-1.26373518510752,0.20632509178027,0.98168489642748,HDDC3,214.307913991045,135.847413797499
1016.37834557557,0.0297507021814617,0.164673604796524,0.180664668258296,0.856630793015483,0.996294710336961,HDGFL3,1014.214101969,1018.54258918214
158.978689941875,-0.295406124444985,0.440000584075782,-0.671376664341216,0.501980606966026,0.994447194724684,HDHD2,164.34423210631,153.613147777441
3669.27955099236,-0.0746199774729128,0.100759949897763,-0.740571800091471,0.458953111701837,0.994447194724684,HDLBP,3761.78143025628,3576.77767172843
14.6923644899596,2.16563992688446,1.40888593786861,1.53712935069867,0.124261636769134,0.974401534329554,HDX,11.7135486356893,17.67118034423
357.462727169948,-0.113513098422289,0.277557880975821,-0.408970907340864,0.682561011324096,0.996294710336961,HEATR1,362.530619924099,352.394834415797
249.842904827192,-0.272081125737563,0.348366186383504,-0.781020478945215,0.434790450095908,0.994447194724684,HEATR3,274.493984086135,225.191825568249
89.5705489733732,0.344592814425549,0.520654427179424,0.66184554752052,0.508070212225319,0.994447194724684,HEATR5A,78.1926724393934,100.948425507353
75.1060888145858,2.00585288296323,0.650073188713953,3.08558008203881,0.00203155508359111,0.407851177625858,HEATR6,42.0287130101914,108.18346461898
745.860542249789,0.0962625726563333,0.218649466169496,0.440259811024241,0.659748944809156,0.996294710336961,HEBP2,722.474178149951,769.246906349628
158.119927505471,0.582193950789487,0.462306750363733,1.25932392363172,0.207913355494801,0.98168489642748,HECA,126.141699329025,190.098155681917
17.9544474775257,0.971850236865108,1.30246967319808,0.746159589634688,0.455571015938895,0.994447194724684,HECTD2,12.1610140677161,23.7478808873352
550.322555463509,0.466043705394453,0.215701568606429,2.16059488303861,0.0307266470407606,0.742691457963059,HECW2,464.9866806623,635.658430264718
1320.79011965091,0.129454330732357,0.149096315264683,0.868259758817941,0.385252146441684,0.992443630108828,HEG1,1261.79092915563,1379.78931014619
334.8708811128,0.284201285084396,0.28480469776317,0.997881310654235,0.318336915623119,0.986152964913951,HELZ,302.122976839543,367.618785386057
68.1184010852608,-0.329376327551771,0.598957534534176,-0.549915993306495,0.58237699406639,0.996294710336961,HERC3,79.360690620033,56.8761115504886
273.503853970303,0.0328847454630988,0.36630359179781,0.0897745645946336,0.92846636106879,0.997480238800445,HERC4,269.763232654042,277.244475286564
329.190737781444,0.25461893923123,0.312702166009727,0.814253839301229,0.41549954803422,0.992443630108828,HERPUD2,308.298812869534,350.082662693353
171.115356808375,0.0804292720267197,0.415922299629306,0.193375714883292,0.846664733187144,0.996294710336961,HES1,167.792294379639,174.438419237111
127.197512756316,0.298660790034943,0.436968004295604,0.683484344617831,0.494300839391632,0.994447194724684,HES2,112.724576521888,141.670448990744
355.876967805263,0.174442223856421,0.26301294984611,0.6632457601745,0.507173168479789,0.994447194724684,HEXA,336.041479918383,375.712455692143
500.077759397324,-0.00733501271256707,0.248190576430258,-0.0295539533291999,0.976422789175966,0.998987745956335,HEXIM1,502.682285727823,497.473233066825
482.01810207376,0.397777885969855,0.306677585353401,1.29705562117125,0.194612049638477,0.98168489642748,HEY2,430.258905943553,533.777298203967
9.91336291203207,0.917807977054955,1.78095076652994,0.51534719224341,0.606310426949281,0.996294710336961,HEYL,6.94700516856917,12.879720655495
36.2306910330025,-0.617415687515983,0.929665311954974,-0.664126841753009,0.506609131906592,0.994447194724684,HFE,42.4339409760963,30.0274410899088
163.894428058287,-0.00762838641933897,0.396749251985704,-0.01922722319238,0.98465984064749,0.998987745956335,HGH1,165.092709307411,162.696146809164
1592.29118780342,0.129022430296195,0.142051490981701,0.908279310583346,0.363730670608338,0.992443630108828,HGSNAT,1527.46304182586,1657.11933378099
23663.4238764148,-0.021974195952561,0.0652898548926188,-0.336563712520139,0.73644581498987,0.996294710336961,HHIP,23783.3664139775,23543.4813388521
215.82365154378,0.0177194294981433,0.338895894947708,0.0522857602063238,0.958300999506191,0.998879356112684,HIBCH,213.692060156386,217.955242931174
117.096033695156,-0.744911910592492,0.506935542657853,-1.46944107861708,0.141713192279408,0.974401534329554,HIC1,146.723876911811,87.4681904785005
100.910810320706,0.264141546144143,0.669174009881791,0.3947277423264,0.693043826465059,0.996294710336961,HIC2,87.2674136915533,114.554206949858
297.84062187562,-0.369769790440662,0.345949504250115,-1.06885480654808,0.285135098876533,0.982783504448174,HIF1AN,337.580468922953,258.100774828287
1183.51861466743,0.240304217267321,0.156484722317588,1.5356401168647,0.124626669421924,0.974401534329554,HIGD1A,1084.43855532329,1282.59867401157
572.889201445091,0.274901869119901,0.223351795094509,1.23080214781161,0.218396872057173,0.98168489642748,HIKESHI,521.569658535978,624.208744354204
252.623129858815,0.518182509101227,0.31331399301383,1.65387604976313,0.0981526998402689,0.952625474294342,HILPDA,198.065914865847,307.180344851783
165.610007465963,-0.0705738106490528,0.39186295342743,-0.180098195126073,0.857075479522655,0.996294710336961,HINT3,170.677365428175,160.542649503752
268.991707697166,0.0485318751151152,0.334181451490851,0.145226118620901,0.884532344856598,0.996577394764533,HIP1,268.272060354632,269.7113550397
203.404621603174,-0.0863336759700311,0.366407268293402,-0.235622170848693,0.813725867931711,0.996294710336961,HIP1R,207.070269839274,199.738973367075
285.299116734487,-0.449757886429813,0.295750178921677,-1.52073580502862,0.128326149687339,0.974401534329554,HIPK1,332.961466420276,237.636767048699
221.101956544317,-0.42953001880891,0.328337909108931,-1.30819502376257,0.19080716949731,0.98168489642748,HIPK3,254.239035217631,187.964877871004
38.6135314882055,-1.2727286331945,1.07447633222033,-1.18451062627363,0.236210992390614,0.98168489642748,HIVEP2,37.4788503699481,39.7482126064629
17.0918002180557,1.29959905224811,1.24514682516729,1.04373157123338,0.296609598719519,0.986152964913951,HIVEP3,6.76558191370087,27.4180185224105
1273.58395300787,0.0374758210068139,0.160243527302105,0.233867923639507,0.815087515933069,0.996294710336961,HK1,1255.59472664945,1291.57317936629
43.1786342694857,-3.29336983078442,0.970237392603059,-3.39439590340732,0.000687801824618762,0.25742746445773,HLA-A,71.6239879643825,14.733280574589
33.5894703219644,-0.715758436398062,0.853723266641726,-0.838396309864702,0.401808161250296,0.992443630108828,HLA-C,40.1785945569856,27.0003460869432
56.7530484027007,-0.616806838331428,0.67726116967535,-0.910737047905904,0.362433938704797,0.992443630108828,HLCS,68.5996405082946,44.9064562971067
33.2936934108713,0.142468236887727,0.906563430820251,0.157151978608737,0.875125073459858,0.996577394764533,HMBOX1,30.5893993618577,35.9979874598849
378.604723471222,-0.182460821299378,0.269534183054531,-0.676948724023118,0.498438488306751,0.994447194724684,HMCES,403.551808574907,353.657638367538
313.254186565322,0.148802552937226,0.278620572505661,0.534068793266162,0.593293939524333,0.996294710336961,HMG20A,301.047703520732,325.460669609911
4211.43999362516,0.204382535970756,0.108993842678168,1.87517506446899,0.0607686434172588,0.888761578890916,HMGA2,3915.39872852369,4507.48125872663
3645.77596840745,0.013702605757986,0.101550382703451,0.134934063202899,0.892664007285117,0.996577394764533,HMGB1,3624.25994855132,3667.29198826358
368.611934859174,0.10063943947214,0.272914283756823,0.368758417796166,0.712307801408862,0.996294710336961,HMGB3,357.977468510322,379.246401208025
243.941201245685,0.650274763136582,0.376972732324485,1.72499151099568,0.0845290023743113,0.941807879236941,HMGCR,190.297998984175,297.584403507196
150.80614217993,0.536715429756158,0.494609414942971,1.08512982879237,0.277864157719218,0.982783504448174,HMGCS1,123.727008384772,177.885275975087
3350.87438313096,0.192942415805625,0.10049857921542,1.91985217414915,0.0548765744025632,0.869042076164583,HMGN1,3117.35506714401,3584.39369911791
340.6817325042,0.0720039145323878,0.286141533064465,0.251637410903806,0.801321339158609,0.996294710336961,HMGN2,332.089321363195,349.274143645206
718.493697420355,0.204486792189488,0.192834342162739,1.06042725531179,0.288950268124967,0.983627823676635,HMGN3,664.836509667047,772.150885173664
16.628936128045,0.651970280982098,1.48415225710764,0.439288002871536,0.660452866054308,0.996294710336961,HMGN5,12.9159884458076,20.3418838102824
68.7154199784356,-0.262926852928402,0.627625283771954,-0.418923296633689,0.675272190516758,0.996294710336961,HMGXB4,76.2162320607941,61.2146078960771
49.3078544137167,-0.173101534227389,0.820338376579146,-0.211012356814552,0.832877629104551,0.996294710336961,HMMR,50.0634902614443,48.5522185659891
16.0544992414482,-0.471250657311186,1.29327822294179,-0.364384591769623,0.715570839758171,0.996294710336961,HNMT,22.9977950883746,9.11120339452172
1537.72960016327,-0.0999573836185813,0.153406417773483,-0.651585409980544,0.514668662323659,0.994447194724684,HNRNPA0,1592.84589763182,1482.61330269472
3838.1169862155,-0.0486206169292853,0.097380049736086,-0.499287246833968,0.617577038200295,0.996294710336961,HNRNPA1,3878.31847533112,3797.91549709988
4467.87171597064,-0.0965025897514729,0.0895891982302074,-1.07716769050105,0.281405356705718,0.982783504448174,HNRNPA2B1,4609.93637973045,4325.80705221083
2838.38845005838,-0.0407220652454577,0.107676726482748,-0.378188180265511,0.705290805353742,0.996294710336961,HNRNPA3,2850.18936921519,2826.58753090157
3041.07081405444,-0.0256660242499934,0.117592640265614,-0.218262164979202,0.82722485175967,0.996294710336961,HNRNPAB,3073.89558567047,3008.2460424384
4730.27528674866,-0.136718905133811,0.106937755278321,-1.2784905085952,0.201076529276624,0.98168489642748,HNRNPC,4960.49426573989,4500.05630775742
1668.88990339549,-0.0288224595297787,0.141449353271927,-0.203765226655858,0.838536967804707,0.996294710336961,HNRNPD,1693.99224757196,1643.78755921902
1492.48497604468,0.226373979320307,0.149998028543656,1.50917969734797,0.131252867106965,0.974401534329554,HNRNPDL,1379.97206224426,1604.99788984511
896.586680486514,-0.149411771121101,0.1901081501688,-0.785930382197902,0.431908273930556,0.994447194724684,HNRNPF,946.178444492149,846.994916480879
1276.72610506166,0.481114702993245,0.157628327671688,3.05220965101731,0.00227163379326536,0.407851177625858,HNRNPH3,1070.54099623027,1482.91121389305
5377.24922725363,0.140510043014833,0.0936572720990898,1.50025769345676,0.133547663764018,0.974401534329554,HNRNPK,5117.25305290861,5637.24540159864
147.888291784926,0.230768489500387,0.440276090515668,0.524144950115511,0.600177726358767,0.996294710336961,HNRNPLL,132.579831419009,163.196752150842
2289.59091772501,0.0954560986368402,0.131032404255765,0.728492308288244,0.466312275418915,0.994447194724684,HNRNPM,2202.22661616748,2376.95521928253
1011.34406476865,-0.10876392863956,0.16380280950154,-0.663993059524036,0.506694753213012,0.994447194724684,HNRNPU,1052.89155929022,969.796570247087
993.287891681312,-0.346852335110224,0.163573935774405,-2.12046212294231,0.0339670925299629,0.763767305220832,HNRNPUL1,1107.86247119005,878.713312172577
593.858696368758,-0.176965797370097,0.22742685923282,-0.778121801299356,0.436497211360946,0.994447194724684,HNRNPUL2,631.241271196806,556.47612154071
99.8788531528825,0.613133879747065,0.534865178774498,1.14633351371256,0.251657181060447,0.98168489642748,HOMER1,77.7114773303712,122.046228975394
30.1308595499072,-2.24522877370141,1.08802091796066,-2.06358971287957,0.039056633781813,0.810377133390495,HOMEZ,45.6881616007617,14.5735574990527
885.520513181434,0.115488438395634,0.222404372323299,0.51927233799052,0.603570840537991,0.996294710336961,HOOK3,855.521449249081,915.519577113786
117.242046875487,0.02877295566478,0.485681440135601,0.0592424443000058,0.95275900332652,0.998879356112684,HOXA10,117.54438169523,116.939712055743
71.1891854443791,0.404547209111239,0.602532666367155,0.67141124737746,0.50195858177147,0.994447194724684,HOXA11,59.2457602321158,83.1326106566425
51.0312995033752,3.42321298505081,0.938729350702629,3.64664531101384,0.000265686258963468,0.183205435903031,HOXA3,23.1445756043303,78.9180234024202
47.3891548594897,0.615750620638578,0.732835444426446,0.840230402775477,0.400779215038052,0.992443630108828,HOXA4,42.5164840409363,52.2618256780431
110.289275696604,-0.141213039959805,0.491778229384518,-0.287147806718771,0.77399914827763,0.996294710336961,HOXA5,109.103828515635,111.474722877573
212.773483255896,0.402206828132992,0.390657067217723,1.02956496089403,0.303214270663436,0.986152964913951,HOXA7,180.719496429882,244.827470081909
409.384590407237,-0.0187466852543238,0.247268633874697,-0.0758150557171907,0.939566237870004,0.998879356112684,HOXA9,415.345591434479,403.423589379995
106.145556201283,-0.0900572454286989,0.503914460712298,-0.178715342483723,0.858161221576287,0.996294710336961,HOXB4,103.422210572829,108.868901829736
89.5811916015829,0.0414410817357529,0.692855379647428,0.0598120227584014,0.952305349945427,0.998879356112684,HOXB5,80.7113703451165,98.4510128580493
332.710020841441,0.0442259248381518,0.274710023448421,0.160991303786393,0.872100249873064,0.996577394764533,HOXB7,332.253583424418,333.166458258464
75.3390793821048,-0.463525376822368,0.616479497684846,-0.751890985122962,0.452116619852767,0.994447194724684,HOXC9,85.0339717625959,65.6441870016136
144.511460845741,0.355093631880444,0.446368069236642,0.795517547856209,0.426312507534519,0.994447194724684,HOXD8,128.372892786304,160.650028905178
1046.63354759918,0.117548726399967,0.164181629646348,0.715967594262346,0.474011358826001,0.994447194724684,HP1BP3,1002.76816552908,1090.49892966928
922.470092299204,-0.205764939487704,0.169398554915821,-1.21467942622034,0.224488382367962,0.98168489642748,HPCAL1,989.542760017954,855.397424580455
251.033773215861,-0.10582192724447,0.318296032088002,-0.332463859352202,0.739539025183487,0.996294710336961,HPRT1,257.14220264453,244.925343787191
663.512552859958,-0.293403410132545,0.202618875521431,-1.44805566301502,0.147601483919243,0.974401534329554,HPS1,722.117718327374,604.907387392542
83.1462478996595,0.0742130526170626,0.532538128566839,0.139357256572002,0.889167847022665,0.996577394764533,HPSE,80.8721004005704,85.4203953987487
157.003320755546,0.0186064918092342,0.437708591340637,0.0425088567538627,0.966093051465178,0.998879356112684,HRH1,152.035509335958,161.971132175135
334.885907846586,0.390587043322328,0.289356015243382,1.34984939916939,0.17706429551033,0.98168489642748,HS2ST1,290.82493671148,378.946878981693
2441.61793812794,-0.0792237366319073,0.115527012702022,-0.685759414867315,0.492864833024599,0.994447194724684,HSBP1,2500.87930476323,2382.35657149265
119.499863317782,0.241636423585454,0.45250235845179,0.534000362809597,0.593341283054836,0.996294710336961,HSCB,109.459787375409,129.539939260155
95.7689025268875,0.41812829812361,0.498412105856961,0.838920831195879,0.401513737327943,0.992443630108828,HSD17B11,82.5413300619264,108.996474991849
543.027590091743,0.0901625611725565,0.239340209354491,0.376712970276612,0.706386922914485,0.996294710336961,HSD17B12,531.761206746514,554.293973436972
234.523268167841,0.0463095333814382,0.360076658913242,0.128610206285535,0.897666089936556,0.996577394764533,HSD17B4,229.522820106502,239.523716229181
190.671925240319,-0.556675297988363,0.381798918398514,-1.45803267417148,0.144831537045584,0.974401534329554,HSDL1,226.874953720719,154.468896759919
276.959506550955,-0.486735247285571,0.33041154145263,-1.47311817603488,0.140719173193702,0.974401534329554,HSDL2,318.74723588715,235.171777214761
7054.62293444259,0.143362749490388,0.0837944188066161,1.71088661431313,0.0871020461086883,0.942895213226454,HSP90AA1,6702.58175013554,7406.66411874964
479.004192920174,-0.056081110703779,0.227898125635013,-0.246079736494169,0.805620508786821,0.996294710336961,HSPA13,489.163796529212,468.844589311136
56.4480993966822,0.556480782453384,0.67999267094521,0.818362912176479,0.413149992547339,0.992443630108828,HSPA14,51.4363139615679,61.4598848317966
1012.24817856328,0.0482069878040789,0.187497988191972,0.257106693618076,0.797096410445082,0.996294710336961,HSPA4,1002.57617700309,1021.92018012347
28.69650415953,0.108367694143757,1.03683754150483,0.104517525461584,0.916758661140319,0.996577394764533,HSPA4L,26.7504475097493,30.6425608093107
13676.1695430367,-0.0435254656473734,0.0688539101826122,-0.632142249175632,0.527293929988345,0.996294710336961,HSPA5,13909.1125320101,13443.2265540634
687.249105440898,-0.0120294836710192,0.191793635585525,-0.0627209742090478,0.949988695271463,0.998879356112684,HSPA9,697.274381969454,677.223828912342
10979.8814517391,-0.284833252319051,0.0955971526641932,-2.9795160669648,0.00288704088837554,0.416673854726945,HSPB1,12058.2711553551,9901.49174812295
163.525127245871,0.00277170203853148,0.383866463693404,0.00722048498809535,0.994238936565761,0.998987745956335,HSPBP1,168.978646798185,158.071607693558
2078.28237789705,-0.304078998710637,0.138960570351047,-2.18823942606497,0.0286521666260048,0.730835059169675,HSPD1,2300.57702741529,1855.98772837881
3297.41611581901,0.315037754799186,0.105670530614776,2.98132083719409,0.00287007930121923,0.416673854726945,HSPE1,2948.82740378755,3646.00482785047
687.801324987421,-0.262527770186317,0.221259012911807,-1.18651785855593,0.235417853157348,0.98168489642748,HSPE1-MOB4,748.481762823199,627.120887151644
10220.4436915299,-0.0962581033235861,0.0918727313391077,-1.0477331186366,0.29476158429573,0.986140373120917,HSPG2,10615.6589858062,9825.22839725369
1366.61223055684,0.0470003456471854,0.140966603936086,0.333414754522251,0.738821227215377,0.996294710336961,HSPH1,1347.98266067994,1385.24180043373
366.47023082746,0.882172692031635,0.287727459488541,3.06600104696218,0.00216942555219689,0.407851177625858,HTATIP2,254.493739801105,478.446721853815
194.927676825068,0.857216267823943,0.377079012023418,2.27330676195446,0.0230077003368493,0.714845395677829,HTR1B,137.937177821803,251.918175828332
13.2804069489369,0.89205881538118,1.27695862749163,0.698580828051946,0.484814028566351,0.994447194724684,HTR1D,9.79184773777416,16.7689661600997
91.7805855374312,-0.0805586456285357,0.511859590830728,-0.157384265278281,0.874942013405015,0.996577394764533,HTRA2,94.036046519246,89.5251245556163
246.064218778882,0.243337431814507,0.327152669992527,0.743803899934749,0.456995120439052,0.994447194724684,HUS1,225.388152620299,266.740284937466
905.631654893515,0.218009957697764,0.171637196831633,1.27017896890742,0.204020887295353,0.98168489642748,HUWE1,837.349025203442,973.914284583588
154.273633608437,0.390424691329138,0.429186215619792,0.909685999037321,0.362988130040126,0.992443630108828,HYCC1,133.340782010491,175.206485206383
82.9707492030983,0.0193671090572548,0.543898827558184,0.035607925731708,0.971594988510999,0.998879356112684,HYCC2,80.4665590810807,85.4749393251158
1601.40190966835,-0.0395876667315489,0.131446217255104,-0.301170072127061,0.763284809946267,0.996294710336961,HYI,1623.80175587926,1579.00206345743
1120.67121472117,-0.113961731852158,0.161521248006296,-0.705552571310717,0.480466428007171,0.994447194724684,HYPK,1151.3948881373,1089.94754130503
405.170602561191,0.340592676712368,0.252290074695882,1.35000426442827,0.17701461499235,0.98168489642748,IAH1,366.038839680337,444.302365442046
90.2332590209587,-0.228088763432056,0.598740702990122,-0.380947482429333,0.703242218296616,0.996294710336961,ICAM1,97.1906146313226,83.2759034105949
119.635915704573,1.022786937728,0.458034114855918,2.23299292466399,0.025549410955433,0.722700907616249,ICE2,81.9053174908715,157.366513918274
967.822143933374,0.008182640566189,0.180388023222621,0.0453613295384395,0.963819303798644,0.998879356112684,ICMT,949.940452519254,985.703835347495
3585.89334841643,0.119024843945487,0.104719524001526,1.13660604438721,0.255703012132418,0.981773214040098,ID1,3493.16838288025,3678.61831395261
934.543805723541,0.31358615153932,0.174109723953212,1.80108350308791,0.0716897195047334,0.91733278195129,ID2,884.54483796707,984.542773480013
240.895258576099,-0.45149949167897,0.324641178701557,-1.39076470053737,0.164296790556899,0.977539653561902,IDE,270.810570272724,210.979946879475
313.172511354367,0.267133836972656,0.293386886989824,0.910517302642506,0.362549760956461,0.992443630108828,IDH1,277.971788312403,348.373234396331
587.420154932633,-0.169100988120058,0.229388489752889,-0.73718166200154,0.461011883670095,0.994447194724684,IDH2,616.618007836676,558.22230202859
288.970971113068,0.526382779533598,0.328367179405199,1.60303103521821,0.108927802358216,0.961015869502668,IDH3A,235.531792378184,342.410149847953
298.806711186498,0.492449299583335,0.287393943698988,1.71349922425338,0.0866207359523029,0.942895213226454,IDI1,256.080005675122,341.533416697874
792.026013295873,-0.210677481338584,0.181683648330301,-1.15958416332312,0.246218151837451,0.98168489642748,IDS,852.195381451101,731.856645140644
1209.85382445359,0.0513577041879723,0.181266321850773,0.283327336614974,0.776925923854653,0.996294710336961,IER3IP1,1180.9536558525,1238.75399305469
67.3029893655737,-0.160593295499329,0.596440121045812,-0.269253006014654,0.787734992896396,0.996294710336961,IER5L,71.3015392975148,63.3044394336326
188.004182507625,0.669213463859124,0.415274583006729,1.6114963237427,0.107071587843783,0.961015869502668,IFFO2,140.586412987789,235.421952027461
654.015846080688,-0.493800756798167,0.199230307430473,-2.47854236218801,0.0131920444750519,0.62676812170277,IFI16,756.785075580869,551.246616580506
35.9102328502515,-0.274343205327967,1.03677963561159,-0.264610912391362,0.791309212838851,0.996294710336961,IFIT3,35.291641757893,36.52882394261
52.0569801689643,-0.504205968287441,0.706046650449661,-0.714125572249831,0.475149534458605,0.994447194724684,IFIT5,55.8900625963717,48.2238977415569
6248.39707283393,-0.128163879360899,0.101795692187023,-1.25903048161834,0.208019322215168,0.98168489642748,IFITM3,6523.60201675112,5973.19212891675
402.525399514727,0.350846805806883,0.298517445715697,1.17529749380552,0.239875716836897,0.98168489642748,IFNAR1,353.961181498276,451.089617531178
99.9842648590778,-0.298174355412645,0.525394872428312,-0.56752429660099,0.570358024124529,0.996294710336961,IFNAR2,110.250332679094,89.7181970390615
189.41730106548,0.327431751119803,0.391770269412148,0.835774883099513,0.403281559032672,0.992443630108828,IFRD1,167.356250162064,211.478351968896
499.140736400539,0.523953342276334,0.224385850498821,2.33505517888744,0.019540538369381,0.714772028525713,IFRD2,410.714881362602,587.566591438476
589.403845200147,-0.0951487668600594,0.215552252726903,-0.441418568613196,0.658910001887495,0.996294710336961,IFT20,604.648583198596,574.159107201697
167.593906749274,-0.167256410167758,0.375139472075968,-0.445851270308039,0.655704683967487,0.996294710336961,IFT22,177.056118859191,158.131694639358
132.446005367731,0.375318693431462,0.425764080497136,0.881517982900829,0.378037525116131,0.992443630108828,IFT43,116.243832392299,148.648178343162
36.8017224287161,1.34545063416815,0.952230508813118,1.41294636300316,0.15767149554701,0.974401534329554,IFT56,20.4945713664731,53.1088734909592
150.009451648312,0.59705544479058,0.457132967158458,1.30608704181167,0.191522959109595,0.98168489642748,IFT57,119.953867123309,180.065036173316
20.2654102979676,-0.0659190321058881,1.08374062698294,-0.0608254691802062,0.951498206398949,0.998879356112684,IFT70A,21.0448960892006,19.4859245067346
43.636793208939,-1.1141629079173,0.86297724029178,-1.29106870482539,0.196679854710861,0.98168489642748,IFT74,60.3315335767369,26.9420528411412
55.8904976064922,-2.4205730108359,0.705122514237348,-3.43284033903521,0.000597293716229643,0.25742746445773,IFT80,94.6768860075767,17.1041092054078
288.864917133696,-0.137374888455226,0.301780553784087,-0.455214515092688,0.648954918979811,0.996294710336961,IGF1R,311.350915414572,266.37891885282
251.00345596143,-0.125318825362229,0.347935072047593,-0.360178767333599,0.718713451862548,0.996294710336961,IGF2,263.960340812551,238.046571110308
276.439383636364,-0.0951241578286319,0.294830260996581,-0.322640415224321,0.746967582303192,0.996294710336961,IGF2BP1,289.676973149012,263.201794123715
752.925880208391,-0.13507785592386,0.200164067717986,-0.674835685864323,0.499780165150376,0.994447194724684,IGF2BP2,786.302181919899,719.549578496883
1856.54252401161,0.173710454000795,0.150146584074301,1.15693910102433,0.247297242126359,0.98168489642748,IGF2BP3,1741.56851138093,1971.5165366423
456.797315727871,-0.61133974963615,0.24651836505172,-2.47989535995782,0.0131420944034184,0.62676812170277,IGF2R,554.728415316036,358.866216139707
348.366735124052,-0.546067494734907,0.970138717282968,-0.562875684689977,0.573519538612561,0.996294710336961,IGFBP3,410.695674561034,286.03779568707
29235.3353197639,0.294306502357673,0.0592820241200252,4.96451507394224,6.8872937165293e-07,0.0014247514934927,IGFBP7,26462.7645075961,32007.9061319316
76.0285755002678,0.0688833867830585,0.595489195117474,0.115675292428219,0.907909888562546,0.996577394764533,IGHMBP2,74.1275266652135,77.9296243353221
7.72673442790826,2.08003155818231,2.23699140089289,0.929834400504208,0.352456832068859,0.990443880456887,IGSF3,2.76689181278834,12.6865770430282
655.821905746562,0.0841175977422375,0.1952620681076,0.430793336142912,0.666618645383951,0.996294710336961,IK,641.870380272291,669.773431220832
473.416322358371,0.240285980322108,0.247759193595271,0.969836787225862,0.332127852840003,0.986152964913951,IKBIP,433.491860659308,513.340784057434
103.68167241461,0.988188026974177,0.510461267670695,1.9358726891923,0.0528832954209982,0.869042076164583,IKBKB,73.4458972356968,133.917447593524
44.4808823535505,1.1861770665341,0.787999091551804,1.50530258124812,0.132246301874845,0.974401534329554,IKZF4,28.5168601025822,60.4449046045188
19.2616791512749,-2.32302098809713,1.1654973289075,-1.99315856886147,0.0462440862775097,0.846580529316298,IKZF5,31.9718149019084,6.5515434006414
432.246599592867,0.190920062460594,0.255339607418191,0.747710331315378,0.45463489817508,0.994447194724684,IL10RB,410.390500828331,454.102698357404
59.4191780642508,-0.204553072777165,0.640094495338241,-0.319566992478313,0.749296599422986,0.996294710336961,IL11,63.4132292086328,55.4251269198687
2667.17276935536,-0.0384366427817011,0.123721413957355,-0.310670898046394,0.756050823207227,0.996294710336961,IL13RA1,2713.42613729221,2620.91940141851
46.2866699665381,0.347144146795776,0.718348523263037,0.483253094499177,0.628916040326552,0.996294710336961,IL15,41.0120541545124,51.5612857785637
971.512663901692,0.243537432125091,0.170488409124026,1.42846914565273,0.153156869299052,0.974401534329554,IL17RA,909.330694033209,1033.69463377018
19.3140027335581,0.254463044199998,1.12532109571215,0.226124832431906,0.821104331255311,0.996294710336961,IL21R,19.923473074254,18.7045323928621
23.9762066171219,1.037777743347,1.39005742393323,0.746571850543095,0.455322045499555,0.994447194724684,IL6R,17.055561594018,30.8968516402257
2097.12613375956,-0.315338777848021,0.117769384303668,-2.67759553735053,0.00741527016990373,0.586485951612834,IL6ST,2318.76640580076,1875.48586171835
157.763896959963,-0.410352057404265,0.425091679739716,-0.965326015450416,0.334381545320269,0.986152964913951,IL7R,183.027856446944,132.499937472981
997.7296454652,-0.130826943145535,0.166236391793173,-0.786993399786412,0.431285729873194,0.994447194724684,ILF2,1043.19862998895,952.260660941449
512.332966495294,0.273422192499519,0.233046752408368,1.173250387203,0.240695411354703,0.98168489642748,ILF3,466.855640817594,557.810292172993
224.754730620104,-0.469717705054905,0.339719808362108,-1.38266210416035,0.166768496784835,0.98168489642748,ILRUN,260.830552369476,188.678908870732
19.5199478364636,1.09703734748394,1.20940602383655,0.907087715673721,0.364360413675237,0.992443630108828,IMMP2L,10.2557926596908,28.7841030132364
1249.16705784198,0.115051541847544,0.192574802596943,0.597438191788497,0.550214861495105,0.996294710336961,IMP3,1200.41398982761,1297.92012585634
438.042809111919,-0.129551197972933,0.239164962806646,-0.541681341834629,0.588038045331332,0.996294710336961,IMP4,452.483984127312,423.601634096526
266.31131513832,0.084208782773466,0.299719882853235,0.280958280017415,0.778742399137882,0.996294710336961,IMPA1,263.397400334742,269.225229941897
190.390682524301,0.0588525410967726,0.369503339806335,0.159274720297843,0.873452436774151,0.996577394764533,IMPACT,184.597133741545,196.184231307056
117.861161947057,-0.640282464898409,0.453861443825185,-1.41074434413739,0.158320010513196,0.974401534329554,INF2,140.352324484342,95.3699994097712
90.8419735073326,-0.0305132349280842,0.570742872730554,-0.053462314443109,0.957363556403868,0.998879356112684,ING1,83.6572325817691,98.0267144328962
100.892379099739,0.270553880732311,0.556630003607784,0.486056948024222,0.62692678993151,0.996294710336961,ING2,92.4426281368873,109.342130062591
53.2102482368513,-0.0212612465433672,0.667238616762321,-0.0318645324314925,0.974580083287227,0.998987745956335,ING3,55.1336271939258,51.2868692797768
67.500196690972,0.348303256180592,0.588931888557768,0.591415175417907,0.554242274843673,0.996294710336961,ING5,58.9765732714698,76.0238201104741
1995.10853301679,0.0347235443739932,0.137830550971675,0.251929228528799,0.80109576696445,0.996294710336961,INHBA,1975.52076804559,2014.69629798799
206.055010130599,-0.71625606502238,0.347530936406112,-2.06098505194769,0.0393044661860359,0.810377133390495,INIP,253.706481645609,158.40353861559
100.196793029588,-0.996706770363707,0.536876949181679,-1.85649015455573,0.0633837250660288,0.891663350651627,INKA2,133.276480939406,67.11710511977
131.344681008291,-0.00587676674627741,0.471240208310699,-0.0124708516859044,0.990049957889066,0.998987745956335,INO80C,132.849539343256,129.839822673326
144.764210665291,-0.0348702066527897,0.483394690593187,-0.0721360977506797,0.942493599191282,0.998879356112684,INPP1,148.405122619916,141.123298710666
103.538081297633,-0.802316413166296,0.481567230925566,-1.66605275783457,0.0957029068330406,0.949104594418722,INPP4A,132.205868425022,74.8702941702435
24.4299769336228,-2.05079173728162,1.16244281616673,-1.76420870666508,0.0776968474071107,0.931201700779585,INPP4B,30.5694752343142,18.2904786329314
599.063409084166,-0.0124388156398247,0.228911649780395,-0.0543389366673027,0.956665128388689,0.998879356112684,INPP5A,597.833733804109,600.293084364222
36.9362028324384,-0.289339884356675,1.17084286113724,-0.247121021924018,0.804814565037151,0.996294710336961,INPP5B,41.276648806735,32.5957568581418
268.47505359515,-0.026108548141024,0.337331653487074,-0.0773972672624523,0.938307514672075,0.998879356112684,INPP5K,271.074678957134,265.875428233166
610.875800442756,0.0440193620337635,0.230309816340612,0.191131071758843,0.848422904611477,0.996294710336961,INPPL1,596.161893822284,625.589707063228
162.621984593089,0.496145838058708,0.389053125725605,1.27526500945949,0.202215458136289,0.98168489642748,INSIG1,135.454568554584,189.789400631594
139.892073978234,-0.16424166730114,0.435862036493621,-0.376820309064801,0.706307146957051,0.996294710336961,INSIG2,149.238739706908,130.545408249559
31.9054340984059,1.12341233898643,1.31775058573379,0.852522739241167,0.393924023676857,0.992443630108828,INSR,31.3985787576147,32.412289439197
435.129918904967,-0.0291385610815845,0.238379151882451,-0.122236197467274,0.902711959956388,0.996577394764533,INSYN2B,451.660610334475,418.599227475458
76.5373660829655,-0.308405535511546,0.590799797011108,-0.522013611162001,0.601660853722335,0.996294710336961,INTS6,84.9103405277484,68.1643916381826
74.2114381898457,0.467603628470725,0.610983310434522,0.765329626005942,0.444075286894261,0.994447194724684,INTS7,62.7257023104584,85.697174069233
36.1725133975855,0.156128300001163,1.02175684585121,0.152803771890654,0.878553023131124,0.996577394764533,INTU,34.1092048200506,38.2358219751204
69.2123717823813,-0.00311272245019309,0.677811539930122,-0.00459231256303779,0.99633587758656,0.999437865096263,INVS,70.6171555574829,67.8075880072798
325.643052937783,0.0571952324095404,0.282616105689702,0.202377823691116,0.839621363834205,0.996294710336961,IP6K1,316.690644905435,334.595460970131
612.838454735084,0.143754810881158,0.202548236340121,0.709731239721898,0.477870815857113,0.994447194724684,IPO11,588.721984350149,636.95492512002
135.453844178201,-0.76170912069741,0.459783795165878,-1.65666804421109,0.0975866071021519,0.950315102270568,IPO13,170.511666090743,100.39602226566
1099.75367024931,0.237727499441618,0.160635086343992,1.4799226299324,0.138893895645828,0.974401534329554,IPO5,1016.19896976665,1183.30837073197
1490.64189675695,0.288121970920539,0.154456173204516,1.86539628001165,0.0621258784144243,0.891663350651627,IPO7,1350.3751871517,1630.9086063622
1070.36653993641,0.137598759018505,0.159419098000609,0.863125941271972,0.388068226479214,0.992443630108828,IPO9,994.632522849158,1146.10055702365
356.600068677082,-0.000455986847555799,0.28286749642151,-0.00161201570814739,0.99871379811175,0.999451272705433,IPPK,354.574314392863,358.6258229613
73.0553936167986,-0.523044139618743,0.607331558124139,-0.861216797681756,0.389118650206565,0.992443630108828,IQCE,85.6295228708128,60.4812643627844
43.3779191614658,0.939715299962745,0.757139980392722,1.24113813072627,0.214554725547086,0.98168489642748,IQCK,29.5305952842076,57.2252430387241
2222.89409880754,0.0184330876330301,0.117612725071994,0.156726983595922,0.875460020045729,0.996577394764533,IQGAP1,2211.79753424329,2233.99066337178
67.3597780673867,-0.73070599641678,0.619674097157387,-1.17917789329702,0.238327346927835,0.98168489642748,IQSEC1,87.1271287272432,47.5924274075302
71.9190042647491,-0.319794043381004,0.770172083216708,-0.415224143214007,0.677977826288462,0.996294710336961,IRAK2,78.1562536971969,65.6817548323014
45.9342960788588,1.13911290898626,0.706843899364953,1.6115480518537,0.107060322758623,0.961015869502668,IRAK3,28.3316788564754,63.5369133012422
172.850391540728,0.378316656851373,0.394735189277296,0.958406210360968,0.33785796484343,0.986983139323132,IRAK4,151.631273176702,194.069509904754
570.368985574003,-0.245323923975341,0.20834094008931,-1.17751184126451,0.238991274080358,0.98168489642748,IREB2,613.885825633459,526.852145514546
50.240801753486,-1.10574584615264,1.01458094630061,-1.08985473281796,0.275777139546712,0.982783504448174,IRF1,57.2733275783705,43.2082759286016
21.490023297041,1.47487008198718,1.25083938205499,1.17910429040388,0.238356650403257,0.98168489642748,IRF2,20.1962605366736,22.7837860574084
780.575982566484,-0.0368650163137564,0.199017518720635,-0.185235031321562,0.853044693488765,0.996294710336961,IRF2BP2,792.004353948108,769.147611184859
759.839544254864,-0.10623784608578,0.192622834673095,-0.551532980324368,0.581268364759831,0.996294710336961,IRF2BPL,775.1201664254,744.558922084328
330.592434836087,0.44261400611291,0.296536699790561,1.49261122291278,0.135538983887241,0.974401534329554,IRF6,283.528407865503,377.65646180667
416.288961354195,0.112223622737693,0.255564609247136,0.439120358128971,0.660574328557951,0.996294710336961,IRGQ,396.08270461561,436.49521809278
41.9938799380641,1.56532054333597,0.823129621113314,1.90166955870063,0.0572143679660422,0.874751194184612,IRS2,22.4666254213197,61.5211344548086
199.839730918683,-0.272592736774012,0.349032518150397,-0.780995244278508,0.434805291794915,0.994447194724684,ISCA1,221.860387335417,177.819074501948
292.761345791863,0.129660705731797,0.310723469288545,0.417286489587277,0.676468869403589,0.996294710336961,ISCA2,276.568220603962,308.954470979764
407.610087829457,0.0703114431052025,0.304520436181829,0.230892363043969,0.817398423860689,0.996294710336961,ISCU,397.486649297605,417.733526361309
1142.42611038915,0.0020039948838019,0.179969636326731,0.0111351832714919,0.991115592786036,0.998987745956335,ISG20L2,1151.29342774656,1133.55879303174
635.592388616663,-0.22742289701156,0.218818837445774,-1.03932047014882,0.298655717718343,0.986152964913951,ISOC1,690.664103485599,580.520673747727
857.150491046852,-0.156986790421253,0.172381789514279,-0.910692427915939,0.362457454914184,0.992443630108828,IST1,908.823702701477,805.477279392226
716.496443044193,-0.432283274575802,0.189265765378276,-2.28400140781835,0.0223714482069989,0.714845395677829,ISY1,820.117522603183,612.875363485203
85.3424990212661,-0.0676533904950424,0.559547425149356,-0.120907339493135,0.903764428748282,0.996577394764533,ISYNA1,87.6379185484684,83.0470794940639
154.411568960003,0.12788819758224,0.470767119448225,0.271659154386428,0.785884110565216,0.996294710336961,ITCH,148.270857617941,160.552280302064
328.503125549922,0.152240571620685,0.281537099277054,0.540747816226054,0.588681415601833,0.996294710336961,ITFG1,312.08918594265,344.917065157193
17.7804172816491,-2.86584994652007,1.34598610340717,-2.12918241820297,0.033239170951999,0.763767305220832,ITFG2,29.7566317168143,5.80420284648396
15.0667966571271,-1.56327626118323,1.48082537004611,-1.05567901037146,0.291114889814973,0.98435505564872,ITGA1,22.6956491479491,7.43794416630504
20.9602165271674,0.637585774440379,1.15240947479953,0.553263217964508,0.580083183773473,0.996294710336961,ITGA11,19.8002188129603,22.1202142413745
1159.70051810994,0.198688248595374,0.1739865452655,1.14197479059188,0.253464498525312,0.98168489642748,ITGA2,1090.02138382465,1229.37965239523
148.697569570486,-0.0451978201575386,0.421920488154069,-0.107124023190441,0.914690589076397,0.996577394764533,ITGA4,151.53970298448,145.855436156493
711.561013047077,-0.0791424031377374,0.191550443360658,-0.413167423417159,0.6794839538228,0.996294710336961,ITGA6,732.745384624184,690.376641469971
6494.99038503271,0.195082347238213,0.0880318921452263,2.216041737651,0.0266886438120215,0.722700907616249,ITGAV,6132.56128739358,6857.41948267184
4508.4140163316,-0.0487769040991739,0.0902208521180447,-0.540638920538618,0.588756485857381,0.996294710336961,ITGB1,4621.69485901729,4395.13317364591
1035.01863163421,0.0920154434786238,0.172780337486001,0.532557377867601,0.594340013114918,0.996294710336961,ITGB1BP1,1004.00938141756,1066.02788185085
1127.02314454558,-0.157515014412059,0.178967188087772,-0.880133481981107,0.37878700288131,0.992443630108828,ITGB3,1193.19039220575,1060.85589688541
1366.30459196314,0.131854115795931,0.146548103791118,0.899732663780276,0.36826253625794,0.992443630108828,ITGB5,1289.17561485849,1443.43356906779
3546.11871829119,-0.0958907682173871,0.0980074888049231,-0.978402460736963,0.327875311637693,0.986152964913951,ITM2B,3653.72748593005,3438.50995065232
61.2822239471988,-0.661719001783825,0.643734508131529,-1.02793774984115,0.303979110766251,0.986152964913951,ITPR1,62.7341313548527,59.830316539545
701.180848359766,-0.0956905041547077,0.193346643201921,-0.494916811432685,0.62065884322645,0.996294710336961,ITPR2,730.454768758991,671.906927960541
114.652966777886,-0.780661665060015,0.467129791345632,-1.67118792147941,0.094684565254928,0.949104594418722,ITPR3,145.63654542265,83.669388133122
419.83472617524,0.222709891522257,0.249853071206493,0.891363433904708,0.372734227923914,0.992443630108828,ITPRID2,388.061389310698,451.608063039783
350.605935623255,-0.673308516525508,0.272419408453284,-2.471587910525,0.0134514473936049,0.62676812170277,ITPRIP,423.187646710089,278.02422453642
782.227022549534,-0.0907675273417148,0.198780628617191,-0.456621593226337,0.647943055910573,0.996294710336961,ITPRIPL2,805.750466218274,758.703578880794
236.406135654627,-0.0128605373875739,0.335997217197468,-0.0382757258969073,0.969467844528657,0.998879356112684,IVD,237.365588830965,235.446682478289
326.970635895558,0.274521955031903,0.279868888328361,0.980894863561306,0.3266445907058,0.986152964913951,IVNS1ABP,295.319215305125,358.622056485991
429.328287747361,0.301330991919429,0.256128665006486,1.17648288961253,0.239401965863794,0.98168489642748,JADE1,381.274502615177,477.382072879545
85.3317001842192,-0.263878730377024,0.635577499944105,-0.415179471268618,0.678010525732032,0.996294710336961,JADE2,99.3602079567917,71.3031924116468
366.5222974892,-0.196230205162541,0.260538681648472,-0.753171098897713,0.451347104139911,0.994447194724684,JAG1,392.208858665629,340.835736312771
1073.73717602509,-0.326344342996631,0.158306841034424,-2.06146709051991,0.0392584999854455,0.810377133390495,JAG2,1178.16387261894,969.310479431246
297.696868076146,-0.00453818232697274,0.288384767888429,-0.0157365534948381,0.987444565131157,0.998987745956335,JAGN1,300.908283123134,294.485453029158
3293.37545712553,-0.02975586209035,0.117723063640459,-0.252761533468311,0.800452494475381,0.996294710336961,JAK1,3352.76307017145,3233.98784407962
127.87313755469,0.0984231551738324,0.439189913353846,0.224101583805125,0.82267826012452,0.996294710336961,JAK2,122.246545346533,133.499729762847
1519.94937941469,-0.174526042780194,0.137874354280454,-1.2658339811709,0.205572526388129,0.98168489642748,JAM3,1616.08119236108,1423.81756646831
334.828758934748,-0.0931273448478906,0.27747778213907,-0.335620906762242,0.737156756294034,0.996294710336961,JARID2,336.701878434777,332.955639434719
236.907870409354,0.105222444781931,0.371960729462409,0.282885897481725,0.777264305405876,0.996294710336961,JAZF1,229.701411931467,244.11432888724
232.416604701756,-0.620824800528955,0.367678811246845,-1.68849762765404,0.0913157439807175,0.946227721488623,JCAD,279.991000620142,184.84220878337
36.0798341648572,-0.656323461557701,0.815953920020632,-0.804363390448697,0.421187137720262,0.993118304214266,JHY,36.4166652746134,35.7430030551011
808.970921567511,0.116795746311804,0.17735573222809,0.658539449751746,0.510191556320385,0.994447194724684,JKAMP,776.656092641905,841.285750493118
84.0515044886767,-0.223796596757006,0.567372846096967,-0.394443615510562,0.69325354795008,0.996294710336961,JMJD1C,95.5848533492112,72.5181556281422
165.891789021208,0.775042225461417,0.376318002261051,2.05954065658483,0.0394424744399092,0.810529789318133,JMJD4,122.882336808154,208.901241234263
374.096860567537,-0.276489638208526,0.269314885145379,-1.02664075941912,0.304589653839107,0.986152964913951,JOSD1,406.450918156402,341.742802978672
4749.95557576227,-0.097914805094434,0.0960551327776964,-1.01936046792045,0.308031866654119,0.986152964913951,JPT1,4922.41587016606,4577.49528135847
1099.83060531244,-0.268563407412599,0.162500771854295,-1.65269004170272,0.0983939621370727,0.952625474294342,JPT2,1199.89744815312,999.763762471756
112.21446968016,-0.199421123292923,0.612690295717187,-0.325484383687666,0.744814499774905,0.996294710336961,JRK,122.114341077245,102.314598283075
12.8191406188718,2.03506979891692,1.30641719107842,1.5577487902138,0.119292809702433,0.974401534329554,JRKL,5.31939976558401,20.3188814721596
2165.99527780139,0.0344643319739186,0.125776173400595,0.274013201722637,0.784074476300634,0.996294710336961,JTB,2136.96451804286,2195.02603755993
1728.72816907756,-0.114640056933911,0.127077638154737,-0.902126122255421,0.366989873840884,0.992443630108828,JUN,1799.9065858799,1657.54975227522
460.60753025664,-0.0720029363634976,0.237513375811259,-0.303153185026156,0.761773124141688,0.996294710336961,KANK2,473.05059365678,448.1644668565
129.212195902988,0.287069684271663,0.434797989657049,0.660236917144193,0.509101804957946,0.994447194724684,KANSL2,117.040352284029,141.384039521947
177.085934439113,0.426080866084797,0.388469939809837,1.09681811234448,0.272720910873028,0.982783504448174,KANSL3,146.866269478669,207.305599399558
1436.30139715623,-0.0401951987651629,0.143217411689891,-0.280658603523695,0.778972262600526,0.996294710336961,KARS1,1462.07330536796,1410.5294889445
45.891536353423,0.0527089753690784,0.791204378661345,0.066618659843943,0.946885290337802,0.998879356112684,KAT2B,47.8565786312797,43.9264940755664
537.052231403962,-0.50360238228211,0.228744261086978,-2.20159570294365,0.0276938797393178,0.726566203087928,KAT6A,630.690144031765,443.414318776158
288.03041777791,0.0325681792650297,0.326437908298223,0.0997683738227991,0.920528216776196,0.996577394764533,KAT7,284.133405198256,291.927430357564
173.582302647524,-0.160996601639907,0.368924340934237,-0.436394631029797,0.662550433691188,0.996294710336961,KATNA1,184.397470118266,162.767135176782
553.326963090007,-0.225542544665907,0.249604300673711,-0.903600394933666,0.366207331800719,0.992443630108828,KATNAL1,597.507666260015,509.14625992
294.510147024838,0.126368461272391,0.286697664379713,0.440772552318473,0.659377666179673,0.996294710336961,KATNBL1,280.015426437303,309.004867612374
275.834239132374,-0.176378788903821,0.358437477092761,-0.492076861868369,0.622665008593228,0.996294710336961,KBTBD2,290.40068418053,261.267794084218
94.6204796244822,0.156968371453373,0.519876272493986,0.301934094241988,0.762702304502572,0.996294710336961,KBTBD6,89.9069766475352,99.3339826014292
74.1085950554383,0.0245693848755104,0.594799992932185,0.0413069690105252,0.967051177346876,0.998879356112684,KBTBD7,75.3504401906572,72.8667499202195
941.73863093281,-0.340275685821981,0.190511243060838,-1.78611865816926,0.074080047741792,0.925302691758612,KCMF1,1055.63623963088,827.841022234744
130.966417608162,0.023714077317122,0.441033665499075,0.0537693132570437,0.957118958610979,0.998879356112684,KCNC4,138.688144475041,123.244690741284
16.7402908522477,3.1363958234662,1.36988930725335,2.28952500531209,0.0220488667483605,0.714845395677829,KCNK1,7.38726797170379,26.0933137327917
101.962514282321,-0.319288803358486,0.495742112696076,-0.644062296063665,0.519535038475784,0.994447194724684,KCNK3,113.259033337132,90.6659952275103
196.227464513009,0.349784731088169,0.440817943338242,0.793490229638355,0.427492259496066,0.994447194724684,KCNK6,182.479828691101,209.975100334918
119.317443176304,-0.12675525348171,0.492027808024913,-0.257618068357819,0.796701683752887,0.996294710336961,KCNMB4,118.093336012409,120.541550340198
122.67141967589,0.732631276257072,0.457224338700702,1.60234531332911,0.109079270621867,0.961015869502668,KCTD1,93.187632076153,152.155207275627
821.199518429218,-0.454491464938026,0.177077857057725,-2.56661940961861,0.0102695259688362,0.615127532388437,KCTD10,949.880018433666,692.519018424769
1269.7444591759,-0.238931959375126,0.15329696182058,-1.5586216226175,0.119085962227849,0.974401534329554,KCTD12,1371.81216798674,1167.67675036506
71.8545673584161,0.0618809920874618,0.589795214237212,0.104919454403327,0.916439721786658,0.996577394764533,KCTD15,72.6874765946067,71.0216581222254
927.34643670633,-0.0972321330244482,0.183534436322347,-0.529775964515328,0.596267271752711,0.996294710336961,KCTD20,961.530936257986,893.161937154674
50.6809158962275,-0.324607895507549,0.737490721749511,-0.440151836402088,0.659827140479752,0.996294710336961,KCTD21,51.3888057339575,49.9730260584974
247.741013113397,0.0894366142986435,0.329402175277283,0.27151191161187,0.785997339534764,0.996294710336961,KCTD9,238.07893732534,257.403088901454
2526.2936052796,-0.0474200168703533,0.131387767618825,-0.360916527693244,0.718161847871938,0.996294710336961,KDELR1,2573.65121141245,2478.93599914674
3605.84568521546,-0.0909825173300838,0.10110835352324,-0.899851635989412,0.368199210914463,0.992443630108828,KDELR2,3708.08679920191,3503.60457122901
1337.35515152629,-0.0736581421229723,0.155540448480921,-0.473562618870854,0.635811837361469,0.996294710336961,KDELR3,1370.74890371664,1303.96139933593
989.371357895787,0.0543699837358035,0.176142919265187,0.308669709589338,0.757572787624993,0.996294710336961,KDM2A,970.557351585685,1008.18536420589
220.149930870634,0.0989594630424159,0.333684294567642,0.296566139472157,0.766797765193342,0.996294710336961,KDM2B,209.337816793435,230.962044947832
69.165842943155,0.0431848762638522,0.590071688276205,0.0731858130492746,0.941658255658577,0.998879356112684,KDM3B,65.2246335781028,73.1070523082071
263.610053649096,-0.644891994281307,0.360395493685448,-1.78940082653799,0.0735502863209293,0.925302691758612,KDM4A,317.732652888921,209.487454409272
490.363848591812,-0.0777386805813224,0.238269010151325,-0.326264336818079,0.744224368268645,0.996294710336961,KDM4B,504.72694265821,476.000754525413
492.4445523525,-0.0743300021884163,0.227538782793031,-0.326669595732288,0.743917798776293,0.996294710336961,KDM5A,505.070729607115,479.818375097885
360.476582012385,0.00959329423166783,0.277958529103932,0.0345134011990716,0.972467756103752,0.998879356112684,KDM5B,359.961956083727,360.991207941043
417.260160756984,0.24851127183717,0.256503175342996,0.968842867168647,0.332623594811525,0.986152964913951,KDM5C,385.206055339067,449.314266174901
37.3843199908615,-1.14963953345213,1.11717014264502,-1.02906396220922,0.303449619304458,0.986152964913951,KDM6B,50.3923843594068,24.3762556223162
40.7262115955792,-0.442590927284993,0.755570333729072,-0.585770652350274,0.558029647988117,0.996294710336961,KDM7A,44.7051536773457,36.7472695138127
27.3116239260445,-0.145115259784206,3.13457184170575,-0.0462950817886623,0.963075059272352,0.998879356112684,KDM8,19.2318095859424,35.3914382661466
485.509131860529,-0.0606592203251548,0.244956053882575,-0.247633072805105,0.804418319155217,0.996294710336961,KDR,484.114825264539,486.90343845652
1066.79868687974,-0.108638527758714,0.162387727397111,-0.66900700871959,0.503491007102639,0.994447194724684,KDSR,1110.14092801736,1023.45644574212
629.931421783141,0.0025628870513852,0.210663060670431,0.0121658113350716,0.990293326409247,0.998987745956335,KEAP1,625.708824606335,634.154018959946
20.0679298190613,-0.254804017596764,1.09395724726848,-0.23291953888782,0.815823885830972,0.996294710336961,KGD4,21.1046835965944,19.0311760415282
1625.13885549141,0.235708526018768,0.140844490992535,1.67353741958755,0.0942215464711128,0.949104594418722,KHDRBS1,1496.08970008087,1754.18801090195
170.069277095736,0.285704493061678,0.387260974298565,0.737756995987439,0.460662130088941,0.994447194724684,KHDRBS3,157.737460254733,182.401093936739
296.641342517731,0.403839629851326,0.328726309325771,1.22849804957691,0.219260061113216,0.98168489642748,KHNYN,256.265751633774,337.016933401689
526.621109707075,-0.0549965505919546,0.229379236046063,-0.239762550176558,0.810514340841571,0.996294710336961,KHSRP,535.720814413521,517.52140500063
24.4426811297805,-0.555706699567899,1.13291660072086,-0.490509803823434,0.623773194106485,0.996294710336961,KIAA0040,30.8906338657107,17.9947283938504
591.107984791177,0.0785611647107208,0.226633350719051,0.346644324242067,0.728858542264202,0.996294710336961,KIAA0319L,576.779775461966,605.436194120389
44.3845715976747,0.670035706143435,0.891804241391278,0.751325991787314,0.452456490439322,0.994447194724684,KIAA0586,35.4988866089627,53.2702565863868
80.33015315966,0.367114173377101,0.599525760154104,0.612340949757917,0.540312201796852,0.996294710336961,KIAA0753,68.4238148679178,92.2364914514022
578.016728295941,-0.0751515314636895,0.212163532530272,-0.354215121550009,0.723177671959368,0.996294710336961,KIAA0930,594.302130157911,561.731326433972
86.953060075798,-0.158184664524054,0.597459161257781,-0.264762304742372,0.791192577306564,0.996294710336961,KIAA1217,88.2993892415892,85.6067309100068
104.31380341924,-0.269566278915187,0.531534073747426,-0.507147692366527,0.612051193612192,0.996294710336961,KIAA1549,104.737841961264,103.889764877215
455.045922614646,0.0868778266231939,0.252781603195855,0.343687299727588,0.731081463357377,0.996294710336961,KIAA1549L,440.519867498286,469.571977731007
188.804934366265,-0.271687099396315,0.354729504308162,-0.765899357388365,0.443736188315587,0.994447194724684,KIAA1671,206.439477909156,171.170390823373
12.7082859778205,-1.21862851118234,1.7131001501157,-0.711358592257456,0.476862051637327,0.994447194724684,KIAA1958,12.1938171833757,13.2227547722653
1101.80789401508,0.198595953442894,0.176347091309265,1.12616517782315,0.260095609914658,0.982783504448174,KIAA2013,1011.03963185218,1192.57615617798
327.715281402354,0.097429052371415,0.278012102204834,0.350448961029874,0.726001787545984,0.996294710336961,KIDINS220,313.249495655561,342.181067149148
43.532539754001,0.287331640840207,0.734912113608823,0.39097415258166,0.695816341504686,0.996294710336961,KIF11,39.3663642472368,47.6987152607652
52.7909336174423,0.399866604572341,0.720085231996082,0.555304548412842,0.578686368289548,0.996294710336961,KIF14,50.3408700322873,55.2409972025974
59.360164185643,-0.421111799458906,0.664640326535584,-0.633593513132039,0.526346135336292,0.995949036926657,KIF18B,69.4102658036427,49.3100625676432
81.3564394992036,-0.171505755599345,0.640944615880555,-0.267582800994005,0.789020471161426,0.996294710336961,KIF1B,86.3307798243964,76.3820991740109
5128.85963036397,0.113059272104898,0.0878172255673874,1.2874384424516,0.197941512481701,0.98168489642748,KIF1C,4916.44063832236,5341.27862240558
101.629959844785,-1.21582450147074,0.542466309236378,-2.2412903451686,0.0250072739477715,0.721834516239828,KIF20A,133.841132175186,69.4187875143846
28.5120462071592,-0.200016419782977,0.955582662055893,-0.209313571421075,0.834203457963728,0.996294710336961,KIF20B,28.8677558108832,28.1563366034351
251.308239998349,0.0794579894660231,0.367698846088778,0.216095291870562,0.828913469561417,0.996294710336961,KIF2A,241.468837106474,261.147642890224
83.1076889685333,0.622054988684998,0.576609497270211,1.07881502408465,0.280670195919328,0.982783504448174,KIF3A,63.5052853686676,102.710092568399
415.105234619417,0.051715730541579,0.275454109383841,0.187747173775193,0.851074848440154,0.996294710336961,KIF3B,401.889262204188,428.321207034647
255.088003482577,0.0649249813032512,0.31347451809125,0.207114063683965,0.835920778995747,0.996294710336961,KIF3C,247.361551761084,262.81445520407
1748.87846827371,-0.121616789856929,0.149644949406385,-0.812702268532023,0.416388780273188,0.992443630108828,KIF5B,1821.1017906137,1676.65514593373
109.918645448246,0.4064595489264,0.542678160363584,0.748988219194374,0.453864306061503,0.994447194724684,KIF7,89.6976559390154,130.139634957476
135.375907285517,0.0285722765947494,0.431815508502868,0.0661677870111968,0.947244242792411,0.998879356112684,KIFAP3,137.909030634536,132.842783936499
362.699853818506,0.299766024762379,0.270379465302291,1.10868635836391,0.267565508852459,0.982783504448174,KIFBP,325.846463322046,399.553244314965
74.9650839808591,-0.153560058691948,0.555069605515724,-0.2766500942693,0.782048795626156,0.996294710336961,KIN,75.5420533684404,74.3881145932779
38.5739909611759,-2.57451904448052,1.03602046245816,-2.48500791033795,0.0129548555928393,0.62676812170277,KIRREL1,56.992410925723,20.1555709966289
85.1790591906139,-0.420744210920015,0.53306636139563,-0.789290492497891,0.429942242184657,0.994447194724684,KITLG,97.7385016478092,72.6196167334185
461.485451370376,-0.0331391870447349,0.233095954791304,-0.142169721797211,0.886945947329865,0.996577394764533,KLF10,464.739651176113,458.231251564639
108.692771440946,0.692648965912662,0.478325098756795,1.44807154739091,0.147597041937912,0.974401534329554,KLF12,85.1303991216201,132.255143760273
251.43619199512,-0.0262236719123848,0.331327152058895,-0.0791473676377825,0.936915407728418,0.998879356112684,KLF2,251.156803497371,251.715580492868
97.5457070984372,0.811476575966859,0.497345556220787,1.63161521364156,0.102760571263049,0.961015869502668,KLF3,71.8704193675822,123.220994829292
63.0187979820698,0.0749627967171343,0.6326513932434,0.118489894304704,0.905679501865379,0.996577394764533,KLF4,68.1966960098554,57.8408999542842
8.95029137104005,1.26569273418897,1.72228734545813,0.734890573008476,0.462406140048888,0.994447194724684,KLF5,7.87259967086308,10.027983071217
2188.05081078091,0.109498610666426,0.120068165125714,0.911970384087894,0.361784308062688,0.992443630108828,KLF6,2110.38295740406,2265.71866415777
478.484720798617,0.657792891206071,0.228594162942816,2.87755768886637,0.00400766625205983,0.497431535205667,KLF7,372.572513066265,584.396928530969
341.323533505931,-0.180075329893103,0.308558125735901,-0.583602617703323,0.559487698609004,0.996294710336961,KLF9,373.210891100208,309.436175911655
796.478144784489,-0.335893400908925,0.178713663525817,-1.87950598897774,0.060175436539664,0.888761578890916,KLHDC10,897.234921097332,695.721368471646
126.661950931356,0.0363731081770539,0.43379968830131,0.0838477047309213,0.933177518641552,0.997811798878269,KLHDC2,128.261510581714,125.062391280998
315.238119619854,0.238326941763499,0.312104539233427,0.763612545811938,0.445098170662945,0.994447194724684,KLHL12,284.529039698889,345.947199540819
676.872900050525,-0.0536856514429124,0.209993855432109,-0.255653439632519,0.798218450342842,0.996294710336961,KLHL13,695.282702015886,658.463098085163
68.2824882864042,0.803006822707344,0.604761043728995,1.32780844770681,0.184241395480546,0.98168489642748,KLHL2,53.2974701542918,83.2675064185166
370.978081041864,0.058838562269714,0.286062399325563,0.205684362602129,0.837037474226881,0.996294710336961,KLHL20,361.947033116736,380.009128966992
122.19717786719,1.03191345217735,0.508329812983018,2.03000773478502,0.042355753067613,0.830717880061858,KLHL24,80.9856220825802,163.4087336518
80.4010342294119,-0.271128109865815,0.565654162619767,-0.479317801905874,0.631712559652312,0.996294710336961,KLHL26,87.6067959412522,73.1952725175717
372.643893526899,0.245384506477238,0.260020459661234,0.94371230170478,0.345316685940629,0.988142440035739,KLHL36,334.567792414932,410.719994638865
106.050917377313,0.327960905499901,0.49145717442834,0.667323466955963,0.504565539896111,0.994447194724684,KLHL4,93.9004612322733,118.201373522353
1126.29997922287,-0.0110031038788539,0.158368599792529,-0.0694778124784118,0.944609293045993,0.998879356112684,KLHL42,1146.15591183016,1106.44404661557
649.768954283816,0.0982911648008386,0.236407632706191,0.415769844973641,0.677578426712309,0.996294710336961,KLHL5,629.910172125929,669.627736441703
25.8717804579041,-0.884828253029184,0.970107319181238,-0.912093162822408,0.361719677235478,0.992443630108828,KLHL6,28.8705084960536,22.8730524197546
146.281686441068,0.153323191445299,0.421261161095341,0.363962324574705,0.715886143288771,0.996294710336961,KLHL7,143.031062118381,149.532310763755
154.285380721557,-0.0571721867664897,0.399896347966973,-0.142967514099958,0.886315837581928,0.996577394764533,KLHL8,152.44881637154,156.121945071575
444.460749022329,-0.357582193947354,0.236467637328663,-1.51218237720351,0.130487472914854,0.974401534329554,KLHL9,498.69565704795,390.225840996707
56.4665038322506,0.522648594045162,0.662321097917166,0.789116631930889,0.430043841942781,0.994447194724684,KLRG1,43.9179893913456,69.0150182731557
107.742050460407,0.0875171740349601,0.542784573640929,0.161237401144079,0.871906424629213,0.996577394764533,KMT2C,102.221908614785,113.262192306029
126.249788866664,-0.0248241606146699,0.495750194554018,-0.0500739301514586,0.960063474394363,0.998879356112684,KMT2D,123.927491200472,128.572086532856
118.682042248111,-0.0415447552396125,0.55999359202644,-0.0741879118460536,0.940860864294126,0.998879356112684,KMT2E,113.149269646361,124.214814849861
268.781237004788,0.367773912574826,0.321369350832872,1.14439635149304,0.25245930063276,0.98168489642748,KMT5B,252.180753975404,285.381720034172
27.9015421644218,1.10025282134465,1.12357673081414,0.979241373704322,0.327460730194519,0.986152964913951,KNL1,29.5040029907905,26.299081338053
210.04405357269,-0.525268045260445,0.338152084433394,-1.55334853588315,0.120339890723441,0.974401534329554,KNOP1,254.587685704943,165.500421440437
219.210530133771,-0.364035420145105,0.329284649206285,-1.10553413595983,0.268928211434117,0.982783504448174,KNSTRN,248.819828700683,189.601231566859
503.216948167085,-0.0768649023743589,0.227212034324269,-0.338295912023128,0.73514020404599,0.996294710336961,KPNA1,516.677412852594,489.756483481576
1965.98156720187,0.161345867838475,0.122544260152613,1.31663341585758,0.18796153225583,0.98168489642748,KPNA2,1867.02849553767,2064.93463886608
646.072535046251,-0.421594387386998,0.20136136408444,-2.09372035844078,0.0362848982909376,0.785555962274654,KPNA3,738.984113073234,553.160957019268
737.797015693517,-0.107243383892921,0.199715828890419,-0.536979890320883,0.591281504909863,0.996294710336961,KPNA4,750.361003520213,725.233027866821
2570.48132765862,0.167550416469806,0.119077691817201,1.40706805710524,0.159407208949042,0.974401534329554,KPNA6,2426.61457904349,2714.34807627376
2532.65786412862,-0.101181650635357,0.11932654386977,-0.8479391705653,0.396471848406785,0.992443630108828,KPNB1,2631.45708831884,2433.8586399384
443.596867946789,-0.107412923746181,0.282970879843152,-0.379590026386174,0.704249765444309,0.996294710336961,KRAS,461.657354210539,425.536381683039
29.6999812062735,0.170809344516695,0.902719940822667,0.189216319250722,0.849923277783609,0.996294710336961,KRBA2,26.9500340136405,32.4499283989065
26.8316304256224,-0.598780472856207,0.919283285523748,-0.651355770615432,0.514816854775847,0.994447194724684,KRBOX4,29.2140440859977,24.4492167652471
171.234323170316,-0.105535376633281,0.372866139658137,-0.283038241901078,0.777147522260774,0.996294710336961,KRI1,177.353201648143,165.115444692489
157.855449592459,1.15568752370793,0.422732669726362,2.73384956136939,0.00625986378395492,0.560424063446575,KRIT1,98.4293960642499,217.281503120669
217.440768459769,-0.0167536501144551,0.356851548769307,-0.0469485145075992,0.96255426171204,0.998879356112684,KRR1,216.735512547596,218.146024371943
229.592575306531,-0.395925080572329,0.340267626598476,-1.16356964231431,0.244598459960907,0.98168489642748,KRT80,255.918141448317,203.267009164745
370.927266096181,0.0161874419423634,0.303932241673277,0.0532600353725046,0.95752472213473,0.998879356112684,KSR1,360.960287202879,380.894244989482
216.41177564079,-0.24273845709165,0.352415697042958,-0.68878446428015,0.490958913632128,0.994447194724684,KSR2,235.575557739319,197.247993542262
773.74713056342,0.475777054884904,0.184077846889845,2.58465134682728,0.00974775124777964,0.60922635085547,KTN1,644.878157619683,902.616103507157
65.0545969363965,0.548804176275957,0.631456728993174,0.869108128994045,0.38478799085518,0.992443630108828,KYAT1,52.6203694132294,77.4888244595635
129.469179590445,0.177589995845355,0.440461056455975,0.403191140833822,0.686807616455328,0.996294710336961,KYAT3,121.103814299076,137.834544881814
280.432019552157,0.345437017701239,0.311222047296247,1.10993748901222,0.267025964425076,0.982783504448174,L3HYPDH,250.568535388124,310.29550371619
262.278459628694,-0.074616121350606,0.306563721115942,-0.243395144992993,0.807699304481097,0.996294710336961,L3MBTL2,252.273791693359,272.283127564029
116.713389452422,0.521656039968877,0.478001630141122,1.09132690575734,0.275129062703007,0.982783504448174,L3MBTL3,93.1418863524081,140.284892552436
222.870051453132,-0.0296142176644664,0.333648058594605,-0.0887588490375388,0.92927356227043,0.997480238800445,LACTB,225.614864255281,220.125238650983
9.57291827926982,-2.53439604583541,1.94988247712286,-1.29976861455518,0.193680285494929,0.98168489642748,LACTB2,8.94604361514992,10.1997929433897
13.3472861736767,-2.08112060183732,1.4417562412155,-1.44346217643753,0.148890319960573,0.974401534329554,LAMA3,18.4588143235295,8.23575802382394
1881.84880834699,0.0131819359091929,0.163166964459774,0.0807880195163074,0.935610535965904,0.998549332304589,LAMA4,1886.13602893591,1877.56158775806
420.340230242307,0.0304269675340586,0.276142270553723,0.110185838166124,0.912261993389157,0.996577394764533,LAMA5,434.540293576431,406.140166908183
1637.03412133906,0.0678055492446192,0.130588420312263,0.519230947755417,0.603599700132383,0.996294710336961,LAMC1,1595.26119690779,1678.80704577033
1273.71780786376,0.133672820453834,0.154154601809159,0.867134804183912,0.385868152831576,0.992443630108828,LAMC2,1275.43351118232,1272.00210454521
7396.91704087092,-0.0547579944607419,0.0888810454182227,-0.61608180015303,0.537840533264787,0.996294710336961,LAMP1,7513.83659051169,7279.99749123015
1478.21485753303,-0.00260440293326427,0.178337955524941,-0.0146037500856066,0.988348307436816,0.998987745956335,LAMP2,1476.35367171939,1480.07604334667
1882.77360487905,-0.367376285830943,0.152930462727788,-2.40224399559205,0.0162948356367121,0.667120754755207,LAMTOR1,2088.1306067187,1677.4166030394
205.213162174913,0.781179295360968,0.408124566171404,1.91407075219503,0.0556111160465434,0.869042076164583,LAMTOR3,152.511120329907,257.91520401992
125.361896935472,0.479260204887072,0.475016155292446,1.00893453737802,0.313006030186118,0.986152964913951,LANCL1,106.948276973815,143.775516897129
104.252860900305,-0.304431810920881,0.503818576385443,-0.604248880827247,0.545678187105726,0.996294710336961,LANCL2,114.971115297706,93.5346065029039
167.459334885573,0.296345875752079,0.410235245076798,0.722380339837942,0.470060670873959,0.994447194724684,LAP3,149.529154329987,185.389515441158
6529.79534172744,0.078944332922242,0.0954664020102558,0.826933154071955,0.408274950532025,0.992443630108828,LAPTM4A,6352.93392257413,6706.65676088075
631.743866957231,0.111012481114428,0.208098624884219,0.533460906703214,0.593714565688989,0.996294710336961,LAPTM5,611.908840543113,651.57889337135
1172.08806588528,-0.151704628492429,0.151549372768516,-1.00102445639383,0.316814984902079,0.986152964913951,LARP1,1252.08745282891,1092.08867894165
25.0372925223194,-3.67432014827264,1.27495591882508,-2.88191936208953,0.00395260873133037,0.497431535205667,LARP1B,34.4736563441879,15.6009287004509
362.755006350139,0.387554805983138,0.262746088976809,1.47501645977819,0.140208118274431,0.974401534329554,LARP4,314.74165976162,410.768352938659
530.943958131654,-0.0645894888429269,0.258785971963149,-0.249586514883134,0.802907128175695,0.996294710336961,LARP4B,542.039862332565,519.848053930743
508.123781099564,0.100704672472659,0.226757479130655,0.44410739111557,0.656964943018743,0.996294710336961,LARS1,489.466294069699,526.781268129429
64.3854991714363,-0.223173113091361,0.62893226724087,-0.354844431929726,0.722706139691622,0.996294710336961,LARS2,71.8973115151656,56.8736868277069
8291.48116720305,-0.144806766000144,0.0743965949404096,-1.94641658151333,0.0516047193845542,0.869042076164583,LASP1,8716.74356226262,7866.21877214348
20.140210479629,2.62139490229679,1.56408038219085,1.6759975587859,0.0937386707844083,0.949008468006587,LAT,7.35262523279116,32.9277957264667
660.453562111233,-0.191351716431409,0.203174562686909,-0.941809416990263,0.346290223003796,0.988142440035739,LATS2,704.111340343194,616.795783879272
200.587092000448,0.299849629708148,0.365834065122422,0.819632883580173,0.412425421725794,0.992443630108828,LBR,197.90106334502,203.273120655877
224.117554151503,0.170937416134693,0.400212490349561,0.427116644923774,0.669294369973543,0.996294710336961,LCOR,201.993684225007,246.241424077999
19.8653030770102,0.694830649270249,1.40373782012974,0.494986057443426,0.620609962375545,0.996294710336961,LCORL,14.7361352132565,24.9944709407639
115.572240092478,-0.817054166971694,0.55086150239858,-1.48322974724872,0.138013380280771,0.974401534329554,LDAF1,150.488386265126,80.656093919831
76.2251572427053,-0.0341861217986191,0.622181349394716,-0.0549455907540089,0.956181810545062,0.998879356112684,LDAH,77.96732795927,74.4829865261405
160.758754871685,-0.954450423602911,0.420037715307252,-2.27229696005927,0.023068580300827,0.714845395677829,LDB1,208.042315517214,113.475194226156
96.7318633085778,-0.347203885282102,0.571449007341173,-0.607585070271739,0.543462705223181,0.996294710336961,LDB2,110.533921646835,82.9298049703209
383.219901787408,0.478489100401647,0.263965337772089,1.81269671404652,0.0698786115855941,0.904997639926701,LDLR,328.767028176788,437.672775398028
234.59951826308,-0.251979258024864,0.327883679011459,-0.768501984559156,0.442189012086702,0.994447194724684,LDLRAD3,255.341316676323,213.857719849837
430.926872166396,0.294854822694422,0.250617635577372,1.17651266645755,0.239390073860103,0.98168489642748,LEMD2,382.608466616173,479.245277716619
216.978120280439,-0.0560555580871858,0.357236616523641,-0.156914368500845,0.875312335714288,0.996577394764533,LEMD3,224.154422464771,209.801818096107
2456.48000013257,-0.0488424111524976,0.111256887091073,-0.439005731955416,0.66065738302623,0.996294710336961,LEPROT,2503.9709103349,2408.98908993023
788.185963201637,-0.267831347350007,0.183713853386933,-1.45787235100833,0.144875730974818,0.974401534329554,LEPROTL1,857.327916211445,719.04401019183
627.862551802973,0.46588459554759,0.204269463874341,2.2807353909451,0.0225641095990538,0.714845395677829,LETM1,526.521532115285,729.203571490661
35.6105928946838,1.64412930489975,1.04578489803441,1.57214863973456,0.115916083425111,0.974401534329554,LETM2,31.7850286414009,39.4361571479666
304.189232702963,0.18484210361657,0.28698125684134,0.644091205296943,0.519516293003377,0.994447194724684,LGALS3,286.457815985758,321.920649420168
138.991246987566,-0.840019800962968,0.462163005256592,-1.81758338813075,0.0691278325115884,0.904997639926701,LGALS8,171.933774021761,106.04871995337
56.686760410365,-1.33135784105928,0.732013759870138,-1.81876067643245,0.0689479501600721,0.904997639926701,LGALSL,78.9510127104062,34.4225081103237
110.166261803687,-0.328421724072614,0.515369009277853,-0.637255477454507,0.523958446525814,0.995460348195308,LGR4,120.135290378177,100.197233229197
527.78472572694,0.154799884210192,0.218010616494836,0.710056632557884,0.477669017871978,0.994447194724684,LHFPL2,502.776824968388,552.792626485491
272.26933486191,0.123458628267414,0.347734040111977,0.355037511506374,0.722561489332017,0.996294710336961,LHFPL6,260.754129508072,283.784540215748
12.9452491180822,-0.441353705495376,1.55024443151138,-0.284699429666771,0.775874427632486,0.996294710336961,LIAS,15.2189353366794,10.6715628994849
55.8720689691564,2.00404734808553,0.776095083941769,2.58221884090157,0.00981673140276297,0.60922635085547,LIFR,35.4555149714895,76.2886229668232
116.877339961878,1.14388789855804,0.515734477181866,2.21797833801727,0.0265563094412544,0.722700907616249,LIG3,73.3399702808963,160.414709642859
2245.84480358078,-0.0982590365462741,0.115486888521063,-0.850824174108328,0.39486703086956,0.992443630108828,LIMA1,2317.88111464541,2173.80849251615
164.090634167389,-0.207748351950762,0.377421436225411,-0.550441315756869,0.582016717265045,0.996294710336961,LIMCH1,178.130489364813,150.050778969964
277.984745599684,0.0956191672670791,0.305471009882275,0.313022068129901,0.754263896113816,0.996294710336961,LIMK1,270.646695433783,285.322795765585
259.05978690246,0.506058332077069,0.309289554398628,1.63619600106131,0.101798573112337,0.961015869502668,LIMK2,214.48828019395,303.63129361097
3824.90481054398,-0.0707270958513505,0.102317120269771,-0.691253777128113,0.489406074065275,0.994447194724684,LIMS1,3918.08706174501,3731.72255934296
138.903224366643,0.302737806486724,0.413379654994227,0.732348103805332,0.463956125573882,0.994447194724684,LIN52,125.843830718093,151.962618015193
64.1893726747331,0.430360365125296,0.598268093874654,0.719343668050369,0.471929196262266,0.994447194724684,LIN54,56.409959915056,71.9687854344102
49.0226988235354,0.0265209810977899,0.692267439116617,0.0383103113034358,0.9694402695915,0.998879356112684,LIN7A,53.163791361231,44.8816062858399
422.016526396673,-0.0390166285937202,0.274110826858037,-0.142338881834562,0.886812335909877,0.996577394764533,LIN7C,429.664609875019,414.368442918326
1595.53264913766,0.331356972645512,0.135876411018991,2.43866444631953,0.0147416496851655,0.650593284178309,LIPG,1424.65259374206,1766.41270453326
122.037504722281,0.229068162480063,0.479734054964751,0.477489892805075,0.633013316343368,0.996294710336961,LITAF,112.074912640157,132.000096804405
750.145958763982,0.0428062018394959,0.1857224219749,0.230484835295121,0.817715045993119,0.996294710336961,LIX1L,741.493981212862,758.797936315103
488.409787980719,-0.14243161788299,0.251884556626292,-0.565463876748537,0.571758287754504,0.996294710336961,LLPH,513.606376361318,463.21319960012
589.25651750646,-0.104543949770954,0.243191909726752,-0.429882514958736,0.667281105164155,0.996294710336961,LMAN1,606.927687230532,571.585347782388
2049.33966938186,-0.221462509186235,0.127198116325795,-1.74108324543894,0.0816689877538987,0.941807879236941,LMAN2,2197.56852798021,1901.11081078352
196.6700018013,0.574447384883451,0.412581715275881,1.392323904852,0.163824335849764,0.977539653561902,LMAN2L,157.995936328864,235.344067273737
160.97196008999,-0.0845325056780247,0.433293068550102,-0.195093140910123,0.84532003216963,0.996294710336961,LMBR1,155.845744541993,166.098175637987
230.587955307448,0.70358989007454,0.33106969480922,2.12520173578553,0.0335697832731354,0.763767305220832,LMBRD1,176.873234579968,284.302676034927
137.409395501047,0.022428378663107,0.487709361729195,0.0459871809382256,0.96332046722985,0.998879356112684,LMBRD2,135.737767049352,139.081023952742
91.6628308526328,-0.21080735642159,0.534773196239823,-0.394199555818897,0.693433713603084,0.996294710336961,LMCD1,99.4826160268269,83.8430456784387
186.633015889126,-1.07025684084051,0.47436724075246,-2.25617780676175,0.0240594978673534,0.721834516239828,LMF1,237.165012145769,136.101019632483
701.805716981117,-0.119359483137572,0.190689158288879,-0.625937437705568,0.531355977461699,0.996294710336961,LMNA,732.178669405028,671.432764557206
52.5835597553881,0.708910811956417,0.65992475858827,1.07422975533292,0.282719719319087,0.982783504448174,LMNB1,41.2574015069117,63.9097180038645
844.94639726432,0.00159920676097976,0.180654978550693,0.00885227063106378,0.99293700218147,0.998987745956335,LMNB2,851.439545756988,838.453248771653
333.051312068094,0.349204498747738,0.309884948086384,1.12688435144773,0.259791380387614,0.982783504448174,LMO4,295.721873448817,370.380750687372
205.058269861203,-0.0883924698618972,0.366121343838342,-0.241429436850658,0.809222300095909,0.996294710336961,LMO7,213.872650719414,196.243889002991
37.8084835150356,0.853668334191532,0.979194926898408,0.871806328588241,0.383314041530232,0.992443630108828,LMTK2,31.5088617866415,44.1081052434297
516.570138774905,0.164537448717543,0.238463081210629,0.689991288723688,0.490199665567174,0.994447194724684,LNPEP,510.914879981063,522.225397568746
255.251781840651,0.341201398652148,0.316063284368601,1.07953506631991,0.280349270379777,0.982783504448174,LNPK,225.866424055268,284.637139626034
28.3882140740466,0.296741182447876,0.925111424983707,0.320762639433517,0.748390273896574,0.996294710336961,LOC107985567,24.1880478628602,32.5883802852329
139.838293491465,0.0477964348534647,0.409752099378456,0.116647199430988,0.907139633265331,0.996577394764533,LOC124900275,139.495338632153,140.181248350777
39.6728022722925,0.295171304948233,0.779933607942342,0.378456963442014,0.705091158578792,0.996294710336961,LOC124904077,44.6389326129306,34.7066719316544
12.7826738965748,-0.16413402925604,1.37149826216007,-0.119674981576378,0.904740619707381,0.996577394764533,LOC124905135,13.8477150256116,11.717632767538
152.649109211999,0.217983021308231,0.402772781768547,0.541205938373201,0.588365644845502,0.996294710336961,LOC128125822,140.479638216386,164.818580207612
14.7359493999477,1.24194786427326,1.5208422959807,0.816618440686123,0.414146513354996,0.992443630108828,LOC728743,14.5024404334713,14.9694583664241
429.213119074832,-0.57774990506819,0.271796084212182,-2.12567413082067,0.0335304023682873,0.763767305220832,LONP2,515.556874275384,342.86936387428
2666.96268133832,0.232591528930043,0.121701426882264,1.91116517602587,0.0559833575441451,0.869042076164583,LOX,2486.48702274311,2847.43833993354
5496.8849343599,0.0349018123198377,0.0973558146955272,0.358497460362182,0.719971068101029,0.996294710336961,LOXL2,5427.34124741338,5566.42862130641
16.1247604538281,-4.35455444450471,1.73436087629931,-2.51075454019479,0.0120473433445373,0.62676812170277,LOXL4,30.9429690105968,1.3065518970595
53.0228733308486,-0.333511051164897,0.72337564361132,-0.461048217631304,0.644764011741556,0.996294710336961,LPAR1,57.6841531587669,48.3615935029304
957.394288503432,-0.0726431315755802,0.181610226507716,-0.399994719308904,0.689160406225162,0.996294710336961,LPCAT2,977.464823478097,937.323753528767
365.085601752284,-0.0235216176695463,0.276717547322637,-0.085002262766233,0.932259591795009,0.997480238800445,LPGAT1,370.961202664868,359.2100008397
508.587628660759,0.350907305864017,0.225213092842941,1.55811237008646,0.119206612836926,0.974401534329554,LPIN1,445.196822761138,571.978434560381
46.9228132636451,-0.394317617885266,0.851740818556278,-0.462954938045172,0.643396667286727,0.996294710336961,LPP,41.8071130218881,52.0385135054021
288.674562872659,0.00590573999465954,0.312959479128686,0.0188706218808319,0.98494431570963,0.998987745956335,LPXN,289.738536659689,287.610589085629
53.8451782706494,0.779540437773963,1.00488134819595,0.775753713782687,0.437894418145256,0.994447194724684,LRATD2,60.8921555912932,46.7982009500057
114.666774169913,0.176548879946691,0.449828872252536,0.392480098181816,0.694703513526312,0.996294710336961,LRBA,109.388660648986,119.94488769084
48.0855303662726,-0.345045177648622,0.787819001691379,-0.437975190885012,0.661404267801754,0.996294710336961,LRCH2,53.1042384626895,43.0668222698558
183.576701870798,-0.416511132819772,0.357470124357418,-1.16516347644012,0.243952826635407,0.98168489642748,LRCH3,211.213445114602,155.939958626994
174.109080985604,-0.333873091557378,0.441995735799495,-0.755376272925933,0.450023245620266,0.994447194724684,LRCH4,183.083504113511,165.134657857697
61.6380957882228,0.386130539627175,0.688845974043465,0.560546993343988,0.575106395301301,0.996294710336961,LRIF1,57.3652914942545,65.910900082191
54.7278046657788,-0.652482182099208,0.684475882029646,-0.95325810482092,0.340459312879082,0.987678078249577,LRIG2,56.2989061888135,53.1567031427441
2541.10495560845,-0.0430196549195302,0.110248981608216,-0.390204556014912,0.696385292919125,0.996294710336961,LRP10,2576.32845090434,2505.88146031256
142.621095868353,0.203643542285973,0.42827783767315,0.475494000325526,0.634434908584446,0.996294710336961,LRP11,132.739177569497,152.503014167209
482.288451746251,-0.414620626403785,0.23946227721194,-1.7314653114938,0.0833688066308951,0.941807879236941,LRP12,548.981643609507,415.595259882996
98.2873583266787,0.107092611990534,0.540298809690538,0.198209972092799,0.842880785669918,0.996294710336961,LRP5,95.3306347335499,101.244081919808
184.561750113077,-0.253772805207377,0.359906298699254,-0.705107985396597,0.480743037451034,0.994447194724684,LRP8,201.065275042919,168.058225183236
1079.58936399125,0.259350639969297,0.159690632299676,1.62408174001465,0.10435836451159,0.961015869502668,LRPAP1,968.867928192146,1190.31079979035
298.540987414683,-0.111143836619553,0.289266613269122,-0.384226286481769,0.700810737043923,0.996294710336961,LRPPRC,310.477619436032,286.604355393334
34.2923559681208,-1.11212028123995,0.817272606419351,-1.36077028950278,0.173586293763045,0.98168489642748,LRRC1,48.4698356448883,20.1148762913533
204.297218664188,0.0389714382482764,0.34211646655876,0.113912781341037,0.909306933477073,0.996577394764533,LRRC14,202.284428951779,206.310008376596
163.232107657728,0.0195191052701547,0.378839886324668,0.0515233637606646,0.958908484984986,0.998879356112684,LRRC17,163.343153178022,163.121062137434
12.3417363096267,3.78693676740261,1.60480942510106,2.3597423520641,0.0182876313119767,0.703760644228735,LRRC27,2.9123671685096,21.7711054507438
62.8568294310547,-0.694472163778129,0.624810212453053,-1.11149297808622,0.266356210882305,0.982783504448174,LRRC28,79.8399808604881,45.8736780016213
125.841548778456,-0.246428742153236,0.501511939808318,-0.491371635633287,0.623163621928119,0.996294710336961,LRRC3,136.693019883818,114.990077673094
337.29155019877,-0.595129217772718,0.275455115139023,-2.16053064570014,0.0307316138496358,0.742691457963059,LRRC32,404.10238303125,270.48071736629
23.4969332720713,1.68954539808862,1.3632385502033,1.23936151734901,0.21521164613415,0.98168489642748,LRRC37B,10.0834116569677,36.9104548871749
178.893894301207,1.01168765902938,0.440325562603201,2.29759011275269,0.0215851289197224,0.714845395677829,LRRC40,121.448278075701,236.339510526714
23.1067372790976,-2.3724839064123,1.15869334016783,-2.04755117179552,0.0406039979368559,0.81814419219522,LRRC49,29.7765558443578,16.4369187138373
16.3655159674374,-1.15203913356959,1.15706936419252,-0.995652611002757,0.319418962775499,0.986152964913951,LRRC51,22.5057181039542,10.2253138309206
183.249000534642,-0.321938542249274,0.359341453202891,-0.895912618429527,0.370299434286717,0.992443630108828,LRRC57,204.05268279321,162.445318276074
281.153255956479,-0.144939286355316,0.311575465328169,-0.465181962266053,0.641801154810688,0.996294710336961,LRRC58,294.608314765719,267.698197147238
1853.45018844769,0.047603525328999,0.145441650387415,0.327303253244149,0.743438532100043,0.996294710336961,LRRC59,1826.46647888917,1880.43389800621
8.48881026084323,0.133108733468005,2.08557853352296,0.0638234098253579,0.949110837912176,0.998879356112684,LRRC75A,9.53967635538142,7.43794416630504
1892.90971435061,0.036172709378805,0.136059986433438,0.265858540243947,0.790348156371249,0.996294710336961,LRRC8A,1872.18786432809,1913.63156437313
116.501056661318,-0.866249446709247,0.514925753833926,-1.68228029042927,0.0925145011841652,0.948038963233236,LRRC8B,150.580975262834,82.421138059802
520.946427055455,0.0209574944711954,0.223498930026558,0.0937699991167971,0.92529186388734,0.996596129250316,LRRC8C,519.413233804062,522.479620306847
110.173093968752,-0.496848572760015,0.481527727734019,-1.03181716055707,0.302157778652879,0.986152964913951,LRRC8D,127.620825332158,92.7253626053452
102.74007818148,-0.115211835847982,0.480003261982191,-0.240023026869047,0.810312405459663,0.996294710336961,LRRC8E,107.773934234117,97.706222128842
502.47510920759,0.106223696693439,0.223170477227508,0.475975577115208,0.634091777500214,0.996294710336961,LRRFIP1,484.599657496467,520.350560918713
288.748024955194,0.00688440972639259,0.298986208468097,0.0230258437727477,0.981629658062286,0.998987745956335,LRRFIP2,283.020474847672,294.475575062716
85.7875286516469,-0.313596494620245,0.527702835437211,-0.594267215487719,0.552333402563964,0.996294710336961,LRRK1,98.0131939787959,73.5618633244978
261.054495558235,0.281325202026888,0.33489428521684,0.840041811536835,0.400884943721437,0.992443630108828,LSG1,237.92212275059,284.186868365881
106.293580375893,-0.474087791944052,0.481068783302191,-0.985488579595168,0.324384138402829,0.986152964913951,LSM11,122.742066968607,89.8450937831797
609.551930966465,0.0693839340673388,0.205703175220225,0.337301230246236,0.735889832386178,0.996294710336961,LSM3,588.058648660283,631.045213272647
593.531570882146,0.0861270986341119,0.236604328540293,0.364013199443411,0.71584815286337,0.996294710336961,LSM4,576.221812392858,610.841329371434
548.831894433633,-0.318031195706146,0.247915455034474,-1.28282117652537,0.199554733239772,0.98168489642748,LSM5,612.966780054052,484.697008813215
130.475547044151,-0.139572186791292,0.456464557047086,-0.305767851274583,0.759781407810385,0.996294710336961,LSM6,136.42905356411,124.522040524192
97.7332158395918,-0.0154871069155769,0.655145562546147,-0.0236391846346147,0.981140416057081,0.998987745956335,LSM8,100.154876351195,95.3115553279884
724.656176995096,-0.392252222526858,0.206527044774117,-1.89927775781556,0.0575279657044129,0.874751194184612,LTA4H,824.328224103161,624.98412988703
1652.10090150887,-0.090214677144397,0.15595841723568,-0.578453402794332,0.562958048421524,0.996294710336961,LTBP1,1705.49098362821,1598.71081938953
2980.35970992835,0.051217151615269,0.119891023835139,0.427197549715627,0.669235445877474,0.996294710336961,LTBP2,2920.98432928009,3039.73509057661
530.347064254602,-0.0532305664877861,0.238189367399074,-0.223480027966996,0.823161925464247,0.996294710336961,LTBP3,540.23068805932,520.463440449884
387.275723675421,0.301629621664134,0.32506010353236,0.927919539760148,0.353449307833771,0.990443880456887,LUC7L3,348.88220829832,425.669239052521
65.896100347679,0.278472477098879,0.703716293314333,0.395716966829547,0.692313837393049,0.996294710336961,LURAP1L,59.6569779108293,72.1352227845287
635.247556642179,0.283184402663718,0.203842663193116,1.38923029275494,0.164762732944416,0.977539653561902,LUZP1,570.219474786833,700.275638497526
58.4765291533851,1.98428197007053,0.934842457801726,2.12258434938498,0.0337886975806131,0.763767305220832,LY75-CD302,46.6375940859576,70.3154642208127
102.857394129533,1.36285886480488,0.501378342279272,2.71822444226312,0.00656333000270909,0.571214847367318,LYN,60.8799550562421,144.834833202824
1300.12455706488,-0.1035020851778,0.161738912376241,-0.639933109832166,0.522216087255338,0.995460348195308,LYPD1,1355.9959325374,1244.25318159235
123.415943791749,0.180312227342197,0.501343619197584,0.3596579679837,0.719102928103437,0.996294710336961,LYPLAL1,110.86175006945,135.970137514048
495.541871904196,0.229727119030889,0.232520244446744,0.987987603305249,0.323158719496887,0.986152964913951,LYRM2,457.905487611144,533.178256197249
447.957136583063,-0.142547907614558,0.256805324222519,-0.555081589706611,0.578838854711304,0.996294710336961,LYRM4,466.571462390249,429.342810775876
387.495488453529,0.0114948156969995,0.266566673524081,0.0431217284030108,0.965604498646613,0.998879356112684,LYRM7,396.235120992535,378.755855914524
33.6015161551955,-2.40475330478386,1.06590802379437,-2.25606079614968,0.024066823914726,0.721834516239828,LYRM9,50.9476934888747,16.2553388215162
155.767533331633,0.186349870831313,0.403433168148133,0.46191013913583,0.644145762727644,0.996294710336961,LYSMD2,146.193003848233,165.342062815033
194.340341989277,-0.257349411555245,0.347815924027051,-0.739901176966324,0.459359960220892,0.994447194724684,LYSMD3,211.935616377034,176.74506760152
275.967791452135,-0.265202633709923,0.328976390562985,-0.806144882482526,0.420159314977278,0.992443630108828,LZIC,296.077267596045,255.858315308225
107.962625261835,0.191861218290559,0.497977115399882,0.385281195374795,0.700029092122984,0.996294710336961,LZTFL1,94.0351970772979,121.890053446372
250.639174702742,0.115805885050565,0.315829747822349,0.366671872580237,0.713863789804639,0.996294710336961,LZTR1,239.732144840438,261.546204565047
414.756997094744,-0.190758439424523,0.263214798905294,-0.724725358216499,0.468620535073927,0.994447194724684,M6PR,442.286077357137,387.227916832351
2053.70178772642,-0.0819834839666353,0.128864431685362,-0.636199476414157,0.524646414390978,0.995460348195308,MACF1,2120.5431445214,1986.86043093143
420.845963629035,0.172706168265965,0.313950901332839,0.550105661531032,0.58224690373704,0.996294710336961,MACIR,401.904171675465,439.787755582604
198.101375471993,-0.839950111228681,0.370773038218793,-2.26540234765676,0.0234880004083617,0.714845395677829,MACO1,254.518961688974,141.683789255012
1310.90598597943,0.0751667282517665,0.152409416382622,0.493189528808779,0.621878675930988,0.996294710336961,MACROH2A1,1281.46924573739,1340.34272622148
106.867169926946,0.32396844393563,0.471503292989565,0.687096885117193,0.492021676985334,0.994447194724684,MAD2L1,97.5759972144163,116.158342639475
407.752172869863,-0.227709783596059,0.262653250014097,-0.866959702892837,0.385964089453939,0.992443630108828,MAD2L2,437.565118873608,377.939226866119
236.818913901482,0.382819761979825,0.318904902436163,1.20041980871227,0.22997633951381,0.98168489642748,MAFB,202.85176925276,270.786058550205
1002.70714789266,0.279384265979148,0.164817852122737,1.69510925170348,0.0900546974963367,0.94617021594231,MAFF,909.071139410745,1096.34315637457
1363.76569198168,-0.0780571421910507,0.147798017375107,-0.528133892303467,0.597406408682277,0.996294710336961,MAFG,1400.04004586642,1327.49133809694
981.380473265474,0.0946841199203858,0.164525027773487,0.575499795999088,0.564953328583867,0.996294710336961,MAFK,944.213780805186,1018.54716572576
363.588399323576,-0.558170893225211,0.272314476584132,-2.04972904939471,0.0403908786095382,0.816500953259916,MAGEH1,427.509098831454,299.667699815697
215.007756329203,-0.287409360155303,0.337444920361302,-0.851722289514905,0.394368246361119,0.992443630108828,MAGI1,233.902426096678,196.113086561727
189.913564116994,0.208325685175154,0.352801370503752,0.590490011072501,0.554862180644816,0.996294710336961,MAGOHB,172.378642632738,207.44848560125
1342.51808085044,0.104587051625389,0.146590360031978,0.71346472989475,0.475558230700967,0.994447194724684,MAGT1,1301.40137059081,1383.63479111007
129.137225064316,0.0222035009068327,0.48453666631552,0.0458241913365836,0.963450377162608,0.998879356112684,MAIP1,128.285663543545,129.988786585087
118.240101026579,0.395926000683735,0.456757966876292,0.866817941658295,0.38604176999021,0.992443630108828,MAK16,102.148015703773,134.332186349386
71.7423877568899,0.0582494527337794,0.628872521569659,0.09262521534315,0.926201310912735,0.996879177163446,MAL2,69.6126988621999,73.87207665158
494.969779875857,0.323847402198865,0.229275403722895,1.41248209332681,0.157808059563983,0.974401534329554,MALSU1,441.835294527395,548.104265224319
22.6670654234007,2.38294814985473,1.58716560420595,1.50138595716791,0.133255763894943,0.974401534329554,MALT1,36.3419245469982,8.99220629980319
110.407586225445,0.377904222847737,0.535414692596971,0.705815936829738,0.480302609953005,0.994447194724684,MAML2,97.545489440296,123.269683010594
58.1226599320479,-0.627383746309005,0.655032150083117,-0.957790768330067,0.338168275231214,0.986983139323132,MAML3,68.9497655193799,47.295554344716
110.421473116613,-0.600977538713543,0.533612993260776,-1.12624232599944,0.260062962386614,0.982783504448174,MAMLD1,126.340657500402,94.5022887328251
59.8415109465449,0.597392281548659,0.678958669302065,0.879865459502489,0.378932198215016,0.992443630108828,MAN1A1,50.9144346549289,68.7685872381608
284.343327492353,0.428307581112305,0.33015654820891,1.29728634320858,0.194532681575745,0.98168489642748,MAN1A2,247.69779410333,320.988860881376
425.817651727902,0.468544080967066,0.253937559580112,1.8451153178829,0.0650207654135678,0.896708600348004,MAN2A1,361.131126811171,490.504176644634
157.043658916739,0.490326277693769,0.387460807510747,1.26548612966531,0.205697117421828,0.98168489642748,MAN2A2,131.132501600123,182.954816233355
238.853880502658,0.200411921042842,0.358941306898881,0.558341760034045,0.576611034020418,0.996294710336961,MAN2B2,223.108574494625,254.599186510691
68.8007328850435,-1.06888793065801,0.66100532383763,-1.61706402673479,0.105864460960818,0.961015869502668,MANEA,94.6184036604173,42.9830621096697
3096.04352722779,0.212312612868793,0.120955387947273,1.75529686169371,0.0792085430190762,0.93454033835815,MANF,2874.34931214416,3317.73774231143
222.144407817829,-0.353709556756814,0.331224030359956,-1.06788615660652,0.285571867766432,0.982783504448174,MAOA,247.94131370655,196.347501929107
7285.85750831083,-0.0642667407516248,0.0801080889609071,-0.802250329339239,0.422408168355031,0.994447194724684,MAP1B,7480.42374259862,7091.29127402303
3348.03415939321,0.170553278934909,0.114438551112921,1.49034811500381,0.136132727403761,0.974401534329554,MAP1LC3B,3153.16741529406,3542.90090349237
159.125645313216,0.384343766156173,0.388331689143817,0.989730626937923,0.322305800932043,0.986152964913951,MAP2,143.731925348302,174.51936527813
446.566880476385,-0.178587792170753,0.242355750422287,-0.736882833848905,0.461193604034505,0.994447194724684,MAP2K3,470.584964972027,422.548795980744
211.543936681689,0.105997572287264,0.366957549631393,0.288855134316592,0.772692238434537,0.996294710336961,MAP2K4,203.386606292247,219.701267071131
23.2682033663367,1.28667598985159,1.28882343334878,0.998333795427966,0.318117525085829,0.986152964913951,MAP2K6,21.7423934262008,24.7940133064725
346.392904374727,-0.512623833248435,0.299424594047725,-1.71202981798726,0.0868911735465508,0.942895213226454,MAP2K7,391.63859306525,301.147215684204
154.239312753188,-0.327677657712691,0.422534470469374,-0.775505149553099,0.438041223768364,0.994447194724684,MAP3K1,166.85376051995,141.624864986426
302.671163158715,0.520913093986928,0.336320609915316,1.54885867422188,0.121415697126054,0.974401534329554,MAP3K2,249.906542106058,355.435784211372
201.467455335805,-0.467180199786137,0.387030243043531,-1.20708964785884,0.227397621193527,0.98168489642748,MAP3K20,233.047125628967,169.887785042642
741.802472572933,0.097268834090265,0.195346339303506,0.49793016053984,0.618533268247881,0.996294710336961,MAP3K3,721.427132388484,762.177812757382
521.091349181245,-0.128466327995427,0.232039347824246,-0.553640273514005,0.579825058054635,0.996294710336961,MAP3K7,537.161807795571,505.020890566919
2176.36294064784,0.00153308150228487,0.123211207440373,0.0124427114556669,0.990072408802372,0.998987745956335,MAP4,2169.60129039914,2183.12459089654
265.253866179594,-0.0712453028716653,0.300535365699176,-0.237061294619745,0.81260923896592,0.996294710336961,MAP4K2,274.872479019266,255.635253339921
1845.99118838088,-0.051892173549872,0.127750686763091,-0.406198783464109,0.684596547876315,0.996294710336961,MAP4K4,1880.55453159471,1811.42784516705
424.750404010795,0.210560148518541,0.240753299097008,0.874588839730497,0.381797662359143,0.992443630108828,MAP4K5,395.248693804957,454.252114216634
334.656537668308,-0.158686750158187,0.275975142015748,-0.575003781134505,0.565288739778423,0.996294710336961,MAP7D3,353.417570185939,315.895505150678
1066.07334071808,-0.0624598918699569,0.1621468444903,-0.385205719336052,0.700085006281144,0.996294710336961,MAPK1,1094.06829722737,1038.07838420879
161.627463222186,0.161335723693455,0.44950108218874,0.358921769237725,0.719653613754664,0.996294710336961,MAPK13,152.443280751672,170.8116456927
647.079034604826,-0.086431477888121,0.207212992541204,-0.417114182021835,0.676594892051654,0.996294710336961,MAPK14,669.839250865507,624.318818344146
959.966895340015,-0.0788062712322611,0.174626911606862,-0.451283656723414,0.651785122390009,0.996294710336961,MAPK1IP1L,988.912554296751,931.02123638328
317.61820024962,0.114566692389445,0.312000334392423,0.367200543590914,0.713469433874579,0.996294710336961,MAPK6,306.376510637942,328.859889861297
227.394448063126,0.143714882942349,0.331163126993314,0.433970062570556,0.66431018089568,0.996294710336961,MAPK7,217.364087880906,237.424808245346
122.020463193603,0.102107471702874,0.461701706226141,0.22115463366484,0.824972031727213,0.996294710336961,MAPK8,126.392081208715,117.648845178491
49.4891996526881,1.02666454879821,0.695896774699979,1.47531154924642,0.140128802833586,0.974401534329554,MAPK8IP3,34.7293511089668,64.2490481964094
255.060125857106,0.0996644935744622,0.366367896746796,0.272033915797328,0.785595941321738,0.996294710336961,MAPK9,241.969847348781,268.150404365432
830.926754573365,-0.268463679029008,0.181061888872014,-1.48271776408328,0.138149412916419,0.974401534329554,MAPKAP1,911.654857338873,750.198651807856
2207.56321310344,0.0709969711958532,0.120096281309716,0.591167107104335,0.554408459607586,0.996294710336961,MAPKAPK2,2143.67442803959,2271.45199816729
80.4585878083782,-0.583838976022832,0.541959840505833,-1.07727350328746,0.281358096061315,0.982783504448174,MAPKAPK3,91.0987691911076,69.8184064256488
233.087292114389,0.295146773080636,0.361033816120841,0.81750451038594,0.413640172775663,0.992443630108828,MAPKAPK5,206.430437282356,259.744146946421
122.173414210766,0.147043709207566,0.467211815874567,0.314726006944659,0.752969696295175,0.996294710336961,MAPKBP1,117.680372579938,126.666455841594
1540.42223883392,-0.00795302537628612,0.13845960414689,-0.0574393190366833,0.954195242626038,0.998879356112684,MAPRE1,1547.39878930386,1533.44568836398
2208.04592066498,-0.0341102296522634,0.116296841577886,-0.293303147269216,0.769290448213376,0.996294710336961,MAPRE2,2231.36472385655,2184.72711747342
320.433504118612,-0.210234961681534,0.290723875086922,-0.723143091081451,0.469591977700021,0.994447194724684,MARCHF3,341.865063333943,299.001944903281
701.751098589307,-0.236331926070859,0.221123649041693,-1.06877725243354,0.285170051752026,0.982783504448174,MARCHF5,752.294874703653,651.207322474962
923.960923543346,-0.163242124620106,0.172311517178631,-0.947366300831052,0.34345215685142,0.988142440035739,MARCHF6,977.665666647016,870.256180439675
565.861937815341,0.312448066311077,0.215297059560589,1.45124167951373,0.146712574671181,0.974401534329554,MARCHF7,505.836795095965,625.887080534716
19.7796269055245,1.05328819805176,1.15521692033947,0.911766595093018,0.361891598732927,0.992443630108828,MARCHF9,12.8394215943578,26.7198322166912
5848.81464686455,0.041878180204591,0.0889844580370316,0.470623535035332,0.637909597853269,0.996294710336961,MARCKS,5773.65213342254,5923.97716030655
815.971607142961,-0.120145314946027,0.190731599674864,-0.629918247164266,0.528748073705819,0.996294710336961,MARCKSL1,826.361119466675,805.582094819246
10.2725462412625,1.62935254637985,1.61581562853696,1.00837776142513,0.313273144832583,0.986152964913951,MARK1,9.70293636122685,10.8421561212981
173.584486488965,-0.914991897229851,0.407526286057095,-2.24523405859925,0.0247531107273583,0.721834516239828,MARK2,224.062850647204,123.106122330726
406.257539378517,-0.0911977843276118,0.272286426077113,-0.334933274645811,0.737675420798102,0.996294710336961,MARK3,419.786648820158,392.728429936875
301.626557540042,-0.704110192747191,0.301635611750076,-2.33430724131668,0.0195796398403756,0.714772028525713,MARK4,365.347670783222,237.905444296863
354.701688923046,0.133817709203907,0.288076729438152,0.464521065151278,0.642274470859685,0.996294710336961,MARS1,337.083740886174,372.319636959917
56.6233967823577,-1.34424477601228,0.703372441087076,-1.91114223061501,0.0559863053831549,0.869042076164583,MARS2,80.7039347327168,32.5428588319986
466.300906200957,-0.296149299364253,0.27134190612466,-1.09142485063917,0.275085982529332,0.982783504448174,MARVELD1,508.773375595586,423.828436806328
1600.57196211167,0.00762239666974992,0.135368864110002,0.0563083447575942,0.955096171228547,0.998879356112684,MAST4,1595.84962738254,1605.29429684079
59.0364811429441,0.285078256954325,0.637865928509404,0.446925042101732,0.65492918225893,0.996294710336961,MASTL,56.3817491078198,61.6912131780684
806.048007967362,-0.444603488580632,0.182895044155909,-2.43092146445275,0.0150604786303685,0.650593284178309,MAT2B,924.550815913568,687.545200021155
43.1517844741973,1.26098054175791,1.02352156549311,1.23200192772723,0.217948364018718,0.98168489642748,MATCAP1,50.2982674666851,36.0053014817095
20.2993959623662,-1.26827897328912,1.2516119144441,-1.01331647506122,0.310909020668532,0.986152964913951,MATN2,16.0561529254446,24.5426389992879
36.1777793194222,0.608086804939055,1.0300340350251,0.59035603122011,0.554951981851105,0.996294710336961,MATN3,31.3067437070139,41.0488149318306
403.595292689268,0.172715566106833,0.249205168234084,0.693065747114032,0.488268292181148,0.994447194724684,MATR3,377.965634753978,429.224950624558
632.293600530034,-0.03143604384151,0.219566646269701,-0.14317312932355,0.886153450860025,0.996577394764533,MAU2,637.565620126866,627.021580933203
627.943032733607,-0.325435672008145,0.215201684830023,-1.51223570700755,0.130473910316216,0.974401534329554,MAVS,695.914765735795,559.97129973142
985.812782585319,-0.0903731152937219,0.174532797086076,-0.517800188861647,0.604597686548519,0.996294710336961,MAX,1018.20191244629,953.423652724344
175.438695445946,-0.242716125878179,0.389617609065149,-0.62295984634923,0.533310908801917,0.996294710336961,MB21D2,185.60099235384,165.276398538052
393.78199940844,0.020603766952852,0.266633639790098,0.0772736964813288,0.938405815492843,0.998879356112684,MBD1,395.809260196495,391.754738620385
615.382391451843,-0.0956005232151753,0.219998869192487,-0.434550066398433,0.663889046320975,0.996294710336961,MBD2,637.959490498288,592.805292405398
255.139535780749,-0.428200653619164,0.372051293743087,-1.15091832986569,0.24976583612815,0.98168489642748,MBD3,291.873472121483,218.405599440016
108.943285936802,-0.378094697075192,0.482963365501378,-0.782864134389741,0.433706900881877,0.994447194724684,MBD4,122.44981109693,95.4367607766732
26.2269197945011,-0.439417325588473,0.99100080236251,-0.443407638561863,0.657470911836715,0.996294710336961,MBLAC2,30.6165412430567,21.8372983459455
1664.4358293269,0.393886357340075,0.134171795665842,2.9356867096052,0.00332810258690657,0.439451162858344,MBNL1,1440.64503405712,1888.22662459669
786.262434539646,0.0226044484844872,0.184519674230177,0.122504272667908,0.902499662381049,0.996577394764533,MBNL2,773.449614853702,799.07525422559
159.107892922813,-0.24057442495262,0.524481291991865,-0.458690192816928,0.646456657677661,0.996294710336961,MBOAT2,170.339425827377,147.876360018248
142.18996476393,-0.0148688236758051,0.420558337306901,-0.0353549611476485,0.971796698037171,0.998879356112684,MBTPS2,143.395463521967,140.984466005893
2289.96417288457,1.1002194532334,0.12556424380293,8.76220347378643,1.91470262223769e-18,1.18826444736071e-14,MCAM,1455.70098711931,3124.22735864983
101.847033644312,0.401742274518351,0.489486943664272,0.820741553412908,0.411793496343791,0.992443630108828,MCAT,96.4781910729377,107.215876215685
277.080029726814,0.0834349261139309,0.338017837127331,0.246835867666064,0.805035250790243,0.996294710336961,MCC,269.634943865457,284.525115588172
195.641303939389,0.530486454487483,0.38019855362944,1.39528793422113,0.162929029082066,0.975060322548989,MCCC2,166.254607284614,225.028000594165
23.8897455741502,0.880082069454372,1.11278925230544,0.790879375974421,0.42901438452345,0.994447194724684,MCEE,16.9402790334875,30.8392121148129
2370.13089241139,0.0723290179135398,0.112504960217902,0.642896257849002,0.520291417771862,0.994740769775778,MCFD2,2309.45068939411,2430.81109542868
3842.29206397735,0.235176767891944,0.119761939722621,1.96370206124445,0.0495646534375913,0.857187196127094,MCL1,3534.28014755192,4150.30398040277
43.6314103477575,0.0850887613882144,0.722713767638334,0.117735077423895,0.906277572294906,0.996577394764533,MCM10,40.5451990579607,46.7176216375543
252.017136034872,-0.36928393181766,0.358551615438924,-1.0299324167473,0.303041732120139,0.986152964913951,MCM4,286.023123798278,218.011148271466
292.105651986424,0.596243529509648,0.298461536053135,1.99772318200326,0.0457466795098452,0.846580529316298,MCM7,226.278254941732,357.933049031115
85.9663623604713,1.11876846991574,0.63081857308566,1.77351859575608,0.0761428132907339,0.926371049184813,MCM8,70.4469275315976,101.485797189345
237.997968053806,-0.0360953127778323,0.358348970006775,-0.100726709992078,0.919767407694306,0.996577394764533,MCMBP,241.726279250355,234.269656857257
29.4389927670735,-0.189391887297409,0.879939220392651,-0.21523291939743,0.829585726351288,0.996294710336961,MCPH1,30.5334485904348,28.3445369437122
1871.30978212549,0.0357004648863991,0.125106488044631,0.285360619136421,0.775367875111169,0.996294710336961,MCTP1,1850.107395308,1892.51216894299
252.810286985131,-0.292153297609986,0.311231509837309,-0.938700897485297,0.34788433253032,0.989445539726474,MCUB,283.913812571399,221.706761398863
243.466933176447,0.0988709075596051,0.327833568283938,0.301588724050286,0.76296560488791,0.996294710336961,MCUR1,239.45616247398,247.477703878914
3242.60853937859,-0.0384364163635402,0.107271165287204,-0.358310793591475,0.720110741514895,0.996294710336961,MDH2,3300.79136321101,3184.42571554618
1248.18167340888,0.0903698117316794,0.157206510353328,0.574847768890546,0.565394256908947,0.996294710336961,MDM2,1211.48895219291,1284.87439462486
109.183032192605,0.982995834070226,0.520538810528162,1.88841987223361,0.058969605603169,0.883471068233563,MDM4,73.2428660941519,145.123198291058
75.2394595221707,-0.203945224193751,0.61715972653401,-0.330457765510906,0.741054100015422,0.996294710336961,ME1,78.5296822281654,71.9492368161759
245.821920529949,0.0740065237983977,0.335567502223394,0.220541391249294,0.825449540258138,0.996294710336961,ME2,240.364176685475,251.279664374423
46.751036534655,-0.805176760455742,0.726653899938553,-1.10806088087304,0.267835523971584,0.982783504448174,ME3,61.2579122756649,32.2441607936451
620.253732095983,-0.118514897612601,0.209129820699465,-0.566704916669516,0.570914679878512,0.996294710336961,MEA1,646.182086314953,594.325377877013
361.474506308994,0.243570735920431,0.264130729730868,0.922159781137977,0.356445238217992,0.990507278877153,MEAF6,332.040270115808,390.908742502181
306.294158974104,0.312458463077009,0.31897656363772,0.979565581601431,0.327300601468575,0.986152964913951,MEAK7,270.384257009087,342.204060939121
814.347092968112,-0.11111173659449,0.187851364513542,-0.591487513983322,0.554193818721266,0.996294710336961,MECOM,840.91514272327,787.779043212954
206.59081478973,-0.242609940890658,0.363285214995874,-0.667822225832706,0.50424707741957,0.994447194724684,MECP2,220.94574157918,192.235888000279
160.033928316738,0.132592940398868,0.415298622448505,0.319271322445355,0.749520776984687,0.996294710336961,MECR,149.207772963812,170.860083669665
699.308663598677,-0.257961215107351,0.193042687304447,-1.33629104893532,0.181454161067676,0.98168489642748,MED1,762.075230608967,636.542096588386
343.293923952885,0.170491320007908,0.273464383099352,0.623449818494158,0.532988968847218,0.996294710336961,MED13,327.602375889069,358.9854720167
127.274741883305,-0.98617010072974,0.432599324748459,-2.27963855769577,0.0226291341549492,0.714845395677829,MED13L,169.228053621333,85.3214301452757
119.355998433804,0.246377025500782,0.470326582002782,0.523842442525021,0.600388130532412,0.996294710336961,MED14,109.395486304325,129.316510563283
194.158692685955,-0.00442282294771885,0.383071288369271,-0.0115456915775305,0.990788075609802,0.998987745956335,MED17,194.115646054463,194.201739317447
228.102828849676,0.255900547177039,0.380987422133403,0.671677153392837,0.501789249013702,0.994447194724684,MED21,208.937104016566,247.268553682786
246.364401875867,-0.393645405986954,0.35965573357037,-1.09450613251501,0.273733059247526,0.982783504448174,MED28,279.76112907691,212.967674674824
161.479505815585,0.0436001586026508,0.454728450161277,0.0958817478589415,0.923614490882387,0.996577394764533,MED29,160.171884466622,162.787127164548
322.307563234869,-0.053311558588514,0.30281884178887,-0.176050995616989,0.860253879341252,0.996404549307915,MED4,325.933002237667,318.68212423207
151.796617542735,0.30362926286033,0.399604821914538,0.759823821458457,0.447359901734348,0.994447194724684,MED6,137.846959659677,165.746275425794
65.5148206199706,-0.624061042712622,0.689991807641249,-0.904447032271277,0.365758408686775,0.992443630108828,MED7,70.5120796699754,60.5175615699657
252.352328910538,-0.270189026046908,0.314488656071297,-0.859137589960176,0.390264610667831,0.992443630108828,MED8,276.322497903353,228.382159917723
488.346607238991,-0.0406880046241521,0.229559426091095,-0.177243885459123,0.859316825715645,0.996294710336961,MEDAG,496.731484075061,479.961730402922
248.33070149653,0.721792211256691,0.362079721849064,1.99346212367446,0.0462108670852964,0.846580529316298,MEF2A,193.75358049067,302.907822502389
42.7352415897474,-0.23164385787321,1.06047778487335,-0.218433484583436,0.827091378440356,0.996294710336961,MEF2C,39.5781377867606,45.8923453927341
203.159285209894,0.0534558785605048,0.389439306949273,0.137263695797065,0.890822365325326,0.996577394764533,MEGF6,204.131077393839,202.187493025949
234.2588217742,-0.0643648899485498,0.361089308677601,-0.17825199584078,0.858525076741773,0.996294710336961,MEGF9,237.62548380585,230.89215974255
76.8093352957909,0.0499648927996744,0.557475125111852,0.0896271251379144,0.928583528407021,0.997480238800445,MEIS1,75.8262587946218,77.7924117969599
214.345561393049,0.0550284313608161,0.352203491202249,0.156240448307245,0.87584349507113,0.996577394764533,MEIS2,208.367453249283,220.323669536815
32.6735873460976,0.0779436933598868,0.8911302241405,0.0874661090471529,0.930301023221829,0.997480238800445,MERTK,30.4067496914874,34.9404250007078
610.130867217771,0.319975257962019,0.21463977929163,1.49075469150231,0.136025911266573,0.974401534329554,MESD,545.161313975397,675.100420460145
326.274605296294,0.38311472145772,0.282424411078851,1.35652127234411,0.174933371765589,0.98168489642748,MEST,292.717486741405,359.831723851183
912.127933653868,0.00107023642795318,0.189919646602808,0.00563520650494593,0.995503779529441,0.999045351836952,METAP2,910.561913110458,913.693954197279
101.692988231255,-0.0733953209589563,0.482171136488403,-0.152218404223625,0.879014678638486,0.996577394764533,METRN,107.099205953982,96.2867705085291
23.8824263756794,0.371910032952655,0.961137585478976,0.386947757086533,0.698794884697489,0.996294710336961,METRNL,20.4281156932058,27.336737058153
31.5967502828162,-0.0243681757154628,0.886837354770013,-0.0274776153534741,0.978078793465657,0.998987745956335,METTL1,31.5862764546947,31.6072241109378
186.642783026627,-0.377700573623929,0.36239849690988,-1.04222444862362,0.297307630509803,0.986152964913951,METTL13,211.289569747184,161.995996306069
180.982576394263,0.4912649326389,0.421213185522568,1.16630948299832,0.243489340479085,0.98168489642748,METTL14,152.946020127402,209.019132661123
165.48673528674,-0.00116814687381774,0.388755331251492,-0.00300483821033966,0.997602489592135,0.999437865096263,METTL15,167.152289208493,163.821181364986
136.890291269787,-0.26903496484407,0.441940798810337,-0.608757927686891,0.542684904298387,0.996294710336961,METTL16,145.364515158028,128.416067381546
32.4107760069053,-0.101488525370526,1.2140630034136,-0.083594117508868,0.933379144114936,0.997839576836463,METTL21A,31.6915902017442,33.1299618120664
134.399915992651,-0.0404214569983006,0.491846269528167,-0.0821831118838765,0.934501102776771,0.998165331923783,METTL25,130.979133288371,137.82069869693
100.153401197711,0.161211627184618,0.512617431561678,0.314487212605101,0.753151027036387,0.996294710336961,METTL2A,94.3890952043848,105.917707191037
126.254769997028,0.713226932531807,0.64795146367,1.10074129394212,0.271009268573071,0.982783504448174,METTL2B,96.0712842239342,156.438255770122
28.2298093621977,1.45937192610751,0.925762364648311,1.57640014525965,0.114933614937356,0.974401534329554,METTL4,16.4672918594257,39.9923268649698
77.9120958289936,-0.731970145667724,0.684760027646447,-1.06894403311411,0.285094888926299,0.982783504448174,METTL6,96.6089494426347,59.2152422153525
284.379128637629,0.311581633107385,0.334944203215354,0.930249367256708,0.352241986798549,0.990443880456887,METTL8,258.537468548516,310.220788726742
1035.20229028986,-0.0360303271592231,0.162439458470107,-0.221807727620895,0.82446356352735,0.996294710336961,METTL9,1049.38474981135,1021.01983076836
588.405718140105,-0.289665765712439,0.217995579731268,-1.32876898728645,0.183924196775621,0.98168489642748,MEX3A,646.040291831083,530.771144449128
76.4831767761126,-0.956373376523871,0.55866433162208,-1.71189267399092,0.086916449018493,0.942895213226454,MEX3B,102.115448822311,50.8509047299143
546.000901223243,0.0554309744748168,0.214349107254073,0.258601377840651,0.795942820039288,0.996294710336961,MEX3D,533.162345372098,558.839457074388
214.713011307806,0.0397322175168799,0.410684398173272,0.0967463524146747,0.922927828550871,0.996577394764533,MFAP1,216.337835559955,213.088187055656
274.286312286001,-0.25992054247552,0.300027711271749,-0.866321785323682,0.386313722661476,0.992443630108828,MFAP3,296.87233996284,251.700284609162
543.240574039419,0.0260586114693338,0.238456774871814,0.109280231116696,0.912980225963166,0.996577394764533,MFF,535.365956354655,551.115191724183
293.325304309211,-0.0348606409080046,0.288797921456056,-0.120709459168698,0.903921166452899,0.996577394764533,MFHAS1,290.183013172349,296.467595446074
169.002580462334,0.0540244963244793,0.393846724815629,0.137171373837804,0.890895337364745,0.996577394764533,MFN1,170.548698040691,167.456462883977
746.117990429494,-0.0317668985163579,0.18538942253313,-0.17135227070833,0.863946782092993,0.996577394764533,MFN2,747.678119047309,744.557861811679
894.209938902136,0.0350981415368766,0.182572791812159,0.192241906302159,0.84755272155833,0.996294710336961,MFSD1,893.709690638875,894.710187165397
306.696365310166,0.00674477962721446,0.291563456665574,0.0231331446826369,0.981544067121568,0.998987745956335,MFSD11,300.602457936202,312.79027268413
40.5678272982607,0.081790184197879,0.765704935755645,0.106816843379968,0.914934284841911,0.996577394764533,MFSD4B,38.0675758228266,43.0680787736948
18.2709041299463,0.418921909117072,1.32311352885422,0.316618264405358,0.751533275293412,0.996294710336961,MFSD6,20.0023368925879,16.5394713673047
41.3072865869456,-1.06575795788731,0.748663136852517,-1.42354806244087,0.15457733971001,0.974401534329554,MFSD8,55.8091245459323,26.8054486279588
45.9019532546769,0.331915360974054,0.768243258441808,0.432044612597398,0.665708989024342,0.996294710336961,MFSD9,41.6614953014653,50.1424112078884
53.2272876719474,0.155258690855213,0.729309291410873,0.212884564455307,0.831417002209118,0.996294710336961,MGA,48.6823782562831,57.7721970876118
581.916073606112,-0.0525518599731719,0.215507127211878,-0.243852074189199,0.807345388035894,0.996294710336961,MGARP,591.559050954533,572.27309625769
255.622360166218,0.525998655459875,0.30661195047384,1.71551909391331,0.0862500977420461,0.942895213226454,MGAT2,209.979428604327,301.26529172811
164.175080008065,0.501159246612543,0.413103303613561,1.21315719876536,0.225069724720537,0.98168489642748,MGAT4A,134.153784642801,194.19637537333
1844.9056995344,0.089083121966274,0.134141460484664,0.66409834546612,0.506627369037454,0.994447194724684,MGLL,1766.27633419857,1923.53506487023
5185.66218655212,-0.175837297725499,0.33869266909908,-0.519164758402434,0.603645852352246,0.996294710336961,MGP,5498.81889895998,4872.50547414427
4786.72793680575,0.0244067965024153,0.0933399868280631,0.261482750660485,0.793720249911748,0.996294710336961,MGST3,4731.46504938973,4841.99082422177
122.528839552253,0.515429147072446,0.471873986658332,1.09230252492314,0.27470015091306,0.982783504448174,MIA2,100.31928402781,144.738395076696
167.338533062619,-0.360892246363832,0.389951882739308,-0.925478917626093,0.354716845105624,0.990443880456887,MIA3,189.765147183332,144.911918941907
278.457397313582,0.0224190043068812,0.307764510351664,0.0728446703658728,0.941929723543809,0.998879356112684,MIB1,277.817506938733,279.09728768843
362.447266854463,-0.285161452400444,0.266971554551147,-1.06813421706998,0.28545997306214,0.982783504448174,MICALL1,396.326354709458,328.568178999468
2489.01241665649,0.00991628324251407,0.120405777600982,0.0823572044472492,0.934362666297388,0.998165331923783,MICOS10,2476.85369595868,2501.17113735431
147.206650547538,0.126463721401591,0.413772917489252,0.305635569792641,0.759882134818744,0.996294710336961,MICU2,145.088582912121,149.324718182954
168.383122198141,-0.121431176101146,0.373784238742027,-0.324869706945972,0.745279684732249,0.996294710336961,MID1,175.608631550839,161.157612845443
42.1260076822725,-0.991735032928065,0.797886711494175,-1.24295218687234,0.213885453104856,0.98168489642748,MID1IP1,49.9332679801107,34.3187473844342
229.591385412728,0.176946289680253,0.384881680148069,0.459742042313314,0.64570138850299,0.996294710336961,MID2,208.738650058681,250.444120766775
1363.25621968123,0.225147266344851,0.184902014608846,1.21765718356905,0.223354274183988,0.98168489642748,MIDN,1249.03132481,1477.48111455245
351.009022731171,-0.0689657358094491,0.294522125783574,-0.234161476411887,0.814859621016417,0.996294710336961,MIEF1,362.509407386429,339.508638075912
303.012594430567,-0.646183637347727,0.332864544155676,-1.94128106670777,0.0522241947572567,0.869042076164583,MIER1,371.287434696466,234.737754164669
256.584354369505,0.55152858924035,0.308809257998631,1.78598463276252,0.0741017463428988,0.925302691758612,MIGA1,212.210543316873,300.958165422136
30.3300098971904,0.115081744506902,0.88724198728172,0.129707279588382,0.89679802294852,0.996577394764533,MILR1,29.0357656146168,31.624254179764
257.254583444116,0.11810345983229,0.344011107853565,0.343312925472635,0.731363057960001,0.996294710336961,MINDY2,247.736521686484,266.772645201747
165.594301807512,0.706576006562942,0.389146617630792,1.81570640614771,0.0694154208512983,0.904997639926701,MINDY3,132.716735365635,198.471868249389
32.7021425329015,-0.571793314447329,1.12574439392536,-0.507924638606055,0.611506194967846,0.996294710336961,MIOS,48.2310124683163,17.1732725974868
104.454795363203,-0.152946988277663,0.542728437476139,-0.281811266402246,0.778088231588739,0.996294710336961,MIPOL1,110.818897770232,98.0906929561737
66.2184827117497,1.09907307726774,0.655140397777069,1.67761457085681,0.0934223664354251,0.948038963233236,MIS18A,42.4575443501459,89.9794210733536
39.5586459165333,0.40092520990183,0.762480938425177,0.525816698749084,0.599015571063185,0.996294710336961,MIS18BP1,34.6363818870147,44.4809099460519
85.8728763185381,-0.650360030547318,0.539328178603938,-1.20587066715258,0.227867362340646,0.98168489642748,MKI67,107.027296656269,64.7184559808071
344.929778879888,-0.158733302993804,0.282059458295126,-0.56276539688918,0.573594645967284,0.996294710336961,MKLN1,361.710756640664,328.148801119112
580.571892453569,-0.431800734653632,0.262210130983673,-1.64677365071191,0.0996045792123376,0.958365920297313,MKNK2,659.792113960689,501.351670946449
234.364946321793,0.0424477441884309,0.363706951570153,0.116708641408091,0.907090942224513,0.996577394764533,MKRN2,222.190182621223,246.539710022363
878.090498725598,0.0969966295839714,0.175516322872006,0.552635948593256,0.580512720858671,0.996294710336961,MLEC,851.809176424896,904.371821026299
85.4587987596715,1.19406225458738,0.538560758021704,2.21713564681825,0.0266138235239865,0.722700907616249,MLF1,52.2603527080507,118.657244811292
39.2892851465443,1.21209007012351,0.923358076322667,1.31269775096433,0.189284815766533,0.98168489642748,MLH3,23.9804109134735,54.5981593796151
266.155039803245,0.145485155064656,0.311361567050109,0.467254698269303,0.640317663628564,0.996294710336961,MLLT1,253.632365999818,278.677713606672
3345.51619021182,0.0909370596563123,0.110137638444754,0.825667418880852,0.408992779227968,0.992443630108828,MLLT11,3243.50897188412,3447.52340853951
52.6582733540996,-0.347324432283164,0.823312751274366,-0.421862083085143,0.67312568738266,0.996294710336961,MLLT3,52.9720978133706,52.3444488948287
298.814560737217,0.209359887973417,0.408732324505805,0.512217594305889,0.608498730731367,0.996294710336961,MLX,289.773291513777,307.855829960656
52.1940258965051,0.682075648487653,0.713068443722531,0.95653601627204,0.338801497205402,0.986983139323132,MMAA,39.873538441925,64.5145133510851
13.546228691374,0.470643387300862,1.92063206396277,0.24504609504946,0.806420740448127,0.996294710336961,MMACHC,17.1561255431794,9.93633183956867
1285.91008915298,-0.202088968544,0.145709047326732,-1.38693493816375,0.165461602978445,0.977539653561902,MMADHC,1380.69024253194,1191.12993577402
523.319944305763,-0.076643590992342,0.231726106422577,-0.330750782359302,0.740832740275268,0.996294710336961,MMGT1,537.78884173445,508.851046877077
13283.0400418436,0.118912957808492,0.0864752362603717,1.37510994997981,0.169097360088368,0.98168489642748,MMP1,12786.4252767127,13779.6548069744
2028.07100380664,-0.102806547978655,0.118994339174738,-0.863961669871441,0.387608947140292,0.992443630108828,MMP10,2108.34748446409,1947.79452314919
1778.35169736823,-0.160090550134376,0.155674400660365,-1.0283678591681,0.30377682144053,0.986152964913951,MMP14,1880.43366641468,1676.26972832177
59.5864080124285,-0.156484254582861,0.674531239109919,-0.231989632962515,0.816546065871527,0.996294710336961,MMP16,60.4772586660737,58.6955573587834
3052.59239568626,-0.316495791351671,0.110843182107945,-2.85534739559759,0.0042989777111866,0.509986609559311,MMP2,3371.44023358375,2733.74455778878
698.786424119081,-0.357922270808098,0.221746689941844,-1.61410423263575,0.106504819462747,0.961015869502668,MMP24OS,783.008315774128,614.564532464035
1508.18609419963,0.0864455248693769,0.138628757947487,0.623575700664668,0.532906272876348,0.996294710336961,MMRN1,1460.79237708772,1555.57981131153
1110.92744270069,-0.328974673716226,0.154401248627466,-2.13064775473393,0.0331181722237725,0.763767305220832,MMRN2,1223.73592759071,998.118957810676
29.7635515801676,-0.717298819018433,0.893572103855356,-0.802731884672334,0.42212971966701,0.994447194724684,MMS22L,35.9485050178272,23.578598142508
256.78477587726,-0.490514778356026,0.362285294246776,-1.35394614726455,0.175753559337995,0.98168489642748,MMUT,298.847131578093,214.722420176426
173.56336329455,0.0606216886431886,0.379876395189543,0.15958266797004,0.873209832949334,0.996577394764533,MNT,170.568074205797,176.558652383303
615.755055521899,0.1153921102926,0.206098470602195,0.559888241554816,0.575555669577494,0.996294710336961,MOB1A,590.781099909561,640.729011134238
286.37575972187,-0.182415175948695,0.294061299809736,-0.620330441532841,0.535040257120593,0.996294710336961,MOB3A,305.44725038856,267.304269055179
36.3468319973595,-0.730200746418924,0.915755826733834,-0.797374938932447,0.425233309568289,0.994447194724684,MOB4,44.4802649155086,28.2133990792103
43.6037860508206,0.136103743935228,0.728783583619478,0.186754678610176,0.851852982866765,0.996294710336961,MOCS1,46.7944857800957,40.4130863215454
171.066344637368,-0.0178584911218115,0.407013027689651,-0.0438769521044145,0.96500248715996,0.998879356112684,MOCS2,170.96303187871,171.169657396025
44.4628279382541,0.238609654733011,0.759729337230835,0.314071924091713,0.753466412728425,0.996294710336961,MOCS3,35.5799821488667,53.3456737276414
57.2794629022636,0.832506939159645,0.676300431623293,1.23097206541983,0.218333312283848,0.98168489642748,MOK,41.571970717167,72.9869550873602
365.748181779845,0.115745176486976,0.256979007920683,0.450407126338899,0.65241690742881,0.996294710336961,MON1B,351.193880837063,380.302482722626
84.4452989751627,1.01861299639002,0.662686008789307,1.53709748339334,0.124269439161436,0.974401534329554,MON2,60.0274978925076,108.863100057818
347.180013937571,0.468702060594745,0.271197162362567,1.72827051917354,0.0839397359146446,0.941807879236941,MORC2,294.528774119665,399.831253755477
5851.80730539686,-0.152857991915296,0.0917129589279667,-1.66670003565531,0.0955740658272088,0.949104594418722,MORF4L1,6137.26380564733,5566.35080514639
2505.94284397149,0.0119251001037361,0.10935180967918,0.109052608628265,0.913160763460163,0.996577394764533,MORF4L2,2495.85153091147,2516.03415703151
186.861108953123,0.205364650022962,0.358410449411388,0.572987339962409,0.566653265953137,0.996294710336961,MORN2,175.415399859237,198.306818047008
10.2610962631091,1.48499096779144,1.51826277302504,0.978085608219647,0.32803198519255,0.986152964913951,MORN3,6.02026299550561,14.5019295307125
391.150340325346,0.26955322420614,0.268517043075557,1.00385890265554,0.315446628128602,0.986152964913951,MOSMO,361.997908862613,420.30277178808
178.057936091055,-0.120535301005791,0.410676122031118,-0.293504527143308,0.769136539634076,0.996294710336961,MOSPD1,178.976970315158,177.138901866953
209.321019621739,0.449259775044696,0.339169595372012,1.32458740752376,0.185308034764356,0.98168489642748,MOSPD2,177.840217106436,240.801822137042
438.257769530384,-0.0674940578242999,0.246069140026297,-0.274288997869001,0.783862538842074,0.996294710336961,MPC2,452.110619216312,424.404919844455
126.27916033025,0.0151247984710993,0.458505759893942,0.0329871504222713,0.973684834543445,0.998879356112684,MPDZ,125.780221599492,126.778099061008
174.015475909122,0.0988060514411454,0.380916829698205,0.259390091846107,0.795334273734749,0.996294710336961,MPHOSPH10,169.027838784928,179.003113033317
226.576256577682,-0.0248845758328986,0.332778537151798,-0.0747781874572862,0.94039119710479,0.998879356112684,MPHOSPH6,232.546996573706,220.605516581658
216.817593002687,0.116931360083056,0.347027287802753,0.336951485352697,0.736153472657519,0.996294710336961,MPHOSPH8,209.287227402307,224.347958603067
33.3106917304446,0.0318017378273619,0.846076645929426,0.0375873013164513,0.970016732849597,0.998879356112684,MPHOSPH9,30.9061867942648,35.7151966666244
122.215749683682,0.0236173828338778,0.449973141117845,0.0524862056770907,0.958141286460025,0.998879356112684,MPI,123.05432571256,121.377173654805
13.7138262296552,0.0616255581627422,1.53528342466458,0.0401395320060893,0.967981885200468,0.998879356112684,MPP2,12.6822936660224,14.745358793288
22.3127670137909,-2.57046180828294,1.17064450014826,-2.1957663560179,0.0281086709118653,0.726566203087928,MPP4,38.0466447638702,6.57888926371157
92.831037894298,1.07599917583694,0.537606458468455,2.00146251758633,0.045342569220231,0.846580529316298,MPPE1,62.2802976111185,123.381778177477
910.590540692775,0.220964097599365,0.178072951814958,1.24086277757094,0.21465644535584,0.98168489642748,MPRIP,839.471227292511,981.70985409304
404.115278467548,-0.363857192916326,0.252854915841767,-1.43899592264215,0.150151677983004,0.974401534329554,MPV17,459.756964595824,348.473592339272
1848.24876582739,0.149579859560536,0.13104350494907,1.14145191414615,0.253681911609134,0.98168489642748,MPZL1,1759.3732836257,1937.12424802909
640.414529904477,0.140516631216657,0.199215465712268,0.705350012431307,0.480592443957732,0.994447194724684,MPZL2,605.201216762282,675.627843046674
95.5337647670867,-0.573202624399918,0.556312541099024,-1.03036078113128,0.302840676449516,0.986152964913951,MRAP2,119.790372508611,71.2771570255625
187.689200127763,0.428002438774731,0.36829059137848,1.16213242693156,0.245181677451966,0.98168489642748,MRAS,160.858248569263,214.520151686263
62.2429055577587,0.142323133415368,0.613565843399481,0.231960652546795,0.816568575039592,0.996294710336961,MRE11,68.7863615234881,55.6994495920293
5071.19816906829,-0.0256473521779193,0.10223119134121,-0.250875998229523,0.801909981723559,0.996294710336961,MRFAP1,5106.76691236017,5035.62942577641
279.193004281176,0.0423517830140159,0.316357259441203,0.13387327696802,0.893502781930421,0.996577394764533,MRFAP1L1,277.30165234069,281.084356221661
63.1958426709693,-0.522400075607431,0.643081609357185,-0.812338695441182,0.416597312632688,0.992443630108828,MRFAP1L2,74.7867656367642,51.6049197051745
169.98422667978,0.170443113853065,0.491895956367583,0.346502368329485,0.728965204657027,0.996294710336961,MRGBP,163.871161311481,176.097292048078
274.5746565647,0.386890565071976,0.301702625489879,1.28235730280363,0.199717334904955,0.98168489642748,MRI1,238.303370368891,310.845942760509
89.9636489731958,0.62079558089258,0.56416437009498,1.10038069364087,0.271166286745115,0.982783504448174,MRM2,72.5347851105749,107.392512835817
426.63871558477,0.144680221379541,0.288141581678353,0.502115038505773,0.615586602300997,0.996294710336961,MRPL1,402.823897333283,450.453533836258
251.206592174429,0.00484675283028789,0.342228413360124,0.0141623332285613,0.988700470700849,0.998987745956335,MRPL10,254.543806603288,247.869377745569
696.003246588804,0.179341620221751,0.215846730469877,0.830874851943979,0.406044331624105,0.992443630108828,MRPL17,652.470907938591,739.535585239018
282.18096703263,-0.0316633966582849,0.300409430912112,-0.105400807698172,0.916057775185063,0.996577394764533,MRPL19,283.5749512853,280.78698277996
1522.0943006438,0.0474734419398583,0.153788698897121,0.308692656094427,0.757555330772716,0.996294710336961,MRPL20,1478.47613066989,1565.71247061772
365.151614757107,0.151305834171711,0.277563814915352,0.545120891272715,0.585670375214031,0.996294710336961,MRPL22,346.236962481735,384.06626703248
428.822263118468,0.237975791726926,0.244943651786405,0.971553212305518,0.331272868448028,0.986152964913951,MRPL3,395.275508833153,462.369017403782
446.852180259106,-0.226050614111189,0.23473480781371,-0.963004235360727,0.33554539780335,0.986695054845541,MRPL30,481.677035159729,412.027325358483
324.113904136636,-0.474230013676084,0.274577567218242,-1.72712584819121,0.0841450643399389,0.941807879236941,MRPL32,377.048313431958,271.179494841315
1806.24022498688,0.0378813052293063,0.128819998145992,0.294063854793533,0.768709110076236,0.996294710336961,MRPL33,1780.41276496337,1832.0676850104
988.657430801927,-0.27176623612442,0.164073340212608,-1.65637047293766,0.0976468168580705,0.950315102270568,MRPL34,1083.06710365406,894.247757949797
396.745850994288,0.0954673547575776,0.247694823126196,0.385423294490651,0.699923826670009,0.996294710336961,MRPL35,377.039115315693,416.452586672884
1001.76187610858,0.307712129570772,0.16503890584733,1.86448236548188,0.0622539957399325,0.891663350651627,MRPL36,903.177546690005,1100.34620552715
338.248376926498,0.00638031702860408,0.267999979790901,0.0238071548870344,0.981006432893574,0.998987745956335,MRPL42,338.507919798608,337.988834054389
221.604947248038,-0.294175605045089,0.344005166853308,-0.855148798304335,0.392468777504709,0.992443630108828,MRPL44,244.366406918882,198.843487577194
839.851228616755,-0.11917829961288,0.216152023392112,-0.551363330967688,0.58138463240409,0.996294710336961,MRPL47,870.497426444396,809.205030789114
270.907037237827,-0.115149679731046,0.300941513723959,-0.38263142331592,0.701993067740144,0.996294710336961,MRPL49,280.208829117789,261.605245357865
205.630633727188,0.0186635881479509,0.361448649476565,0.0516355177283931,0.958819118022514,0.998879356112684,MRPL50,203.951520761061,207.309746693315
2855.96812737655,0.123936698535563,0.142241545919269,0.871311526703348,0.383584078429236,0.992443630108828,MRPL51,2690.65773315195,3021.27852160115
2272.197282025,0.0148980805706624,0.118037441157731,0.126214872370492,0.89956183906234,0.996577394764533,MRPL52,2273.1479244004,2271.2466396496
768.869610697469,0.0980937334427533,0.192559691783722,0.509419871490705,0.610457950512965,0.996294710336961,MRPL57,734.192064614187,803.547156780751
747.897045593181,0.00373542173526625,0.219527121730121,0.0170157641836094,0.986424039592864,0.998987745956335,MRPS10,750.591535270831,745.202555915531
415.958836145151,0.220886278165849,0.272834029297017,0.809599443056949,0.418170428301693,0.992443630108828,MRPS11,381.913608223823,450.004064066479
505.694126546182,-0.12517714002299,0.262124589344688,-0.47754825419444,0.632971768278583,0.996294710336961,MRPS14,530.394964340807,480.993288751556
1069.13670928975,0.0076814728359609,0.161055760479843,0.0476944929698573,0.961959723083415,0.998879356112684,MRPS16,1055.93901390382,1082.33440467568
437.986672472679,-0.0803942408850762,0.256256474087839,-0.313725696770177,0.753729382205645,0.996294710336961,MRPS17,453.434569159312,422.538775786046
222.402971364024,0.0473447391410809,0.401327369399256,0.117970372197518,0.906091133483431,0.996577394764533,MRPS18A,220.508417574862,224.297525153186
550.121440771871,0.142251693195974,0.226448543341611,0.628185507828057,0.529882422829359,0.996294710336961,MRPS18C,526.093896941307,574.148984602436
1328.21776079886,-0.265583169210981,0.157179229969164,-1.68968361317894,0.0910884999265412,0.946227721488623,MRPS21,1448.52232153124,1207.91320006648
304.799366090536,-0.0864061186163045,0.312848638578127,-0.276191448391828,0.782401025080221,0.996294710336961,MRPS22,315.597781047097,294.000951133975
565.024786444366,-0.00803368770540197,0.241774615292516,-0.0332280032611457,0.97349276707489,0.998879356112684,MRPS23,566.404283798239,563.645289090494
516.46926787138,-0.262262899869129,0.245657114024776,-1.06759741483684,0.285702150263285,0.982783504448174,MRPS25,567.98702954056,464.9515062022
201.509586605159,-0.16900771413186,0.379058737941826,-0.44586154391143,0.655697262383517,0.996294710336961,MRPS26,212.597321679008,190.421851531311
445.351155598027,-0.642707454396332,0.295512304876728,-2.17489236079167,0.0296381835184109,0.735915380143775,MRPS27,528.4201004822,362.282210713853
91.1053995305153,-0.869154452977665,0.57067606736477,-1.52302593832468,0.127752216182764,0.974401534329554,MRPS30,116.907221453406,65.3035776076249
473.066106603736,0.12078503349399,0.23854528913438,0.506340049440037,0.612617952510579,0.996294710336961,MRPS35,445.942362788767,500.189850418704
454.137022601472,0.0492774737463211,0.264494362377402,0.186308219590737,0.852203062013665,0.996294710336961,MRPS5,454.613829438795,453.660215764149
265.84582094417,0.149531222342801,0.326637422917624,0.457789621921282,0.647103592534849,0.996294710336961,MRPS6,255.340452109612,276.351189778728
528.473527309286,-0.197222232158326,0.22011538228059,-0.895994773808758,0.370255554470045,0.992443630108828,MRPS7,560.825479771843,496.121574846728
73.9764553489515,0.538664053943822,0.641190561986858,0.840099786052158,0.400852440061488,0.992443630108828,MRRF,60.7553303894001,87.1975803085029
81.5992539684904,1.11059880932486,0.720835901448974,1.54070962211013,0.123387473928246,0.974401534329554,MRS2,50.7166106549032,112.481897282077
594.969963560715,0.101490648630377,0.214502536833611,0.473144281314971,0.636110246518193,0.996294710336961,MRTO4,577.999612699926,611.940314421505
40.7503740654724,-1.99670852629098,0.877028343631667,-2.27667502514555,0.0228056389886429,0.714845395677829,MSANTD2,60.6403476830359,20.8604004479088
604.603217670074,0.238287276628434,0.202278834761763,1.17801388815137,0.238791069552332,0.98168489642748,MSANTD3,552.70187151412,656.504563826028
61.955341434876,-0.549880722491483,0.695879028739892,-0.790195852700455,0.429413397718624,0.994447194724684,MSANTD4,72.9086709851745,51.0020118845774
163.075641447521,-0.577504560594407,0.383759888901748,-1.5048590988681,0.132360305763834,0.974401534329554,MSANTD7,190.040166367321,136.11111652772
144.964907469378,-0.179457251981136,0.411284854061356,-0.43633323767951,0.662594969939812,0.996294710336961,MSH2,150.654569945024,139.275244993732
65.155998307158,0.46607899441405,0.676602017526671,0.68885250463457,0.490916090682229,0.994447194724684,MSH3,53.2415210082137,77.0704756061022
175.266463762931,0.210178026613989,0.38036082916231,0.552575371856444,0.580554210055574,0.996294710336961,MSI2,163.132750044046,187.400177481816
440.484307080397,-0.0130722888881507,0.234982109258871,-0.055630996459179,0.955635771129182,0.998879356112684,MSL1,444.285033808296,436.683580352497
109.803279821241,0.0745833004277565,0.585570321600737,0.127368648438112,0.898648629033291,0.996577394764533,MSL2,106.982856092759,112.623703549724
259.119705516099,-0.0915594156871374,0.306161102690177,-0.299056329764372,0.764897066073518,0.996294710336961,MSMO1,266.341866792354,251.897544239844
11711.9447641465,-0.0681408006780818,0.0910518682368573,-0.748373449085351,0.454234932828067,0.994447194724684,MSN,11968.7059734198,11455.1835548732
152.337586861714,0.181765591514157,0.464807811958116,0.391055371355368,0.695756307640937,0.996294710336961,MSRA,143.561851561192,161.113322162236
654.866936504694,-0.150504214258532,0.20045499224912,-0.750813000813119,0.45276520410509,0.994447194724684,MSRB2,689.769938442726,619.963934566661
394.669171227716,0.709157221045783,0.24924166048261,2.84525957527579,0.00443752447892407,0.509986609559311,MSRB3,302.418141260511,486.920201194922
111.11780706274,0.584725122414447,0.600534119975828,0.973675105151366,0.330217881887,0.986152964913951,MSX1,88.5617521722416,133.673861953237
856.851944938663,-0.0305301198330817,0.214250439046854,-0.142497350152011,0.886687172286308,0.996577394764533,MTA2,878.550179832114,835.153710045213
69.6360470467704,0.198546867701044,0.689339142986968,0.288024943485326,0.773327645209668,0.996294710336961,MTA3,64.1718844585753,75.1002096349655
192.952674599342,-0.561002013253146,0.376706911298987,-1.48922676071607,0.136427666188527,0.974401534329554,MTAP,229.399013006736,156.506336191947
69.32107156839,0.038538130324892,0.591152605445478,0.065191508875869,0.948021521684368,0.998879356112684,MTARC2,67.6987334308508,70.9434097059293
106.804981270887,-0.0388219981772797,0.539381279197409,-0.071975056744732,0.942621758190066,0.998879356112684,MTCL2,112.917823338254,100.692139203521
1916.04059364844,0.0733131191361142,0.139179943627272,0.526750602317019,0.598366790485082,0.996294710336961,MTDH,1873.31487132834,1958.76631596854
30.0352227692864,0.52445060151658,0.906034933572472,0.578841479598016,0.562696139849727,0.996294710336961,MTERF1,24.2350351268703,35.8354104117025
366.335785596384,0.153425099958894,0.303246717092962,0.505941503438803,0.612897715373777,0.996294710336961,MTF1,343.407280742767,389.264290450001
108.262838916512,-0.0930298995076949,0.486671793467058,-0.191155314025801,0.848403912219714,0.996294710336961,MTF2,110.567875683954,105.95780214907
72.2081539188405,-0.454365811065384,0.578814497075563,-0.784993833708467,0.432457183972291,0.994447194724684,MTFMT,87.1468452447712,57.2694625929098
333.511664334808,-0.460208677067809,0.288349636280776,-1.59600921646278,0.110486735648421,0.968371142498555,MTFR1,369.789662727187,297.233665942428
244.4217602186,0.0881650781857683,0.394051679392123,0.223739886914769,0.82295970734494,0.996294710336961,MTG1,235.958248006522,252.885272430678
98.2735058572102,-0.0858404145390796,0.506615616088249,-0.169438943082494,0.865451394166445,0.996577394764533,MTG2,98.2432230114934,98.303788702927
393.604781677414,-0.645525877137453,0.259195563806416,-2.49049739763129,0.0127564429990102,0.62676812170277,MTHFD2,473.624470007662,313.585093347167
101.235619300359,-0.344751495762537,0.509962118414292,-0.676033539186261,0.499019351089813,0.994447194724684,MTHFR,113.453635434283,89.0176031664353
77.738483221761,0.012795627924448,0.571903479109685,0.022373754299183,0.98214981614527,0.998987745956335,MTHFS,75.4102125732878,80.0667538702343
13.2783508682864,0.955387723990038,1.49503788874255,0.639039138194415,0.522797471230841,0.995460348195308,MTHFSD,5.86137418864964,20.6953275479231
145.584621764959,0.549912106309393,0.416043295679548,1.32176653732922,0.186245904384903,0.98168489642748,MTMR12,117.77548127931,173.393762250608
540.495759730182,-0.268640105137324,0.251344704018624,-1.0688114801791,0.285154625287079,0.982783504448174,MTMR2,588.933464536886,492.058054923477
172.375768390407,0.338115861130478,0.384720431877587,0.87886120183516,0.379476537431511,0.992443630108828,MTMR3,154.145015299867,190.606521480948
552.578999407015,0.262699439051507,0.211793637871419,1.24035566739258,0.21484387083576,0.98168489642748,MTMR6,503.999332896097,601.158665917933
600.857949541566,-0.103172258235937,0.203422957853509,-0.507180995324209,0.612027828428831,0.996294710336961,MTMR9,625.565200747941,576.15069833519
15.7381833745831,-0.0761205712412295,1.434922405355,-0.0530485627356255,0.957693214690498,0.998879356112684,MTO1,19.3580376418403,12.118329107326
212.997225143556,-0.0839264288085562,0.343396869842687,-0.244400680900218,0.806920514482651,0.996294710336961,MTOR,219.515110734272,206.47933955284
74.2973122961106,-0.0400137574216353,0.644725956262169,-0.0620632022535855,0.950512500829009,0.998879356112684,MTPAP,75.0952815142418,73.4993430779794
4627.14697903584,0.0772585346130119,0.101238921928481,0.763130751901826,0.445385421823347,0.994447194724684,MTPN,4487.97075803461,4766.32320003707
77.9247973979542,0.252668591685494,0.565350888469484,0.446923489179468,0.654930303545204,0.996294710336961,MTR,73.9323766056258,81.9172181902826
233.64518923236,0.474776708327013,0.31989984424587,1.48414173019136,0.137771324477887,0.974401534329554,MTREX,194.781266837139,272.509111627581
94.5834048600827,0.4461362885784,0.499583061276809,0.893017244095882,0.371847938168236,0.992443630108828,MTRF1L,83.4056760324722,105.761133687693
34.9622548110493,-0.435264407411858,0.995051550791253,-0.437429002613725,0.661800254575107,0.996294710336961,MTRFR,41.3455573110064,28.5789523110922
111.181775654023,0.224008274334864,0.493604001476569,0.453821836258955,0.649957065588663,0.996294710336961,MTRR,103.186738164415,119.17681314363
52.1189809667525,-0.640529198987873,0.971451278388448,-0.659352880826359,0.509669192246936,0.994447194724684,MTSS1,52.8978279288048,51.3401340047002
35.1442552377531,0.237669570291457,0.818093210349801,0.290516492845399,0.771421135132337,0.996294710336961,MTSS2,32.6269172833219,37.6615931921842
264.892281461363,0.363708855848588,0.306930990842834,1.18498576781003,0.236023074101313,0.98168489642748,MTURN,237.235835767336,292.54872715539
955.495751698152,-0.00608700468029438,0.21528945563343,-0.0282735847995204,0.977443948451327,0.998987745956335,MTUS1,941.000393870651,969.991109525653
432.178020104138,0.076574613350275,0.239613029612149,0.31957616609674,0.749289644307342,0.996294710336961,MTX2,422.12988455964,442.226155648637
242.814168756295,-0.0926679449749339,0.334784128612243,-0.276799098449093,0.781934373467672,0.996294710336961,MUS81,251.030260462544,234.598077050045
161.858173182492,1.0516104965211,0.420014733683828,2.50374668359305,0.0122885981886697,0.62676812170277,MXD1,104.935304112499,218.781042252484
1165.81977831291,-0.026710820719573,0.175064085746357,-0.152577386764943,0.878731558920848,0.996577394764533,MXD4,1164.68650183986,1166.95305478596
133.589706515189,0.32260888972335,0.435736407953761,0.74037625462223,0.459071722874376,0.994447194724684,MXI1,122.738101367353,144.441311663024
89.8901999362803,-0.635673102349342,0.533544260892878,-1.19141587482462,0.233490363933287,0.98168489642748,MXRA7,109.9651203215,69.815279551061
6967.41806512171,0.0496724256595508,0.0909211795477352,0.546324034802825,0.584843217717019,0.996294710336961,MYADM,6882.61250974231,7052.22362050111
223.193828312799,-0.243807792732842,0.357029462984266,-0.682878636107369,0.494683534660301,0.994447194724684,MYBBP1A,239.743954902516,206.643701723082
196.661858725822,0.172787102518529,0.391189307082249,0.441696895570308,0.658708556451278,0.996294710336961,MYC,175.888150799102,217.435566652542
288.217390192063,0.275156395081433,0.29621841755185,0.928896985391768,0.352942475441684,0.990443880456887,MYCBP,272.377292243441,304.057488140684
207.026733252111,-0.10919191225606,0.34817047268638,-0.313616233489207,0.753812528618922,0.996294710336961,MYCBP2,213.101573824987,200.951892679236
1787.75490679776,0.130177844747736,0.141272883796418,0.921463774572121,0.356808345836998,0.990507278877153,MYCT1,1709.99794534425,1865.51186825126
271.711305533702,-0.221860072182699,0.305971025442838,-0.725101574116688,0.468389718796313,0.994447194724684,MYD88,282.293632532085,261.128978535319
1325.8873189926,0.0395052470271398,0.142377904395153,0.27746754101323,0.781421126233494,0.996294710336961,MYDGF,1303.6307649231,1348.14387306211
100.459226105183,0.384710556126222,0.488081053112827,0.788210387747403,0.430573654011567,0.994447194724684,MYEF2,87.7041379875386,113.214314222827
522.629124495009,-0.191250496384958,0.21655730480113,-0.883140361211035,0.37716043943684,0.992443630108828,MYH10,557.658202035189,487.600046954829
11045.4707888641,0.02333638883734,0.0833957897822651,0.279826942082665,0.779610280316608,0.996294710336961,MYL12A,10964.3258676669,11126.6157100614
5457.44176652728,-0.0249001244960118,0.102563994569359,-0.242776469467295,0.808178564947894,0.996294710336961,MYL12B,5498.32279787308,5416.56073518148
5241.93985153683,-0.0856628807469487,0.0916168773758549,-0.935012010893144,0.349782109615573,0.990443880456887,MYL9,5417.02886202056,5066.8508410531
190.528450481423,0.215330821766487,0.360184374974648,0.597834988765526,0.549950041944448,0.996294710336961,MYLIP,176.085076861973,204.971824100873
50.7853431872341,-1.09845233419091,0.707888370696037,-1.55173100684059,0.120726600280112,0.974401534329554,MYNN,70.9967830366205,30.5739033378478
963.43442798938,-0.100237449114165,0.218683952676877,-0.458366733759719,0.646688987268129,0.996294710336961,MYO10,999.80992864758,927.05892733118
71.9774537648276,-0.746264279560116,0.610221445622307,-1.22294010627416,0.22135231896609,0.98168489642748,MYO1B,90.8230715540528,53.1318359756024
3372.60810641161,-0.146368816792532,0.104298977244056,-1.40335812162409,0.160510074433929,0.974401534329554,MYO1C,3580.14458975514,3165.07162306808
1059.46371248968,-0.180906278984249,0.182191710421745,-0.992944621714564,0.320736942660312,0.986152964913951,MYO1D,1124.1241749587,994.803250020661
1041.65040906989,0.445967178701727,0.186094315346739,2.39645782769227,0.0165543983616342,0.667120754755207,MYO1E,882.006891762612,1201.29392637718
271.204925491502,0.198425631241876,0.302620220026579,0.655691913859715,0.512022372682253,0.994447194724684,MYO5A,252.817605739678,289.592245243326
607.459849938727,-0.364144041136811,0.24274418209013,-1.50011439203765,0.133584773516488,0.974401534329554,MYO6,685.419253457949,529.500446419506
81.7298333213787,0.076765075447426,0.587073179495204,0.13075895497974,0.895965993319518,0.996577394764533,MYO9A,72.4599155176765,90.9997511250809
455.303905948629,-0.0453065607539312,0.308175693245532,-0.14701536087025,0.883119895842237,0.996577394764533,MYO9B,475.098150513074,435.509661384183
962.850466993191,0.0485145557971163,0.16631899054498,0.291695828829575,0.770519198712428,0.996294710336961,MYOF,950.693071186527,975.007862799855
139.639936325273,-0.710557920448667,0.437572223086878,-1.62386431989672,0.104404768989385,0.961015869502668,MYORG,174.929691186524,104.350181464022
12.3943255346309,-3.52322309722455,1.86460688853433,-1.88952594720594,0.0588213893439531,0.883471068233563,MYSM1,22.5956984065387,2.19295266272315
227.653349150588,0.133082617257748,0.339469936518696,0.392030642308199,0.695035573031011,0.996294710336961,MZT1,221.455353480109,233.851344821068
173.074685588304,-0.742757284911126,0.437278494906252,-1.69859092903795,0.089396286776236,0.94617021594231,N4BP1,210.04525594508,136.104115231529
17.8510935439698,0.636945955909173,1.33572345507748,0.476854661410603,0.633465618876311,0.996294710336961,N4BP2,21.7770361651135,13.9251509228261
66.6767434857768,-0.0713415471696016,0.605801064752344,-0.117763984450517,0.906254667165602,0.996577394764533,N4BP2L2,69.7577033748717,63.595783596682
67.132750402385,0.380032647388726,0.701321086882861,0.541881107664743,0.587900412289045,0.996294710336961,N6AMT1,58.7352988892386,75.5302019155314
181.915014135043,0.627535570083871,0.430762204032966,1.45680276544375,0.145170832323212,0.974401534329554,NAA15,146.681652945107,217.14837532498
127.508893421187,-0.384332013715454,0.533427880607339,-0.72049479918048,0.471220400728151,0.994447194724684,NAA25,142.023851112582,112.993935729791
337.3489880269,-0.0575853736017294,0.284443385588801,-0.202449332694192,0.839565464840531,0.996294710336961,NAA30,349.255544585138,325.442431468663
125.341606166806,-0.0935684122653358,0.577739171609825,-0.161956150566379,0.871340384680904,0.996577394764533,NAA40,136.075172187131,114.608040146482
843.477031579969,0.0401041915519978,0.207962794376616,0.192843107692475,0.847081842024354,0.996294710336961,NAA50,832.122279680881,854.831783479057
65.4852459890717,0.253852896533144,0.627651538586196,0.404448775995922,0.685882738587733,0.996294710336961,NAB1,66.8428968747764,64.127595103367
228.599913270207,0.541769581007122,0.339887113207861,1.59396917374681,0.110942939464465,0.968371142498555,NABP1,186.587129935981,270.612696604434
513.804413607643,-0.259624382612666,0.234447743871509,-1.10738699518028,0.268126646136979,0.982783504448174,NABP2,558.520254289541,469.088572925745
388.828748519282,-0.0156412045494629,0.255294152383143,-0.061267382756142,0.951146266774445,0.998879356112684,NACC2,389.976423668084,387.681073370481
148.022671154416,-0.547896234319221,0.41620759916806,-1.31640132331651,0.188039378514027,0.98168489642748,NADK2,176.244972600242,119.80036970859
179.016773665787,0.325255772812938,0.433326795882559,0.750601568847105,0.452892476700385,0.994447194724684,NAGA,158.022826851102,200.010720480473
863.47784707835,0.0728777095117865,0.190781376957965,0.381995929968803,0.702464383551213,0.996294710336961,NAGK,840.578288798618,886.377405358082
75.9708411203073,0.478069158589136,0.554211775229461,0.862610972838318,0.388351395300761,0.992443630108828,NAIF1,66.7593350044499,85.1823472361647
72.2174712102964,-0.226433355460805,0.599301082376292,-0.377829044731528,0.705557595728405,0.996294710336961,NALF1,78.1392532437069,66.2956891768859
486.814727350628,0.18345365423545,0.227467182288004,0.806506030409136,0.419951132306745,0.992443630108828,NAMPT,454.242505389459,519.386949311797
3400.62176635938,0.0777345617239465,0.104268746852853,0.745521204293818,0.455956697390762,0.994447194724684,NAP1L1,3301.12161809222,3500.12191462653
133.324564693297,-0.831221473771763,0.428362926571247,-1.9404608153771,0.0523237118597889,0.869042076164583,NAP1L5,172.061622216823,94.5875071697703
16.9050060680068,-0.855837492840742,1.6885633739189,-0.506843572506533,0.612264580791498,0.996294710336961,NAPB,18.194611769624,15.6154003663895
183.885804468024,0.355427952414242,0.431377293321516,0.82393755516782,0.409975040114843,0.992443630108828,NAPG,162.381217052919,205.390391883129
337.323344946445,-0.128715426840555,0.267602918026183,-0.480994107949006,0.630520686347089,0.996294710336961,NARF,352.507009273943,322.139680618946
711.653700562432,0.0539725678608803,0.196505767621208,0.274661494745131,0.783576316490119,0.996294710336961,NARS1,703.739877050072,719.567524074793
40.4024564421228,2.59394530541063,0.989937021567075,2.62031346327911,0.00878489759815599,0.601847901055327,NARS2,26.0258217909685,54.779091093277
170.895276956533,0.0462840033463476,0.481370342889371,0.0961505087092261,0.923401036947506,0.996577394764533,NASP,172.901907469688,168.888646443378
18.0954076569152,-0.286221967571926,1.38587868782788,-0.206527432801877,0.836378938334006,0.996294710336961,NAT1,19.9293705429118,16.2614447709187
2020.92118271879,0.0622502095271617,0.120891560889094,0.514926013605449,0.606604722001767,0.996294710336961,NAV1,1970.63105718864,2071.21130824895
595.990231010904,0.0251569082744685,0.243107230422381,0.103480707796145,0.917581460236076,0.996577394764533,NAV2,593.176893528708,598.803568493099
562.877197102183,-0.113413163445022,0.227057045793073,-0.499491936261604,0.617432866131673,0.996294710336961,NAXE,585.809449443446,539.944944760919
676.360386953658,-0.172061987060132,0.239454194101244,-0.718559086868122,0.472412629460769,0.994447194724684,NBDY,716.452360390369,636.268413516948
85.3170333803965,0.637389950162204,0.546827367198629,1.16561457673109,0.243770311601323,0.98168489642748,NBEA,76.4873508888439,94.1467158719491
180.570136545169,-0.0975271719732148,0.385158125974127,-0.253213330827573,0.800103365616199,0.996294710336961,NBN,186.718736122281,174.421536968058
575.54671748839,0.0156621495768089,0.231218697392351,0.0677373834964221,0.945994689912351,0.998879356112684,NBR1,572.596363083922,578.497071892857
376.816430087246,-0.0249928708614469,0.291955605094148,-0.0856050386612286,0.931780392893971,0.997480238800445,NCAPD2,381.993512344013,371.639347830478
154.405797883948,0.54398655256195,0.444848167137469,1.22285892749075,0.221382983936016,0.98168489642748,NCAPG,132.312927925829,176.498667842067
161.211199331162,-0.748353894680064,0.48549775398235,-1.5414157708076,0.123215628157357,0.974401534329554,NCAPH2,203.603597222019,118.818801440305
331.641980107094,0.375814229945311,0.318975985100947,1.1781897305729,0.238720975708315,0.98168489642748,NCBP1,290.225016029618,373.058944184569
876.020456872051,0.0546173602459934,0.171241781749247,0.318948796771869,0.749765340675512,0.996294710336961,NCBP2,860.000324406687,892.040589337415
190.573530056711,-0.376565583837705,0.354050381902472,-1.06359321465564,0.287513017570882,0.982783504448174,NCBP3,216.150464715879,164.996595397544
281.017709903666,0.352230811961652,0.3251048512958,1.08343757577819,0.278614244688871,0.982783504448174,NCEH1,247.538069353944,314.497350453387
359.376390547617,0.226056809150457,0.269816862580812,0.837815720589931,0.402134208195781,0.992443630108828,NCK1,324.0998341174,394.652946977833
815.35928787788,0.0203928146766303,0.18512308543109,0.110158139538038,0.912283959977738,0.996577394764533,NCKAP1,813.822890252571,816.895685503189
843.47891457036,0.0172920806996943,0.177589861527904,0.0973708777681387,0.922431870984875,0.996577394764533,NCLN,840.669245783089,846.288583357631
134.22957117873,0.588393777598059,0.421313752366596,1.39656912287563,0.162543180875011,0.975060322548989,NCOA1,108.086571576969,160.372570780492
293.326790767803,-0.599095169558444,0.320616403214629,-1.86857304726668,0.061682238514283,0.891663350651627,NCOA3,353.755603656232,232.897977879375
1202.20273147019,0.0584977150587276,0.156101766202599,0.374740891674508,0.707853177516077,0.996294710336961,NCOA4,1181.45827160238,1222.947191338
129.459944656256,0.18877889141668,0.444378150963966,0.42481587136355,0.670970906773574,0.996294710336961,NCOA5,117.745523092971,141.17436621954
168.692397370088,0.531653359002053,0.448897743113827,1.18435293373093,0.236273383109717,0.98168489642748,NCOA6,138.520541894387,198.864252845788
472.530760295522,0.27265174412052,0.232088973240123,1.17477250346758,0.240085743583252,0.98168489642748,NCOA7,430.584920116407,514.476600474637
251.838817214714,-0.473107441830407,0.31142091893287,-1.5191896660365,0.128714761738662,0.974401534329554,NCOR1,293.804984343414,209.872650086014
2087.77363228502,-0.0953632997987086,0.122163951623422,-0.78061734686409,0.435027586094509,0.994447194724684,NCOR2,2135.82999068076,2039.71727388929
524.283227805488,-0.387074146332725,0.21977767994798,-1.76120771874716,0.0782032520989621,0.931534323466715,NCS1,589.520556351182,459.045899259794
229.729612152194,-0.461746009689389,0.344754414211984,-1.33934763604062,0.180457527760925,0.98168489642748,NDC1,252.620093467892,206.839130836495
1142.59390029634,0.0489353741958555,0.165762144143036,0.295214413694053,0.767830091886605,0.996294710336961,NDFIP1,1108.56858630934,1176.61921428333
223.327857830805,-0.0146196659499375,0.340840363237627,-0.0428930007322665,0.965786828223897,0.998879356112684,NDFIP2,224.865708601115,221.790007060495
173.972052276745,-0.0568579470714866,0.415086210095393,-0.136978646094795,0.891047673942727,0.996577394764533,NDN,179.512449186578,168.431655366913
357.612265308886,-0.104820910583724,0.261007079930981,-0.401601790309451,0.687977112071929,0.996294710336961,NDRG3,367.405635421174,347.818895196597
590.17888375458,0.118082012332036,0.248857939493134,0.474495660345584,0.635146491858162,0.996294710336961,NDRG4,553.01192228465,627.345845224509
975.960288706645,-0.282002618258936,0.198816529510338,-1.41840630129434,0.156072176978855,0.974401534329554,NDST1,1065.66702166148,886.253555751805
953.575646139281,0.312629479537329,0.190007348070219,1.64535468081895,0.0998966895593825,0.959688630658711,NDUFA10,852.995897193612,1054.15539508495
1293.5490316174,0.0916364819818069,0.175104445839107,0.523324702252312,0.600748313617942,0.996294710336961,NDUFA2,1244.85316007173,1342.24490316306
414.657735971415,-0.195074837693576,0.262246191092078,-0.743861471852925,0.456960286226186,0.994447194724684,NDUFA5,440.534222635519,388.781249307311
1041.69374570425,0.201632085797109,0.165770240804885,1.21633463773775,0.223857471804833,0.98168489642748,NDUFA7,971.679575547374,1111.70791586112
997.611431577773,-0.0193004408117843,0.193848324279839,-0.0995646512988282,0.920689958510457,0.996577394764533,NDUFA9,1013.92077779772,981.302085357827
816.234017953422,-0.123758142248494,0.214849697339015,-0.576021952933981,0.564600343241957,0.996294710336961,NDUFAF3,854.252900619496,778.215135287348
394.778807336921,-0.0316881151065986,0.275462899672658,-0.115035872868015,0.908416688336782,0.996577394764533,NDUFAF4,403.232318577881,386.325296095961
59.4879569775382,1.55845186108517,0.841860131309666,1.85120045851407,0.0641407198342041,0.891663350651627,NDUFAF6,38.2134297774466,80.7624841776298
41.4941281689236,-0.545061999391245,1.09220448479343,-0.499047574863541,0.6177458687913,0.996294710336961,NDUFAF7,46.8136408357683,36.1746155020789
2775.66341699337,-0.0793402380930449,0.108334061987678,-0.732366502624713,0.463944898574505,0.994447194724684,NDUFAF8,2840.42593027237,2710.90090371436
3615.38210938535,0.0451064916264932,0.0985253819259248,0.457815953054675,0.647084673492065,0.996294710336961,NDUFB2,3554.88226100655,3675.88195776415
1254.32704053387,0.160450212084555,0.159919193387941,1.00332054386571,0.315706227020053,0.986152964913951,NDUFB3,1181.67729138997,1326.97678967776
790.694523740807,-0.0606706543541563,0.190990005247579,-0.317664027892504,0.750739800430731,0.996294710336961,NDUFB5,803.899592192616,777.489455288997
637.254597629592,0.169986030311338,0.210425139124211,0.807821874414908,0.41919313080458,0.992443630108828,NDUFB6,601.89648549122,672.612709767964
2823.12578542481,-0.140058669977355,0.106283096803096,-1.31778875653983,0.187574372773229,0.98168489642748,NDUFC2,2959.69279146111,2686.55877938851
507.613059162234,0.106573604928448,0.224598760610287,0.47450664749379,0.635138658751309,0.996294710336961,NDUFS4,483.579346393119,531.646771931348
622.408720166517,-0.0682569458614486,0.22103161709278,-0.308810779015371,0.757465469180667,0.996294710336961,NDUFV3,637.240623134153,607.576817198881
56.8443856723013,0.188101985331054,0.63980303282309,0.293999833825523,0.768758030351583,0.996294710336961,NECAB3,54.3987344328426,59.29003691176
146.997989298085,-0.111426012062792,0.404830202384091,-0.27524135157553,0.783130819397499,0.996294710336961,NECTIN1,154.097637562884,139.898341033286
200.574189853816,0.236042074759887,0.348010524016556,0.678261312432775,0.497606023722008,0.994447194724684,NECTIN3,185.409677404879,215.738702302753
107.948782937571,0.302754914128267,0.57707659664562,0.524635578514349,0.599836548786507,0.996294710336961,NEDD1,96.9870506521039,118.910515223038
48.6314699187135,-0.0131605186390957,0.714359993830567,-0.0184228102815863,0.985301555556282,0.998987745956335,NEDD4,45.3641715394625,51.8987682979646
168.32724617185,0.304457893723274,0.441381410331216,0.689784133624492,0.490329947902226,0.994447194724684,NEDD4L,150.763797547432,185.890694796267
662.88721830262,-0.244775861817617,0.203813563551667,-1.20097925551244,0.229759248342729,0.98168489642748,NEDD9,720.501132288455,605.273304316785
245.662505860181,-0.0642342448290849,0.353291919624602,-0.181816342975912,0.855726858452519,0.996294710336961,NEGR1,251.063236192432,240.261775527931
66.1872130620468,0.526441689222501,0.593822397735457,0.886530537127073,0.37533170626733,0.992443630108828,NEK1,53.6937346127839,78.6806915113098
20.4018573801088,-1.06500156276308,1.07619106127212,-0.989602684029163,0.322368357594288,0.986152964913951,NEK4,29.3185871358314,11.4851276243862
942.359812744861,-0.026374362019979,0.201332843738186,-0.130998805412376,0.895776252404567,0.996577394764533,NEK6,946.176250018145,938.543375471577
412.446180619184,0.274882764650238,0.25494268183003,1.07821398393189,0.280938272750884,0.982783504448174,NEK7,376.590721696985,448.301639541383
13.6587578281138,0.203917331735139,1.43410212859684,0.142191638704739,0.886928636031957,0.996577394764533,NEK8,12.3863585478394,14.9311571083881
287.953368689818,0.783886128941231,0.299164539797,2.62025081406085,0.00878651176769717,0.601847901055327,NEK9,215.803263378847,360.103474000789
215.359776162819,-0.176349843424783,0.360079781761707,-0.489752139267534,0.624309301870888,0.996294710336961,NELFA,219.147201073063,211.572351252575
168.627986105878,-0.176905017200126,0.42090567060725,-0.420296112772491,0.674269149265189,0.996294710336961,NEMF,177.04608642574,160.209885786016
311.408847206542,-0.22028575986489,0.306033179504147,-0.719810055307761,0.471641952981026,0.994447194724684,NENF,340.560115833186,282.257578579899
239.468792428469,-0.398527197873016,0.325684456124641,-1.22366047988639,0.221080333987809,0.98168489642748,NEPRO,275.929741702484,203.007843154454
42.4495093200518,0.680990201870446,0.807848646724786,0.842967559123043,0.39924658737974,0.992443630108828,NET1,32.8570115613334,52.0420070787702
208.307421690693,0.0284565447885095,0.344711302388438,0.0825518182645582,0.934207913893811,0.998165331923783,NETO2,204.303471895981,212.311371485406
824.188190719977,0.192740430514742,0.180135495351184,1.06997474395029,0.284630677115311,0.982783504448174,NEXN,769.594733099486,878.781648340469
1896.84868649722,0.00320422775518185,0.144700854026899,0.0221438067987229,0.982333242260111,0.998987745956335,NF2,1892.30508130439,1901.39229169006
202.19678116518,-0.654960864931321,0.376382910701963,-1.74014506585808,0.0818335487476018,0.941807879236941,NFAT5,246.229766208995,158.163796121365
441.179236041649,0.324594872180601,0.248461082935008,1.30642138537852,0.191409297269759,0.98168489642748,NFATC2IP,393.579844367844,488.778627715454
381.234463548083,0.0757912587818295,0.254620018082017,0.297664179559582,0.765959485319175,0.996294710336961,NFATC3,371.188494137158,391.280432959007
1265.0597104968,-0.1189378231514,0.180048502674913,-0.660587682676532,0.508876770296154,0.994447194724684,NFE2L1,1318.28611632469,1211.83330466892
570.148735756051,0.186526268674702,0.237034291645418,0.786916810137027,0.431330566323018,0.994447194724684,NFE2L3,537.122512249182,603.17495926292
711.438112162664,0.0874812879459797,0.213598893060911,0.409558713963153,0.682129688072411,0.996294710336961,NFIA,691.807600354237,731.068623971091
2879.1619461838,-0.244930553014284,0.109185869106091,-2.24324406646702,0.0248810800786948,0.721834516239828,NFIB,3123.21189602387,2635.11199634373
1084.53132587227,-0.119403993093186,0.165075814999851,-0.72332820585071,0.469478267881442,0.994447194724684,NFIC,1123.57374286706,1045.48890887748
144.166898947461,-0.70604208086129,0.487430928302886,-1.44849667894393,0.147478194114851,0.974401534329554,NFIX,175.168288377627,113.165509517294
1246.77675378215,0.172713148473615,0.15543556760733,1.11115590293936,0.266501248557215,0.982783504448174,NFKBIA,1166.72525254843,1326.82825501586
177.991443736187,-0.160113007686003,0.366098300651638,-0.437349770269375,0.661857705925708,0.996294710336961,NFKBIE,184.819256318793,171.163631153582
23.3975639526228,0.671386054475243,1.06866797862141,0.628245692681217,0.529843001700458,0.996294710336961,NFKBIZ,17.2764561304195,29.518671774826
175.915929653792,0.460764567710388,0.366929866147315,1.2557292556976,0.209214148414297,0.98168489642748,NFRKB,146.741646437172,205.090212870412
41.0830654098421,0.375710765412377,0.812407173339985,0.462466085654743,0.643747117522068,0.996294710336961,NFX1,32.1463353820508,50.0197954376334
62.5693540932672,0.905060151453116,0.62715816401298,1.44311308276995,0.148988618516505,0.974401534329554,NFXL1,46.4192947452617,78.7194134412728
167.39861469645,-0.398075426881565,0.40885021697363,-0.973646118689085,0.330232279033926,0.986152964913951,NFYA,191.798451395271,142.99877799763
233.355474264696,0.143102961916418,0.367543730604777,0.38934948415784,0.697017635349476,0.996294710336961,NFYB,223.028547880758,243.682400648633
147.106165114232,-0.40761233938201,0.417201338522772,-0.97701589555126,0.3285612830157,0.986152964913951,NFYC,159.089837238368,135.122492990097
117.389966995123,-0.244135002231297,0.496244041115177,-0.491965609667913,0.62274365531119,0.996294710336961,NGLY1,127.17872290577,107.601211084476
1152.3426351572,0.208599537506726,0.161567126692333,1.29110136311303,0.196668531473463,0.98168489642748,NGRN,1086.28118579177,1218.40408452263
81.5853630950175,-0.37930720877176,0.538736457165239,-0.704068202043769,0.481390301348275,0.994447194724684,NHEJ1,97.4590443941711,65.7116817958639
428.446663299934,-0.586670128068489,0.258988110902435,-2.2652396128311,0.0234979794905377,0.714845395677829,NHERF2,509.727212779987,347.166113819881
155.378102457344,0.325632719978096,0.398197451294623,0.817766961891383,0.413490266409787,0.992443630108828,NHLRC2,135.312916435415,175.443288479272
281.756556304977,0.299662577338929,0.34677631259184,0.864137965765947,0.387512105080166,0.992443630108828,NHSL1,251.047746883847,312.465365726106
57.7082164049717,-0.927906571496329,0.702517542181559,-1.3208304644107,0.186557899393075,0.98168489642748,NHSL2,81.365418925256,34.0510138846874
19.5984027726387,0.420241049890195,1.76190308503604,0.238515417482001,0.811481358939203,0.996294710336961,NIBAN1,17.6084966372143,21.5883089080631
247.374887105294,-0.527635025822257,0.313222646131118,-1.68453664618293,0.0920780034024861,0.948038963233236,NID1,294.410334901573,200.339439309015
257.490864082838,-0.106003899366057,0.32204586917119,-0.329157767615111,0.74203644241958,0.996294710336961,NIFK,265.572864130032,249.408864035645
156.697545488498,0.10635007140106,0.403220952291337,0.263751352197144,0.791971522782871,0.996294710336961,NIN,151.436671079552,161.958419897444
353.329548852917,-0.0300162868639799,0.287712794092267,-0.104327257877708,0.916909647280466,0.996577394764533,NIP7,355.177458602944,351.481639102889
176.158332419131,0.392795539832311,0.380939048656432,1.03112437860518,0.3024824969344,0.986152964913951,NIPA1,149.183857861522,203.132806976739
839.475424342463,0.16995273716336,0.174086505665877,0.97625451503719,0.328938354105021,0.986152964913951,NIPA2,794.099097551703,884.851751133223
41.1945053463413,-0.314804592494664,0.856817020577449,-0.367411693435434,0.713311950515123,0.996294710336961,NIPAL2,43.6777688103884,38.7112418822943
271.686157169723,-0.0826490521195171,0.307072356384298,-0.269151717506224,0.787812933469656,0.996294710336961,NIPAL3,280.236113363689,263.136200975756
68.1066885190217,-0.100786593191682,0.644881886408822,-0.156286903564521,0.875806878931404,0.996577394764533,NIPBL,76.0569797798027,60.1563972582407
310.751878034791,-0.416961445167639,0.281267111588081,-1.48243938942383,0.138223419713048,0.974401534329554,NIPSNAP2,350.005625175295,271.498130894287
435.786780099242,0.0803837866742614,0.260193845611268,0.308938078398502,0.757368630297412,0.996294710336961,NIPSNAP3A,424.960259876436,446.613300322048
44.3735841920432,0.507076812820562,0.769765145573867,0.658742235519811,0.510061306427448,0.994447194724684,NIT1,38.5846400862634,50.162528297823
240.7981678328,0.600234288164142,0.3278334710358,1.83091215874841,0.0671136552348811,0.903548220102363,NIT2,192.076613737404,289.519721928197
150.04070310504,-1.14283637417043,0.407215652471647,-2.80646474965743,0.00500883924364976,0.526861971967634,NKAP,205.012529561444,95.068876648636
74.0843616553788,-0.178927018967332,0.562521036494893,-0.318080582518724,0.750423812238022,0.996294710336961,NKAPD1,81.0673292048905,67.1013941058671
80.3388420775601,-0.0108264245926691,0.589557199768062,-0.0183636542763421,0.985348747236131,0.998987745956335,NKIRAS1,80.6529667426895,80.0247174124307
664.372559572602,0.145027292514146,0.203732715257315,0.711850781210942,0.476557183080697,0.994447194724684,NKIRAS2,640.810831869828,687.934287275375
79.9608021204751,0.36326464663135,0.548510510766177,0.662274723093146,0.507795173219468,0.994447194724684,NKTR,72.9354995127888,86.9861047281613
64.1966979703665,-0.19461423339535,0.594840311728576,-0.327170552429123,0.743538892101357,0.996294710336961,NLE1,68.6704673805514,59.7229285601815
168.335863738604,0.0501552510097609,0.403871282579124,0.124186227575948,0.901167826624576,0.996577394764533,NLK,165.045800788133,171.625926689075
237.647248635725,-0.351817529415642,0.33225372025267,-1.05888213726574,0.289653460296387,0.983627823676635,NLN,261.144731106759,214.149766164692
704.26983956692,0.327098812193502,0.196255406043848,1.66669962773113,0.0955741469809842,0.949104594418722,NMD3,621.775584872622,786.764094261218
1359.62533410997,-0.049429948494256,0.151728344072763,-0.325779265544158,0.744591367358411,0.996294710336961,NME1,1387.220435658,1332.03023256195
1290.16298621459,0.113257760542209,0.146485977810414,0.773164518782748,0.439425021627893,0.994447194724684,NME4,1238.35555382794,1341.97041860125
37.6456536762371,1.33482031060328,0.819957250154767,1.62791451670356,0.10354301285522,0.961015869502668,NME5,22.2084778255368,53.0828295269375
225.781832146033,0.289576596308177,0.365261252569175,0.792793087882585,0.427898384321585,0.994447194724684,NME6,203.881213227059,247.682451065006
186.577033531742,-0.243647299068587,0.432574056804645,-0.563249911167513,0.573264720513088,0.996294710336961,NMNAT1,204.064181127049,169.089885936434
84.296299034525,-0.47004715505317,0.543035244821026,-0.865592352496546,0.386713750884526,0.992443630108828,NMRK1,97.0021462370268,71.5904518320231
122.16345238075,0.336266659583634,0.459603394774579,0.731645291150563,0.464385096616794,0.994447194724684,NMT1,108.349467345295,135.977437416206
1451.33952922949,0.206702624891669,0.173897043878773,1.18864944613874,0.234577641708905,0.98168489642748,NMT2,1349.50296159477,1553.1760968642
124.893105898493,0.144956526696571,0.502184033972252,0.288652200966987,0.77284754436298,0.996294710336961,NNAT,116.700495940591,133.085715856395
5525.99451798468,0.00253293916416954,0.0848459544690586,0.0298533875895432,0.976183980578168,0.998987745956335,NNMT,5502.11906128704,5549.86997468232
270.223509149059,-0.206448642495604,0.317046333895634,-0.651162370997682,0.514941677941927,0.994447194724684,NNT,288.20037384558,252.246644452538
123.643521617752,-0.242753189332946,0.448823138896637,-0.540866030057446,0.588599926629861,0.996294710336961,NOC4L,134.497161117935,112.789882117568
81.7923799091539,-0.213998166293501,0.585765047099439,-0.365331061238915,0.714864294887075,0.996294710336961,NOL10,88.145546836098,75.4392129822097
390.313314327814,0.405353336987904,0.249032716815006,1.62771117856382,0.103586141682634,0.961015869502668,NOL11,337.659207126693,442.967421528934
173.116713941289,0.686762308163379,0.432736800378958,1.58702081163877,0.112507931175517,0.972887579976839,NOL12,134.60486407602,211.628563806559
74.6777156268213,0.0659259903055593,0.608797502879611,0.108288864513618,0.913766555502937,0.996577394764533,NOL3,74.253848590607,75.1015826630357
772.206561027067,0.306256252241439,0.209894573650537,1.4590956160274,0.144538792697355,0.974401534329554,NOL4L,684.241310212773,860.171811841362
517.766838915458,0.078530635571594,0.23052117679352,0.340665602457577,0.733355336557537,0.996294710336961,NOL6,509.445419686554,526.088258144361
944.853513429585,0.0904720558873554,0.203476746189562,0.444630934893514,0.656586487966317,0.996294710336961,NOL7,914.159816565804,975.547210293367
337.694437315028,0.270784291350739,0.267620138560043,1.01182329852948,0.311622548035442,0.986152964913951,NOL9,302.020819750055,373.368054880001
419.374090481547,-0.121387124113207,0.24695631017517,-0.491532789857061,0.623049666450382,0.996294710336961,NOLC1,438.788648857492,399.959532105602
123.344855742242,-0.534887671373515,0.479104108373278,-1.11643307169634,0.264236803819192,0.982783504448174,NOM1,145.727453911915,100.96225757257
2297.68570490546,-0.101954680455608,0.114944268214157,-0.886992296698541,0.375083047862177,0.992443630108828,NONO,2365.47765818888,2229.89375162205
330.652943330904,-0.201151308909833,0.274508848309985,-0.732768033337439,0.463699921344222,0.994447194724684,NOP14,352.789688430457,308.516198231351
137.681597149884,0.307618643588021,0.474516067724736,0.648278666438054,0.516804729645147,0.994447194724684,NOPCHAP1,123.747828824125,151.615365475644
421.64719129047,-0.0899261582310187,0.267107700074687,-0.336666289312791,0.736368478528401,0.996294710336961,NOS3,430.48523585872,412.80914672222
395.908888657368,0.0616012616571519,0.248717598495187,0.247675524489852,0.804385470561946,0.996294710336961,NOTCH1,383.140773705269,408.677003609468
431.70640705139,0.303966065296776,0.261445918412228,1.16263457904707,0.244977794912767,0.98168489642748,NOTCH2,391.604593783615,471.808220319166
133.562846121192,-0.207864683351582,0.51737602805369,-0.401767132763274,0.687855412894147,0.996294710336961,NOTCH3,135.418304051162,131.707388191223
218.305443799131,-0.433124036918383,0.378066486623381,-1.14562928014788,0.251948576732649,0.98168489642748,NOX4,252.335718678172,184.275168920089
167.991262456588,-0.320718699296436,0.378076482503285,-0.848290528871098,0.39627619089072,0.992443630108828,NPAS2,182.125800073386,153.85672483979
71.2697844166629,-0.487796584016736,0.575484653452835,-0.847627440784073,0.396645487176693,0.992443630108828,NPAT,80.7826545610044,61.7569142723214
99.5001536357065,0.465988422906546,0.507891467565138,0.917496064937894,0.358882754008495,0.992443630108828,NPC1,85.226812981226,113.773494290187
2628.79075403396,-0.0784682251093918,0.121005917052182,-0.648466017372966,0.516683583356183,0.994447194724684,NPC2,2704.35983045714,2553.22167761078
261.092788187724,-0.187080778642058,0.302967182227516,-0.617495192933365,0.536908150995025,0.996294710336961,NPEPL1,279.212851587451,242.972724787998
937.300485051478,-0.105426806683865,0.199455005931258,-0.528574382937274,0.597100734803908,0.996294710336961,NPEPPS,970.104921747715,904.496048355241
14.7106496479243,0.493787560008232,1.74591804480189,0.282824019992452,0.777311740466654,0.996294710336961,NPHP1,17.4742030110576,11.9470962847909
286.044416711278,0.361271409726133,0.300983255807327,1.20030401278335,0.230021291893377,0.98168489642748,NPHP3,253.709076841315,318.379756581241
905.550870904467,0.2305125971047,0.183538376533844,1.25593677713606,0.20913889321326,0.98168489642748,NPLOC4,841.828131092777,969.273610716157
5448.66139670014,0.100517955104909,0.0993356091076665,1.01190253935989,0.311584655010166,0.986152964913951,NPM1,5257.2615509447,5640.06124245558
168.93858618306,0.989298750671194,0.430286589494686,2.29916240669502,0.0214957188498197,0.714845395677829,NPRL3,126.029611672533,211.847560693587
2885.69462236537,-0.035443608267652,0.114142118021589,-0.310521732748539,0.756164235374823,0.996294710336961,NQO1,2923.87164704518,2847.51759768555
18.089762531008,1.53902024904065,1.38599832828211,1.1104055593979,0.266824303656085,0.982783504448174,NR1D1,18.9084327323941,17.2710923296218
90.2233212517369,-0.334604902036605,0.578003337802693,-0.57889787160853,0.562658086424951,0.996294710336961,NR2C1,100.364808642121,80.0818338613527
621.511378883985,0.231552590140974,0.201382635989001,1.14981407907294,0.250220455184725,0.98168489642748,NR2F1,574.241062809893,668.781694958077
5578.17761302611,-0.172511857295005,0.0875755810106644,-1.96986254963011,0.0488541255473116,0.857187196127094,NR2F2,5901.24795273335,5255.10727331886
634.966690194362,-0.325297133369188,0.198815027621247,-1.63617980623123,0.1018019614698,0.961015869502668,NR3C1,721.686834251684,548.24654613704
27.6879887609144,-0.175303669312619,0.98763687910011,-0.177498099779696,0.859117157692477,0.996294710336961,NR5A2,30.2813559527744,25.0946215690543
167.028401766453,0.527187091564664,0.44076542392346,1.19607179454306,0.231668543339222,0.98168489642748,NRARP,135.627105421427,198.42969811148
919.658845334463,0.335045140343594,0.1673478606412,2.00208798044895,0.0452752700048251,0.846580529316298,NRAS,813.22659707132,1026.09109359761
143.581312955261,1.05459763563684,0.424405317272254,2.48488318293223,0.0129593952980012,0.62676812170277,NRBP2,93.1056234743316,194.057002436191
1278.47318260738,-0.0327655212029031,0.156396515523117,-0.209502884979941,0.834055683469385,0.996294710336961,NRCAM,1309.02340714438,1247.92295807038
644.062152234423,-0.0259568825707173,0.197408415304635,-0.131488227240269,0.8953890990194,0.996577394764533,NREP,653.294112367889,634.830192100958
69.2102171818031,0.106532421667416,0.597158159138656,0.178399005417726,0.85840963033769,0.996294710336961,NRF1,67.545664973265,70.8747693903411
300.193021673025,0.223501668283764,0.294650004922098,0.75853271525604,0.448132135606621,0.994447194724684,NRG1,279.840071639976,320.545971706074
203.649842355316,-0.0767632036506165,0.364517888836104,-0.210588303075384,0.833208540430206,0.996294710336961,NRGN,208.854562577071,198.445122133561
108.432744233426,0.49147480891723,0.54377055207501,0.903827555651514,0.366086847802712,0.992443630108828,NRIP1,88.1124303668537,128.753058099998
543.292354288469,-0.119247727242099,0.222091655128196,-0.536930246988643,0.591315796919115,0.996294710336961,NRIP3,564.087293498373,522.497415078564
75.9022511093924,0.199895116484739,0.568395148154934,0.351683361713445,0.725075739867765,0.996294710336961,NRK,76.3544276682356,75.4500745505492
167.29863084373,0.150083455401551,0.467714245771628,0.320887073161404,0.74829597046107,0.996294710336961,NRN1,163.113357128832,171.483904558629
251.071236028998,-0.0843123892021026,0.374965235066291,-0.224853883286531,0.82209294639705,0.996294710336961,NRP1,259.77794236396,242.364529694035
392.953642260224,-0.188096993821351,0.290991492986002,-0.646400318755708,0.518020134032645,0.994447194724684,NRP2,419.598999618284,366.308284902165
547.533489125395,0.0467559261960388,0.217930576843449,0.21454504858043,0.830122041013478,0.996294710336961,NSA2,538.306755439835,556.760222810956
93.6388531557408,0.15188993619638,0.53006912677689,0.286547411504521,0.774458885921303,0.996294710336961,NSD1,85.1759253612759,102.101780950206
191.28531048171,-0.436743176701708,0.351811147628339,-1.24141369494946,0.214452962563433,0.98168489642748,NSD2,222.354069334238,160.216551629181
154.882606844743,0.0687785044280921,0.518793346587502,0.132573990935891,0.894530303045864,0.996577394764533,NSD3,147.09658324077,162.668630448715
446.805987585187,-0.182398980065252,0.240645904466734,-0.757955887383349,0.448477391319418,0.994447194724684,NSFL1C,476.230323287446,417.381651882928
343.981706802969,-0.524420623891066,0.27489204141941,-1.9077330183268,0.0564257318758105,0.869042076164583,NSG1,400.443080056071,287.520333549867
258.949342308838,0.276778224904398,0.320038462811968,0.864828003710958,0.387133198450224,0.992443630108828,NSL1,225.651961450543,292.246723167134
404.546197442571,-0.138471995764071,0.294549538615362,-0.470114454821451,0.638273247443038,0.996294710336961,NSMAF,415.427409176393,393.664985708749
152.158181613391,-0.0977519239374731,0.391897032970113,-0.249432671629663,0.803026115310613,0.996294710336961,NSMF,157.504692036283,146.811671190499
518.446376057836,0.134779928213205,0.223615751965106,0.602730026971607,0.546688302760364,0.996294710336961,NSUN2,495.56643806368,541.326314051991
54.4638927813308,0.305226455959354,0.721445795111242,0.423076075884938,0.672239756819863,0.996294710336961,NSUN3,50.3128302139343,58.6149553487273
144.881027182553,-0.0675236196806202,0.429733101366327,-0.15712920290741,0.875143022852909,0.996577394764533,NSUN4,143.729941735003,146.032112630103
163.166575780261,0.200204545282264,0.409383096999748,0.489039598238194,0.624813662713073,0.996294710336961,NT5C2,153.91575858973,172.417392970792
206.458805692701,-0.363788907713783,0.37547331278948,-0.968880864024954,0.332604634168377,0.986152964913951,NT5C3A,234.469451418729,178.448159966673
107.776073906962,-0.206499248800539,0.50663826010838,-0.407587158451801,0.683576793668967,0.996294710336961,NT5DC1,115.483573753301,100.068574060624
286.288003970527,0.0294541677566641,0.324504489209131,0.0907665956438648,0.927678053267558,0.997480238800445,NT5E,288.561762581652,284.014245359401
3161.46727073997,0.0367278641728628,0.108289940700515,0.339162289084975,0.734487476284544,0.996294710336961,NTN4,3138.46206757851,3184.47247390143
57.4385396827188,0.320348482420129,0.699660294266445,0.457862887240153,0.647050951625335,0.996294710336961,NTPCR,48.6537117307607,66.223367634677
383.839359983572,0.208643562853714,0.265851027204983,0.784813829938074,0.432562730241928,0.994447194724684,NUAK1,362.937310539703,404.741409427442
151.565893630742,0.228603064798503,0.411923784911291,0.554964469574713,0.578918963337542,0.996294710336961,NUB1,132.860748071657,170.271039189826
157.278828528968,0.113559642887268,0.403195095537707,0.281649365639786,0.778212383540273,0.996294710336961,NUBP1,151.559233388362,162.998423669574
87.1145865018258,0.635625390794429,0.608453051407916,1.04465807069853,0.296181030167351,0.986152964913951,NUBPL,69.3842732185583,104.844899785093
472.505719406491,-0.0809664071789272,0.241373684651844,-0.335440076227501,0.737293140863418,0.996294710336961,NUCB2,483.182379733415,461.829059079568
2250.98475062137,-0.0289420123308658,0.127217213850952,-0.227500756027988,0.820034381422036,0.996294710336961,NUCKS1,2277.96780344244,2224.00169780029
1157.96015170495,-0.134663944895589,0.152487221003831,-0.883116263835681,0.377173457706994,0.992443630108828,NUDC,1215.48941667176,1100.43088673815
239.249808456559,-0.341993663234872,0.315138821515132,-1.08521591085042,0.277826038843944,0.982783504448174,NUDCD1,268.481317443183,210.018299469934
193.384029539662,0.310143065405149,0.406421383860705,0.763107153612385,0.445399494113233,0.994447194724684,NUDCD2,172.105322332644,214.662736746679
351.913508980283,0.0223225676849559,0.267622710757034,0.0834105880693432,0.933525069789317,0.997839576836463,NUDCD3,349.333349726163,354.493668234404
96.3664002236937,0.224959859137575,0.516323654084811,0.435695435136163,0.663057718169173,0.996294710336961,NUDT11,90.9490785005168,101.783721946871
33.2349050000888,1.49861068336731,0.980583844587184,1.5282840846702,0.126442019679347,0.974401534329554,NUDT12,19.3247771825496,47.1450328176279
121.905030632058,-0.443397342310622,0.484718046302975,-0.914753114088669,0.360321253799024,0.992443630108828,NUDT15,134.521679179247,109.288382084868
133.964530568868,-0.419440302190841,0.501382184484365,-0.836568021702256,0.40283542685094,0.992443630108828,NUDT16,152.809210050272,115.119851087463
103.200125607426,0.283814687149573,0.502059757459591,0.565300610002419,0.571869313870017,0.996294710336961,NUDT19,96.4244450242481,109.975806190604
574.066851859222,0.355933685928823,0.226968817624192,1.56820522596266,0.116833245190032,0.974401534329554,NUDT21,501.581120194803,646.552583523641
894.821979461597,-0.133552942122701,0.173712699892534,-0.768815073424816,0.442003099287056,0.994447194724684,NUDT3,928.613368117387,861.030590805806
1109.91157419998,-0.292816406583061,0.17450954902622,-1.67793916273926,0.0933589762088327,0.948038963233236,NUDT4,1227.16750562789,992.655642772064
450.201002453621,0.365179315183602,0.23764519929097,1.53665765718449,0.124377165272173,0.974401534329554,NUDT5,389.9545827979,510.447422109342
242.40523578266,0.012235822401353,0.356429651728609,0.0343288565976815,0.972614914188457,0.998879356112684,NUDT9,237.34380833006,247.466663235259
63.9770289454938,0.309175782736296,0.625080703292121,0.494617384776007,0.620870228182091,0.996294710336961,NUF2,58.6347985600464,69.3192593309413
105.012940833357,1.1503259444031,0.473371702673318,2.4300690934983,0.015095944718285,0.650593284178309,NUFIP1,66.6535655391141,143.3723161276
581.188754780449,-0.30902431821962,0.220632028515235,-1.40063217611346,0.161324093974136,0.974401534329554,NUFIP2,636.458414630712,525.919094930185
875.477808051737,0.0452938881727813,0.178605373311953,0.253597567267312,0.799806476247815,0.996294710336961,NUMB,851.466476777482,899.489139325992
258.420749396386,0.392610153723189,0.317450285769391,1.23676106566304,0.216175800440866,0.98168489642748,NUMBL,225.106242535657,291.735256257116
96.5201109815966,-0.353796087089221,0.518306605805587,-0.682599996076313,0.494859636576415,0.994447194724684,NUP107,104.211512710904,88.8287092522895
205.351018432963,0.664538540927057,0.346813779452684,1.91612496474558,0.055349191340998,0.869042076164583,NUP133,167.824474038819,242.877562827106
159.690501826268,-0.180571510772041,0.427328859118994,-0.422558661599214,0.672617292565453,0.996294710336961,NUP153,166.49879184148,152.882211811055
154.053904140972,1.14175996985615,0.394466569244484,2.89444038830196,0.00379835023920112,0.491095033010045,NUP155,103.522615407181,204.585192874764
67.9193075681606,0.71702459171432,0.62740035883853,1.14285014602431,0.25310081445735,0.98168489642748,NUP160,55.23941015868,80.5992049776413
178.084388335312,-0.0516282114603177,0.374575698523134,-0.137831182492286,0.890373839487295,0.996577394764533,NUP214,177.087853048813,179.080923621811
215.13231153249,0.221086837084962,0.336536437940376,0.65694769469252,0.511214549175167,0.994447194724684,NUP37,198.858284668022,231.406338396959
363.376316364467,0.0809286821109203,0.26580679702674,0.304464306466847,0.760774182043774,0.996294710336961,NUP50,353.036796661376,373.715836067558
99.8193782036397,0.078485995702224,0.546865548936217,0.143519729584169,0.885879730590093,0.996577394764533,NUP54,88.1575780076108,111.481178399669
650.785544955772,-0.307381680365442,0.223156448251591,-1.37742683562921,0.16838032077234,0.98168489642748,NUP62,721.565098263108,580.005991648436
116.673513112607,-0.652256669079047,0.476336197518201,-1.36931997290448,0.170899277384853,0.98168489642748,NUP88,142.462966244947,90.8840599802656
216.132358850489,-0.439456456312457,0.364064753567495,-1.207083223537,0.227400095031772,0.98168489642748,NUP98,246.429211973529,185.835505727448
212.766319954213,0.0461741210291877,0.381145555507953,0.121145636783437,0.903575682416684,0.996577394764533,NUS1,211.298817984,214.233821924425
134.23127796104,0.155141093604703,0.416435242206936,0.372545543413951,0.70948670951714,0.996294710336961,NUSAP1,125.674215899959,142.78834002212
2556.69706087678,0.0131702838964488,0.122516741806405,0.107497830110923,0.914394046669598,0.996577394764533,NUTF2,2545.41412042152,2567.98000133205
242.089338703636,0.360238500754002,0.314689376350264,1.14474312711796,0.252315580675971,0.98168489642748,NXF1,203.408448787776,280.770228619495
674.139857457904,-0.281333070821868,0.192863906862152,-1.45871291004671,0.144644141297218,0.974401534329554,NXN,742.244075302437,606.035639613372
185.833435518165,-0.258816357992743,0.379399412045531,-0.682173851027695,0.495129027201633,0.994447194724684,NXPE3,199.273102848509,172.393768187822
322.120403419336,0.529087278042941,0.310276302277662,1.70521330233422,0.0881546499667845,0.945521752426948,NXT1,258.566683036475,385.674123802197
68.6265456123191,0.599249825300958,0.584518006351559,1.02520336206809,0.305267242207065,0.986152964913951,OARD1,50.3368121868825,86.9162790377558
1981.1701294042,0.180285522194605,0.125802158530134,1.43308766956825,0.151832784759082,0.974401534329554,OAT,1870.14298403649,2092.1972747719
17487.6692332469,0.0412238760260217,0.06759293417199,0.609884398880033,0.541938387841862,0.996294710336961,OAZ1,17227.06920787,17748.2692586238
711.839092765307,-0.394484426614355,0.204237140925522,-1.93150190424086,0.0534210140568425,0.869042076164583,OAZ2,800.78150481736,622.896680713254
1487.2906365567,-0.0401187599114113,0.163000072575856,-0.246127251831383,0.805583727922083,0.996294710336961,OCIAD1,1503.39461110138,1471.18666201201
553.865618293454,-0.111078891946682,0.233036272721609,-0.476659236990887,0.633604794102124,0.996294710336961,OCRL,584.727551081273,523.003685505636
62.9121185552177,-0.37422797101383,0.622882568044612,-0.600800199287367,0.547973071379025,0.996294710336961,ODF2L,70.3974103171959,55.4268267932395
119.331143048762,0.592779423767113,0.452755394676395,1.3092708131966,0.190442632596153,0.98168489642748,ODR4,94.0356679203473,144.626618177176
460.802066667031,0.281792547949117,0.298482706662544,0.944083330990777,0.345127066693253,0.988142440035739,OGA,419.594945023569,502.009188310493
421.022932608034,-0.14741586266172,0.244017496710283,-0.604120051427065,0.545763829315142,0.996294710336961,OGDH,444.265476405578,397.780388810491
466.943698521812,-0.264430874415386,0.234594228622008,-1.12718405720651,0.259664669655485,0.982783504448174,OGFOD1,510.85558869021,423.031808353414
108.821012100786,0.184113775270937,0.460198858376725,0.400074385061206,0.689101730000616,0.996294710336961,OGFOD2,102.373817527528,115.268206674044
349.685520838222,0.0488940340685018,0.268054318794388,0.182403455719011,0.855266114028853,0.996294710336961,OGFOD3,343.599210524825,355.771831151619
181.228697464678,-0.225810045498303,0.398537542433518,-0.566596672723679,0.570988236062571,0.996294710336961,OGFRL1,195.043926371268,167.413468558088
213.308958463852,0.420910158929207,0.342251696191114,1.22982636350229,0.218762133599517,0.98168489642748,OGT,184.341454101529,242.276462826174
499.686516198842,-0.227751313616857,0.257118961016433,-0.885781868114741,0.375735082301583,0.992443630108828,OLA1,538.049490656443,461.323541741242
210.175305517364,-0.0024961213959938,0.399269182154532,-0.00625172567169913,0.995011877100891,0.998987745956335,OPA1,210.829463186584,209.521147848144
134.253531240964,-0.0148092693886007,0.421646668930968,-0.0351224626679673,0.971982089841664,0.998879356112684,OPA3,135.473045157191,133.034017324737
585.62601956198,-0.297130165339383,0.252717042837357,-1.17574249050789,0.239697793654733,0.98168489642748,OPN3,650.559785811218,520.692253312743
1469.13626702848,0.20512018711038,0.1582303197909,1.29633933231914,0.194858603382736,0.98168489642748,OPTN,1367.11469701474,1571.15783704221
887.433627075055,-0.199635269607543,0.176218110144476,-1.13288736012359,0.257261558680644,0.982783504448174,ORAI2,949.502441438487,825.364812711624
57.9545092596039,-0.693023561271823,1.91014968169334,-0.362811128318205,0.716745978319998,0.996294710336961,ORAI3,58.7185831651517,57.1904353540561
113.490275259526,-0.259941727114821,0.486024430948511,-0.534832635074593,0.592765593954602,0.996294710336961,ORC2,119.982847002416,106.997703516636
61.4306083560341,0.447784653208924,0.701208703188022,0.638589696866406,0.523089885647287,0.995460348195308,ORC3,51.7521883320576,71.1090283800106
121.747160716921,0.507995824340383,0.460557799305157,1.10300124133561,0.270026626081836,0.982783504448174,ORC4,106.097409699718,137.396911734123
276.463145849922,-0.1973763987811,0.306442362562958,-0.644089795974436,0.519517206835368,0.994447194724684,ORMDL1,280.545446808244,272.3808448916
594.171406154947,-0.050010892223639,0.231706679002293,-0.21583707659607,0.829114746463558,0.996294710336961,ORMDL2,602.046032191764,586.29678011813
74.335466597176,0.0965132751451575,0.593968258799691,0.162488944005517,0.870920833986414,0.996577394764533,OSBP,70.1123570744112,78.5585761199408
81.3660570334842,0.801584291631322,0.560383917286653,1.43041987270539,0.152596547959407,0.974401534329554,OSBPL11,58.2576255372577,104.474488529711
67.2061019870323,0.303915344789142,0.64105038131018,0.474089640455402,0.635435985701982,0.996294710336961,OSBPL1A,61.8326110696578,72.5795929044069
105.184852353118,-0.166785339517112,0.51736586794148,-0.32237406804729,0.74716932716099,0.996294710336961,OSBPL2,122.07463193617,88.2950727700651
63.7399836592682,0.23909524892234,0.614767863825384,0.38891956296247,0.697335650087412,0.996294710336961,OSBPL3,57.0932731037058,70.3866942148306
266.681689014009,-0.199187964870802,0.34748413933414,-0.573228940038796,0.566489691876167,0.996294710336961,OSBPL5,293.211460597441,240.151917430577
57.7558446219067,0.144915221745657,0.711875904510952,0.203568094983088,0.838691027550457,0.996294710336961,OSBPL6,50.5639175455265,64.9477716982868
701.321121030872,-0.43374316647498,0.199158101891629,-2.17788361284443,0.0294147028241139,0.735915380143775,OSBPL8,808.025309670824,594.61693239092
656.669955231399,-0.142440486316854,0.197007577204869,-0.723020344383652,0.469667385289508,0.994447194724684,OSBPL9,686.110114503947,627.229795958851
223.1519200025,0.711362877585026,0.365578120910835,1.945857360973,0.0516718760412732,0.869042076164583,OSER1,170.204220764648,276.099619240353
747.827010827051,0.408493452036663,0.185778736411069,2.19881704401734,0.027890934079606,0.726566203087928,OSGIN2,647.48253149966,848.171490154442
2240.35892824028,0.151587926691039,0.122437401997314,1.23808512936565,0.215684497181106,0.98168489642748,OSTC,2125.09419370533,2355.62366277523
258.543728892253,0.246340579135629,0.390954879381462,0.630099768866856,0.528629310909986,0.996294710336961,OSTF1,235.26175597559,281.825701808917
484.933938522589,0.0301616858279038,0.259579239088606,0.116194522850914,0.907498377483272,0.996577394764533,OSTM1,481.423479872369,488.44439717281
78.3664463704578,0.690342455096932,0.546450954898402,1.26332006360074,0.20647417861024,0.98168489642748,OTOGL,61.2706337743163,95.4622589665993
640.667373489474,-0.0226021626064431,0.236426372472557,-0.09559915998401,0.923838932381615,0.996577394764533,OTUB1,647.857608793974,633.477138184974
202.51107556049,0.971973028047399,0.432578044349609,2.24693102376193,0.0246444356511587,0.721834516239828,OTUD4,145.273933521766,259.748217599215
165.544319582143,-0.0697399471437257,0.384231457932823,-0.181505042608767,0.855971175460879,0.996294710336961,OTUD7B,170.8641651881,160.224473976186
128.827643115039,0.371285190882032,0.431067753094702,0.861315160358245,0.389064488153674,0.992443630108828,OTULIN,113.270920518599,144.38436571148
9.46074727495907,2.09840513684158,1.88294848109149,1.11442514647305,0.26509684036236,0.982783504448174,OTULINL,4.67640567507078,14.2450888748474
999.953939765425,-0.157677627651763,0.186555338046698,-0.845205660168748,0.397996022636437,0.992443630108828,OXA1L,1056.07910787844,943.828771652406
151.614610907279,-0.225344907391022,0.406197917186899,-0.554766279826435,0.579054534373103,0.996294710336961,OXCT1,167.430962265497,135.798259549061
38.3473861647367,0.107835478733302,0.973807664784727,0.110735910830133,0.911825768365993,0.996577394764533,OXNAD1,36.2457469215895,40.449025407884
116.53273496463,0.922047915944779,0.448257144590567,2.05696200734729,0.0396898805756968,0.811391320381855,OXR1,78.0761634633609,154.989306465899
225.348401002033,-0.478100338986929,0.445413902918893,-1.07338440909418,0.283098676841385,0.982783504448174,P3H2,266.039390748236,184.65741125583
1540.59106617595,0.176736562730789,0.181166408244405,0.975548195956726,0.329288406908176,0.986152964913951,P3H4,1447.67213433556,1633.50999801635
753.235962462951,-0.388831126527766,0.209873895061007,-1.85268933239524,0.0639268998955637,0.891663350651627,P4HA1,839.675746457247,666.796178468656
1294.18424926085,-0.096325468024167,0.213885699030458,-0.450359554008563,0.652451203725066,0.996294710336961,P4HA2,1350.06220783108,1238.30629069063
1260.74972134344,-0.223121681480072,0.172813938875903,-1.29110928743019,0.196665784036892,0.98168489642748,PA2G4,1365.02216350657,1156.4772791803
78.6442233334335,-0.587040004945533,0.558728925668098,-1.0506705093952,0.293409944997804,0.984887697687056,PAAF1,91.3527818220982,65.9356648447689
80.4525825481588,0.18075843051907,0.608148343812122,0.297227530681088,0.766292804660089,0.996294710336961,PABIR1,74.7731946961647,86.1319704001529
116.687658222109,-0.0947628992199343,0.473420210217226,-0.200166569096095,0.841350312036149,0.996294710336961,PABIR2,121.471960194483,111.903356249736
7734.76229109982,-0.105878427606198,0.0767239430213633,-1.37999200036834,0.167589107902802,0.98168489642748,PABPC1,8037.95211033096,7431.57247186867
249.307632573148,0.587352962103804,0.322226799825198,1.82279364231166,0.0683346510149214,0.904997639926701,PACC1,200.878475282993,297.736789863303
240.574996107523,-0.358632622971054,0.322097604356398,-1.11342840840949,0.265524479727425,0.982783504448174,PACS2,266.761592260194,214.388399954851
512.219011197883,0.316319730929662,0.23404279767097,1.35154652942733,0.17652042549768,0.98168489642748,PACSIN2,465.315956609851,559.122065785914
1467.12077005047,0.0863010840352851,0.153363739573807,0.56272156818237,0.573624495152486,0.996294710336961,PAFAH1B1,1428.22763977352,1506.01390032743
5152.59258251918,0.0756082758258745,0.0903168252257238,0.83714496869117,0.402511086109243,0.992443630108828,PAFAH1B2,5017.80791942003,5287.37724561833
192.823820045798,-0.054750739202677,0.435790233358132,-0.12563553519953,0.900020432791507,0.996577394764533,PAFAH2,197.443520105253,188.204119986343
317.049630970627,-0.443742072944004,0.278663587124941,-1.59239345736639,0.111296325394847,0.970091285674747,PAGR1,367.011224085354,267.088037855901
696.895786503177,-0.0958679826980764,0.235469363452941,-0.407135693969954,0.68390832876594,0.996294710336961,PAICS,722.936348693928,670.855224312425
405.87243829802,0.0181655379053855,0.266002467677237,0.0682908623518009,0.94555409793579,0.998879356112684,PAIP1,410.634385531031,401.110491065008
515.739913320655,0.372394766725963,0.281086283762461,1.32484147480019,0.185223735463298,0.98168489642748,PAIP2,451.110942568444,580.368884072867
115.071816173923,0.00995809221606515,0.486417397678529,0.020472319171952,0.983666593548434,0.998987745956335,PAK1,114.104224252005,116.039408095841
646.447347609517,-0.194611691779891,0.219876954062132,-0.8850936316177,0.376106133911498,0.992443630108828,PAK2,692.570109090258,600.324586128775
1194.87598992587,0.0200231920824312,0.169107047500475,0.118405426493978,0.905746426307037,0.996577394764533,PALLD,1210.11913890852,1179.63284094323
1991.92769199775,0.0170672310332158,0.122676804034421,0.139123538207166,0.889352528301534,0.996577394764533,PALM2AKAP2,1983.05658391315,2000.79880008235
1934.16977704395,0.0205004943592924,0.130926666550804,0.156579976404864,0.875575884382306,0.996577394764533,PALMD,1934.90893532744,1933.43061876046
330.493865564598,-0.0913711038160688,0.348866888722273,-0.261908214192284,0.793392206610652,0.996294710336961,PALS1,339.431267454569,321.556463674626
54.2837977809112,-1.0529967290688,0.711944877796256,-1.47904249599805,0.13912895744451,0.974401534329554,PALS2,73.1694289014263,35.3981666603962
779.844628175962,0.377651275914733,0.192193530056641,1.96495311680594,0.0494196640836818,0.857187196127094,PAM,685.462881330417,874.226375021507
223.192712910725,0.574058382265342,0.339251597910543,1.69213169753947,0.0906208659604436,0.946227721488623,PANK2,172.475825564214,273.909600257235
353.25891609798,0.0196678184969822,0.267097131380141,0.0736354538716117,0.941300459594778,0.998879356112684,PANK3,341.308387049616,365.209445146344
89.4084242539821,-0.306519632019457,0.543838447353913,-0.563622585918394,0.573011012386589,0.996294710336961,PANX1,93.9890592552359,84.8277892527283
274.986985966224,-0.118883442648727,0.327397959347833,-0.363116016011643,0.716518220958759,0.996294710336961,PAPOLA,282.158110865081,267.815861067366
213.653013943618,0.518936939745157,0.359612068204064,1.44304650935875,0.149007370026181,0.974401534329554,PAPPA,172.48403512452,254.821992762716
938.098634855519,0.100016048991954,0.178802222070283,0.559366924157353,0.57591132992247,0.996294710336961,PAPSS1,911.160600378778,965.036669332259
1970.66665480678,0.216348915496828,0.134387265349201,1.60989149481279,0.107421546081974,0.961015869502668,PAPSS2,1833.67578648934,2107.65752312423
48.4956166206239,-1.17258796218509,0.738603970029652,-1.5875733272027,0.11238285358406,0.972887579976839,PAQR8,58.6321246196084,38.3591086216395
36.0980445654177,-0.521106370513444,0.807000125406515,-0.645732700786067,0.518452478987932,0.994447194724684,PARD3,47.3455677006206,24.8505214302148
63.2886235995136,-0.209668887968616,0.632855877606517,-0.33130590295154,0.740413432948616,0.996294710336961,PARG,67.9246927440699,58.6525544549572
2141.9255138681,0.196309607892005,0.116504677978962,1.68499335217642,0.091989854103555,0.948038963233236,PARK7,1987.69173530537,2296.15929243084
743.455384763757,0.0585443656469155,0.200293113132768,0.292293452986116,0.770062264121227,0.996294710336961,PARP1,722.123883775327,764.786885752187
30.7024660265055,-0.0165709215957733,1.04626916977897,-0.0158381055988431,0.987363548372218,0.998987745956335,PARP11,29.5919090612697,31.8130229917413
46.3166525057887,-1.34526959804588,0.732466178156252,-1.83663032937871,0.0662644867718541,0.902221594165978,PARP14,66.5788383109173,26.0544667006601
1769.40062872013,-0.0620996936556696,0.127791739323083,-0.48594450615207,0.627006512019753,0.996294710336961,PARVA,1804.25601745034,1734.54523998993
1047.49963286343,-0.224239003517835,0.169212808398798,-1.32518930239224,0.185108372577013,0.98168489642748,PARVB,1121.08879301378,973.910472713069
408.738593703878,-8.24884763975523e-06,0.256806563764546,-3.21208598364262e-05,0.999974371261861,0.999974371261861,PATL1,416.179624367935,401.297563039822
1496.44080372788,-0.254099913587818,0.144426918528225,-1.75936671762584,0.0785152411794555,0.93345897846686,PAWR,1639.08802432891,1353.79358312686
39.3386856629843,-0.979094880438855,0.778361534594627,-1.25789217082621,0.208430755510317,0.98168489642748,PAXBP1,44.7424067367271,33.9349645892414
48.7861011846592,0.207417505675417,0.680237594103186,0.304919203927376,0.760427689209271,0.996294710336961,PBK,45.5070365747149,52.0651657946036
29.7439767064766,-0.78724487715145,1.03613771887938,-0.759787876463841,0.447381390838561,0.994447194724684,PBLD,42.4688835691752,17.0190698437779
538.305108055006,-0.0401313562825475,0.226539890151944,-0.177149182228484,0.859391210949709,0.996294710336961,PBRM1,550.509507506442,526.100708603571
74.9443092321723,0.576481696765602,0.777442434264926,0.741510459627364,0.458383992170559,0.994447194724684,PBX1,58.0705242978207,91.818094166524
587.62252309672,-0.0661162091511767,0.220256366395167,-0.300178424956654,0.764041061056366,0.996294710336961,PBX3,591.530191943758,583.714854249682
296.018183111032,-0.297477859137794,0.294262023717137,-1.01092847585303,0.312050663795864,0.986152964913951,PBXIP1,332.225466486678,259.810899735386
589.714309301539,-0.124831609251168,0.209778490952143,-0.59506391091185,0.551800750982515,0.996294710336961,PCBD1,621.899644826919,557.528973776159
46.1974849395017,0.937655175143571,0.709854774815,1.32091127426443,0.186530950084773,0.98168489642748,PCBD2,33.35261192814,59.0423579508635
2367.28885366755,-0.199190857022793,0.116521060736618,-1.70948372563344,0.0873613837584936,0.942895213226454,PCBP2,2531.80309709201,2202.77461024309
61.059514386759,0.610102947522797,0.690409830636992,0.883682300641488,0.376867737415907,0.992443630108828,PCDH1,50.5455984323837,71.5734303411343
330.498655298089,0.247697430925553,0.272206441823241,0.90996167932865,0.362842719541565,0.992443630108828,PCDH10,305.083542562802,355.913768033376
49.8879448283613,0.514442212006741,0.737842169583299,0.697225278269574,0.485661821705837,0.994447194724684,PCDH7,39.9837578509826,59.79213180574
54.0359273822153,-0.601987037712155,0.669099946419386,-0.899696735792046,0.368281660982644,0.992443630108828,PCF11,62.5260370618349,45.5458177025957
576.305683488172,-0.031957570591802,0.217410063994397,-0.146992140127541,0.883138224201696,0.996577394764533,PCGF3,584.230919035995,568.380447940349
138.855351722941,0.373635362424288,0.42832133276205,0.872324896859288,0.383031159171549,0.992443630108828,PCGF5,121.086564111971,156.624139333911
259.407270429869,0.376206327503528,0.311825310113683,1.20646501519192,0.227638240642329,0.98168489642748,PCLAF,231.998732583666,286.815808276071
150.584564049178,0.358916747289196,0.403000377926733,0.890611440951175,0.373137659254689,0.992443630108828,PCM1,133.000248839333,168.168879259023
1379.82984884782,0.119165831176682,0.160491807110103,0.742504139759176,0.457781944536603,0.994447194724684,PCMT1,1326.35824213016,1433.30145556549
88.9256308928169,0.590434199916275,0.62113408982567,0.95057445660725,0.341820440458893,0.987678078249577,PCMTD1,70.4279180913162,107.423343694318
111.646338281158,0.721380986622134,0.544250082779364,1.32545866219845,0.185019071381442,0.98168489642748,PCMTD2,85.7954719418595,137.497204620457
653.399219710403,0.000787517795200261,0.201265100887712,0.0039128382999675,0.996878014697964,0.999437865096263,PCNA,660.024243597896,646.774195822911
1026.94508686786,-0.0453611988166357,0.203137857630955,-0.223302536246318,0.823300053462302,0.996294710336961,PCNP,1040.32744635552,1013.56272738021
235.577501641676,-0.0242783592955383,0.334223580381148,-0.0726410723858899,0.94209174199842,0.998879356112684,PCNX1,235.491580648961,235.663422634391
102.432299564075,0.10026837807411,0.487314169399781,0.205757157025845,0.836980608803295,0.996294710336961,PCNX2,89.0009292992309,115.863669828918
255.794919974493,0.299227099053727,0.327852192041709,0.912689029743195,0.3614061151929,0.992443630108828,PCNX4,229.87031804701,281.719521901975
1186.96272293277,-0.15908495425192,0.149929889977365,-1.0610623023597,0.288661588360043,0.983413963682544,PCYOX1,1255.6295587527,1118.29588711284
993.412973148626,-0.0141288566835043,0.173709082910671,-0.0813363149857281,0.935174494468282,0.998398918401886,PCYT1A,1005.86508723653,980.960859060721
109.574151478009,0.0451651241448046,0.564943062735351,0.0799463293276377,0.936279942249908,0.998879356112684,PCYT2,106.097580688601,113.050722267417
1374.19583642014,-0.0147089398648528,0.169410146769505,-0.0868244325699413,0.930811066574996,0.997480238800445,PDAP1,1365.90140544897,1382.49026739132
282.906820191863,0.190218703706408,0.32489961540996,0.585469156269665,0.558232300008968,0.996294710336961,PDCD10,266.458766241359,299.354874142368
414.535165624021,0.328805958006735,0.278003168298447,1.18274176520805,0.236911506401392,0.98168489642748,PDCD11,364.162692020914,464.907639227127
415.35318063659,-0.301667646860931,0.242637504194136,-1.24328531923723,0.213762712105874,0.98168489642748,PDCD1LG2,458.405445677521,372.300915595658
330.722303548594,-0.148727531673832,0.30213224423838,-0.492259712460504,0.622535756692667,0.996294710336961,PDCD2,347.035547982187,314.409059115001
453.805709064342,0.0490352560643141,0.288673049852623,0.169864336450348,0.865116828854533,0.996577394764533,PDCD4,432.739134752895,474.872283375789
1100.25028163733,0.0365362175781121,0.15484276919764,0.235956885603599,0.81346612589205,0.996294710336961,PDCD5,1090.00629461133,1110.49426866334
1091.48409960657,0.0208685414480012,0.175253855318127,0.119076076301545,0.905215084217477,0.996577394764533,PDCD6,1067.69443815684,1115.2737610563
1007.35690963581,0.0896099684280561,0.17415014744445,0.51455579994062,0.606863458420206,0.996294710336961,PDCD6IP,982.612979662998,1032.10083960861
23.2475505891033,1.55197904068845,1.17539550411378,1.32038878424893,0.18670524630738,0.98168489642748,PDCD7,15.4736382948085,31.0214628833981
184.211831064765,-0.52374002218337,0.417582297669934,-1.25421988696787,0.209762093403478,0.98168489642748,PDCL,213.743056770595,154.680605358935
154.564405354722,-0.210350829474595,0.416362084064743,-0.505211299311986,0.613410434920347,0.996294710336961,PDCL3,166.585108022322,142.543702687123
73.6746950800737,0.433381974022694,0.588662862451406,0.736214226625295,0.461600335650653,0.994447194724684,PDE10A,63.8171520143034,83.5322381458441
231.880114120493,-0.104520275730906,0.340120707911671,-0.307303475794394,0.758612390309242,0.996294710336961,PDE12,236.204302436168,227.555925804818
224.279023780339,-0.185096294420439,0.340230315898349,-0.544032338598951,0.586419219479412,0.996294710336961,PDE3A,239.351371315875,209.206676244803
219.865997716444,0.0625302879714762,0.35595534172983,0.175668913037233,0.86055405926548,0.996408445993499,PDE4A,215.231695868923,224.500299563965
143.241432168403,-0.453245458530495,0.435647283682497,-1.04039546556848,0.298156207510312,0.986152964913951,PDE4B,163.106848077768,123.376016259038
76.596716504388,-0.306875245887835,0.568436755431957,-0.539858204022432,0.589294823786149,0.996294710336961,PDE4D,81.3356683489331,71.8577646598429
73.3480795309157,-0.262804133504232,0.604824702324537,-0.434512896867789,0.663916031538041,0.996294710336961,PDE5A,75.3782588995763,71.3179001622551
182.496441532788,0.164460173977935,0.400982338933313,0.410143185895493,0.681700914706502,0.996294710336961,PDE7B,168.588958261415,196.403924804161
151.830524981118,-0.480298613657656,0.408248669209108,-1.17648543616352,0.239400948829285,0.98168489642748,PDE8A,177.949052610526,125.71199735171
57.1111551540614,0.091587558315715,0.718670519210563,0.127440260686247,0.898591952580924,0.996577394764533,PDF,56.0166843759315,58.2056259321914
84.1117101096619,1.0583783626563,0.55172565687094,1.91830550106876,0.0550722853133842,0.869042076164583,PDGFA,55.6672513173296,112.556168901994
309.075705234042,-0.439773761653031,0.299844549794684,-1.46667252065833,0.142465161583377,0.974401534329554,PDGFB,356.499503677377,261.651906790707
31.4604555865164,-1.35611612349787,0.958420133273258,-1.41494953665714,0.157083292362051,0.974401534329554,PDGFD,45.626753954204,17.2941572188289
512.167016154471,0.288695026992792,0.222908300220272,1.29512910334659,0.195275696692571,0.98168489642748,PDHA1,460.016962063589,564.317070245353
521.748743377956,0.0846684795636719,0.222221532958895,0.381009339807468,0.703196318175541,0.996294710336961,PDHB,505.45584733183,538.041639424082
130.054407958183,0.3209112498211,0.427059098380158,0.751444591716513,0.452385134926292,0.994447194724684,PDHX,120.112757555509,139.996058360857
1074.23120856322,-0.151001793617797,0.182130363300918,-0.829086325207127,0.407055561153286,0.992443630108828,PDIA3,1126.13928092583,1022.32313620061
1114.88859743505,-0.280689471195005,0.181986624588085,-1.54236319196715,0.122985360850679,0.974401534329554,PDIA4,1225.91106290766,1003.86613196245
5173.43351704424,-0.0149110829293852,0.0922328085094705,-0.161667883374213,0.871567397135079,0.996577394764533,PDIA6,5187.31652134384,5159.55051274465
55.204908353192,-1.2025509689959,0.953253060891627,-1.26152332295801,0.207120362427293,0.98168489642748,PDK1,65.8768274102261,44.5329892961578
46.6311598364598,1.37191205331329,0.83964762599303,1.63391405018357,0.102276899130441,0.961015869502668,PDK2,33.806601535994,59.4557181369255
14.2702542274182,-1.29089688797534,1.6411527162381,-0.786579381189079,0.431528133235844,0.994447194724684,PDK3,12.8703850867643,15.670123368072
18.7650505243894,1.52264071070635,1.26821139148997,1.20062059127025,0.229898409840622,0.98168489642748,PDK4,19.4509416184784,18.0791594303005
582.418671135845,-0.324432753706252,0.23101492327149,-1.40438006823039,0.160205702933311,0.974401534329554,PDLIM1,650.669383389141,514.16795888255
100.496074597005,0.58495922308273,0.486787024896062,1.20167381866357,0.229489928677589,0.98168489642748,PDLIM3,78.4038327711662,122.588316422843
2739.59825514811,0.02746308639567,0.108906969298554,0.25217014643373,0.800909552255971,0.996294710336961,PDLIM4,2708.04620469551,2771.15030560071
7714.45764376402,-0.0566014397076906,0.0776451955641188,-0.728975428504776,0.466016693022423,0.994447194724684,PDLIM5,7908.83669305151,7520.07859447653
449.232914261677,0.169306362445041,0.237991041582319,0.71139804809199,0.476837608218198,0.994447194724684,PDP1,413.913226709888,484.552601813467
132.946482385989,-0.177946824938086,0.43748764211367,-0.40674708907972,0.684193751430481,0.996294710336961,PDP2,142.218531954466,123.674432817513
146.470734465759,-0.14358901050547,0.411839940031482,-0.348652465553714,0.727350234449247,0.996294710336961,PDPK1,154.766766603184,138.174702328334
564.995102517028,-0.255079027213902,0.217887335734016,-1.17069230460135,0.241722479544198,0.98168489642748,PDPR,615.883939144049,514.106265890006
532.077475147126,-0.446703713738087,0.227355679789979,-1.9647792135685,0.0494397970415112,0.857187196127094,PDS5A,612.277217796682,451.87773249757
179.284216104813,-0.132333056104124,0.444899811054757,-0.297444621948461,0.766127080929804,0.996294710336961,PDS5B,187.450956568271,171.117475641355
47.2286328010384,-0.739958867908737,0.787160985658877,-0.940034988255128,0.347199614006214,0.988142440035739,PDSS2,58.2540250354841,36.2032405665928
516.16726906396,-0.0187995153830595,0.220206799953987,-0.0853720929007989,0.931965578784874,0.997480238800445,PDXK,519.173799045084,513.160739082836
107.153442478447,-0.0704683197845985,0.53965733982807,-0.130579748636513,0.896107763784176,0.996577394764533,PDZD8,110.126071486387,104.180813470506
5205.46618287312,0.0187603211553049,0.10642172865012,0.1762828079685,0.860071767780358,0.996379576413085,PEA15,5181.63396333469,5229.29840241155
541.180830814233,0.0124429254419524,0.259846384260071,0.047885697841763,0.961807337783676,0.998879356112684,PEAK1,533.675108557894,548.686553070573
748.482344551766,0.124563434312486,0.191790697568371,0.649475891645271,0.516030824293012,0.994447194724684,PEAR1,722.911379790365,774.053309313168
7609.81866310579,-0.0616913448353057,0.0880184815941152,-0.700890809725469,0.483371160252944,0.994447194724684,PEBP1,7778.46514717285,7441.17217903873
5801.00982042665,-0.0798473323928234,0.113073154129742,-0.706156408277116,0.480090875761549,0.994447194724684,PECAM1,5957.88536473107,5644.13427612223
15.1073255367494,-0.75409550813997,1.43206186797099,-0.526580258161897,0.598485104382637,0.996294710336961,PECR,17.1947473827644,13.0199036907344
782.699220872697,-0.119546169410643,0.191907996327183,-0.622934800521962,0.533327367995491,0.996294710336961,PEDS1,816.619562891208,748.778878854185
1111.48419204053,-0.0691126667297908,0.166031649265712,-0.416262002066757,0.677218294228195,0.996294710336961,PEDS1-UBE2V1,1139.83633657591,1083.13204750514
132.155559975439,0.0398203008253929,0.426393304322515,0.0933886635219622,0.925594796357373,0.996744977649463,PELI1,130.566153105792,133.744966845087
189.922384521011,-0.303328561483728,0.391577351480528,-0.774632547916428,0.438556818942266,0.994447194724684,PELO,209.74419243011,170.100576611912
683.769129728572,-0.077209429000603,0.226844608936085,-0.340362635738711,0.733583453105145,0.996294710336961,PEPD,706.04327640854,661.494983048604
2581.22319526917,-0.0232553368815075,0.115796286763276,-0.200829728927739,0.840831716165596,0.996294710336961,PERP,2609.33254121045,2553.11384932788
71.4670785135685,0.520096919948751,0.582167093941709,0.89338082719053,0.371653266525768,0.992443630108828,PET117,57.6236736988897,85.3104833282472
16.0378759198945,-1.13818367780679,1.41316707756465,-0.805413383793411,0.42058117099359,0.992443630108828,PEX1,22.0313470249255,10.0444048148635
98.2207869745522,-0.139052254812058,0.491325013416352,-0.283014808965617,0.777165484992851,0.996294710336961,PEX10,103.690690456228,92.7508834928761
59.1316437425412,0.643778511350268,0.698474354475698,0.921692410358449,0.356689040526551,0.990507278877153,PEX11A,48.2816018594449,69.9816856256374
94.0270415439936,0.00411946217348112,0.511561939759137,0.00805271435052561,0.993574932987441,0.998987745956335,PEX13,90.9373488085152,97.1167342794721
60.0358747628963,-0.269389879666807,0.666801736184476,-0.404002966771337,0.686210537541893,0.996294710336961,PEX16,64.4979487519799,55.5738007738127
324.226164336196,-0.323894012196278,0.2884427825283,-1.12290558757351,0.261477594191534,0.982783504448174,PEX19,352.213042644297,296.239286028096
197.124298391831,-0.0600459438090804,0.382260967984388,-0.157081022751799,0.875180993555047,0.996577394764533,PEX2,201.460609689386,192.787987094277
162.388077371595,0.446808590959014,0.381040282329477,1.17260198377837,0.240955453523916,0.98168489642748,PEX26,141.781883152523,182.994271590667
125.61434641296,-0.26694678115756,0.45001255475258,-0.593198519326486,0.553048303442132,0.996294710336961,PEX3,138.446724477418,112.781968348501
13.6010340138922,2.07034121467683,1.54727480749119,1.33805656542276,0.180877998181968,0.98168489642748,PEX6,4.8328416509227,22.3692263768616
24.8439367225211,1.39549760661736,0.982225661790192,1.42075050663403,0.155389303768185,0.974401534329554,PEX7,17.0235927955434,32.6642806494988
142.675223341619,0.406749984890856,0.457234629566079,0.889587005421848,0.373687686251151,0.992443630108828,PFAS,122.870920469737,162.4795262135
762.097921894785,0.198264661621508,0.18234774700126,1.08728879233225,0.276909200166592,0.982783504448174,PFDN1,712.082661089275,812.113182700296
438.548643507317,0.0405361332600728,0.283488099719531,0.142990599253292,0.886297605608397,0.996577394764533,PFDN4,430.180962314949,446.916324699686
1557.01806470027,-0.12055197021605,0.141602951927817,-0.851337974066405,0.3945816361651,0.992443630108828,PFN2,1629.0453206177,1484.99080878284
639.918187734082,0.129277050819582,0.198284980186231,0.651976012999895,0.514416646634482,0.994447194724684,PGAM1,613.801494691262,666.034880776901
377.478363973231,0.0364651288429306,0.281160855645093,0.129694899239317,0.896807818299896,0.996577394764533,PGAM5,376.740946850595,378.215781095866
48.4733661855913,-0.261214470314654,0.723882389701847,-0.360852085961427,0.718210023407852,0.996294710336961,PGAP1,50.2583269674473,46.6884054037353
788.639604702538,0.332746813555992,0.195431442504869,1.70262681015467,0.0886379295168087,0.94617021594231,PGAP6,689.790650017594,887.488559387483
7.45275112054208,-3.71455316985873,1.93669975558481,-1.91798091529013,0.0551134311117958,0.869042076164583,PGBD2,13.6875998032537,1.2179024378305
31.5775544650108,5.01828231415141,1.31756992502749,3.80874078773975,0.000139676287884241,0.123833006087085,PGBD4,3.54440063889218,59.6107082911295
1545.0364272694,-0.0504374183098062,0.137357535348829,-0.367198044007682,0.713471298229296,0.996294710336961,PGD,1576.50536178993,1513.56749274887
198.64303773069,0.6597165917747,0.382315036739936,1.72558368982872,0.0844223357088021,0.941807879236941,PGGT1B,152.447434091918,244.838641369462
3506.58362152936,-0.125069883928774,0.101471888728746,-1.23255697213945,0.217741098542533,0.98168489642748,PGK1,3658.91979257637,3354.24745048235
130.366935003446,-0.110757191433537,0.496494477196163,-0.223078395673226,0.823474492454706,0.996294710336961,PGM2,135.281715083466,125.452154923425
2685.62718709291,-0.0966787164528582,0.12350421900899,-0.782796873083506,0.433746404093491,0.994447194724684,PGM2L1,2781.7882700329,2589.46610415292
625.65044003282,-0.0572378202880637,0.207832125805085,-0.275404103510658,0.783005791797191,0.996294710336961,PGM3,640.277532974083,611.023347091557
498.435756230633,0.0251782961175214,0.222197769138375,0.113314801562393,0.909780982871656,0.996577394764533,PGP,494.602521575968,502.268990885298
269.036641589281,-0.127353548643121,0.340339983452836,-0.374195083842593,0.708259181290979,0.996294710336961,PGPEP1,280.848221081184,257.225062097378
502.053066886501,-0.373907058179937,0.220433039405341,-1.69623872713737,0.089840679053249,0.94617021594231,PGRMC1,567.857730569872,436.24840320313
1276.05952655671,0.00681310926802437,0.146959141711387,0.0463605679012786,0.963022864955701,0.998879356112684,PGRMC2,1277.88789189328,1274.23116122013
165.744846519868,0.0309527713496435,0.428471223884565,0.072240023656717,0.942410894089353,0.998879356112684,PGS1,162.85972634743,168.629966692306
610.914786580638,-0.0980314982028858,0.22199101002294,-0.441601208052324,0.658777809665997,0.996294710336961,PHACTR2,635.898357328701,585.931215832576
843.065185217951,0.257597796060453,0.183843729150663,1.40117803990664,0.161160839433778,0.974401534329554,PHACTR4,769.418264001831,916.712106434071
92.6469661051248,-0.649707795394311,2.1708128125588,-0.299292408647838,0.764716946307789,0.996294710336961,PHAF1,110.106383593041,75.1875486172086
808.975596072644,-0.00243766850691872,0.17769840154939,-0.0137180103234704,0.989054954639096,0.998987745956335,PHAX,809.020256521602,808.930935623686
1817.53417899435,-0.0453457325742847,0.137887927315514,-0.328859338573747,0.742262009483847,0.996294710336961,PHB1,1848.88539159378,1786.18296639491
282.511699540289,-0.142552947197467,0.323285837781605,-0.440950176400143,0.659249067223958,0.996294710336961,PHC3,296.270658402457,268.752740678121
242.159963873973,0.510988437868684,0.342266210294882,1.49295613326375,0.135448669964686,0.974401534329554,PHETA1,197.225788727792,287.094139020153
17.1280795656033,0.55102027259535,1.62596705142927,0.338887723531045,0.734694313009086,0.996294710336961,PHEX,19.1337772125174,15.1223819186892
52.3094556143571,0.343867533068031,0.66296940887333,0.518677828065113,0.603985425728564,0.996294710336961,PHF12,46.2322738759019,58.3866373528123
227.826046355911,0.384563241735783,0.346326699746368,1.11040598953941,0.266824118384569,0.982783504448174,PHF2,198.037013731473,257.615078980349
503.968151026069,0.0428148581722463,0.223306092426239,0.191731706497836,0.847952368532231,0.996294710336961,PHF20,496.245237688639,511.691064363498
182.227707043583,0.793099103522773,0.41831768648309,1.89592534370366,0.0579699171561207,0.877466599685086,PHF20L1,136.083928084528,228.371486002637
172.687844972493,-0.374917880465954,0.394148956266301,-0.951208609094085,0.34149848901682,0.987678078249577,PHF21A,188.266016682578,157.109673262409
459.826369375498,0.283130908481087,0.237468276616782,1.19228939761918,0.233147790330802,0.98168489642748,PHF23,417.318677794231,502.334060956766
92.9762230884371,0.745701851397893,0.528780888695059,1.41022844686796,0.158472238662503,0.974401534329554,PHF3,81.7535509428305,104.198895234044
303.027910410641,-0.44392528240605,0.28664466775805,-1.54869541400559,0.121454956837128,0.974401534329554,PHF5A,347.735952243132,258.31986857815
148.061168348622,0.428668503386001,0.469520647021826,0.912991805802471,0.361246851179547,0.992443630108828,PHF8,123.899153153298,172.223183543946
300.242290859309,0.074950980952136,0.284971906877896,0.26301182377339,0.792541465815778,0.996294710336961,PHIP,294.106505202015,306.378076516604
18.4877133067958,0.542074636528907,1.36242857052066,0.397873802897241,0.6907232115358,0.996294710336961,PHKA2,15.4350013304603,21.5404252831313
302.069780677509,0.362425195098575,0.282988962183405,1.28070435080676,0.200297531003798,0.98168489642748,PHKB,265.589122510488,338.550438844531
385.582960088806,0.350272789560356,0.264134709149331,1.32611420395464,0.184801871980425,0.98168489642748,PHLDA1,337.902245638135,433.263674539476
270.576258814549,-0.372640031994882,0.323947886562407,-1.15030857570696,0.250016799964626,0.98168489642748,PHLDA3,305.715448793246,235.437068835851
1536.95768397741,-0.0145287982027909,0.141777918303013,-0.102475747822305,0.918379061928623,0.996577394764533,PHLDB1,1549.01641564463,1524.89895231018
335.561862737911,0.314829049099304,0.273435011784275,1.15138528546479,0.249573764650068,0.98168489642748,PHLDB2,299.717718620408,371.406006855415
278.921146154065,0.407544859981008,0.297097370160477,1.37175519177727,0.170139660543736,0.98168489642748,PHTF1,240.344033073843,317.498259234288
111.076722611203,-0.0969109286017063,0.482532446516884,-0.200838159798888,0.840825123606412,0.996294710336961,PHYH,119.954336341013,102.199108881392
13.8469160258096,0.434462294752565,1.32820264475058,0.327105428128515,0.743588146406392,0.996294710336961,PHYKPL,11.5302070128356,16.1636250387836
176.97128990051,0.531667041594185,0.366773559225092,1.44957843394566,0.14717611354064,0.974401534329554,PI4K2A,145.485708686635,208.456871114385
72.523490751893,0.638970758946328,0.612457078684503,1.04329067486455,0.296813688658211,0.986152964913951,PI4K2B,65.2419490105224,79.8050324932636
320.590798245521,0.181437641030528,0.280579998502879,0.646652084962024,0.517857140343176,0.994447194724684,PI4KB,303.566627411924,337.614969079118
268.538491132284,0.134334482506118,0.311826620213397,0.430798635517992,0.666614791794801,0.996294710336961,PIAS1,234.739801174908,302.33718108966
119.396054757266,0.492922210121903,0.492514888820362,1.00082702332617,0.316910442496171,0.986152964913951,PIAS2,107.127101782288,131.665007732243
140.393436964856,0.0929818297970028,0.40689756609384,0.22851409677776,0.819246598369347,0.996294710336961,PIAS4,134.925394374902,145.861479554811
44.329795171566,0.162701944960059,0.867762369201931,0.187495967484386,0.851271785108236,0.996294710336961,PIBF1,43.8332129795906,44.8263773635414
1438.16369009862,0.061260915329862,0.145657562643927,0.420581768758687,0.674060508815421,0.996294710336961,PICALM,1417.81965984329,1458.50772035395
204.732741001964,-0.207866895607497,0.405667591563141,-0.512406955671594,0.608366223941275,0.996294710336961,PIEZO2,220.448584693179,189.016897310749
194.617761288606,-0.339826237638026,0.355327803957578,-0.956373899968147,0.338883366139734,0.986983139323132,PIGG,211.131215403347,178.104307173865
36.5906789309544,-1.45839622047735,0.834193466097546,-1.74827097040198,0.0804171174871448,0.938892717784579,PIGH,49.3677673023831,23.8135905595257
106.620544183208,-0.0156142701818748,0.547525642566315,-0.0285178792881534,0.977249108218432,0.998987745956335,PIGK,106.738813900594,106.502274465822
462.668148050457,0.0551480371085448,0.235948365562521,0.233729260963801,0.815195169886277,0.996294710336961,PIGM,452.186730349476,473.149565751438
76.6116170157242,0.671616792084701,0.578627407078279,1.16070684497294,0.24576113725349,0.98168489642748,PIGN,57.8526974255191,95.3705366059293
116.998743820942,-0.292148299414346,0.464833551314558,-0.628500887227579,0.529675865620419,0.996294710336961,PIGP,130.075379656261,103.922107985622
88.9601647353378,0.106212132650532,0.691074344992433,0.153691326295285,0.877853124137286,0.996577394764533,PIGV,85.5944864082383,92.3258430624373
133.357601760667,0.207729886359607,0.435580569903117,0.476903472544266,0.63343085912101,0.996294710336961,PIGX,123.520817334976,143.194386186358
66.2568088704345,0.0210291854750446,0.617508453172809,0.034054894903859,0.972833376255902,0.998879356112684,PIGZ,66.6762558512464,65.8373618896225
897.689162005257,0.315058029184173,0.170033058861622,1.85292219815075,0.0638935109063345,0.891663350651627,PIK3C2A,806.730332608893,988.647991401622
219.500399404695,-0.563756461536642,0.379018547799809,-1.48741127527724,0.136906220752129,0.974401534329554,PIK3C3,262.021275987011,176.97952282238
166.566949821704,0.215187805273256,0.419741813326791,0.512667069234108,0.608184228822779,0.996294710336961,PIK3CA,154.561503740069,178.57239590334
160.279502829091,-0.0235678067348264,0.39983153929063,-0.0589443413509593,0.952996440135964,0.998879356112684,PIK3CB,162.045577669695,158.513427988486
152.498672300728,0.448632730669823,0.39228217056582,1.14364802770089,0.252769635220565,0.98168489642748,PIK3IP1,129.213253533212,175.784091068244
118.149668808777,0.731058585600732,0.452954784124855,1.61397696022396,0.106532423854707,0.961015869502668,PIK3R1,89.2497347887023,147.049602828852
111.551699380592,0.530565996586932,0.464574830625067,1.14204636500233,0.253434747839575,0.98168489642748,PIK3R3,102.35289996799,120.750498793194
27.8000310675272,0.736247971589026,0.900815599889046,0.81731263499401,0.413749788016159,0.992443630108828,PILRB,20.537029942029,35.0630321930255
712.277426230472,-0.0713214136078799,0.272882707643302,-0.261362891858679,0.79381267071525,0.996294710336961,PIN4,722.062062534083,702.492789926861
473.556117063506,-0.422167200498444,0.23164638836174,-1.82246398695923,0.0683846133029812,0.904997639926701,PINK1,543.689073996882,403.423160130131
133.817834952541,-0.487618576193336,0.416492114168493,-1.17077505096787,0.241689208746056,0.98168489642748,PINX1,156.540318204939,111.095351700142
317.448014143061,0.354120614590786,0.293860518064123,1.2050636027039,0.228178749393122,0.98168489642748,PIP4K2A,282.194388867921,352.701639418201
215.687931805525,-0.3543783071848,0.410260911690662,-0.863787646072415,0.387704555570721,0.992443630108828,PIP4K2C,237.228855873222,194.147007737827
52.6209585231066,0.557886415285066,0.683324068846356,0.816430213305579,0.414254122255373,0.992443630108828,PIP4P2,42.6739253228564,62.5679917233568
290.602459425975,-0.225649603539804,0.348530087143591,-0.64743220704168,0.517352257058516,0.994447194724684,PIP5K1C,313.256760279077,267.948158572873
354.280167904247,0.248325433941792,0.289543277801466,0.857645308940876,0.391088348073317,0.992443630108828,PISD,318.653497593327,389.906838215166
404.472626251362,-0.0133655871343742,0.293475038162948,-0.0455425007116045,0.963674899354854,0.998879356112684,PITHD1,418.237004422318,390.708248080405
1260.15338021572,-0.0600198494264074,0.187866415921582,-0.319481526977448,0.749361397347041,0.996294710336961,PITPNA,1279.61196840423,1240.6947920272
816.704092992225,0.0199103231372682,0.182069760527562,0.109355463969285,0.912920556436061,0.996577394764533,PITPNB,813.863366840172,819.544819144278
86.6000951854143,0.654226814766506,0.53117684715072,1.23165536727709,0.218077849013529,0.98168489642748,PITPNC1,67.6218532258162,105.578337145012
8.95569670933455,-0.236722323204411,1.60828000450913,-0.147189744659334,0.882982255010982,0.996577394764533,PITX1,11.2323535266671,6.67903989200197
260.002553731507,-0.33805890311823,0.325831157547402,-1.03752785848619,0.299489919360427,0.986152964913951,PJA1,290.891389134057,229.113718328956
1005.03065233162,-0.089993787046076,0.171334412473265,-0.525252258124846,0.599407841145822,0.996294710336961,PJA2,1040.27270212857,969.788602534661
92.3330482072524,-0.283971283154444,0.510128065304999,-0.556666653862028,0.577755204206491,0.996294710336961,PKD2,102.818672639086,81.8474237754192
687.62031281914,-0.203198532306861,0.195759243083328,-1.0380022373726,0.299269013455444,0.986152964913951,PKIA,728.430297563836,646.810328074444
75.1129688972837,0.00912797548896968,0.562722547620753,0.016221094263174,0.987058006888523,0.998987745956335,PKN2,75.4522154305574,74.7737223640101
174.520115474486,0.383148357103928,0.407597229698783,0.940017078592701,0.347208800410014,0.988142440035739,PKN3,153.682819382397,195.357411566576
123.916164779877,-0.15025260470691,0.444928886691414,-0.33770026896707,0.735589072050574,0.996294710336961,PKNOX1,123.230622195986,124.601707363767
179.943359932079,0.660098284074492,0.40779034420272,1.61871975013304,0.105507575446649,0.961015869502668,PKP4,137.987073635104,221.899646229055
272.207171660989,0.118973137497503,0.317403511110666,0.374832455637273,0.707785075017905,0.996294710336961,PLA2G12A,263.683041411785,280.731301910193
376.946046750866,-0.320898976300532,0.257143565348531,-1.24793702640619,0.212054119775255,0.98168489642748,PLA2G4A,421.970369045614,331.921724456117
125.070913128904,0.100924086051939,0.502298206374008,0.200924639529355,0.840757501020707,0.996294710336961,PLA2R1,121.98133748656,128.160488771249
227.05983247786,0.0453327292188577,0.433499372534878,0.104573921188803,0.9167139090954,0.996577394764533,PLAA,217.176592917807,236.943072037912
313.4846608747,0.449845929153087,0.288778688258329,1.55775321186678,0.119291761131565,0.974401534329554,PLAAT3,259.455889046099,367.513432703302
96.6231043273298,0.645793062348023,0.527559163957126,1.22411495519109,0.220908865131182,0.98168489642748,PLAC9,83.1283717556719,110.117836898988
103.985038675264,-0.232531703859123,0.494927334546618,-0.469829988420696,0.638476487300926,0.996294710336961,PLAG1,112.564303810066,95.4057735404618
174.802865044096,-0.124519776092912,0.42273813494882,-0.2945553424178,0.768333580839872,0.996294710336961,PLAGL1,190.806702699221,158.799027388971
88.6944581954772,0.250239453654315,0.521053097586065,0.480257107795011,0.631044583946167,0.996294710336961,PLAGL2,78.8926862273668,98.4962301635876
69.0656663319084,0.150844102229839,0.634701753582685,0.237661391950428,0.812143730497141,0.996294710336961,PLBD2,64.4935775529904,73.6377551108263
27.3375596654893,1.57017383261271,0.979223475173313,1.60348875657296,0.108826789469736,0.961015869502668,PLCL1,13.9566292744349,40.7184900565438
172.942637273845,-0.0889864455734674,0.397569855998843,-0.22382593707941,0.822892747059623,0.996294710336961,PLD1,176.658395001689,169.226879546002
46.5507592191574,-0.871407700379382,0.732136194876716,-1.19022622631861,0.23395748779646,0.98168489642748,PLD6,57.0712731187121,36.0302453196027
1445.46708775607,-0.246828028824801,0.147557407644809,-1.67275931967407,0.0943746862204378,0.949104594418722,PLEC,1577.33427220155,1313.59990331059
665.090698655619,0.0261308660722038,0.197042736889531,0.132615220863754,0.8944976942397,0.996577394764533,PLEKHA1,658.425201228642,671.756196082595
228.149606319586,0.161034550217695,0.328113734831241,0.490788812301685,0.623575823651995,0.996294710336961,PLEKHA3,213.700423955466,242.598788683705
98.1436012871535,-0.459588236652834,0.56396844450417,-0.814918354265185,0.4151190462815,0.992443630108828,PLEKHA5,117.500254485304,78.7869480890026
18.0497660422083,-0.287413007875038,1.11229089937203,-0.258397338355734,0.796100270553796,0.996294710336961,PLEKHA6,19.8083480031883,16.2911840812284
19.9595110484085,-2.37194329078059,1.29551981570791,-1.83088152108619,0.0671182290472429,0.903548220102363,PLEKHA8,29.4636051479216,10.4554169488954
1583.33600396916,-0.104507937544626,0.139680068432991,-0.748195062595935,0.454342508709065,0.994447194724684,PLEKHB2,1643.02280383171,1523.64920410662
75.3610598538878,0.208723100266303,0.559964172745018,0.372743669015671,0.70933923169201,0.996294710336961,PLEKHF2,70.0409169944034,80.6812027133723
68.2289545424134,-1.14879531590393,0.617980034210344,-1.85895215429065,0.0630339205329047,0.891663350651627,PLEKHG1,93.0358806528752,43.4220284319516
215.740981697016,-0.08101089820111,0.340023568796714,-0.238250832104945,0.811686553657428,0.996294710336961,PLEKHG2,221.494082688608,209.987880705423
25.9088898338431,-1.44191119221437,1.12625320161707,-1.28027266883156,0.200449256416085,0.98168489642748,PLEKHH3,37.0912360652842,14.726543602402
687.164408535402,-0.184646366282669,0.22094661007645,-0.835705812452967,0.403320424554397,0.992443630108828,PLEKHO1,732.049594794464,642.279222276339
111.246912854534,0.405571979301083,0.493618616338979,0.821630234104801,0.411287376495863,0.992443630108828,PLGRKT,97.7003220270921,124.793503681976
1330.6922605383,0.0541085889154369,0.187372609724141,0.288775339122928,0.772753305017905,0.996294710336961,PLIN2,1307.97223653707,1353.41228453953
2710.43345349292,-0.12871100885502,0.113272152144163,-1.13629878499358,0.255831539122819,0.981773214040098,PLIN3,2833.47685574773,2587.39005123811
1033.76844179397,-0.222349225927884,0.179006107841382,-1.24213206247079,0.214187840582872,0.98168489642748,PLK2,1113.24853911495,954.288344472996
44.1278176504833,-1.46083714680286,0.744344735773744,-1.9625814177141,0.0496948316572431,0.857187196127094,PLK4,64.0292389074119,24.2263963935548
4958.54810026705,-0.0232763667788573,0.102957326460808,-0.22607780892327,0.82114090371187,0.996294710336961,PLOD2,5006.62332909751,4910.4728714366
1406.1660031036,0.0110861494038751,0.152841400687597,0.0725336810183704,0.942177202473149,0.998879356112684,PLP2,1395.45900987197,1416.87299633523
415.738297568796,0.0348531320017398,0.267751935201376,0.130169486825658,0.896432335134256,0.996577394764533,PLPBP,407.929826300791,423.5467688368
88.0092929461627,-0.613292314047494,0.564660913056868,-1.08612496432125,0.27742370893534,0.982783504448174,PLPP1,102.994654143582,73.023931748743
368.519065151468,-0.00598073164911359,0.28591123745567,-0.0209181412466898,0.98331095516787,0.998987745956335,PLPP3,369.274826934631,367.763303368306
528.225526408152,0.377023015226288,0.260140729630032,1.44930405847052,0.147252688199923,0.974401534329554,PLPP4,467.685098192734,588.76595462357
156.170549002496,0.208503901201277,0.388393976764957,0.536836083138994,0.591380844773925,0.996294710336961,PLPP5,144.859651429642,167.481446575349
228.088942025737,0.248367536650014,0.345584984446595,0.718687292064323,0.47233361498459,0.994447194724684,PLRG1,214.184919712096,241.992964339377
2957.88225935967,0.12541096413728,0.117173840284641,1.07029831771861,0.284485051409582,0.982783504448174,PLS3,2858.17973715137,3057.58478156797
131.692700829984,0.811250545389087,0.507014204456758,1.60005486682233,0.109586412185909,0.961942396076025,PLSCR1,93.9394767955203,169.445924864447
1769.82808964699,0.0141068852103006,0.144825949309271,0.097405784512939,0.922404151198297,0.996577394764533,PLSCR4,1768.35379736553,1771.30238192845
249.890027285028,0.17717601433659,0.319309950038911,0.554871573262905,0.578982506893174,0.996294710336961,PLTP,239.638198936599,260.141855633457
455.2364026734,0.0742955543612358,0.258515740695644,0.287392768275203,0.773811597837786,0.996294710336961,PLXNA1,452.060505544268,458.412299802532
916.349213662565,-0.0432485965436077,0.186244534514749,-0.232214044059278,0.816371770283987,0.996294710336961,PLXNA2,942.642765753779,890.055661571352
661.026727571144,0.0728919444697639,0.229726571257327,0.317298708942616,0.751016956906184,0.996294710336961,PLXNA3,644.485071315121,677.568383827168
2035.39357731741,-0.09534246060252,0.13473826131899,-0.707612371342676,0.479186008107613,0.994447194724684,PLXND1,2084.87580914053,1985.91134549428
149.639987504919,0.413666865540682,0.443206140609514,0.933350934560139,0.350638804806388,0.990443880456887,PM20D2,128.654642130792,170.625332879047
133.324099677132,-0.457602486086474,0.436016635431367,-1.04950694285724,0.293944861495501,0.984887697687056,PMAIP1,156.880616767245,109.767582587019
2403.84791434099,-0.109267830800603,0.127367827706904,-0.857891924262437,0.390952143922806,0.992443630108828,PMEPA1,2497.74271441296,2309.95311426902
238.45914544385,-0.391168171097067,0.321171670945409,-1.21794107788403,0.223246364639394,0.98168489642748,PML,270.741961622619,206.176329265081
1107.80781616963,-0.0666644282700424,0.155508977272405,-0.42868540092876,0.66815218636925,0.996294710336961,PMP22,1145.0138894853,1070.60174285397
408.437586734424,0.159565101912826,0.27610773327202,0.577908847470139,0.563325661686473,0.996294710336961,PMPCA,379.39808847203,437.477084996819
67.6228284105456,0.35412806052075,0.586143844319072,0.604165793009638,0.545733420817429,0.996294710336961,PMPCB,60.014761269093,75.2308955519982
45.6276860220313,-0.621351594986564,0.955284466616291,-0.650436196442565,0.515410502771429,0.994447194724684,PMS1,51.6083163653922,39.6470556786704
40.7820543070445,-0.211372411603433,0.884741938300869,-0.238908547739208,0.811176497329123,0.996294710336961,PNISR,43.8770570854581,37.6870515286308
258.497072079375,-0.361548452532465,0.339616921224065,-1.06457726319806,0.28706727339873,0.982783504448174,PNN,291.571482045177,225.422662113572
232.680561233191,-0.695257752380707,0.365859509896512,-1.90034079632745,0.0573884108517949,0.874751194184612,PNO1,281.428299630924,183.932822835458
510.842442332842,-0.296443199327913,0.227070250894191,-1.30551315357487,0.191718171154476,0.98168489642748,PNPLA2,564.811056275788,456.873828389896
110.766390356032,-0.824370220889854,0.55199166071275,-1.49344687531221,0.135320250506449,0.974401534329554,PNPLA4,141.535986212342,79.9967944997228
83.7014554716853,0.253405036133051,0.542935437841751,0.466731435215158,0.640692036276218,0.996294710336961,PNPLA8,76.5960305288148,90.8068804145558
649.177450829304,-0.133979966680174,0.210597730293677,-0.636189034389593,0.524653219513016,0.995460348195308,PNPO,681.292430432572,617.062471226037
121.416429428375,-0.238490309111095,0.526743153643609,-0.452763946643446,0.650718727416274,0.996294710336961,PNPT1,137.57461604147,105.258242815281
969.933466925754,0.00306796527493363,0.167847562301424,0.0182782831806882,0.985416852084347,0.998987745956335,PNRC1,972.221342360424,967.645591491084
403.380697070974,0.380691504094181,0.265349516632855,1.4346794707786,0.151378456850391,0.974401534329554,PNRC2,346.035757464025,460.725636677923
66.4890320304684,-0.484715632394661,0.588707731344137,-0.823355302788294,0.410305973108355,0.992443630108828,POC1A,77.8899904106044,55.0880736503323
4.49636760025696,0.438161898925165,3.16891434796834,0.138268773091352,0.890028003890183,0.996577394764533,POC1B-GALNT4,3.50125011085293,5.49148508966099
1072.24044280912,0.252875215888795,0.170433918821793,1.48371414350452,0.137884772484414,0.974401534329554,PODXL,993.551460429514,1150.92942518874
411.853113575657,-0.0764859791835596,0.242655332352435,-0.315204197006768,0.752606619124167,0.996294710336961,POFUT1,420.292345240384,403.413881910931
103.565860759921,-0.00821028460183766,0.497448933391664,-0.0165047787837417,0.986831689689937,0.998987745956335,POGK,103.116839478839,104.014882041003
261.132092264511,-0.270724372867329,0.359247502493371,-0.753587348522554,0.45109704344779,0.994447194724684,POGLUT1,278.186044932457,244.078139596564
97.1654726909234,0.116338930281599,0.492598662294118,0.236173865636964,0.813297758145969,0.996294710336961,POGLUT3,93.6782615356374,100.652683846209
159.095242700032,0.0794531301469063,0.528553672110752,0.150321782515698,0.880510748287711,0.996577394764533,POGZ,157.647952420542,160.542532979521
130.424156441345,0.998684317431197,0.431795506311404,2.31286408226528,0.0207301131476384,0.714845395677829,POLA2,89.0276138367988,171.820699045891
697.093362019476,-0.267313822122553,0.189799038138362,-1.40840451429308,0.159011323263225,0.974401534329554,POLDIP2,761.337821396911,632.848902642041
398.785315434935,0.0114824150029155,0.248951119380606,0.0461231708115387,0.963212078021617,0.998879356112684,POLDIP3,396.340602477778,401.230028392092
279.571173709179,0.407405879620641,0.318409797724946,1.27950170670493,0.200720438992137,0.98168489642748,POLGARF,247.239808644696,311.902538773663
492.425414562587,0.246043329339627,0.231161179189452,1.06437997159539,0.287156603109058,0.982783504448174,POLH,453.318892875119,531.531936250054
21.8071350511553,-0.602631015550211,1.01510631492982,-0.593662955975086,0.552737564301512,0.996294710336961,POLI,28.2483650944196,15.3659050078911
240.022062500577,-0.450765080734801,0.319475317945233,-1.41095432233696,0.158258083007225,0.974401534329554,POLK,275.971288841468,204.072836159687
208.535222909516,-0.24398205807167,0.392729182564993,-0.621247589695714,0.534436731702449,0.996294710336961,POLR1A,224.7344157684,192.336030050632
189.181092863016,-0.196324247729337,0.393183335810966,-0.499319858824651,0.617554067105868,0.996294710336961,POLR1B,215.315753329358,163.046432396674
232.534941987488,-0.120404187293902,0.350628885883992,-0.343394945885144,0.731301361236003,0.996294710336961,POLR1C,240.08681366474,224.983070310235
110.848877775493,0.249588842397339,0.522250831347744,0.477909899641976,0.632714335041541,0.996294710336961,POLR1F,102.388914737796,119.308840813191
188.355393334368,-0.405008523319285,0.385094315248471,-1.05171254750402,0.292931452452355,0.984887697687056,POLR1G,213.636516608044,163.074270060693
642.124555721702,-0.602809219431192,0.200155854663337,-3.0116991603624,0.00259789921852916,0.407851177625858,POLR2B,775.320441631085,508.928669812318
560.199415298815,-0.0425764316226666,0.222539479782742,-0.191320801433672,0.848274264910771,0.996294710336961,POLR2C,572.430888106615,547.967942491016
422.936592964732,0.0599067968026548,0.243792116911158,0.245729015202267,0.805892009842963,0.996294710336961,POLR2D,417.490339845633,428.382846083831
1440.37051521201,0.0398331635780469,0.140375487514836,0.283761533322098,0.77659313520909,0.996294710336961,POLR2E,1413.20930649553,1467.53172392849
1254.40963776034,-0.140748507484106,0.185791633497976,-0.757561063618287,0.448713796970959,0.994447194724684,POLR2J,1310.1277109595,1198.69156456117
484.712467909344,0.402256113519744,0.241936828201291,1.66264936392845,0.0963826436539065,0.949729918723087,POLR2K,418.414121723511,551.010814095176
4005.23989406172,-0.144552542951717,0.11128820521249,-1.29890263461175,0.193977345419444,0.98168489642748,POLR2L,4202.49869528692,3807.98109283652
228.660833158236,0.211844197792182,0.419189751504433,0.505365880324825,0.613301878647643,0.996294710336961,POLR2M,206.357078834363,250.96458748211
551.847749919746,-0.115756213072331,0.270718412204746,-0.42758899230239,0.668950381513473,0.996294710336961,POLR3A,576.964901214828,526.730598624665
73.0627611826596,-0.0773679601390978,0.617894871168941,-0.125212174026841,0.900355579616455,0.996577394764533,POLR3B,73.5793414199054,72.5461809454138
132.020540994014,0.676476089981046,0.42055694547043,1.60852435625417,0.107720386253943,0.961015869502668,POLR3C,103.189427229616,160.851654758412
320.449469096868,-0.126624166801241,0.34773153450141,-0.364143467697859,0.715750879231872,0.996294710336961,POLR3D,336.154969725522,304.743968468214
136.345790982384,1.11110296745248,0.42669238609908,2.60399061162174,0.00921452808530245,0.601847901055327,POLR3E,86.8248387967713,185.866743167996
155.740635140852,-0.268308069032883,0.404070647405103,-0.664012767955127,0.506682139239215,0.994447194724684,POLR3G,178.648833414992,132.832436866712
454.685740721473,0.108431823685424,0.264908792302878,0.409317572070055,0.682306621646966,0.996294710336961,POLR3H,440.496800212599,468.874681230347
309.252965220846,-0.0344878957669668,0.332174485579848,-0.103824638146919,0.917308513717767,0.996577394764533,POLR3K,320.000372457311,298.505557984381
158.113453594228,0.072518265907767,0.433850439412415,0.167150380223153,0.867251725886705,0.996577394764533,POM121,154.924901462932,161.302005725524
5314.02290560618,0.0152619725679418,0.0941944130288608,0.162026303654184,0.87128514023045,0.996577394764533,POMP,5271.22125600996,5356.8245552024
233.020762094882,-0.102883317870117,0.319764079830097,-0.321747576916027,0.747643931584396,0.996294710336961,POMT1,241.772038473518,224.269485716247
190.557884922514,0.327769879081482,0.364214935027924,0.899935306212394,0.368154679821077,0.992443630108828,POMT2,173.49386832486,207.621901520168
198.473432072865,-0.0732964206174595,0.367694355957865,-0.199340619266559,0.841996307126376,0.996294710336961,POP1,198.447837686524,198.499026459207
113.165277141955,0.939856616898613,0.454452950377162,2.06810543559812,0.0386301096922149,0.809927232263127,POP4,78.919670619101,147.410883664808
177.036689006725,0.777148062693184,0.482888108321238,1.60937502767451,0.107534362368176,0.961015869502668,POP5,130.110575233645,223.962802779804
308.125666249885,-0.166441518629599,0.316581372813797,-0.52574640494561,0.599064416901317,0.996294710336961,POSTN,313.308827444668,302.942505055101
31.1433619713017,1.13376588308663,1.0138358812546,1.11829330964654,0.26344174339106,0.982783504448174,POT1,19.9217121957333,42.36501174687
32.6254236316699,-0.582693090848321,0.915248324787296,-0.636650267547596,0.52435267455999,0.995460348195308,POU2F1,39.1502195087235,26.1006277546163
20.362826384451,-1.00652572389779,1.05457406911531,-0.954438150316155,0.339861902793028,0.986983139323132,POU2F2,28.2928207826932,12.4328319862087
28.9646588636429,-1.03878624610756,1.45703562184622,-0.712944989492644,0.475879798214183,0.994447194724684,POU4F1,42.97692070523,14.9523970220558
19.4694027016928,1.47770986959105,1.31219179765653,1.12613862716572,0.260106846265155,0.982783504448174,POU6F1,15.7226648937138,23.2161405096718
1049.37482806279,0.34631818585499,0.160896340844752,2.1524304657068,0.0313634663587741,0.742907145887603,PPA1,930.355520379475,1168.39413574611
430.126076903306,-0.312329232268033,0.24091405674246,-1.29643424087087,0.194825921753857,0.98168489642748,PPA2,477.436834442388,382.815319364224
95.4438902947784,-0.418511904154615,0.502334366223212,-0.833134127973736,0.404769087962629,0.992443630108828,PPAN,109.63416549085,81.2536150987065
40.9140689795433,0.758822216633067,1.14308151072446,0.663839113408579,0.506793288921325,0.994447194724684,PPARA,33.2290561873352,48.5990817717514
113.963329722131,-0.953019376083671,0.642037584461463,-1.48436695786752,0.137711595639691,0.974401534329554,PPAT,141.613390631666,86.313268812595
349.608181732959,0.362398501074282,0.305935347039835,1.18455910564364,0.23619181397289,0.98168489642748,PPCS,301.180757231968,398.035606233949
4962.71688438332,-0.0410761305818451,0.106658158683309,-0.385119442234222,0.700148924073992,0.996294710336961,PPDPF,5045.04802733185,4880.38574143479
405.076122779129,0.226133617390072,0.254316484618485,0.889181909420101,0.37390532364996,0.992443630108828,PPFIBP1,380.282438940197,429.869806618062
9344.22106176828,-0.112030051833756,0.0719860820308483,-1.55627377783594,0.11964300408101,0.974401534329554,PPIA,9642.76162887193,9045.68049466463
659.550493431646,0.070604434087873,0.194220560491877,0.363527084408893,0.716211184350956,0.996294710336961,PPIC,645.871053986503,673.229932876789
199.03465855854,0.26448970081728,0.348871638887912,0.75812898308497,0.448373770412871,0.994447194724684,PPID,181.295406514614,216.773910602466
483.376173230017,-0.276319864079471,0.231558983390131,-1.19330228537895,0.232751007778288,0.98168489642748,PPIE,491.04585515671,475.706491303323
424.628332159508,0.228017698379317,0.27091896026762,0.841645406264942,0.399986465271116,0.992443630108828,PPIF,386.421536502801,462.835127816214
168.517673073608,0.0960909224798702,0.391186251221916,0.245639825478832,0.805961057300231,0.996294710336961,PPIG,162.025574797419,175.009771349796
290.97971444616,-0.155185320038439,0.294264931909449,-0.527365999854147,0.597939449664125,0.996294710336961,PPIH,308.560118748223,273.399310144097
165.527463101712,-0.245337455131548,0.39542134965275,-0.620445647021837,0.534964427773773,0.996294710336961,PPIL4,179.88578709874,151.169139104684
186.257174765126,-0.61087938051521,0.383896126960542,-1.59126216081361,0.111550588731403,0.970943834035181,PPM1A,224.70344040192,147.810909128332
212.539457865627,-0.685616616943447,0.340665234233045,-2.01258170205424,0.0441586535387724,0.843922150260544,PPM1D,262.733841910097,162.345073821158
510.889553665943,0.192818422097775,0.242639659929764,0.794669849741751,0.426805575101187,0.994447194724684,PPM1F,479.50951769171,542.269589640177
85.5800528826076,0.463966180608741,0.554059273644314,0.837394485895006,0.402370864202694,0.992443630108828,PPM1K,72.4035726479365,98.7565331172787
911.357711331118,0.0200078877336335,0.173499420918169,0.115319622554073,0.908191785572589,0.996577394764533,PPP1CB,903.485226624953,919.230196037284
875.567378904938,0.0463751085837213,0.185491603988251,0.250011901275373,0.802578144960373,0.996294710336961,PPP1CC,862.459226181632,888.675531628244
352.985204194084,-0.329468505047411,0.27639042021507,-1.1920402479617,0.233245464185579,0.98168489642748,PPP1R12A,393.806023165153,312.164385223015
2403.7557077787,-0.117636658747953,0.125753133656185,-0.935457076318889,0.349552794268885,0.990443880456887,PPP1R14B,2499.46960010125,2308.04181545616
218.838007901546,0.0896126936702899,0.341295176297379,0.262566540325809,0.792884692323921,0.996294710336961,PPP1R15B,211.344138238985,226.331877564106
267.947286015884,0.168376184304262,0.308640697767497,0.545541095267681,0.585381424541073,0.996294710336961,PPP1R2,253.434540374448,282.46003165732
59.1111989378199,0.106040209714281,0.705777350008149,0.150245980142401,0.880570550677714,0.996577394764533,PPP1R21,64.1888849120653,54.0335129635746
208.133542441884,-0.252468567110998,0.341688720220161,-0.738884698764198,0.459977014417124,0.994447194724684,PPP1R3B,225.150071516761,191.117013367006
69.7634592043064,-0.929003730484076,0.672078051272663,-1.38228547818946,0.166884063078498,0.98168489642748,PPP1R3D,84.5366105172687,54.9903078913441
596.147558883616,-0.245601490128298,0.214693999872568,-1.14396066156518,0.252639951677013,0.98168489642748,PPP1R7,647.236034851146,545.059082916086
519.579202367122,-0.187807655831078,0.226374319830554,-0.829633219755916,0.406746188722057,0.992443630108828,PPP1R8,540.868133030548,498.290271703697
1049.41114574228,-0.0298800047437633,0.161478433857223,-0.185040218870234,0.853197490143501,0.996294710336961,PPP2CA,1063.11720602458,1035.70508545998
2329.31744165353,0.0826681015675361,0.152141626227562,0.543362810148271,0.586880026233992,0.996294710336961,PPP2CB,2260.88840061483,2397.74648269222
552.578980574128,0.116932384351006,0.214159508075127,0.546006037285002,0.585061787229368,0.996294710336961,PPP2R1A,529.271954686913,575.886006461343
266.544880457223,0.399106579596377,0.317169631643974,1.25833793584746,0.208269567110918,0.98168489642748,PPP2R1B,231.428403363318,301.661357551129
750.016238389979,0.0462849008629062,0.185955952081026,0.248902497311507,0.803436203506484,0.996294710336961,PPP2R2A,740.70527878312,759.327197996838
334.536120129612,-0.31299711306137,0.289932483609086,-1.07955172585415,0.280341848114123,0.982783504448174,PPP2R2D,370.93913743456,298.133102824664
83.3680987905546,0.281095147270415,0.579759062985825,0.484848215779057,0.627784017868676,0.996294710336961,PPP2R3A,71.8142323619621,94.921965219147
123.764793923687,0.569645066986781,0.453625272197183,1.25576131203547,0.209202522280804,0.98168489642748,PPP2R5C,105.103768009174,142.4258198382
1093.62711003291,0.180082452729765,0.167863019544006,1.07279407471015,0.283363519926233,0.982783504448174,PPP2R5E,1032.35613273725,1154.89808732858
1150.86375110041,-0.333447748599814,0.151962009925222,-2.19428361577935,0.0282150265781809,0.726566203087928,PPP3CA,1283.57529356422,1018.1522086366
185.608084203917,-0.0996166657724822,0.422734461189974,-0.235648320442262,0.813705574844209,0.996294710336961,PPP3CB,188.294983062266,182.921185345567
271.278435814239,-0.709341684367432,0.302930116879639,-2.34160172542128,0.0192011925874269,0.714772028525713,PPP3CC,325.754031813803,216.802839814676
788.588803905614,-0.0851021987261787,0.193166223435908,-0.440564593604612,0.659528240053424,0.996294710336961,PPP3R1,829.624169857436,747.553437953793
594.542967525407,-0.0651841045653073,0.247238272488539,-0.263648924210668,0.79205045581088,0.996294710336961,PPP4R1,609.077049576252,580.008885474562
345.651162428242,-0.371084256607406,0.288821273907603,-1.2848231419619,0.198854093534375,0.98168489642748,PPP4R2,391.533436807665,299.768888048819
104.821020243116,-0.164745067933701,0.503820199272877,-0.326991788283726,0.74367409612363,0.996294710336961,PPP4R3A,111.237617932004,98.4044225542287
322.097272328885,-0.256981693779706,0.288452803071798,-0.890896850517835,0.372984510087216,0.992443630108828,PPP4R3B,351.825393343845,292.369151313924
514.955614576388,-0.190326816265683,0.234868077738369,-0.810356256577776,0.417735451167813,0.992443630108828,PPP6C,544.291809358538,485.619419794239
469.868738830345,-0.410628683449655,0.239203354115678,-1.71665102677062,0.0860429532191901,0.942895213226454,PPP6R1,538.62258606138,401.11489159931
115.959565947253,1.28891803265891,0.452100187307202,2.85095664378279,0.00435879124223255,0.509986609559311,PPP6R2,67.0397171940788,164.879414700427
467.083941591401,0.235010192966185,0.235097801208726,0.999627354053969,0.317490880283279,0.986152964913951,PPP6R3,427.172596506864,506.995286675938
195.222033135501,-0.206564511232142,0.383671859705802,-0.538388484864475,0.590308874509331,0.996294710336961,PPRC1,210.274217677085,180.169848593917
361.163885989121,0.224148345433192,0.259900656179242,0.862438551438698,0.388446233819508,0.992443630108828,PPTC7,338.640256183869,383.687515794373
3333.48270805857,-0.115999869812016,0.113207168550679,-1.02466894364633,0.305519421592877,0.986152964913951,PRCP,3466.7021023075,3200.26331380963
12.8456898862634,2.07543518506153,1.79762720461948,1.15454148653745,0.248278240177209,0.98168489642748,PRDM1,6.65237521062058,19.0390045619062
39.7176552825733,1.01369585606334,0.7913082678773,1.281037867559,0.200180365634831,0.98168489642748,PRDM2,35.7728233674968,43.6624871976498
214.46603769508,-0.0616883473358113,0.357429736874653,-0.172588738349559,0.862974704552651,0.996577394764533,PRDM4,214.982798135301,213.949277254859
11539.5660310173,-0.0611523351113056,0.0685592338698573,-0.891963513294039,0.372412489543788,0.992443630108828,PRDX1,11770.4369565573,11308.6951054773
845.637559330108,-0.0424750949150413,0.176877517006408,-0.240138462105969,0.810222917962563,0.996294710336961,PRDX3,850.992028579066,840.283090081151
2152.95665751425,0.156869840693864,0.120470062324865,1.30214791680643,0.192865825624298,0.98168489642748,PRDX6,2036.04468725245,2269.86862777605
1997.28714747851,-0.0832934381442203,0.122479741589509,-0.680058898420753,0.496467168009404,0.994447194724684,PRELID1,2060.30165386831,1934.27264108871
29.9617470343022,1.05382926590888,0.945038694514722,1.11511758410064,0.264800037184202,0.982783504448174,PRELID2,19.40227222068,40.5212218479244
263.254898968657,-0.262132243093184,0.373998162103419,-0.700891794812345,0.483370545442391,0.994447194724684,PRELID3B,284.791025655987,241.718772281327
302.640770716234,0.579618226927777,0.290267470973242,1.99684182655523,0.0458423682895816,0.846580529316298,PREP,236.554961910272,368.726579522195
536.14412316133,0.12251758130428,0.222095494346346,0.551643704726493,0.581192486664223,0.996294710336961,PREPL,510.439713457759,561.8485328649
152.327538705574,-0.355520384774506,0.400095196556272,-0.888589485288917,0.374223744064834,0.992443630108828,PREX1,171.38421999625,133.270857414899
94.2126537777143,0.0695195479706116,0.520084458744646,0.133669727679259,0.893663744108563,0.996577394764533,PREX2,91.8130474975087,96.6122600579198
766.135601236099,-0.136605569418414,0.188181690547758,-0.725923808106855,0.467885480323933,0.994447194724684,PRICKLE1,803.374521232629,728.896681239569
79.0041518916993,0.626195979624538,0.636172897274488,0.984317285925425,0.324959532889739,0.986152964913951,PRICKLE3,60.6579899684586,97.3503138149401
50.1536657509568,-0.267878135180832,0.753994228579131,-0.355278760801176,0.722380765367094,0.996294710336961,PRIM2,55.8234510589844,44.4838804429292
227.56966860031,-0.192046437179783,0.330236931886698,-0.581541368140112,0.560875645849129,0.996294710336961,PRKAA1,242.447301216673,212.692035983948
19.5306410497389,-0.704211158199704,1.49121736227924,-0.472239108806619,0.63675612762655,0.996294710336961,PRKAA2,20.7708034665465,18.2904786329314
99.1371597245686,0.155997968589111,0.536384964556818,0.290832105478576,0.771179729537092,0.996294710336961,PRKAB2,94.6322108352139,103.642108613923
702.276689779609,0.0330365681427768,0.190258748413947,0.173640205342353,0.862148232670293,0.996577394764533,PRKACB,698.919929512028,705.63345004719
255.534890355091,0.0482035586348285,0.325416180145538,0.148128954784209,0.882240998896649,0.996577394764533,PRKAG1,269.268049759044,241.801730951139
144.569794025867,0.173882279217238,0.45149700655644,0.385123880540062,0.700145635934054,0.996294710336961,PRKAG2,138.187288471509,150.952299580226
2460.79002181462,0.0314799490160066,0.111178633960527,0.283147470827744,0.777063793395102,0.996294710336961,PRKAR1A,2440.91780194967,2480.66224167958
94.549627241493,-0.167805206616225,0.519783056381826,-0.32283700777841,0.746818684253492,0.996294710336961,PRKAR1B,104.739525720398,84.3597287625885
4386.07958849469,0.0685953757532991,0.106231537307418,0.645715740277717,0.518463464928952,0.994447194724684,PRKAR2A,4294.85458201691,4477.30459497248
128.032634425215,0.101113514380358,0.499988450780318,0.202231699997375,0.839735592070376,0.996294710336961,PRKAR2B,121.020580907098,135.044687943333
200.527206367474,-0.134283056879632,0.366189201250981,-0.366704032835737,0.713839798054934,0.996294710336961,PRKCA,209.908680476802,191.145732258146
147.28333895654,0.80350144291988,0.463490870796029,1.73358634127981,0.0829915056786305,0.941807879236941,PRKCD,107.862830485901,186.703847427179
322.837231908225,0.166709909448055,0.281370798551049,0.592491865916958,0.553521266007027,0.996294710336961,PRKCE,306.539159061381,339.135304755069
42.9702004464129,-1.07969129679053,0.747299254929553,-1.4447910788996,0.148516577656679,0.974401534329554,PRKCI,57.7312827874785,28.2091181053472
46.9666253454614,0.764285388837285,1.07875757631209,0.708486693970784,0.478643072346989,0.994447194724684,PRKD1,34.698545106025,59.2347055848978
151.519232507975,0.369748370492983,0.434784812669903,0.850416941250666,0.395093320591228,0.992443630108828,PRKD3,132.661007328991,170.37745768696
213.267902479175,-0.0944877107469587,0.339901056573098,-0.277985928315697,0.78102316077314,0.996294710336961,PRKRA,223.841927486621,202.69387747173
161.953121073243,0.203879170420656,0.406490234111284,0.501559824349533,0.615977185943766,0.996294710336961,PRKRIP1,151.313272828212,172.592969318274
1028.73139606073,0.0136716075436593,0.166694478257075,0.0820159592963548,0.934634022528054,0.998165331923783,PRKX,1038.58090402233,1018.88188809914
330.209282590054,-0.0396893134628886,0.28858275038519,-0.137531828946507,0.890610435913684,0.996577394764533,PRMT2,332.373823392853,328.044741787256
48.685744341739,-0.226616914385465,0.712094221300407,-0.31824006937119,0.750302840476919,0.996294710336961,PRMT6,51.8639323854387,45.5075562980392
2552.23647022033,0.331299507751855,0.149995406549073,2.20873102299614,0.0271933552643869,0.726566203087928,PROCR,2254.21194306039,2850.26099738026
142.732867101637,0.418852195227965,0.464622803050456,0.901488675282429,0.36732855239714,0.992443630108828,PRORP,121.230513198024,164.23522100525
40.5759806660862,0.816322013586959,0.863993821150267,0.944823902212818,0.344748786891517,0.988142440035739,PROS1,37.1032807362153,44.048680595957
40.6471965021791,0.238331810680443,0.825490896433016,0.288715250174515,0.772799291508131,0.996294710336961,PROSER1,37.127954661647,44.1664383427113
182.016180810174,-0.101510949850689,0.366081955320688,-0.27729023071286,0.781557260333596,0.996294710336961,PROSER2,189.088058316343,174.944303304005
58.6000297795477,0.619059370100619,0.632868009433943,0.978180854257944,0.327984883932243,0.986152964913951,PROSER3,45.8571615858002,71.3428979732951
99.4714255798223,-0.0646828321850865,0.528992304492691,-0.122275563624915,0.902680784164232,0.996577394764533,PRPF18,101.769679885452,97.1731712741927
233.328838690218,-0.373527440252874,0.340377441320807,-1.09739188003597,0.272470121468901,0.982783504448174,PRPF19,263.648031948048,203.009645432389
362.778018795898,-0.245068201946657,0.272389735540412,-0.899696904732663,0.3682815710529,0.992443630108828,PRPF3,391.294915110604,334.261122481192
174.662261119561,-0.247780659703986,0.382985515964931,-0.646971358902969,0.517650480240756,0.994447194724684,PRPF38A,186.137446281802,163.18707595732
223.261724554047,0.128376912618028,0.367420477876308,0.349400537934214,0.726788629527715,0.996294710336961,PRPF38B,214.757561024092,231.765888084002
317.952583369003,-0.247217577150273,0.282657629172649,-0.874618448735632,0.381781546216429,0.992443630108828,PRPF4,349.945053471267,285.96011326674
849.379930757496,-0.0474968664200486,0.192411786058951,-0.24685008851535,0.805024244663803,0.996294710336961,PRPF40A,869.192747052708,829.567114462285
148.802769090704,0.453372746937954,0.503862118554598,0.899795261923084,0.368229216296403,0.992443630108828,PRPF4B,128.064061929897,169.541476251511
389.471548302703,-0.344347998334502,0.273424225723125,-1.25939096078193,0.207889152775121,0.98168489642748,PRPS1,442.389899830306,336.553196775099
345.189791186842,-0.414152032815876,0.27838967212377,-1.48767024888678,0.136837877279861,0.974401534329554,PRPSAP1,392.893021296227,297.486561077456
209.064141340795,-0.129296228803279,0.338228871176912,-0.382274370468067,0.702257863109788,0.996294710336961,PRPSAP2,215.206772209876,202.921510471713
748.407515073395,0.366269521620917,0.226507909914615,1.61702751024892,0.10587234274238,0.961015869502668,PRR11,664.904387491758,831.910642655031
148.658362004397,-0.74609286191404,0.433368737037389,-1.72161210108165,0.0851398096096252,0.941849658533572,PRR12,191.823448923016,105.493275085778
2733.45134560579,-0.0365826252135706,0.108464925523132,-0.337276082910034,0.735908787595706,0.996294710336961,PRR13,2764.71577648139,2702.18691473019
21.992154334127,-1.1569946845763,1.27312255127725,-0.908785005352039,0.363463623102299,0.992443630108828,PRR5L,29.2535153675309,14.7307933007231
1120.3855234791,-0.0974177188069112,0.154732640363828,-0.629587387495294,0.528964577628047,0.996294710336961,PRRC1,1163.14466615085,1077.62638080736
886.783926518002,-0.17132593174906,0.192141775133142,-0.891664145552639,0.372572976940679,0.992443630108828,PRRC2B,941.219830503615,832.34802253239
479.418378502936,0.281725547601151,0.242485001666317,1.16182669305392,0.24530586904055,0.98168489642748,PRRG1,433.104182734675,525.732574271196
49.2779666336682,-0.226962544164223,0.730480095673069,-0.310703255993716,0.756026221764836,0.996294710336961,PRRT3,51.373395170105,47.1825380972314
19422.9875675104,0.0215071252990572,0.0679661432548755,0.316438807163218,0.751669465224471,0.996294710336961,PRSS23,19229.866834547,19616.1083004738
101.345662347534,-0.190724565443239,0.523039053837827,-0.364646892127438,0.715375006605891,0.996294710336961,PRUNE1,109.095414596004,93.5959100990627
132.096052320432,-0.212934918730897,0.527577329951308,-0.403608924497476,0.686500321947825,0.996294710336961,PRUNE2,142.443263226838,121.748841414026
2774.16927547495,-0.0794013416856518,0.108867289639263,-0.729340667419498,0.465793301795393,0.994447194724684,PRXL2A,2849.50720594909,2698.83134500082
220.837279196794,-0.489078778875352,0.345622511949518,-1.41506632804864,0.157049049631741,0.974401534329554,PRXL2C,254.249132896395,187.425425497194
18879.8865725305,-0.00211009677182895,0.0809753259428053,-0.0260585153225485,0.979210665793121,0.998987745956335,PSAP,18897.345720448,18862.4274246131
135.715898626196,-0.442755272109622,0.435086491647796,-1.01762587579491,0.308855785518974,0.986152964913951,PSAT1,154.307114135524,117.124683116868
177.182231428954,0.399196734792497,0.371380546888983,1.07489942092155,0.282419761281684,0.982783504448174,PSD3,153.559342386325,200.805120471583
388.097140534822,-0.0409111858027649,0.24924159119844,-0.16414269226115,0.869618814005665,0.996577394764533,PSEN1,393.596400977122,382.597880092523
89.6995577459445,-0.454953688155711,0.519061515574162,-0.876492813481774,0.380762181525142,0.992443630108828,PSEN2,105.697623484185,73.7014920077042
895.147609299979,-0.051514027331639,0.174204370654925,-0.295710303581769,0.767451327804418,0.996294710336961,PSENEN,910.658424090249,879.636794509709
180.801501601489,-0.237974952517823,0.402593868258873,-0.591104264819062,0.554450562486743,0.996294710336961,PSIP1,197.052008695339,164.550994507639
1443.8755912752,0.225974530730626,0.152767741319425,1.47920319289222,0.139086016473738,0.974401534329554,PSMA2,1331.13788244414,1556.61330010626
588.115624289861,-0.0236471790308818,0.242149157158922,-0.0976554257232548,0.922205911427119,0.996577394764533,PSMA5,585.14413713832,591.087111441402
4634.78596200841,0.0966701304466646,0.0893822637764579,1.08153593747003,0.279458783713214,0.982783504448174,PSMA7,4475.03598775933,4794.53593625748
1682.6382686302,-0.0847079609527414,0.138691362083766,-0.610765945910749,0.541354541069404,0.996294710336961,PSMB2,1743.43228827262,1621.84424898778
3596.158430175,-0.0229760634186549,0.11243450087961,-0.204350650724698,0.838079491403595,0.996294710336961,PSMB5,3612.14505393021,3580.1718064198
1089.39867881445,-0.0181182971045644,0.161366664828626,-0.112280297320431,0.910601163469616,0.996577394764533,PSMC2,1098.50194749505,1080.29541013385
858.750580659713,0.483481222534864,0.217079965562372,2.22720333164945,0.0259336875697559,0.722700907616249,PSMC6,719.333350342012,998.167810977413
962.66732731115,0.126650675310173,0.187403690835812,0.675817401169192,0.49915658518577,0.994447194724684,PSMD1,917.131168799393,1008.20348582291
520.423965300856,0.243746473821698,0.234734677219281,1.03839141582817,0.299087864379627,0.986152964913951,PSMD10,470.805232801259,570.042697800453
3328.03270836322,0.0992050666791359,0.115933679403411,0.855705323851021,0.392160794688115,0.992443630108828,PSMD11,3207.34607113223,3448.71934559422
444.38875271983,-0.456671772604013,0.237285935474187,-1.92456317181804,0.0542840305078166,0.869042076164583,PSMD12,514.514357202371,374.263148237289
900.488398387562,0.257927796237305,0.176214802510963,1.46371242689024,0.143272538645663,0.974401534329554,PSMD14,822.295271491283,978.68152528384
379.906895524889,0.170712391851736,0.259825866439359,0.657026162141476,0.511164094439498,0.994447194724684,PSMD5,356.640984807662,403.172806242116
1073.81438414477,-0.0664955428872741,0.183109982215211,-0.36314537352268,0.71649629162629,0.996294710336961,PSMD7,1102.99297081538,1044.63579747416
2208.70123311481,-0.119837887970677,0.11899911691925,-1.00704854853668,0.313911444569415,0.986152964913951,PSMD8,2297.98493294487,2119.41753328475
1183.94318938457,-0.151417204055524,0.156039386666635,-0.970378103183745,0.331858059150747,0.986152964913951,PSMD9,1243.22752640797,1124.65885236118
1188.24570909218,0.21077362782177,0.149402595350904,1.41077621393874,0.158310610178823,0.974401534329554,PSME3,1102.75014853734,1273.74126964702
633.705858964965,-0.208799411916149,0.217706243259572,-0.959087846034788,0.33751449269514,0.986983139323132,PSME3IP1,672.868579477645,594.543138452284
336.976755826953,-0.0695802458863647,0.270681071334836,-0.257056193634955,0.797135393856795,0.996294710336961,PSME4,351.128339851058,322.825171802849
841.553802562307,0.172961699055809,0.180680445978157,0.957279566803366,0.338426165901738,0.986983139323132,PSMF1,791.413247907579,891.694357217035
323.178901622292,0.262625340594155,0.292318961881256,0.898420475031781,0.368961424688888,0.992443630108828,PSMG2,294.843016476917,351.514786767666
414.631452370779,0.0460586050746994,0.265574965818911,0.173429769378586,0.862313627057335,0.996577394764533,PSMG4,413.372704687792,415.890200053765
94.5005251405108,0.071645170269638,0.500334639262915,0.143194503533044,0.886136570634052,0.996577394764533,PSPH,93.830783656131,95.1702666248906
246.127913369135,0.333644448691753,0.33032678662349,1.0100435756427,0.312474413315841,0.986152964913951,PSTPIP2,215.156796026498,277.099030711771
84.7458861506152,0.0759006348609608,0.560601804905239,0.135391349433473,0.892302463310105,0.996577394764533,PTAR1,81.9719942735727,87.5197780276578
2858.41445865551,-0.0745415041906877,0.106550203898491,-0.699590441532169,0.484183113591371,0.994447194724684,PTBP1,2914.33450776801,2802.49440954301
644.645141879381,0.0994748328924868,0.223558233413977,0.444961616369024,0.656347493025707,0.996294710336961,PTBP3,620.905703282209,668.384580476553
38.3264840361747,0.357200413082144,0.843311962857163,0.423568535506053,0.671880506210387,0.996294710336961,PTCD2,32.748868009726,43.9041000626234
379.841274241499,-0.08891440258806,0.274454518130045,-0.323967713098203,0.745962478297423,0.996294710336961,PTCD3,390.035596342382,369.646952140615
58.0833745623757,-0.958018615131537,0.707814293368148,-1.35348865388517,0.175899572339277,0.98168489642748,PTCHD4,76.1580630672194,40.008686057532
241.096188113649,0.152537964038197,0.317578163018977,0.480316286825686,0.631002509597529,0.996294710336961,PTGER4,235.55860740638,246.633768820918
3761.08547327467,0.0885888717778905,0.0940058814837099,0.942375842656632,0.346000250750377,0.988142440035739,PTGES3,3657.47497433242,3864.69597221692
735.133307863908,-0.285170335652919,0.184850005998858,-1.54271207140064,0.122900651678878,0.974401534329554,PTGFRN,807.668204765625,662.59841096219
1451.80854283547,0.0876870702292858,0.137350377978891,0.638418849074898,0.523201064239289,0.995460348195308,PTGR1,1404.98837931323,1498.62870635771
138.424952883,0.178457549900788,0.418228481410229,0.426698701386967,0.669598796542342,0.996294710336961,PTGR3,131.331397776876,145.518507989125
2321.67437096983,-0.139557110402247,0.112779290499247,-1.23743561237583,0.215925404498149,0.98168489642748,PTGS1,2403.04104386035,2240.30769807932
992.281570694203,0.357208180555045,0.185012183114804,1.93072788257079,0.0535167129009816,0.869042076164583,PTGS2,869.239685821512,1115.32345556689
58.8699953047042,1.16663822628772,0.673483236544451,1.73224538189485,0.0832298820224803,0.941807879236941,PTHLH,35.9296514416658,81.8103391677427
479.577699613738,-0.35851431556541,0.229049537305463,-1.5652261069067,0.11752990214261,0.974401534329554,PTK2,539.542609948019,419.612789279456
9522.53707665418,0.149514078017395,0.0743835389443139,2.01004254623226,0.0444266860238964,0.843922150260544,PTMA,8970.08463769524,10074.9895156131
1589.60919711106,0.143628737318579,0.13174275508765,1.09022114516294,0.27561574102138,0.982783504448174,PTP4A1,1514.41880983598,1664.79958438614
2457.02930640831,-0.0406819863066549,0.119099414029186,-0.341580071054635,0.73266693704928,0.996294710336961,PTP4A2,2488.24060596612,2425.8180068505
731.991354157197,0.123865586675172,0.202388215189746,0.612019758952091,0.540524684716871,0.996294710336961,PTPMT1,697.346745360108,766.635962954286
2131.35463042085,0.0357367643704752,0.125695868425775,0.28431136852822,0.776171774654592,0.996294710336961,PTPN1,2106.39111933089,2156.31814151081
271.241111511984,0.0565510386230509,0.310569366443184,0.182088269911181,0.855513454100293,0.996294710336961,PTPN11,266.381651427472,276.100571596496
1840.20834060181,-0.102574434352003,0.133600204848087,-0.767771534996058,0.442622928440279,0.994447194724684,PTPN14,1945.34000191773,1735.07667928589
85.4239988011298,-0.661305850847379,0.58715639017328,-1.12628570839911,0.260044605089645,0.982783504448174,PTPN18,102.693890482779,68.1541071194808
173.514124318785,0.17085245566993,0.370653273649425,0.460949539141337,0.644834808672629,0.996294710336961,PTPN21,164.477676290518,182.550572347053
10.8396100658428,-3.29348951763911,1.97071972328231,-1.67121152679878,0.0946799042714512,0.949104594418722,PTPN22,19.3703034222054,2.3089167094802
39.9742256388029,-0.684879603175334,0.814996335792063,-0.840346849547153,0.400713940604761,0.992443630108828,PTPN4,49.5093271774011,30.4391241002047
194.449953328688,-0.392578227287828,0.354365399883905,-1.10783453298895,0.267933283210784,0.982783504448174,PTPN9,219.76468692096,169.135219736416
268.043503513348,-0.0561606076372662,0.305078761572106,-0.184085602510854,0.853946300996206,0.996294710336961,PTPRA,276.55035883445,259.536648192247
241.715062705802,0.207160377741172,0.339533777327843,0.610131867796895,0.541774457979132,0.996294710336961,PTPRB,224.516448156741,258.913677254862
73.3298688238517,0.603042665384822,0.564041116695119,1.06914664114954,0.285003597859919,0.982783504448174,PTPRD,58.3276029675664,88.3321346801369
308.740571697531,-0.386494899157781,0.291536085293813,-1.32571890292163,0.184932823723581,0.98168489642748,PTPRE,350.228595569147,267.252547825916
2445.61766038462,0.11084399451516,0.116608114544424,0.950568448415587,0.341823491672512,0.987678078249577,PTPRF,2363.88492088384,2527.3503998854
152.92829918072,-0.348739078524756,0.41782555576332,-0.834652341663615,0.403913482490132,0.992443630108828,PTPRG,176.411911852594,129.444686508845
215.293823906152,0.18232664118508,0.335235067941019,0.543876994447248,0.586526121027141,0.996294710336961,PTPRM,201.965646031999,228.622001780305
413.336437032354,-0.139904632393563,0.245743962165409,-0.569310558683813,0.56914540257489,0.996294710336961,PTRH1,424.605147207921,402.067726856787
438.6010522336,0.0835460252141456,0.257709793758437,0.324186457936701,0.745796873933066,0.996294710336961,PTRHD1,431.147174144201,446.054930323
635.812628243321,0.305188536702381,0.224208533365496,1.36118162909025,0.173456298242477,0.98168489642748,PTS,571.296822337749,700.328434148893
7613.01614808647,0.0453271519651556,0.0844779614048495,0.536555939695695,0.591574385722414,0.996294710336961,PTTG1IP,7519.97167084008,7706.06062533287
12155.0361441606,0.139158837204075,0.086680694109142,1.60541904554728,0.108401615795903,0.961015869502668,PTX3,11651.8338231455,12658.2384651757
372.832708763871,-0.0697454866906267,0.266525265155691,-0.261684334691065,0.793564818898178,0.996294710336961,PUDP,381.221318028342,364.444099499401
992.46608991661,-0.234571060983714,0.17630957793826,-1.33044990366806,0.183370081641804,0.98168489642748,PUM1,1053.29006184189,931.642117991333
261.252287104925,0.268754437546372,0.365280740974663,0.735747624770104,0.461884300658073,0.994447194724684,PUM2,232.918144887899,289.586429321952
780.589247554406,-0.0260713685168173,0.227370708740204,-0.114664587453992,0.908710983856287,0.996577394764533,PURA,786.369200550594,774.809294558218
274.550836399239,0.33788598386326,0.301098802458865,1.12217644541918,0.261787425566679,0.982783504448174,PURB,239.39061986263,309.711052935849
159.175974310042,0.398475295221382,0.400156671322874,0.995798205498026,0.319348202381961,0.986152964913951,PUS1,132.895313691182,185.456634928903
23.9662570372817,0.312421060120555,1.31686788100242,0.237245561705656,0.812466291951829,0.996294710336961,PUS10,24.83970560662,23.0928084679433
173.533904849799,0.132325975680509,0.397448346579593,0.332938800272528,0.739180480257194,0.996294710336961,PUS3,165.798322335221,181.269487364377
116.021421631801,-0.470917558295852,0.451514992663506,-1.04297214034442,0.296961195997667,0.986152964913951,PUS7,138.258007974852,93.7848352887506
36.3913313980865,-1.82507059063963,1.0098145255113,-1.80733247990816,0.0707104546921031,0.908548823642219,PUS7L,40.5602962682285,32.2223665279445
7390.50028741882,0.0866056022832186,0.088903859361711,0.974148961642467,0.329982581994954,0.986152964913951,PVR,7215.66980331661,7565.33077152103
786.351445030499,-0.0690822482312872,0.187866292053108,-0.367720294451536,0.713081806446875,0.996294710336961,PWP1,800.740353027384,771.962537033614
30.6728956205889,0.114649117106286,0.90926015638932,0.126090554282681,0.899660244385377,0.996577394764533,PWP2,34.3132412676636,27.0325499735142
154.902691563745,-0.893402833575346,0.400123799271313,-2.23281603144419,0.0255610786482073,0.722700907616249,PWWP2A,204.594330363273,105.211052764218
259.956571977522,0.44423851540087,0.321466960219579,1.38191033721609,0.166999233530668,0.98168489642748,PWWP3A,220.80992005801,299.103223897034
8118.14960301635,-0.0607132922179542,0.0935992395702162,-0.64865155418713,0.516563624631975,0.994447194724684,PXDN,8317.83746935773,7918.46173667496
155.917593274241,-0.355276360021353,0.389810834645327,-0.911407094019345,0.362080917183832,0.992443630108828,PXK,175.586396956993,136.248789591489
126.233262357079,1.28865662552172,0.451751647525088,2.85257758899518,0.00433662243308339,0.509986609559311,PXMP4,76.3259170068331,176.140607707325
3125.95325123382,0.0259689744878349,0.103897214461846,0.249948707694868,0.802627015086521,0.996294710336961,PXN,3110.10005518749,3141.80644728015
24.6573275045856,0.210856881165148,1.06194297969488,0.198557629926357,0.842608800012332,0.996294710336961,PXYLP1,25.6049502777036,23.7097047314677
672.54692791601,-0.196505415852628,0.197459892904701,-0.995166223185721,0.319655426539059,0.986152964913951,PYGB,713.319693517756,631.774162314265
50.4337571449546,0.24250485368611,0.879975056709105,0.275581508631642,0.782869513862282,0.996294710336961,PYGO1,48.9565512490144,51.9109630408947
109.817055570176,0.503139245411426,0.526823354753214,0.955043547086324,0.339555675484825,0.986983139323132,PYROXD1,94.8471426576436,124.786968482709
667.708054803898,0.153612108075715,0.193651575408188,0.793239650913886,0.427638210039781,0.994447194724684,QDPR,631.09636055363,704.319749054166
1266.266505429,-0.0620144073392772,0.146853000299977,-0.422289004736711,0.672814082722542,0.996294710336961,QKI,1292.85438136689,1239.6786294911
200.672277516846,-0.402723403131886,0.350914648479262,-1.14763919054717,0.251117544079326,0.98168489642748,QRICH1,228.453496002244,172.891059031448
51.6837671866989,0.259941867983534,0.685856703708916,0.379003174537543,0.704685506466095,0.996294710336961,QRSL1,47.8860158540179,55.4815185193799
169.440887391708,-0.387278024976008,0.533824670775541,-0.725477944684291,0.468158870622734,0.994447194724684,QSER1,207.241571667231,131.640203116186
4461.04053102809,0.0441509976375138,0.0940933234641801,0.469225615718861,0.638908377557683,0.996294710336961,QSOX1,4395.90851245265,4526.17254960353
123.514572850179,-0.0806710101238674,0.47834238613871,-0.168647003614006,0.866074306516499,0.996577394764533,QSOX2,119.363380791909,127.665764908448
146.782419762215,-0.704168124616322,0.408858297690061,-1.72227915782725,0.0850189613837621,0.941849658533572,QTRT2,182.205355844203,111.359483680227
195.968975258906,0.237502390523024,0.464331547987784,0.51149311639982,0.609005807264281,0.996294710336961,R3HDM2,178.676583627908,213.261366889904
1304.39551522819,-0.376178117181782,0.15205607058451,-2.47394343241765,0.0133630853603663,0.62676812170277,RAB10,1476.15452580903,1132.63650464736
2432.8278012992,0.0799716691241863,0.114149929403295,0.700584481674486,0.483562365723338,0.994447194724684,RAB11A,2360.84652901985,2504.80907357855
1462.75067241221,-0.335101471557343,0.150193319074797,-2.23113433820888,0.0256722317944961,0.722700907616249,RAB11B,1606.67442085086,1318.82692397356
74.4360620036217,-0.0278485571817425,0.608140531988811,-0.0457929634959028,0.963475267245853,0.998879356112684,RAB11FIP1,77.6022497279633,71.26987427928
113.058244991143,-0.259796483726356,0.49298650156066,-0.526984984180928,0.598204016036383,0.996294710336961,RAB11FIP2,112.142896208437,113.973593773848
1183.40668555439,-0.160305068200845,0.161631267436227,-0.991794909138451,0.321297581560812,0.986152964913951,RAB11FIP5,1252.44001942336,1114.37335168542
528.514821223255,0.123282245208597,0.236312407777943,0.521691799291563,0.601884935405583,0.996294710336961,RAB12,512.384496766124,544.645145680386
1306.45955712838,-0.0508348870432208,0.156026995726697,-0.325808279563782,0.744569414068624,0.996294710336961,RAB13,1332.80091965871,1280.11819459805
1651.8735059233,0.0610358251829644,0.134235776391592,0.454691192047871,0.649331418411853,0.996294710336961,RAB14,1611.61475247715,1692.13225936944
1423.97565103958,0.306417875889655,0.176960411130873,1.73156173141484,0.0833516248093036,0.941807879236941,RAB18,1272.16697528317,1575.784326796
2982.64689933879,0.0720736174805607,0.10512329211667,0.685610353608126,0.492958850824367,0.994447194724684,RAB1A,2912.60053419027,3052.69326448731
472.873499069849,-0.161653368444622,0.25070512275937,-0.644794835723315,0.519060149031387,0.994447194724684,RAB21,498.995385153159,446.751612986538
455.119198327526,0.239452183887013,0.241975504208678,0.989572000976228,0.322383361005264,0.986152964913951,RAB22A,418.246790372842,491.991606282209
222.744290221826,-0.352225405793732,0.368223363336569,-0.956553659719266,0.338792588008649,0.986983139323132,RAB23,249.65712503418,195.831455409472
248.383525848206,-0.116053545516228,0.309788778584212,-0.374621527760341,0.707941960283557,0.996294710336961,RAB27A,255.197419336166,241.569632360247
938.532949363083,0.103114965937643,0.16537804995877,0.623510592629134,0.532949043589434,0.996294710336961,RAB29,902.27390042681,974.791998299357
1304.30453639418,-0.262935201953908,0.163067229234169,-1.61243435108795,0.106867454855917,0.961015869502668,RAB2A,1415.89199460606,1192.7170781823
394.133335173581,0.299376146359684,0.300064501509662,0.997705976060099,0.31842195451343,0.986152964913951,RAB2B,345.694001128054,442.572669219108
280.663705370362,0.199655096710948,0.327187254776667,0.610216607756404,0.541718329708731,0.996294710336961,RAB30,255.909869893388,305.417540847337
1378.45845258369,-0.0178947164696912,0.140778011791657,-0.127113007506984,0.898850956473803,0.996577394764533,RAB31,1391.9368072058,1364.98009796158
94.927818236343,-0.0998027178067502,0.559366604060511,-0.17842094447947,0.858392401884418,0.996294710336961,RAB33B,97.7130419003985,92.1425945722875
332.343629878469,-0.00167417380551286,0.295511231101286,-0.00566534747012387,0.995479730902566,0.999045351836952,RAB35,326.907641485968,337.779618270969
20.8861643158654,2.62273686861851,1.29951255083904,2.01824666250828,0.0435655785953242,0.842267852842935,RAB36,12.8315270129822,28.9408016187486
1609.33279422155,0.209558707337186,0.149656209682956,1.40026737133817,0.161433267786017,0.974401534329554,RAB3B,1492.32072728442,1726.34486115868
733.714886279526,-0.177058519368581,0.196219978823717,-0.902347051661084,0.366872538448365,0.992443630108828,RAB3GAP1,780.072016753221,687.357755805831
823.928199139713,-0.49222839447729,0.188035015500843,-2.61774857819012,0.00885119942603636,0.601847901055327,RAB3GAP2,971.254667685073,676.601730594354
56.6428237559747,-0.142251213895568,0.690344415269298,-0.206058325017488,0.836745351960432,0.996294710336961,RAB3IP,62.5701928959422,50.7154546160072
123.079424233456,0.033187434932674,0.457755495803411,0.0725003527798752,0.942203724731784,0.998879356112684,RAB40B,121.387264152805,124.771584314107
453.373680364226,0.231928040690984,0.232231955414883,0.998691331159156,0.317944241360428,0.986152964913951,RAB4A,417.693242121895,489.054118606557
436.517703952864,0.0956547364084745,0.256093947836874,0.373514240443529,0.708765748647413,0.996294710336961,RAB5A,420.868960777017,452.16644712871
778.312814621965,-0.064726952215987,0.182544557953929,-0.354581659083602,0.722903018416327,0.996294710336961,RAB5B,794.003673873402,762.621955370528
1772.20656721749,-0.0660686279107092,0.14127571319701,-0.46765736598035,0.640029634172019,0.996294710336961,RAB5C,1817.54263324674,1726.87050118825
695.331861348897,-0.03144254959829,0.20251597589508,-0.155259600924422,0.8766166631388,0.996577394764533,RAB5IF,700.436352323488,690.227370374307
1302.20105259518,0.144469814290739,0.153346336748197,0.942114545116039,0.346133998479166,0.988142440035739,RAB6A,1241.04715532533,1363.35494986503
90.5714091092882,-0.293881131951552,0.510030860815598,-0.576202646799847,0.564478216398397,0.996294710336961,RAB6B,99.9371265982812,81.2056916202953
2081.45491534816,-0.0868342805631993,0.126546014146769,-0.68618740107048,0.492594941573671,0.994447194724684,RAB7A,2148.87869898676,2014.03113170957
390.089675827115,0.197757435272659,0.258595329416411,0.764737072858008,0.444428125660087,0.994447194724684,RAB8A,364.844775543372,415.334576110857
178.578217025688,-0.576151566047896,0.376132539606843,-1.53177804464917,0.125577215727086,0.974401534329554,RAB8B,214.381505422546,142.77492862883
189.234245315956,-0.265901032487068,0.363716101014369,-0.731067532466932,0.464737904553237,0.994447194724684,RAB9A,206.030949295644,172.437541336268
228.504405696359,0.0327518050162586,0.363199331365784,0.090175840613742,0.928147482493171,0.997480238800445,RABEP1,224.00130226129,233.007509131428
505.093885811664,0.225592839745714,0.22607320557458,0.997875175752715,0.318339890855595,0.986152964913951,RABGAP1,463.320439920312,546.867331703015
58.0959734459567,-0.301556974585522,0.737724027155645,-0.408766643738309,0.682710921027751,0.996294710336961,RABGAP1L,64.1905805452719,52.0013663466414
202.188055636132,0.195345074185535,0.380170969718427,0.513834799985429,0.607367495231309,0.996294710336961,RABGEF1,189.0209274407,215.355183831564
695.516092673689,0.904723709713503,0.754145193315924,1.19966780632188,0.230268380918883,0.98168489642748,RABGGTB,505.389945992606,885.642239354773
308.064171350922,-0.0419885760103401,0.29015746115583,-0.144709620228549,0.884940143271371,0.996577394764533,RABIF,313.62973309176,302.498609610085
82.1013540232448,-0.677451996594323,0.577134799024988,-1.17381935336218,0.240467390392386,0.98168489642748,RABL3,100.29475246708,63.9079555794094
4929.89780006686,-0.0705966106029937,0.0927822649612991,-0.760884751330877,0.446725907190906,0.994447194724684,RAC1,5064.82022895151,4794.97537118221
153.742185047975,-0.829900855299519,0.407312546495027,-2.0375037853386,0.0415995829969011,0.82869888739163,RAD1,198.31247513433,109.17189496162
32.1685644583235,-0.934375423492207,0.845778077518643,-1.10475247388002,0.269266859127671,0.982783504448174,RAD18,42.3334557716673,22.0036731449798
626.411433759351,0.0424310306376695,0.198891141987999,0.213337960723408,0.831063366631486,0.996294710336961,RAD21,618.902843224421,633.920024294281
339.681260418285,-0.439104618506279,0.27353516991293,-1.60529491928242,0.108428916771574,0.961015869502668,RAD23A,388.94796987509,290.414550961481
971.197171833696,-0.0477622738488885,0.200379316827421,-0.23835930077566,0.811602431047495,0.996294710336961,RAD23B,979.751635977761,962.642707689631
187.761724097335,0.595461753585255,0.384332230536465,1.54934118523988,0.121299724159088,0.974401534329554,RAD50,148.358448709491,227.164999485179
54.3623745135694,-0.206227410268149,0.681294875745149,-0.302699194739418,0.762119111523022,0.996294710336961,RAD51,65.2505474184549,43.4742016086838
109.898140217263,0.528972780472013,0.460792932891044,1.14796200790929,0.250984248073643,0.98168489642748,RAD51D,90.3983633048171,129.397917129709
12.3188331704053,0.772390517858642,1.36177872301922,0.567192382141324,0.570583483093302,0.996294710336961,RAD52,8.85406619984756,15.7836001409631
347.159627014783,-0.0434711099875205,0.286518421427362,-0.151721867553781,0.879406309029002,0.996577394764533,RAD54L2,352.477556926442,341.841697103123
103.686727102731,0.244959659488971,0.613604887479457,0.399213996640749,0.689735530871152,0.996294710336961,RAI1,94.5012162313198,112.872237974142
3001.25988266531,0.0460063904462322,0.110927175384073,0.414744090318178,0.678329252241204,0.996294710336961,RAI14,2934.49667664912,3068.02308868151
223.134852412291,-0.217164322178375,0.337277672581857,-0.643873994136595,0.519657146711594,0.994447194724684,RAI2,234.515071527881,211.754633296702
4853.03741198888,-0.072439769014828,0.0870675358369756,-0.831995166952508,0.40541167252687,0.992443630108828,RALA,4981.29178674756,4724.78303723021
128.896376905189,-0.264998288837194,0.438623617252668,-0.604158732940597,0.545738114218327,0.996294710336961,RALBP1,141.224186437365,116.568567373012
89.0418055245573,-0.695189059810349,0.57215470490099,-1.21503686652485,0.224352030765773,0.98168489642748,RALGAPA2,102.550492609853,75.5331184392618
224.562521104346,-0.157319106200417,0.372803522411847,-0.421989323444807,0.67303281039625,0.996294710336961,RALGAPB,237.512590456354,211.612451752338
19.6633943710503,1.53130317445835,1.54055397876365,0.993995144322878,0.320225231419037,0.986152964913951,RALGPS1,15.3621137255165,23.9646750165841
117.49296289143,0.203122432056346,0.503414911498586,0.403489104944632,0.686588448125785,0.996294710336961,RALGPS2,109.154354286795,125.831571496066
806.939684291736,-0.248365543520174,0.185422212991917,-1.33945949362065,0.180421132660993,0.98168489642748,RALY,873.485794256239,740.393574327233
9439.60645735904,-0.055579354862893,0.080482480230259,-0.690577063528378,0.489831365523754,0.994447194724684,RAN,9605.25067496887,9273.96223974921
690.757279996285,-0.443333032205644,0.194853613630784,-2.27521072842758,0.0228932915980585,0.714845395677829,RANBP1,802.504537149336,579.010022843235
62.6927769069433,-0.432958227276316,0.668260761770313,-0.64788814792799,0.517057296999089,0.994447194724684,RANBP10,71.2287940572725,54.1567597566142
699.620948602615,0.0677968752362488,0.23087493721634,0.293651948772249,0.769023875485011,0.996294710336961,RANBP2,681.405121048086,717.836776157144
284.4186398423,-0.271893010929277,0.327361596410944,-0.830558666349991,0.406222993104265,0.992443630108828,RANBP3,302.373008744517,266.464270940084
223.646785457055,-0.251746810200233,0.347290061812085,-0.724889185963664,0.468520015606984,0.994447194724684,RANBP9,244.301635004748,202.991935909361
1967.08564315651,0.184435719969721,0.127970445333199,1.44123683784566,0.149517784512868,0.974401534329554,RANGAP1,1830.58768117834,2103.58360513467
686.257024123463,-0.310751285025989,0.193400114228894,-1.60677922174444,0.108102807838937,0.961015869502668,RAP1A,763.989651758603,608.524396488323
2133.25278679822,0.0128422145823045,0.122377908225587,0.104938994043203,0.916424217000005,0.996577394764533,RAP1B,2094.58745827664,2171.91811531981
442.261766276821,0.292825997808533,0.263536969110878,1.11113821638182,0.266508860280857,0.982783504448174,RAP1GDS1,398.264142998946,486.259389554696
1509.99210812413,0.0327362224164139,0.156058318840694,0.209769159757715,0.833847844459652,0.996294710336961,RAP2A,1502.18899775382,1517.79521849444
457.649223580263,-0.231525254964986,0.239912483615169,-0.96504046590741,0.334524543921383,0.986152964913951,RAP2B,494.703790977031,420.594656183495
118.583908692636,0.371965438050543,0.499399164036899,0.744825912490034,0.45637696784443,0.994447194724684,RAP2C,100.98045649211,136.187360893162
589.596113672394,0.362079787136133,0.205329652030131,1.76340720181515,0.0778318360269279,0.931201700779585,RAPGEF2,524.323949092014,654.868278252774
38.3455198053977,-0.67443125795325,0.828162336579318,-0.81437084031007,0.415432538231957,0.992443630108828,RAPGEF3,46.5378644539811,30.1531751568143
43.8830614372466,0.149860438046407,0.792989992644388,0.188981499686605,0.850107316629319,0.996294710336961,RAPGEF6,44.5334630017612,43.2326598727319
195.66064524108,-0.0813983037053947,0.368813232499433,-0.220703316835357,0.825323448684336,0.996294710336961,RAPH1,206.868478612649,184.452811869511
205.123022270862,0.2193755198198,0.371977535281346,0.589754754017267,0.555355080782264,0.996294710336961,RARA,194.093217350019,216.152827191705
899.579940607868,-0.0302901117594715,0.175212008913589,-0.172876916070347,0.862748176745767,0.996577394764533,RARS1,905.591937780092,893.567943435644
283.344577660818,0.310372500185808,0.297188024719978,1.04436408727523,0.29631697244044,0.986152964913951,RARS2,249.965104823295,316.724050498341
284.079388293939,0.0752521676763774,0.325312456010798,0.231322736913215,0.817064084146472,0.996294710336961,RASA1,272.874290014633,295.284486573244
74.8616027755739,0.12287864939882,0.566855462358351,0.21677245357678,0.828385680383382,0.996294710336961,RASAL2,72.1852096872715,77.5379958638764
36.4634551249317,-0.385430395809475,0.833687709994065,-0.462319872524232,0.643851950706631,0.996294710336961,RASGRF2,47.9100765716986,25.0168336781648
14.9990790026962,2.43510326454555,1.39470847243755,1.7459586090344,0.0808181444158083,0.941008263122901,RASGRP3,9.30774245411689,20.6904155512754
701.657633654913,0.154842349983671,0.194099587132557,0.797746931207661,0.425017363215269,0.994447194724684,RASIP1,666.861317963933,736.453949345893
178.667690331634,0.323012606233144,0.428860590713272,0.753187896551454,0.451337011482325,0.994447194724684,RASSF2,158.847872528998,198.48750813427
734.729866414327,0.0256114613746862,0.197415609549624,0.129733719806226,0.896777103459835,0.996577394764533,RASSF3,728.070991186594,741.38874164206
220.146511299024,-0.22352911056261,0.369162429636097,-0.605503411555054,0.544844558580921,0.996294710336961,RASSF8,254.332905627427,185.96011697062
146.216979098936,-0.405619930140009,0.407357074933632,-0.995735572301265,0.319378641490177,0.986152964913951,RAVER1,159.731527793991,132.702430403881
23.8411242411836,-0.455791837432846,1.12912232236066,-0.403669140540875,0.686456035211282,0.996294710336961,RAVER2,27.3342673006198,20.3479811817474
291.362275677606,-0.251344230055549,0.294352727924517,-0.85388789099316,0.393167109521102,0.992443630108828,RB1CC1,320.509737875314,262.214813479897
66.1771040405326,0.759809237154293,0.635255269154303,1.19606916156053,0.231669570741545,0.98168489642748,RBAK,49.1930122133884,83.1611958676769
219.033062569736,0.353680969804622,0.349078569034379,1.01318442659764,0.310972077689569,0.986152964913951,RBBP4,193.358089980084,244.708035159389
289.15638451774,-0.268837584704843,0.372195710601102,-0.722301673683091,0.470109024121762,0.994447194724684,RBBP5,316.968386525069,261.344382510411
798.829792841239,0.0947959201888959,0.205237869193814,0.461883182481183,0.644165094782223,0.996294710336961,RBBP7,799.183976217268,798.475609465209
8.81304036258895,-1.21872294944068,2.25139233820016,-0.541319666395848,0.588287267433939,0.996294710336961,RBBP8,7.91199220766388,9.71408851751403
135.707811830369,0.228292243269242,0.474456863801426,0.481165435020008,0.630398924848873,0.996294710336961,RBBP9,130.662866819564,140.752756841173
530.860842148365,0.1708695084168,0.231363448296123,0.738532856746256,0.460190708522442,0.994447194724684,RBCK1,493.047111825443,568.674572471288
556.684411700387,-0.247479877642114,0.242856314095835,-1.01903826780659,0.308184799329739,0.986152964913951,RBIS,606.673459991487,506.695363409287
51.3814323644629,0.48513176979162,0.837342918220073,0.579370481597739,0.562339217238406,0.996294710336961,RBL1,42.9810572953672,59.7818074335587
64.0825536820326,0.0632073736179041,0.606735204544824,0.104176209233355,0.917029513510037,0.996577394764533,RBL2,62.8304799691445,65.3346273949206
300.079224397672,0.488998879603634,0.303730830824743,1.60997445756764,0.107403432567344,0.961015869502668,RBM12,251.919374228017,348.239074567328
92.5435192062881,-0.298720142356473,0.517800176122463,-0.576902357572439,0.564005417891778,0.996294710336961,RBM12B,102.526808865726,82.5602295468503
589.114352507106,-0.210714212639388,0.205477183964146,-1.02548715421443,0.305133383570853,0.986152964913951,RBM15B,624.966426111504,553.262278902708
823.512984623572,-0.453527410696931,0.191610886908944,-2.36691880097843,0.0179368676252646,0.700101889826364,RBM17,956.120964478435,690.905004768709
282.606755085749,-0.0430772342541989,0.319420497234619,-0.134860582295563,0.892722105539109,0.996577394764533,RBM18,291.384824649953,273.828685521545
94.1884604717654,-0.234165253655673,0.52476317484613,-0.446230347097688,0.655430863890651,0.996294710336961,RBM19,101.644601125668,86.7323198178623
385.515776081533,-0.508149780967415,0.269473437964492,-1.88571380098091,0.0593335321109731,0.883471068233563,RBM22,436.229626977598,334.801925185468
116.290038317452,0.560083372995967,0.473679361090605,1.18241033703986,0.237042923561212,0.98168489642748,RBM23,98.1720040409195,134.408072593984
56.5355054894877,0.18140265351681,0.632489370814534,0.286807434065169,0.774259770418712,0.996294710336961,RBM24,53.1975210382263,59.8734899407491
123.810430416507,0.222349792171171,0.542611002753685,0.409777522097365,0.681969156616788,0.996294710336961,RBM25,112.191125012713,135.429735820302
227.296168313998,-0.0535865902076113,0.32403006864258,-0.165375362947319,0.868648544182268,0.996577394764533,RBM26,232.16054343923,222.431793188766
350.029616738462,0.018454002836673,0.329885101747027,0.0559406979549642,0.955389049293732,0.998879356112684,RBM27,350.764580279404,349.29465319752
90.2794856194506,0.181642682268255,0.589909098454656,0.307916393803879,0.758145951019793,0.996294710336961,RBM28,83.7641648426377,96.7948063962635
3727.27143463178,-0.0194267437155065,0.0993653881992152,-0.195508154978052,0.844995154117666,0.996294710336961,RBM3,3749.36457743374,3705.17829182982
143.479723080948,0.274558028925935,0.408915461897743,0.671429805201629,0.501946762901857,0.994447194724684,RBM33,129.797451922981,157.161994238914
461.349821040587,0.112866842589537,0.257497131027863,0.438322718932834,0.661152359090526,0.996294710336961,RBM34,442.330358805838,480.369283275335
266.007497201845,-0.366111700744901,0.310166298191087,-1.18037228054786,0.237852181688967,0.98168489642748,RBM39,282.425929045524,249.589065358166
165.541418706477,0.800294592581293,0.383099656443879,2.08899846063561,0.0367078617401545,0.785555962274654,RBM41,122.027947777016,209.054889635939
86.2575227004096,-0.990540421671371,0.556161665472936,-1.7810296594769,0.0749076055640021,0.926371049184813,RBM4B,113.832205861457,58.6828395393625
222.465656117552,-0.28353836015065,0.34425848334368,-0.82362054638923,0.410155197737651,0.992443630108828,RBM7,243.876625276001,201.054686959103
1891.91525850869,-0.033314792033734,0.135177158591426,-0.246452820734517,0.80533172180145,0.996294710336961,RBM8A,1917.50349208435,1866.32702493302
1873.72897185471,0.171700500841033,0.126490873772095,1.35741414159566,0.174649657350446,0.98168489642748,RBMS1,1770.50285985709,1976.95508385234
574.121088668471,-0.132059960053203,0.23229010186773,-0.568513074777506,0.569686630209162,0.996294710336961,RBMS2,602.269208570287,545.972968766656
395.889065546751,-0.472531909135785,0.267713276410394,-1.76506714747838,0.0775524812339102,0.931201700779585,RBMS3,470.246753514811,321.53137757869
445.679548244027,-0.46709455252904,0.291364554479537,-1.60312757796983,0.108906490514768,0.961015869502668,RBMX,494.213600485725,397.14549600233
52.0804186621461,0.666390292707865,0.707530297531501,0.941854073292453,0.346267356329651,0.988142440035739,RBMXL1,40.1296889249901,64.0311483993021
415.39771634689,-0.0316793222920356,0.265240852952542,-0.119436059488558,0.90492989440571,0.996577394764533,RBPJ,421.222104956997,409.573327736783
137.980571644294,-0.389423966004006,0.530758570402158,-0.73371206367697,0.463124244510442,0.994447194724684,RBPMS,151.750782946176,124.210360342413
1909.00909836455,-0.065989650077398,0.122442267765157,-0.538945016960692,0.589924793862579,0.996294710336961,RBX1,1941.48876653623,1876.52943019287
468.300291823335,0.266618437737317,0.228583798799327,1.16639254023151,0.243455773217543,0.98168489642748,RC3H2,428.391894405771,508.208689240898
373.12663754622,0.165113875481753,0.293442380224816,0.562679035506914,0.573653462389907,0.996294710336961,RCAN1,340.552938577786,405.700336514654
47.3568906528714,0.502284856699593,0.7519571989686,0.667970008650143,0.504152736994705,0.994447194724684,RCAN3,43.0583797192696,51.6554015864733
116.427859271057,0.327088200977961,0.461654425288242,0.708513084811735,0.478626689422266,0.994447194724684,RCC1,103.439603124636,129.416115417478
52.0206432451786,-0.595345775437248,0.725050504673769,-0.82110938700073,0.411583963612888,0.992443630108828,RCCD1,59.6600439495843,44.3812425407728
140.846282361311,0.137577502235819,0.475192116445703,0.289519748906734,0.77218366925565,0.996294710336961,RCHY1,132.35470804832,149.337856674302
209.679936970308,-0.0930646775062852,0.420839683536231,-0.221140451214775,0.82498307433051,0.996294710336961,RCL1,216.718419849955,202.64145409066
2827.75210193578,0.000747378260634212,0.115581573656304,0.00646624056925052,0.994840722436898,0.998987745956335,RCN1,2811.75357750538,2843.75062636618
1404.80721166808,-0.00273154523213517,0.154671106653349,-0.0176603458217775,0.985909815160331,0.998987745956335,RCN2,1401.67992517649,1407.93449815967
255.052267292865,0.0371498810312322,0.335419676533001,0.110756415411358,0.911809508097336,0.996577394764533,RCOR1,251.28321929226,258.82131529347
119.685823874615,2.51196256677429,0.484437688260355,5.18531614622078,2.15648734009317e-07,0.00066915802163091,RCOR3,42.5693035282902,196.80234422094
62.2853385517962,0.197325409836369,0.749505441287121,0.26327415248314,0.792339280463272,0.996294710336961,RDH10,65.0051094472497,59.5655676563427
1255.75301485593,-0.0483524502713313,0.160520767798407,-0.301222395921104,0.763244912980216,0.996294710336961,RDH11,1271.40954319804,1240.09648651383
675.667912230816,-0.152764174948486,0.219736352836236,-0.695215757323221,0.486920098818646,0.994447194724684,RDX,715.045369540643,636.29045492099
192.41714708846,-0.370849825865717,0.458568063677988,-0.808712719528005,0.418680410130624,0.992443630108828,RECK,224.811051115853,160.023243061066
554.730781888123,0.128153813780536,0.214591649670946,0.597198511577902,0.55037485282381,0.996294710336961,RECQL,531.401880368474,578.059683407773
701.181803184029,-0.081646802250275,0.225268498863703,-0.362442164182374,0.717021635790644,0.996294710336961,REEP3,720.741870582322,681.621735785736
2554.18925837898,0.152516184008095,0.111193081106419,1.37163376075646,0.17017747842921,0.98168489642748,REEP5,2433.93372595824,2674.44479079971
83.3292487910446,-0.6149806212398,0.617937666804192,-0.99521465396391,0.319631876154084,0.986152964913951,REL,93.6200941674076,73.0384034146816
1706.71287218034,-0.044396275023994,0.159070644830344,-0.279097850337783,0.780169732793658,0.996294710336961,RELA,1716.73964728123,1696.68609707946
121.574554353143,0.140683684511139,0.448428986551601,0.313725670574933,0.753729402102758,0.996294710336961,RELCH,115.128006991844,128.021101714443
49.0214617655154,0.869154151713769,0.784477299639803,1.10794047464834,0.267887524148886,0.982783504448174,RELT,31.6900639320759,66.3528595989548
223.391084821754,-0.596938727877489,0.449990208969879,-1.32655936946718,0.184654483744054,0.98168489642748,REPS1,265.69519182999,181.086977813518
8.66242484184114,1.58914556957346,2.0162610856964,0.7881645789065,0.430600445011245,0.994447194724684,REPS2,7.80499632682609,9.51985335685618
2218.65882067747,0.392453676942621,0.170912902578277,2.29622030298666,0.0216632882443611,0.714845395677829,RER1,1934.71955374146,2502.59808761349
314.648764923522,0.0392601715519829,0.27683396455745,0.141818478143549,0.887223388145298,0.996577394764533,RERE,312.613833059223,316.683696787822
73.3577493278769,-0.000137206471376942,0.598801026608467,-0.000229135330902925,0.999817176458738,0.999974371261861,RESF1,72.4590677010732,74.2564309546806
296.875682664761,-0.143083037674374,0.292555144591875,-0.489080572737765,0.624784654799482,0.996294710336961,REST,314.901148276808,278.850217052713
330.649553058434,-0.162718416398742,0.289585945841379,-0.561900253570562,0.574183980919994,0.996294710336961,RETREG2,350.385802242214,310.913303874653
728.857385051468,0.00714809815439539,0.18797811878797,0.0380262245440284,0.969666772982936,0.998879356112684,RETSAT,718.41579441114,739.298975691796
84.3608096183205,-0.280141131503275,0.52763300710317,-0.530939360752496,0.595460800881972,0.996294710336961,REV1,93.1683211563605,75.5532980802806
52.8251117979259,-0.453538391578246,0.701261930832027,-0.646746061118897,0.517796306887139,0.994447194724684,REXO1,60.3182123697529,45.3320112260989
1086.40412841895,0.312370278771418,0.175742584074284,1.77743078273723,0.075497389809976,0.926371049184813,REXO2,966.355052261037,1206.45320457687
294.120474346766,-1.00707979108214,0.299980210226855,-3.35715409466697,0.00078749210491938,0.25742746445773,RFC1,396.443825242614,191.797123450918
89.4026710385596,-1.02599714554406,0.518308326084488,-1.97951121737684,0.0477584779531611,0.855932271597061,RFC2,122.402825458265,56.4025166188541
65.3937366730875,-1.97164038173395,0.669653742502563,-2.94426844292057,0.00323719084038065,0.436739268595703,RFC5,103.370617500977,27.4168558451978
43.9133884604602,-0.780087445448683,0.738104970424651,-1.05687873230264,0.290566935886004,0.98435505564872,RFFL,55.186746535446,32.6400303854744
670.734680810523,0.152452794539915,0.206747386004047,0.737386805639859,0.460887156958782,0.994447194724684,RFK,628.908464865126,712.560896755919
1365.06283063963,-0.00272054519406721,0.156509874090043,-0.01738257863847,0.986131407289493,0.998987745956335,RFLNB,1370.87106580041,1359.25459547886
130.598554099156,-0.052971592135687,0.459001117293258,-0.115406237893411,0.908123134876441,0.996577394764533,RFT1,133.034186126344,128.162922071968
16.8092919244052,2.17949202321517,1.3947273252746,1.56266532082611,0.118131335357036,0.974401534329554,RFTN2,11.1935741976174,22.425009651193
213.196384758686,-0.430951415090399,0.336491785747041,-1.28071897545329,0.200292392275226,0.98168489642748,RFWD3,248.071443743733,178.321325773639
61.2399216609827,0.303602098657304,0.669178953352179,0.453693436018037,0.650049492013255,0.996294710336961,RFX2,64.6067707566523,57.873072565313
69.827241613671,0.315673037711007,0.587029322420857,0.537746626368168,0.590751984558248,0.996294710336961,RFX5,50.6640241510568,88.9904590762852
47.2330935796495,0.0324084590180135,0.734375705449035,0.0441306252066131,0.96480028117267,0.998879356112684,RFX7,41.7403574944545,52.7258296648445
235.844025111416,-0.184825328645175,0.327529358716593,-0.564301561757407,0.572548918740536,0.996294710336961,RGL1,252.375111214973,219.312939007858
427.220751404204,0.129612262778235,0.251532345663824,0.515290637616298,0.606349940310673,0.996294710336961,RGMB,409.287646660143,445.153856148265
379.711763635808,-0.347012103237324,0.26262545048402,-1.32131940220485,0.186394887292268,0.98168489642748,RGP1,426.490807962538,332.932719309078
66.2592533288097,-0.347378109807766,0.600332496185377,-0.578642855442725,0.562830181660247,0.996294710336961,RGS10,75.5799061361544,56.9386005214649
268.622660765409,0.347983079016914,0.31447185771543,1.10656349838404,0.268482696152643,0.982783504448174,RGS19,237.149914935501,300.095406595317
1422.25655364394,0.0739985327163271,0.141664210665092,0.5223516396196,0.601425520757544,0.996294710336961,RGS4,1382.38234861908,1462.13075866881
8423.48062309465,0.0259232910656672,0.0758056613655953,0.341970383196637,0.732373180819815,0.996294710336961,RGS5,8322.23557357107,8524.72567261822
86.9532210020182,-0.92531944208553,0.538677055037758,-1.71776286632567,0.0858398772628,0.942895213226454,RHBDD1,113.895139777683,60.0113022263537
195.745910201098,0.173711238605692,0.368590844813842,0.471284734957064,0.637437415155556,0.996294710336961,RHBDD2,185.071896918891,206.419923483305
601.086155707133,0.0474429742037671,0.243971959460135,0.194460766346877,0.845815113217604,0.996294710336961,RHBDF1,585.590097926821,616.582213487444
1101.18521196541,-0.358232597578949,0.180436071719747,-1.9853712961306,0.0471031770703023,0.852251652764711,RHEB,1238.93477756304,963.435646367775
140.91471692467,-0.483655553997145,0.423833330202792,-1.1411456332746,0.253809324097725,0.98168489642748,RHNO1,162.74843638699,119.08099746235
10053.2736706922,-0.0587622804646352,0.0723437291352109,-0.812265018227193,0.416639578721132,0.992443630108828,RHOA,10268.798513259,9837.74882812536
3620.97121806185,-0.0745445697323447,0.120720133008364,-0.617499068918189,0.536905595216017,0.996294710336961,RHOB,3718.35833690293,3523.58409922076
51.7866822029618,-0.137834956172031,0.672211541457286,-0.205046994392894,0.837535408768195,0.996294710336961,RHOBTB2,53.7296825119309,49.8436818939928
626.968991394452,-0.0943647193463615,0.224820892091326,-0.419732874772284,0.674680606390518,0.996294710336961,RHOBTB3,648.973308450062,604.964674338842
47.640735654539,-0.840091608862238,0.704862374444127,-1.19185196900992,0.233319294213733,0.98168489642748,RHOF,59.2288233985949,36.0526479104831
2094.84470666569,-0.0323750747210408,0.134090571416049,-0.241441843219454,0.809212685589747,0.996294710336961,RHOJ,2116.90538643936,2072.78402689201
588.681633182039,0.281127452924987,0.209245112436278,1.34353175398827,0.179099851075489,0.98168489642748,RHOQ,530.260846579568,647.102419784509
140.00661685191,-0.94344880458131,0.419385342143343,-2.24959890052344,0.0244744183175139,0.721834516239828,RHOT1,184.560574259992,95.4526594438288
445.16523615965,0.251273606289134,0.241323682791172,1.04123061351824,0.297768530846064,0.986152964913951,RHOT2,405.541047571546,484.789424747754
68.662105284584,0.723842018960463,0.654203008670954,1.10644862430545,0.268532389316487,0.982783504448174,RIC1,58.1446534430298,79.1795571261381
886.165548212198,-0.175509797978057,0.173068510440305,-1.01410590252115,0.310532221849167,0.986152964913951,RIC8A,939.737811075955,832.593285348442
102.670292784938,0.181736143027878,0.543183032400606,0.334576251810909,0.737944761737537,0.996294710336961,RIC8B,96.0646796780298,109.275905891847
113.231712165784,0.113388554675324,0.488161620598692,0.232276667994222,0.816323133153213,0.996294710336961,RIDA,107.203450774994,119.259973556574
98.8588645315335,0.375237182676091,0.509454258402471,0.736547347455189,0.461397664323232,0.994447194724684,RIF1,85.8422245970172,111.87550446605
406.865880261714,-0.0274482871332781,0.274373405573205,-0.100039896636245,0.920312651366348,0.996577394764533,RIGI,412.07996634547,401.651794177958
142.236825217213,0.356798350971829,0.42194842204795,0.845597073784726,0.397777558524825,0.992443630108828,RILPL1,121.898496192898,162.575154241528
247.84591406469,0.0955686541131122,0.309355577345579,0.308928175574327,0.757376163413623,0.996294710336961,RILPL2,240.128265308883,255.563562820497
177.985402572637,0.231367634790947,0.402956188081943,0.574175658878075,0.565848939155704,0.996294710336961,RIMKLB,164.557245560754,191.41355958452
250.771295096216,-1.06166396674963,0.321540123776695,-3.30180866474673,0.000960635747231078,0.276425033894913,RIN2,334.884407233111,166.658182959321
104.52859472133,0.547672867753687,0.521142879230423,1.05090732231138,0.293301157064518,0.984887697687056,RIOK1,84.9583330978266,124.098856344834
167.470922324959,0.328463457983946,0.407565301702352,0.805916147944866,0.420291199690701,0.992443630108828,RIOK2,146.965385902894,187.976458747024
524.735729105255,0.128908165204318,0.235824734972035,0.546626990674257,0.584635022109671,0.996294710336961,RIOK3,501.774165772758,547.697292437751
205.359070647157,0.183626456533366,0.344170032212115,0.533534123680459,0.593663896086646,0.996294710336961,RIOX2,188.715777456144,222.00236383817
164.000541597676,0.20841670595233,0.385544325944168,0.540577806305238,0.588798618581646,0.996294710336961,RIPK1,151.015642076822,176.985441118529
207.229164399646,-0.426958064457822,0.382748369713907,-1.1155058995469,0.264633691755297,0.982783504448174,RIPK2,240.518618799299,173.939709999993
256.805579909844,-0.00696652135681982,0.313660699392355,-0.0222103737265008,0.98228014259562,0.998987745956335,RIT1,261.828354398303,251.782805421384
183.710884687796,-0.1299565522346,0.365016882639441,-0.356028880896914,0.721818936594654,0.996294710336961,RITA1,191.421134382436,176.000634993156
152.502819699615,0.988345937651945,0.400783626746684,2.46603371917843,0.013661847270529,0.62676812170277,RLIG1,109.066577081599,195.93906231763
295.570695944077,0.0931121273411056,0.324479214608342,0.286958680707778,0.774143958254897,0.996294710336961,RLIM,284.424169796052,306.717222092103
137.129144057153,0.340471681187583,0.426972803333481,0.797408356057897,0.425213907873273,0.994447194724684,RMDN1,122.503387782082,151.754900332224
50.026861259303,0.141353738532738,0.689386107079401,0.205042917287071,0.837538594156855,0.996294710336961,RMND1,47.0225829453894,53.0311395732165
184.20617059288,-0.528454862218227,0.438751050248606,-1.20445264329007,0.22841467537461,0.98168489642748,RMND5A,214.783365870185,153.628975315575
38.395464082051,0.178028018778398,1.13687730450791,0.15659387171552,0.875564932620539,0.996577394764533,RMND5B,38.7700440671489,38.020884096953
2192.96890876087,-0.248504835217456,0.123734038008735,-2.00837893288436,0.0446030398461905,0.843922150260544,RNASE1,2377.90200861845,2008.03580890329
185.631768239861,0.184473932550311,0.433357345820394,0.425685486422484,0.670337039107327,0.996294710336961,RNASE4,173.719514284495,197.544022195227
483.198642611995,0.0960730829475342,0.255157647891648,0.376524410463023,0.7065270714877,0.996294710336961,RNASEH1,460.506116999301,505.89116822469
121.916355279813,0.252368582155121,0.444584101358066,0.567650937998488,0.570272011829976,0.996294710336961,RNASEH2A,112.151951960001,131.680758599626
1033.81977747277,0.0263649465984503,0.180188985920232,0.146318302774187,0.883670117827656,0.996577394764533,RNASEH2C,1022.95681458844,1044.68274035709
663.346479649372,0.100592313781402,0.203761427073678,0.493676920239813,0.621534367441803,0.996294710336961,RND3,639.814122515185,686.878836783559
453.230493072946,0.419896953812571,0.236802623298219,1.77319384373445,0.0761965918250125,0.926371049184813,RNF10,388.382328458005,518.078657687887
426.516124987496,-0.152790170833334,0.241791776464759,-0.631908053562784,0.527446960522097,0.996294710336961,RNF103-CHMP3,454.147981273657,398.884268701335
1001.27464864384,-0.260429154737453,0.165331018762438,-1.57519839100284,0.11521065848868,0.974401534329554,RNF11,1094.52870364213,908.020593645538
159.346357582076,-0.298147401951145,0.458730955648495,-0.649939574122837,0.515731254154502,0.994447194724684,RNF111,175.371463509219,143.321251654934
467.819895878721,-0.186004421433266,0.241411954059038,-0.770485546824986,0.441011925248125,0.994447194724684,RNF114,500.697198446085,434.942593311356
301.193332803033,0.0568831826777833,0.329900293487104,0.172425377608847,0.863103122504372,0.996577394764533,RNF115,296.110291821139,306.276373784928
1188.59498683997,0.358949782052276,0.152222605515447,2.35805832410253,0.0183708063752908,0.703760644228735,RNF121,1041.62577594072,1335.56419773923
1269.20023529858,-0.109437704850687,0.144997754779754,-0.754754478901542,0.450396311739344,0.994447194724684,RNF126,1318.48090291014,1219.91956768702
234.099305548064,-0.0278805051640381,0.376628896202251,-0.0740264633042552,0.940989328353793,0.998879356112684,RNF13,236.994296526726,231.204314569402
118.637473215974,-0.212196911222802,0.445577945376877,-0.476228488022052,0.633911605968257,0.996294710336961,RNF138,125.018800164961,112.256146266987
545.246175120962,-0.0651003786257356,0.220795332385977,-0.29484490420265,0.76811236181882,0.996294710336961,RNF14,555.893769804966,534.598580436958
396.728197132825,0.451995123077499,0.325961951477061,1.38664994803636,0.16554852979271,0.977539653561902,RNF141,338.36781232456,455.088581941089
12.4855289319869,-0.0280403306100758,1.60130277762276,-0.0175109485863151,0.986028998477379,0.998987745956335,RNF144A,11.8133418876349,13.1577159763389
819.796777024043,-0.336587151935299,0.222916370731923,-1.50992567674662,0.13106239000197,0.974401534329554,RNF144B,921.907811440849,717.685742607237
338.430508984399,-0.00515118667387314,0.3090484903568,-0.0166678913976446,0.986701562554418,0.998987745956335,RNF145,336.461820219319,340.399197749478
329.111326189671,0.136212394943969,0.27553430783527,0.494357294429571,0.621053868460907,0.996294710336961,RNF146,316.403281196348,341.819371182994
549.356723109414,-0.0340084592802339,0.216618618680212,-0.156996935385502,0.875247263359803,0.996577394764533,RNF149,558.075446047844,540.638000170984
23.1634658054234,-1.75100083840926,1.18421068122678,-1.47862273678811,0.139241172474316,0.974401534329554,RNF150,26.6066542878163,19.7202773230304
589.146493315704,-0.0220754579874453,0.214872518333786,-0.102737465724458,0.918171337611734,0.996577394764533,RNF152,596.131513288102,582.161473343306
71.4544259665713,0.939018552062253,0.647227552843476,1.45083216549859,0.146826600581671,0.974401534329554,RNF168,50.8465950766947,92.0622568564477
279.592553507139,-0.412532082719713,0.319582368283489,-1.29084744235255,0.196756583112235,0.98168489642748,RNF170,319.593577723482,239.591529290795
8.26909713466816,4.48017778157165,2.14368651956193,2.08994073559187,0.0366231237278285,0.785555962274654,RNF180,1.00530613723121,15.5328881321051
2116.0041562507,-0.177992634078474,0.127090075445676,-1.40052347482126,0.161356618784927,0.974401534329554,RNF181,2239.67660739688,1992.33170510453
84.7159396182539,-0.191189622659988,0.577121481160535,-0.33128141803962,0.740431925869249,0.996294710336961,RNF2,88.9766323473531,80.4552468891547
270.647884170739,-0.144799578229037,0.298857173037967,-0.484510968089233,0.62802328224923,0.996294710336961,RNF20,283.754298682718,257.541469658759
211.044412806112,-0.25289438855983,0.373913206776167,-0.676345162398125,0.498821525174212,0.994447194724684,RNF213,230.899388298445,191.189437313779
43.8576351594056,0.175370541852551,0.806913345214983,0.217335037141848,0.827947253895272,0.996294710336961,RNF214,44.7187882379143,42.9964820808968
615.96357064831,-0.0890033839592148,0.240127104870627,-0.370651134977732,0.710897390387421,0.996294710336961,RNF216,641.489192526609,590.43794877001
166.979861303865,-0.496044007168777,0.405432082325915,-1.22349470797435,0.221142901764949,0.98168489642748,RNF217,189.213686663908,144.746035943821
554.857722454201,-0.0885606604329016,0.210969593333669,-0.419779263132171,0.674646715046881,0.996294710336961,RNF24,574.848943318444,534.866501589957
149.221138479691,-0.291890236017948,0.411640335789205,-0.709090462328796,0.478268341275244,0.994447194724684,RNF38,165.647470474442,132.79480648494
346.279962365457,-0.0212346228728226,0.275340891339646,-0.0771212106182541,0.938527119616825,0.998879356112684,RNF4,355.304380236671,337.255544494243
462.513335041139,-0.198691267548807,0.250979807859174,-0.79166236217813,0.428557573897524,0.994447194724684,RNF40,495.276102185334,429.750567896944
735.044795489021,-0.0575746926504472,0.185400944692472,-0.310541527962263,0.756149184533704,0.996294710336961,RNF41,747.628091118036,722.461499860006
236.939379114313,0.0363306428668115,0.337090152093975,0.10777723004107,0.914172405455449,0.996577394764533,RNF44,217.719902750634,256.158855477993
771.972888797824,-0.216087032409483,0.180702659972996,-1.195815448659,0.231768585901446,0.98168489642748,RNF7,823.447212529079,720.498565066569
6.15325320272737,-0.848792602137779,2.44125072114384,-0.347687599141836,0.728074810760694,0.996294710336961,RNFT2,3.32097452675427,8.98553187870047
149.256074714006,0.319388254000693,0.401534407817124,0.795419390674376,0.42636958410422,0.994447194724684,RNGTT,136.507631027696,162.004518400316
22.2744371598653,0.0625538177449336,0.998946262243534,0.0626198025952307,0.950069260172186,0.998879356112684,RNLS,24.8699000271557,19.678974292575
190.511626218782,-0.106354163309622,0.419815263196874,-0.253335627913429,0.800008866745855,0.996294710336961,RNMT,196.634530073832,184.388722363732
533.249741131559,0.142680870425531,0.256450313305589,0.556368477723445,0.577958983420859,0.996294710336961,RNPS1,504.11048211718,562.389000145938
684.957222458401,0.211372223861053,0.217424196699251,0.972165136493207,0.33096840168835,0.986152964913951,RO60,630.890772462857,739.023672453946
271.099544915595,0.517577403115488,0.340250185550134,1.52116714434304,0.128217898209793,0.974401534329554,ROBO3,221.98447753924,320.21461229195
2750.04927238886,-0.147900323693846,0.129295268068861,-1.14389587417133,0.252666822303866,0.98168489642748,ROBO4,2878.27896149505,2621.81958328266
166.019632987725,-0.992090279641012,0.41168637251546,-2.40982054756684,0.0159603687282194,0.667120754755207,ROCK1,217.985772313564,114.053493661886
1103.92019565017,0.355892638338674,0.153887036402321,2.31268758343121,0.0207398221826553,0.714845395677829,ROCK2,981.278072350558,1226.56231894978
265.463118315451,0.199199140788903,0.460718229841863,0.432366526623607,0.66547504255465,0.996294710336961,ROR1,250.885525554512,280.040711076389
95.9967881739911,0.97735711242889,0.511844591747443,1.90948019806595,0.0562001738198059,0.869042076164583,RORA,67.3785029861348,124.615073361848
108.142939505852,0.55279449112139,0.499860380712581,1.10589779156601,0.268770760790508,0.982783504448174,RPA3,89.6505128108854,126.635366200819
347.300639573843,0.355337973608793,0.273102953490041,1.30111362424995,0.193219564958766,0.98168489642748,RPAIN,309.654401507316,384.946877640369
111.980257395935,0.326103724744231,0.504676904787844,0.646163360459932,0.518173565299889,0.994447194724684,RPAP2,102.462573039955,121.497941751916
126.887759889914,-0.146733171564688,0.449781465884236,-0.326232143150279,0.744248723811866,0.996294710336961,RPAP3,133.733523086597,120.041996693231
340.183514284165,-0.19909130251092,0.266020768285015,-0.748405110602545,0.454215840866903,0.994447194724684,RPE,367.273481272437,313.093547295893
210.028739983671,-0.280173072022769,0.339905007281911,-0.824268739855305,0.409786876507723,0.992443630108828,RPF2,231.436219199961,188.621260767382
18.6672486183906,-0.227742821805018,1.75070570230344,-0.130086296917507,0.896498151469081,0.996577394764533,RPGRIP1L,19.9571256318617,17.3773716049194
10529.1275923129,-0.0430489273336994,0.0718030505121576,-0.599541760783692,0.548811670638009,0.996294710336961,RPL13,10678.0241801896,10380.2310044363
5804.66643315936,-0.0533032378521471,0.0824387995554085,-0.646579500667293,0.517904128765033,0.994447194724684,RPL14,5893.96681982312,5715.36604649561
11957.4800183624,0.0197964857021851,0.0703453517659573,0.28141853306881,0.778389404936826,0.996294710336961,RPL15,11867.8263748785,12047.1336618462
11451.9270625653,0.00266350485531115,0.0703945349390032,0.0378368130085536,0.969817792839722,0.998879356112684,RPL19,11364.2390469787,11539.6150781519
3221.71829272224,0.0714639988581902,0.105994829028521,0.674221558855106,0.500170465265737,0.994447194724684,RPL22,3105.1732891291,3338.26329631537
2843.84018580407,0.0100557947053948,0.106351333631835,0.0945525962110236,0.92467020381002,0.996580054638504,RPL23,2832.91567127241,2854.76470033573
6787.25091294197,0.0199427061913842,0.100389598954361,0.198653111468755,0.842534104534256,0.996294710336961,RPL23A,6738.25875321727,6836.24307266666
288.876050200559,0.218105453380417,0.290081091359492,0.751877526240147,0.452124714338052,0.994447194724684,RPL26L1,270.705008417404,307.047091983713
32238.9300722243,-0.0207019640010181,0.0755310926792785,-0.274085323893343,0.78401905197189,0.996294710336961,RPL27A,32339.4594869618,32138.4006574869
6846.94028031122,-0.209797529831147,0.0860209759964987,-2.43891129344645,0.0147315839736519,0.650593284178309,RPL28,7308.15628818406,6385.72427243838
11537.5489474394,0.0688311240975631,0.071403293344321,0.9639768822097,0.335057516238361,0.986152964913951,RPL31,11243.6132397529,11831.4846551259
13160.9713055217,-0.0317904282328312,0.0693824907388091,-0.458190933970741,0.64681527270116,0.996294710336961,RPL32,13334.5392323254,12987.4033787181
16638.4676237238,0.0166560287580528,0.0717660891794327,0.232087730409952,0.816469874439308,0.996294710336961,RPL35A,16551.4319957187,16725.5032517288
8408.02212194934,0.047605652163941,0.0806533186738184,0.590250382088675,0.555022799144795,0.996294710336961,RPL36A,8262.62826386273,8553.41598003596
21102.7227630011,0.0234808526852281,0.0719330980870239,0.326426267040816,0.744101866736534,0.996294710336961,RPL37,20913.524008423,21291.9215175792
33154.1201745149,0.11727521468271,0.080003071465832,1.46588390337984,0.142679917886448,0.974401534329554,RPL37A,31768.3671039433,34539.8732450865
10510.1824219195,-0.0485579925293884,0.0714988755282316,-0.679143443454787,0.497046978276922,0.994447194724684,RPL38,10691.7360730676,10328.6287707715
6671.94440595333,-0.105228042465679,0.0876303082888002,-1.20081789646206,0.229821848135108,0.98168489642748,RPL4,6894.4838758941,6449.40493601256
9230.35651877518,-0.0225111695699865,0.0934318970197713,-0.240936663902081,0.80960420533909,0.996294710336961,RPL7,9272.61790704039,9188.09513050997
18031.5624115953,-0.00880490741750742,0.0690993681854666,-0.127423848418911,0.898604941780972,0.996577394764533,RPL7A,18107.3517609044,17955.7730622862
1675.1068046047,0.0271025442161919,0.136689399789564,0.198278317542669,0.842827315000595,0.996294710336961,RPL7L1,1664.1986260288,1686.0149831806
33367.7974301921,0.0341111970188966,0.0620060133560765,0.550127240450201,0.582232103969613,0.996294710336961,RPLP1,32982.2437154296,33753.3511449545
666.067221100232,-0.123827611458355,0.211294344199587,-0.586043189785474,0.557846491453654,0.996294710336961,RPN1,691.800476470077,640.333965730388
156.487634392462,0.462497610619405,0.396401129969854,1.16674140322097,0.243314817093608,0.98168489642748,RPP14,132.253468896783,180.721799888141
139.745682866147,-0.912248953602535,0.413528464058398,-2.20601248254995,0.027383125722568,0.726566203087928,RPP25,176.24266213394,103.248703598355
201.392232294814,-0.785534301807001,0.411394796610078,-1.90944151039308,0.0562051601952871,0.869042076164583,RPP30,255.655763392901,147.128701196727
304.792848561391,-0.260855423518211,0.291589328856289,-0.894598662239709,0.37100166721784,0.992443630108828,RPRD1A,334.221800743294,275.363896379488
195.387153605359,-0.17523613526178,0.362377894806759,-0.483572915934141,0.628689000056787,0.996294710336961,RPRD2,207.919766707822,182.854540502896
16823.0756687347,-0.0301144438670255,0.0726599382852728,-0.41445732789907,0.678539211989061,0.996294710336961,RPS14,16956.9264418659,16689.2248956036
7033.22738621945,-0.0474198677397247,0.0813128794224285,-0.583177819756865,0.559773600926287,0.996294710336961,RPS15A,7135.14187996544,6931.31289247346
30249.18592643,0.00822053457516547,0.0642545111088747,0.127937080732532,0.89819876597652,0.996577394764533,RPS19,29922.7241745227,30575.6476783373
18399.5257420961,-0.057508684295123,0.0702293829786494,-0.818869280292642,0.41286099841216,0.992443630108828,RPS23,18766.2942785116,18032.7572056807
3995.36353964744,-0.0356829772482133,0.0961909679751521,-0.370959748086025,0.710667512390074,0.996294710336961,RPS26,4047.157234636,3943.56984465887
25571.4712123535,0.0777093439530047,0.0610470890909909,1.27294102159693,0.203038971218704,0.98168489642748,RPS27A,24804.0626737525,26338.8797509545
6110.82195682014,0.0379456731961035,0.0854525430826042,0.444055516983534,0.657002446161073,0.996294710336961,RPS27L,6026.45985871577,6195.1840549245
28923.2175415526,-0.234151057472267,0.0710360016649005,-3.29623081232573,0.00097991471893137,0.276425033894913,RPS28,31159.1694650392,26687.265618066
6489.81967213352,-0.149539764620788,0.095115053269154,-1.57219871598688,0.115904473149889,0.974401534329554,RPS3,6831.89855165565,6147.74079261139
7177.74987015145,0.0951445285352988,0.08262348965884,1.15154333142015,0.249508779455482,0.98168489642748,RPS4X,6920.40492914643,7435.09481115647
826.78385055289,0.12627382451564,0.185022180392984,0.682479388403252,0.494935871626943,0.994447194724684,RPS6KA2,792.415958849104,861.151742256675
880.86633414974,0.16631695960613,0.171832747297739,0.967900253133635,0.33309418790955,0.986152964913951,RPS6KA3,828.340441395728,933.392226903751
310.971508428885,-0.388307756198265,0.387846597048591,-1.00118902461226,0.316735431662289,0.986152964913951,RPS6KA4,357.438642121433,264.504374736338
16.9479757588295,1.33195938545173,1.32967038371797,1.00172148057277,0.316478129138802,0.986152964913951,RPS6KA6,19.293200482392,14.602751035267
205.712039471479,-0.00133387597499125,0.340097555967552,-0.00392203928427675,0.99687067343097,0.999437865096263,RPS6KB1,204.246592937877,207.17748600508
76.6863841433146,-0.979065482969616,0.567890767743756,-1.72403838657118,0.0847009136102995,0.941849658533572,RPS6KC1,104.935211868349,48.4375564182806
18792.9504264124,0.0937006407954081,0.0770980725372416,1.21534349318716,0.224235110058844,0.98168489642748,RPS8,18128.7970945504,19457.1037582743
4805.44225419619,0.0187646539017602,0.0891420467460819,0.210502838859093,0.833275236210954,0.996294710336961,RPSA,4750.16990427101,4860.71460412138
105.943621413033,-0.698843228164323,0.520201038322403,-1.3434099063278,0.179139280931336,0.98168489642748,RPTOR,131.376243938121,80.510998887944
128.252126343427,0.505486815202948,0.428859610226563,1.17867666515833,0.238526950897276,0.98168489642748,RPUSD4,104.74084438005,151.763408306803
1403.16128401739,-0.148327064474165,0.149790219193351,-0.990231974243276,0.322060747507885,0.986152964913951,RRAGA,1462.07339273608,1344.2491752987
2170.8852667165,0.0126789660919576,0.125003972475901,0.101428505357315,0.919210309149645,0.996577394764533,RRAGC,2166.20750376148,2175.56302967152
859.047387289686,0.0404733762852138,0.192012993551244,0.210784570026571,0.833055379379472,0.996294710336961,RRAS2,851.430940847676,866.663833731697
1586.85609421269,-0.223561132815386,0.163078052541754,-1.37088424426792,0.170411043650561,0.98168489642748,RRBP1,1713.8073883567,1459.90480006867
885.086700836321,-0.223304627126561,0.192848472666978,-1.15792790079378,0.246893460436517,0.98168489642748,RRM1,954.518862571806,815.654539100837
555.00640523307,-0.029717370113734,0.223561635817209,-0.132926966673441,0.894251139828327,0.996577394764533,RRM2,548.392291449459,561.620519016681
255.811274873911,-0.0107584897790362,0.35347790886179,-0.0304361022550996,0.975719252748117,0.998987745956335,RRM2B,252.52764520954,259.094904538282
231.910274786906,-0.267495486171445,0.321489167547101,-0.832051319838806,0.405379977639323,0.992443630108828,RRP1,252.549110731515,211.271438842297
183.78430960918,-0.118084517287751,0.360349093893561,-0.327694780669077,0.743142450112037,0.996294710336961,RRP15,199.942677358366,167.625941859994
634.616517126008,0.0510875297097552,0.208356308714133,0.245193102263334,0.806306917005696,0.996294710336961,RRP1B,624.917654220826,644.31538003119
933.332450346654,0.195807421718373,0.172023418263517,1.13826026534609,0.255011820544449,0.981773214040098,RRP7A,872.322274514528,994.34262617878
152.717506046907,0.185925461464699,0.408832723933959,0.454771476401514,0.64927365283124,0.996294710336961,RRP8,143.248368027082,162.186644066733
80.8209259629204,-1.4187182102422,0.558982026404059,-2.53803904817627,0.0111475545670499,0.62676812170277,RSBN1,117.356447763953,44.2854041618877
46.7303429877541,0.291898033260194,0.877685873615931,0.332576884321515,0.739453694635909,0.996294710336961,RSBN1L,43.2423345498743,50.2183514256339
56.6929602846083,-1.01665290909949,0.656425299641728,-1.5487716723508,0.121436617511262,0.974401534329554,RSF1,72.9497607805268,40.4361597886898
9.5212870409575,2.10775323949581,1.77249748792232,1.18914314624302,0.234383342418078,0.98168489642748,RSKR,9.80809261881161,9.23448146310339
662.729088011628,-0.178049003553533,0.22737063710037,-0.783078262981403,0.433581154953744,0.994447194724684,RSL1D1,706.274851711704,619.183324311553
742.238373303946,0.298345862745866,0.199021009332099,1.49906717761655,0.133856205457168,0.974401534329554,RSL24D1,660.50140460966,823.975341998232
128.733020927307,-0.302914382926104,0.498461887407259,-0.607698182305789,0.543387668828868,0.996294710336961,RSPH3,141.449371802679,116.016670051935
259.368401543257,0.176999501987223,0.307769699409514,0.575103729596557,0.565221145731902,0.996294710336961,RSPO3,243.538687300548,275.198115785966
925.705928084284,-0.19481022450332,0.166186196070691,-1.17224071017579,0.241100428089187,0.98168489642748,RSPRY1,987.480802779911,863.931053388658
82.9685461494044,-0.785629362502565,0.575628039637654,-1.36482121857216,0.172309248074399,0.98168489642748,RSRC1,105.024215489047,60.9128768097621
267.794153741558,0.0994170156344733,0.369911932710842,0.26875860669298,0.788115448735391,0.996294710336961,RSRC2,254.673165943255,280.91514153986
1776.94952565508,-0.0173429334615986,0.132712751554645,-0.130680234253583,0.896028269020551,0.996577394764533,RSU1,1800.09099417701,1753.80805713315
612.441200979195,0.336246266946574,0.204024568356313,1.64806753253043,0.0993388139080504,0.95729297998969,RTCA,543.592489148393,681.289912809998
341.037621343259,0.306866133722159,0.274922283847382,1.1161922905184,0.264339833817615,0.982783504448174,RTF1,305.639858623683,376.435384062835
1229.72717151834,0.0885393752130287,0.153326537150282,0.57745630246803,0.563631249528735,0.996294710336961,RTF2,1191.24751601773,1268.20682701895
175.150892159633,0.125968104739998,0.399580370956746,0.31525098302097,0.752571098668484,0.996294710336961,RTL10,165.481992246445,184.819792072822
427.609013523367,-0.203118322237928,0.283820012970543,-0.715658913943498,0.474201986183134,0.994447194724684,RTL8B,458.274293584162,396.943733462571
4129.43314288884,-0.365116081769122,0.0942468205809784,-3.87404136838132,0.000107045229605917,0.123833006087085,RTL8C,4653.70730274776,3605.15898302992
33.185312449246,-0.119993026925327,0.912721004765619,-0.131467366587165,0.895405600171453,0.996577394764533,RTN1,34.9114663163185,31.4591585821735
875.22086721302,-0.0903505189285357,0.177664244349398,-0.508546439714964,0.611070179711314,0.996294710336961,RTN3,904.880360412966,845.561374013075
34972.8185779688,0.0800049656835638,0.0625914201905623,1.27820978402447,0.201175467249232,0.98168489642748,RTN4,34303.4670766884,35642.1700792493
80.7781085156899,-0.0706835074632691,0.799970276961749,-0.088357667151987,0.929592406368508,0.997480238800445,RUBCN,86.1852408487059,75.3709761826738
53.0270555878811,0.262206264849065,0.813091090402946,0.322480799438009,0.747088481312775,0.996294710336961,RUFY2,47.9497188421149,58.1043923336473
89.0778453324708,0.849187177740313,0.57443129259596,1.47830939693881,0.139324983626435,0.974401534329554,RUFY3,63.0267005801143,115.128990084827
161.901293104648,-0.0921794187638006,0.42964852256601,-0.214546109022494,0.830121214153898,0.996294710336961,RUNDC1,168.013976363364,155.788609845931
19.1731566212858,0.706414677794017,1.26752335322386,0.557318865958013,0.577309588035891,0.996294710336961,RUNDC3B,27.0305934651811,11.3157197773905
154.30382337482,0.0552047348343764,0.398389141499834,0.138569878251562,0.889790047300203,0.996577394764533,RUNX1,153.085428650927,155.522218098713
653.937589941922,0.177354732010555,0.205372245948943,0.86357692195004,0.387820346346341,0.992443630108828,RUNX1T1,626.39989800861,681.475281875234
365.772550070133,-0.0727122701199473,0.262839475753693,-0.276641360326277,0.782055502675738,0.996294710336961,RUSC1,384.947649386285,346.597450753982
431.711227632515,-0.449948649504778,0.242498619826571,-1.85546890875738,0.0635292950957253,0.891663350651627,RUVBL2,495.567821968647,367.854633296384
761.157424907979,-0.287156912284571,0.22195970106655,-1.29373445226651,0.195757160676914,0.98168489642748,RWDD1,838.413695004652,683.901154811306
89.7179937562904,0.072921821988478,0.520426186043451,0.140119432772719,0.888565626927769,0.996577394764533,RWDD2A,87.3461971398101,92.0897903727707
194.716518263027,0.177987251204721,0.365547847660912,0.486905482671107,0.626325313377801,0.996294710336961,RWDD4,175.419928547691,214.013107978363
164.797721843293,0.257675181708413,0.416817072870969,0.618197282403976,0.536445301241557,0.996294710336961,RXRA,146.676651788259,182.918791898328
111.036140280262,0.567055222055055,0.476222528321591,1.1907358185124,0.233757311811321,0.98168489642748,RXYLT1,95.8313483723801,126.240932188144
146.259609429228,-0.155277001444778,0.41739142263451,-0.372017710533421,0.709879663122319,0.996294710336961,RYBP,149.812760047836,142.70645881062
246.783393513654,0.0789746695033124,0.32955454412299,0.239640663166941,0.810608838464647,0.996294710336961,RYK,236.024185966879,257.54260106043
7282.96634391515,-0.30052922082989,0.0903889095666749,-3.32484618157945,0.000884673284224655,0.27451412009491,S100A16,7987.87181571886,6578.06087211145
264.151199079557,0.253177485109535,0.329463712311501,0.768453324747827,0.442217910397817,0.994447194724684,S100PBP,238.606821469551,289.695576689563
634.397353419721,0.181765108570478,0.214552738689934,0.847181488711546,0.396893969812514,0.992443630108828,S1PR1,594.566243718356,674.228463121086
350.032921759723,-0.153174533839667,0.26668900502863,-0.574356388720349,0.565726658208213,0.996294710336961,S1PR3,372.893644698825,327.172198820622
153.810182192474,0.0298761486494148,0.397443265594911,0.075170851378485,0.940078775949162,0.998879356112684,SAAL1,152.807904890038,154.81245949491
474.701682981465,0.11662962948317,0.301309726287901,0.387075554845284,0.698700274180749,0.996294710336961,SACM1L,456.698931211686,492.704434751245
1255.97560801933,0.0336794503052933,0.147548767589141,0.228259787293351,0.819444284448763,0.996294710336961,SAE1,1245.75648660974,1266.19472942893
75.8866904378332,0.594841135955885,0.558555891833581,1.0649626020472,0.286892853741548,0.982783504448174,SAFB2,57.9024373746996,93.8709435009668
895.306250533228,-0.483342067165964,0.194866438964341,-2.48037614755413,0.0131243849674461,0.62676812170277,SAMD1,1027.04970895019,763.562792116265
48.9539327977818,0.0196509739199478,0.811437091512474,0.0242174952630271,0.980679123020882,0.998987745956335,SAMD14,46.7413664385755,51.1664991569881
537.082502069138,0.0563693102970048,0.232689611656202,0.242251082443209,0.808585615486211,0.996294710336961,SAMD4A,521.267110248506,552.897893889769
301.787525897185,0.0836835535796166,0.329075253940649,0.254299138502555,0.799264465307335,0.996294710336961,SAMD4B,292.940641623558,310.634410170813
311.958634775412,-0.293684632898424,0.284793813160079,-1.03121844410766,0.302438393273965,0.986152964913951,SAMD8,344.851546148243,279.065723402581
61.3362758320466,-0.275969023857799,0.615933558610956,-0.448049988508762,0.654117120218011,0.996294710336961,SAMD9L,62.0742004308186,60.5983512332746
58.7903045879615,-1.43581016613433,0.945187651134474,-1.5190741906234,0.128743822398791,0.974401534329554,SAMHD1,79.3472119235843,38.2333972523387
182.203115451808,0.912376442116231,0.402345073484476,2.26764661044479,0.0233507543618073,0.714845395677829,SAP130,127.420406136427,236.985824767189
1808.69883705737,0.335143891705431,0.138383613018677,2.42184666518426,0.0154418646900165,0.65638501552221,SAP18,1595.27257599864,2022.1250981161
443.689270660228,-0.205457726411761,0.248087310658451,-0.828167010503091,0.407575923851258,0.992443630108828,SAP30BP,477.954527038339,409.424014282117
139.225976955252,0.512070939880511,0.415997202655644,1.23094803669725,0.218342299716349,0.98168489642748,SAP30L,114.695717514818,163.756236395686
72.1261163943785,-0.00898524117157239,0.574908104802445,-0.0156290041773893,0.987530366518978,0.998987745956335,SAPCD2,74.8249317580629,69.427301030694
1397.20807338352,-0.426584736650078,0.169071684879314,-2.52309981387232,0.0116325377812362,0.62676812170277,SAR1A,1605.12506068576,1189.29108608127
480.361734799051,-0.220139441592647,0.237143670839479,-0.928295664874216,0.353254222197209,0.990443880456887,SAR1B,516.382717649332,444.340751948771
2112.50793046608,-0.0157723371923748,0.12094662323901,-0.1304074208108,0.896244095770155,0.996577394764533,SARAF,2117.2920541819,2107.72380675027
30.2125694453789,-2.84287084889858,1.08465601066923,-2.62098842484128,0.00876752387645171,0.601847901055327,SARM1,50.8088075542947,9.61633133646321
711.473298678737,-0.0240122940272289,0.191282886746033,-0.125532892334013,0.900101686672619,0.996577394764533,SARS1,718.007424912437,704.939172445036
259.669500497491,0.00333943553344019,0.324899798014902,0.0102783552154964,0.991799203458321,0.998987745956335,SART1,260.089589525507,259.249411469475
240.035216892078,-0.00692562826334684,0.346631458485486,-0.0199798030265532,0.984059484200089,0.998987745956335,SART3,241.115488567169,238.954945216988
1323.44324849668,-0.270741142393939,0.162234224870651,-1.66882877278084,0.0951513187331805,0.949104594418722,SASH1,1440.94912861505,1205.9373683783
7139.54948207395,0.146484247461736,0.0816521407178047,1.79400376002383,0.0728125686894913,0.922193472014251,SAT1,6844.58295018138,7434.51601396652
42.3296086624167,2.05213368261187,1.08054625206841,1.89916320442889,0.057543021009164,0.874751194184612,SATB1,30.8923947442314,53.7668225806019
233.531886507636,-0.164040180027661,0.359110706682818,-0.456795570209907,0.647817990073632,0.996294710336961,SAV1,249.428101307551,217.63567170772
157.407079285948,0.79419053169663,0.413516026629334,1.92057980961527,0.0547847025987651,0.869042076164583,SAYSD1,116.293806950332,198.520351621563
1056.20095078654,0.574159304992565,0.205860604906323,2.78906838563812,0.00528599020728444,0.537784511908315,SBDS,853.90565228283,1258.49624929026
510.246222092148,0.428060694775426,0.259561740958386,1.64916714302688,0.0991133972569045,0.957055424887818,SBF1,429.399070415782,591.093373768515
96.150075371678,-0.140434891792879,0.530968430027282,-0.264488214083958,0.791403745365072,0.996294710336961,SBF2,97.732746543853,94.5674041995031
34.0213778063641,-0.682339673448449,1.08885799703736,-0.626656253896292,0.53088458526163,0.996294710336961,SBNO1,40.4037815476442,27.638974065084
301.115711444534,0.300984384693719,0.284889570994775,1.05649492062045,0.290742160234591,0.98435505564872,SC5D,270.854710982068,331.376711907
861.554459191894,0.123559395524778,0.211960591494768,0.582935698817521,0.559936587593977,0.996294710336961,SCAF11,825.116680049977,897.992238333811
42.8547573026451,0.392087406772696,0.733348404341454,0.534653657731471,0.592889372340133,0.996294710336961,SCAF4,38.183848564662,47.5256660406282
196.983017675281,0.465611155742266,0.373274102922207,1.24737063754809,0.212261627690213,0.98168489642748,SCAF8,170.776022883424,223.190012467138
966.997958436162,-0.096237862126403,0.165566574390899,-0.581263835894722,0.561062650086896,0.996294710336961,SCAMP1,1005.82592930858,928.169987563743
1139.69876348718,-0.330563681307537,0.182459917054393,-1.81170575238721,0.0700316743298762,0.904997639926701,SCAMP2,1262.05390854472,1017.34361842964
940.997144554722,-0.0449558521221372,0.203673753986942,-0.220724817224213,0.825306706654423,0.996294710336961,SCARB2,956.168964176326,925.825324933119
683.244313878584,-0.116059017049307,0.205158610032287,-0.565703857279215,0.571595112649458,0.996294710336961,SCCPDH,712.123345286892,654.365282470276
407.449855477014,-0.0893937981322479,0.250015814502981,-0.357552574463972,0.720678174986332,0.996294710336961,SCD,423.376403084478,391.52330786955
485.504557104769,-0.351187287150021,0.235801702665517,-1.48933312686116,0.136399668593531,0.974401534329554,SCD5,544.574646004516,426.434468205022
266.567743898639,0.321932705921968,0.31128428121029,1.03420803861434,0.301038916947126,0.986152964913951,SCFD2,237.479251252331,295.656236544947
28.832078013655,-0.698211134850564,1.09802778319162,-0.635877475541724,0.524856284839444,0.995494530474813,SCLT1,29.3255686552897,28.3385873720203
90.3222493897488,-0.57546508673467,0.548126840745928,-1.04987576589305,0.293775234882137,0.984887697687056,SCN8A,106.771836500343,73.8726622791551
333.052724929482,0.490346802143824,0.27296427859296,1.79637718411874,0.0724345499722927,0.921165608868951,SCO1,277.647498396937,388.457951462028
392.915089775947,-0.603767528253249,0.2975322154134,-2.02925094149673,0.042432737347665,0.830717880061858,SCP2,466.87273188989,318.957447662003
255.172584006131,0.2791649431549,0.313175277631989,0.891401598701368,0.372713760372188,0.992443630108828,SCPEP1,233.230309762356,277.114858249905
558.838279479309,-0.151526813056308,0.214767162539324,-0.705539949705131,0.480474279635643,0.994447194724684,SCRN1,584.27105364583,533.405505312789
41.7092039764235,0.212193798927176,0.737566366922902,0.287694515969377,0.773580588256002,0.996294710336961,SCUBE3,40.5458122657117,42.8725956871353
338.181487909998,-0.306324000044552,0.267060813930888,-1.14701964521019,0.251373501764218,0.98168489642748,SCYL2,374.142549184008,302.220426635988
31.7631980024729,-0.306348192504812,0.894216716835001,-0.342588308558024,0.73190819880189,0.996294710336961,SCYL3,35.0986446751431,28.4277513298027
169.875083114447,-0.180942855446189,0.389430176175743,-0.464634911508585,0.642192926913675,0.996294710336961,SDAD1,178.852489638362,160.897676590532
57.858724075766,-0.382107755218678,0.678621896489739,-0.563064288369091,0.573391107981691,0.996294710336961,SDC1,67.384323335405,48.333124816127
324.417281375196,0.163848630260348,0.273272431263367,0.599579802114903,0.5487863113434,0.996294710336961,SDC2,308.81957150424,340.014991246151
622.622350947055,-0.167341660374654,0.230193450125893,-0.726960998599806,0.467249848036934,0.994447194724684,SDC4,656.783667782528,588.461034111583
3088.10746076651,0.043727179158861,0.101849559454104,0.429331058408414,0.667682317455666,0.996294710336961,SDCBP,3043.04820883258,3133.16671270044
100.828773557909,0.110994537930499,0.495601236267852,0.223959364521261,0.822788922503895,0.996294710336961,SDE2,97.3832347405187,104.274312375298
457.609553634476,0.482293101862135,0.259380334529473,1.85940504216342,0.0629697476516134,0.891663350651627,SDHA,383.828092993428,531.391014275525
349.41561197155,-0.160065839112796,0.27531131313461,-0.581399424855939,0.560971285004038,0.996294710336961,SDHAF2,370.003287764038,328.827936179063
122.108165014247,-0.166520215674655,0.498889904177589,-0.333781490225104,0.73854445185006,0.996294710336961,SDHAF4,137.831773455948,106.384556572547
174.676997848628,-0.291720308140143,0.415741815218629,-0.701686232804688,0.482874860548464,0.994447194724684,SDHD,194.597848094898,154.756147602358
71.8112670151983,-0.377751695155777,0.582399909094388,-0.648612215175595,0.516589058042199,0.994447194724684,SDK1,83.9912567018633,59.6312773285332
4516.20680242073,-0.0394368410523911,0.100443166970685,-0.392628411088443,0.694593952303982,0.996294710336961,SEC11A,4528.07931154132,4504.33429330014
242.110491205908,-0.609655666623601,0.362531520748706,-1.68166250858554,0.0926343019614103,0.948038963233236,SEC11C,287.254401122802,196.966581289014
4465.00798207833,-0.0610921836460458,0.0932374320892088,-0.65523237048821,0.512318155854067,0.994447194724684,SEC14L1,4584.37892730186,4345.63703685481
68.9907553705695,0.446962415600104,0.605187353333009,0.738552141148527,0.460178994545578,0.994447194724684,SEC14L2,62.0282184728766,75.9532922682624
855.279211344305,0.00577850742841293,0.194562581303722,0.0296999936457071,0.976306316990662,0.998987745956335,SEC16A,859.067000809433,851.491421879178
48.2114483527287,-0.0406822335976315,0.68992632198195,-0.058966055216974,0.952979145060028,0.998879356112684,SEC22A,46.2670741042793,50.1558226011781
482.599600372425,0.0263649962306784,0.245420626665105,0.107427792801847,0.914449606618939,0.996577394764533,SEC22B,475.697778338808,489.501422406041
546.150456003419,-0.235555826532854,0.220980546637686,-1.06595729858097,0.286442945389675,0.982783504448174,SEC22C,589.910450872622,502.390461134215
1474.29160855319,-0.0453677814078148,0.157201411168358,-0.288596527668745,0.772890153012888,0.996294710336961,SEC23A,1502.9048833264,1445.67833377998
431.711365596924,-0.302694535135271,0.240520728347317,-1.25849666768917,0.208212191584488,0.98168489642748,SEC23B,479.181456285587,384.241274908262
301.552090616869,-0.0258039156546217,0.301124890677813,-0.0856917393860691,0.931711468989115,0.997480238800445,SEC23IP,305.330650793722,297.773530440016
405.456550145693,0.184216878471833,0.250506576044289,0.735377415558401,0.462109672308023,0.994447194724684,SEC24A,381.032991998748,429.880108292639
202.467473699196,-0.328335780022107,0.439410039960898,-0.747219567516766,0.454931034429614,0.994447194724684,SEC24B,222.76832280218,182.166624596212
1846.8823940465,-0.169612349543574,0.137675791431496,-1.23196930832948,0.217960549211403,0.98168489642748,SEC31A,1953.16727383331,1740.59751425969
1687.79796001108,-0.0238162910962798,0.13470866224917,-0.176798512423996,0.859666657561668,0.996294710336961,SEC61A1,1699.79342440588,1675.80249561629
36.4266743827264,-0.0307843458705804,0.792416535921561,-0.0388486919127438,0.969011023579718,0.998879356112684,SEC61A2,37.5771809721945,35.2761677932583
815.252394174159,-0.108179433546723,0.179006251285142,-0.604333271995077,0.545622089813513,0.996294710336961,SEC62,854.089928593744,776.414859754575
803.312320081204,-0.0398772410617447,0.18666378272507,-0.213631377654434,0.830834528395177,0.996294710336961,SEC63,816.081411704695,790.543228457712
88.8744282120151,-0.62930175148765,0.543402325154759,-1.15807703124646,0.246832602317562,0.98168489642748,SECISBP2,104.865232812695,72.8836236113351
202.974504063631,-0.0191450653158357,0.371683482242688,-0.0515090560396092,0.958919885756308,0.998879356112684,SECISBP2L,202.736801671159,203.212206456103
856.807673325902,0.0945285283938971,0.192847410276855,0.490172661682055,0.624011724325657,0.996294710336961,SEL1L,832.13501792964,881.480328722164
1717.07452607909,-0.0272821691497333,0.14323905700169,-0.190465992452124,0.84894398945786,0.996294710336961,SEL1L3,1730.85648077148,1703.29257138669
1333.91915308233,-0.0457044595138376,0.179738068493905,-0.254283691244782,0.799276398312243,0.996294710336961,SELENOF,1357.72744078363,1310.11086538104
1258.67194395508,0.241066997418352,0.15355358157766,1.56992103304625,0.116433483687311,0.974401534329554,SELENOH,1159.15755150317,1358.18633640699
125.528201236591,0.464340997595101,0.434513312006521,1.06864619509777,0.285229124587273,0.982783504448174,SELENOI,106.371437077058,144.684965396125
295.210666621604,0.227650969700414,0.315859451157456,0.720735025867343,0.471072558049506,0.994447194724684,SELENOK,268.358783758554,322.062549484653
484.086241420261,-0.545293791238647,0.255042746723586,-2.13804861437457,0.0325127978203958,0.763767305220832,SELENON,569.553929498199,398.618553342322
1623.97184369518,0.146219111584631,0.136454090070258,1.07156268829571,0.283916499683598,0.982783504448174,SELENOS,1542.02594009306,1705.91774729731
1862.57538141326,0.0685477695995463,0.138641381130756,0.49442503414545,0.621006037651093,0.996294710336961,SELENOT,1848.18829922809,1876.96246359844
80.7514161024355,0.542142708616963,0.538878437517764,1.00605752776866,0.314387897830025,0.986152964913951,SEMA3A,70.2825063555641,91.2203258493069
396.236347628761,0.17038107655151,0.258882534806166,0.658140483208263,0.510447864475198,0.994447194724684,SEMA3D,372.218929918108,420.253765339415
113.157935858425,-0.510473410675538,0.470299705461178,-1.08542149771275,0.27773501523288,0.982783504448174,SEMA3G,133.617863552513,92.6980081643377
87.8058792011542,0.948309187650392,0.541945863754355,1.74982272413878,0.0801489082449363,0.938892717784579,SEMA4F,62.8891834257378,112.722574976571
15.5499612552357,-1.33891746848461,1.59164341549695,-0.841216980793759,0.400226389272369,0.992443630108828,SEMA5A,20.8722152323112,10.2277072781602
106.657180026681,-0.942830194260354,0.469047187215657,-2.01009668101232,0.0444209572840424,0.843922150260544,SEMA6C,141.438505052044,71.875855001318
13.4592248458704,-1.24675044685472,1.67050292238483,-0.74633239496214,0.455466646928891,0.994447194724684,SEMA6D,14.4163604868268,12.5020892049141
37.6291566664494,-1.12517210889324,0.970093121886128,-1.15985989747623,0.246105852468467,0.98168489642748,SENP1,53.0239287447644,22.2343845881343
199.964675362711,-0.437956556473708,0.378324505763239,-1.15762143292877,0.247018558816047,0.98168489642748,SENP2,233.900807582859,166.028543142564
183.22001250862,-0.743294247896077,0.440006092356685,-1.68928171861206,0.0911654550625975,0.946227721488623,SENP5,233.344806500908,133.095218516332
176.474448127342,0.330890923507639,0.394429629359874,0.838909906552017,0.401519868220176,0.992443630108828,SENP6,157.991550005111,194.957346249572
37.3391399373057,2.4452782194321,1.02532088552001,2.38489067565608,0.0170841974653605,0.679644419679662,SENP8,27.2334034972921,47.4448763773193
459.16236407465,0.324867908744223,0.23585134497535,1.37742656832496,0.168380403366915,0.98168489642748,SEPHS1,417.493864853364,500.830863295935
650.533149923982,-0.152727483599022,0.197535942682631,-0.77316300782992,0.439425915724014,0.994447194724684,SEPHS2,686.499774416535,614.56652543143
262.496895668858,-0.308886553621641,0.314344404825307,-0.982637352152971,0.325785954010831,0.986152964913951,SEPTIN10,292.751829626151,232.241961711565
1962.79375721766,-0.146949261789942,0.131330410612047,-1.11892790942406,0.263170895240919,0.982783504448174,SEPTIN11,2067.42533886546,1858.16217556986
2191.67810129125,-0.0287976676068721,0.119076413532541,-0.241841912705931,0.808902661038877,0.996294710336961,SEPTIN2,2218.44420609585,2164.91199648665
508.058575300645,-0.306415905695036,0.243140195609161,-1.26024372452011,0.207581453991765,0.98168489642748,SEPTIN6,567.757973939059,448.359176662232
1307.57190842938,0.181851536007065,0.153239695244808,1.18671298397291,0.235340851797289,0.98168489642748,SEPTIN7,1229.46276004494,1385.68105681383
76.8493347901771,0.912510789692805,0.657507353203991,1.38783358885068,0.16518772421679,0.977539653561902,SEPTIN8,54.3909185961994,99.3077509841548
65.6094924679906,1.09640274797383,0.624197314905221,1.75650026328663,0.0790030265075751,0.93454033835815,SERAC1,42.0514685676376,89.1675163683436
1969.53850542677,-0.027843474437807,0.120980974437295,-0.230147546482512,0.817977119609543,0.996294710336961,SERBP1,1991.03789022282,1948.03912063071
17723.5331199573,-0.158764676687625,0.0652548419780037,-2.43299457749269,0.0149745251468926,0.650593284178309,SERF2,18631.9691677792,16815.0970721354
1292.11195863712,-0.0527282304986102,0.144260515830025,-0.36550701482821,0.71473297143594,0.996294710336961,SERINC1,1318.5879386628,1265.63597861143
961.852898808077,0.186553522467052,0.165545118329567,1.12690440134672,0.259782902279752,0.982783504448174,SERINC3,894.194263514892,1029.51153410126
74.23372908457,-0.272176549866257,0.631708818085931,-0.430857607292784,0.666571909409257,0.996294710336961,SERINC5,82.1238228162381,66.3436353529019
3265.26455398776,0.051077415017445,0.102236691272584,0.499599648439936,0.617357005466711,0.996294710336961,SERP1,3209.72739587362,3320.8017121019
248.668145563239,-0.0659955907997545,0.372666450322551,-0.177090239120355,0.859437508806062,0.996294710336961,SERPINB1,256.052562314412,241.283728812066
163.391876624831,0.142451682385311,0.392091549787907,0.36331229903416,0.7163716068545,0.996294710336961,SERPINB2,155.392210652425,171.391542597237
379.887187665762,0.35841950461731,0.320909525608874,1.11688646180654,0.264042873860262,0.982783504448174,SERPINB8,334.592560209859,425.181815121665
791.760300983523,0.22715806230323,0.183149894875342,1.24028497236016,0.214870008744616,0.98168489642748,SERPINB9,732.442352620678,851.078249346368
57677.6724213924,0.102813644729958,0.0565757360001998,1.81727454203327,0.0691750860586582,0.904997639926701,SERPINE1,55752.1755707486,59603.1692720362
1073.29095215125,-0.0204124670787826,0.159263863878233,-0.128167599238891,0.898016340618649,0.996577394764533,SERPINE2,1090.15051817806,1056.43138612444
331.69583945844,0.042272355343428,0.343444507233033,0.123083509717468,0.902040969322076,0.996577394764533,SERTAD2,330.186083568469,333.205595348412
149.981681387182,0.571461631912757,0.43982537367973,1.29929209661488,0.193843705638728,0.98168489642748,SESN1,122.124154026606,177.839208747758
376.063517442336,0.20542308081812,0.265334839586238,0.774203196001159,0.438810638604091,0.994447194724684,SESTD1,346.693692900686,405.433341983985
6319.52070191655,0.0872290108361488,0.089445958425371,0.975214670084039,0.32945378670352,0.986152964913951,SET,6143.2087652005,6495.8326386326
50.6428264238928,-0.951109204970045,0.761058658114029,-1.24971865812154,0.211402339079624,0.98168489642748,SETD1B,56.728350736519,44.5573021112666
301.837741594983,-0.398807621085899,0.324893767631246,-1.22750160458155,0.219634119096537,0.98168489642748,SETD3,343.396383742606,260.279099447361
28.8514024934377,2.75954012440064,1.14950409272235,2.40063531906638,0.0163666381897916,0.667120754755207,SETD4,16.5702298948587,41.1325750920167
1499.129803436,0.00618876029414637,0.16097392571544,0.0384457312986606,0.969332299610463,0.998879356112684,SETD5,1495.15590238988,1503.10370448213
34.7480073965556,-0.676833954546623,1.04301594889277,-0.64892004313561,0.516390058812187,0.994447194724684,SETD6,28.1327055603352,41.3633092327759
525.373891618309,0.33361779983971,0.248184364550159,1.34423375317942,0.178872810104978,0.98168489642748,SETD7,464.555113387284,586.192669849335
32.07746676906,-0.135938644255079,0.908770072132838,-0.149585300422623,0.881091806250102,0.996577394764533,SETD9,32.5646769449241,31.5902565931958
13.7664354326999,1.18787982302598,1.43459550861738,0.828024217203092,0.407656785172527,0.992443630108828,SETDB2,14.3793420362976,13.1535288291021
99.6229369965245,0.680992511199222,0.49669038237497,1.37106039368629,0.170356130179017,0.98168489642748,SETX,76.4736240841245,122.772249908925
168.959547329732,0.215912994079784,0.384499516092848,0.561542954003733,0.574427456735264,0.996294710336961,SEZ6L2,155.092531042422,182.826563617042
1600.7778485895,-0.0769884640921348,0.142112856838928,-0.541741724180482,0.587996442021401,0.996294710336961,SF1,1642.35326819476,1559.20242898425
579.160612700133,0.00481569704839027,0.211939219402787,0.0227220665526663,0.981871973814928,0.998987745956335,SF3A1,579.897174135428,578.424051264837
722.397667975747,0.0360885634174528,0.250352441030884,0.144151034712702,0.885381205643423,0.996577394764533,SF3A3,714.090710042904,730.70462590859
745.642079011739,0.158806093988479,0.195540921510904,0.812137391812506,0.416712799599913,0.992443630108828,SF3B1,705.435595513054,785.848562510425
406.021694201953,-0.462829799445121,0.278390280201515,-1.6625214038008,0.0964082754158122,0.949729918723087,SF3B3,469.958642856656,342.084745547251
1438.5864630102,0.00509955889207212,0.137870369633527,0.036988070066304,0.97049451794043,0.998879356112684,SFPQ,1440.87885932753,1436.29406669288
260.899845415771,-0.386281253548079,0.314057145882066,-1.22997122852646,0.218707879119786,0.98168489642748,SFT2D1,292.070369560173,229.72932127137
701.765277940111,-0.378629170288215,0.200499955819455,-1.88842520558539,0.0589688901801688,0.883471068233563,SFT2D2,795.545134084429,607.985421795794
55.0047636715435,0.544049416890314,0.700392884366107,0.776777475948672,0.437290067836039,0.994447194724684,SFT2D3,46.7343212991481,63.2752060439389
297.615800919296,0.0664675279282054,0.327490063415341,0.202960441715471,0.83916595159593,0.996294710336961,SFXN1,289.948547695348,305.283054143244
771.386181166356,-0.313086853870401,0.18904752281618,-1.6561277778542,0.097695945093236,0.950315102270568,SGCB,857.470744625565,685.301617707147
162.165269381261,-0.122069703493426,0.414897269140755,-0.29421669548761,0.768592323800702,0.996294710336961,SGK3,169.092453209598,155.238085552924
95.6191516027616,-0.0336332180750093,0.523207464986718,-0.0642827565081915,0.948745083367622,0.998879356112684,SGMS1,99.4065701389773,91.8317330665459
312.6148004501,-0.0718170969591976,0.277029192605097,-0.259240177123038,0.79544993353163,0.996294710336961,SGMS2,320.221943821432,305.007657078768
24.3864650987488,-0.24455570470578,1.07539655222382,-0.227409790555923,0.82010510794871,0.996294710336961,SGO2,26.381309807693,22.3916203898046
261.434189634179,0.104527429384755,0.341377660116444,0.306192939951316,0.759457747533498,0.996294710336961,SGPL1,252.375583683368,270.492795584989
48.1772456229388,0.13970842735541,0.904793493608166,0.154409186562866,0.877287110697939,0.996577394764533,SGSM3,43.5857126503536,52.7687785955239
92.9979535200796,0.428856196363281,0.505182113595273,0.848914054599446,0.39592911767753,0.992443630108828,SGTB,77.7448936537818,108.251013386377
770.926869721979,0.00147864907487137,0.183104190969152,0.00807545183452675,0.993556791689874,0.998987745956335,SH2B3,772.710144908959,769.143594535
517.269536453306,0.130157944350306,0.237051568203552,0.549070167882382,0.582957297012219,0.996294710336961,SH3BGRL,493.640206851966,540.898866054646
222.527435785989,-0.036502742851798,0.339780479199597,-0.107430370743445,0.914447561554308,0.996577394764533,SH3BGRL2,226.117054043229,218.937817528748
10749.3535642233,-0.302002316230108,0.0808630941204498,-3.73473609333152,0.00018791213522976,0.145772838904487,SH3BGRL3,11821.2990249543,9677.40810349234
44.6492159359475,0.0293877468693267,0.847233466156686,0.0346867162868798,0.972329553421615,0.998879356112684,SH3BP1,43.2353681551793,46.0630637167158
75.3068289665512,-0.466649707411691,0.55585235920208,-0.839520962151824,0.401177031148986,0.992443630108828,SH3BP2,87.5885555728418,63.0251023602606
1411.26000308139,-0.0086280573326765,0.152597591340958,-0.0565412419479041,0.954910641732205,0.998879356112684,SH3BP4,1420.04254349916,1402.47746266363
397.875690874866,-0.134013605008461,0.253759272347182,-0.52811313560637,0.597420814330547,0.996294710336961,SH3BP5,409.717327442045,386.034054307688
242.13960880246,-0.549703083703621,0.393722448934987,-1.39616901497631,0.162663604968441,0.975060322548989,SH3D19,285.529894267053,198.749323337867
1661.85532469527,0.149437573796444,0.131114494720841,1.13974869151282,0.254391015154795,0.981773214040098,SH3GLB1,1577.47896561241,1746.23168377812
381.181244546649,-0.209701559629616,0.257630889133394,-0.813961246397897,0.415667152248895,0.992443630108828,SH3KBP1,411.419031740713,350.943457352585
54.0203563545501,-0.685092700806695,0.677948327821605,-1.01053822642803,0.312237494667887,0.986152964913951,SH3PXD2A,68.8941146021233,39.146598106977
327.298072272008,0.169725828076649,0.277807242313095,0.610948176381104,0.541233889393993,0.996294710336961,SH3RF1,305.237552706486,349.358591837531
53.0560490733163,0.685891068810807,0.848640575683816,0.808223279046174,0.418962059029509,0.992443630108828,SH3YL1,36.3170295121325,69.7950686345001
33.8943193451519,0.421670716393725,1.02628544223096,0.41087079582566,0.681167277761945,0.996294710336961,SHANK1,26.8893334443294,40.8993052459745
146.964027852764,0.391298323356209,0.422670732192877,0.925775771901917,0.354562520683961,0.990443880456887,SHB,133.34422827349,160.583827432039
3106.69824631547,0.06751552403356,0.108014291905142,0.625061025191481,0.531931006689342,0.996294710336961,SHC1,3038.32636153753,3175.07013109341
217.873292899047,0.511404746830451,0.334237603730212,1.53006346719516,0.126001019936457,0.974401534329554,SHC2,178.344167772904,257.40241802519
55.0058303775878,-0.0309189555365105,0.678776042175114,-0.045551041308753,0.963668092008861,0.998879356112684,SHC3,48.5906370751779,61.4210236799977
148.364341961058,-0.343576063539834,0.419722789389256,-0.818578529032877,0.413026921168094,0.992443630108828,SHCBP1,174.80327701698,121.925406905136
195.422919229897,-0.727246952881996,0.377498066149302,-1.92649186338975,0.0540429868508384,0.869042076164583,SHE,241.719909313303,149.125929146492
173.969527901707,-0.162448519620957,0.432989726693798,-0.375178692717201,0.707527575513555,0.996294710336961,SHISA2,184.643571417773,163.295484385641
447.631188537285,-0.13118105797516,0.304309346353969,-0.431077978862244,0.666411671907574,0.996294710336961,SHMT2,468.592251088208,426.670125986361
58.4900838250879,0.273829574070118,0.659290679861992,0.415339671004356,0.677893263845974,0.996294710336961,SHPK,53.8147571525074,63.1654104976685
104.620129273734,-0.443990468667073,0.495959530994121,-0.895215115187161,0.37067210621576,0.992443630108828,SHQ1,122.435094110906,86.8051644365621
91.5694396079786,-0.289371206083642,0.516044745102802,-0.560748285550308,0.574969145398316,0.996294710336961,SHROOM1,98.6201749248481,84.5187042911091
99.2036576721868,-0.90334083807427,0.496797399817018,-1.81832843410008,0.0690139493785758,0.904997639926701,SHROOM2,129.935032697327,68.4722826470469
104.728888008842,0.109900928520941,0.512302690003416,0.214523426609781,0.830138900375889,0.996294710336961,SHROOM3,100.53473681384,108.923039203844
104.504326785459,0.427008933444124,0.503428118220298,0.848202390747801,0.396325266040188,0.992443630108828,SHROOM4,89.2299530258603,119.778700545058
72.4859544459905,-1.06701685966542,0.565279013773105,-1.88759326574559,0.059080574845765,0.883471068233563,SHTN1,98.823206066393,46.148702825588
146.077818804858,0.70910714811746,0.441741087359157,1.60525513340108,0.108437668636408,0.961015869502668,SIAE,106.691432912922,185.464204696794
75.9007745539926,-0.884912913765267,0.605485906990442,-1.46149217273068,0.143880422048691,0.974401534329554,SIAH1,84.4699353599123,67.331613748073
190.525352736485,-0.0632329606367609,0.387186996824928,-0.163313750604472,0.870271407835225,0.996577394764533,SIAH2,195.990844030835,185.059861442135
97.8094769130153,0.694215407805036,0.562684755749007,1.23375549223996,0.217294028911261,0.98168489642748,SIK2,108.911000796424,86.7079530296068
48.1687602589961,-0.798579353791713,0.82137116616275,-0.972251506614829,0.330925442268808,0.986152964913951,SIK3,60.0795968031964,36.2579237147958
199.261176479297,0.513361795839456,0.364787896556253,1.40728845634902,0.159341870937556,0.974401534329554,SIKE1,164.03786920567,234.484483752923
396.937119676122,0.0394128288447522,0.267110279858567,0.147552647040095,0.882695828103356,0.996577394764533,SIL1,381.533132928082,412.341106424162
53.8460951395426,0.116838255671846,0.673258898112538,0.173541346426165,0.862225931136165,0.996577394764533,SIMC1,50.8167808804027,56.8754093986825
90.603117369351,-0.517742734344738,0.513789955277208,-1.00769337552619,0.313601686191488,0.986152964913951,SIN3A,102.327143617102,78.8790911215996
63.9062332880703,-0.485546398045759,0.65346483588229,-0.743033704927959,0.457461274702482,0.994447194724684,SIPA1L1,74.6678189544909,53.1446476216497
117.491096817151,-0.0721403151688007,0.485237463688308,-0.148670126623075,0.881813934726248,0.996577394764533,SIPA1L2,122.138859138557,112.843334495744
546.846476899477,0.02660633428769,0.261619597044469,0.101698552357175,0.918995951241374,0.996577394764533,SIRPA,545.553741697918,548.139212101035
45.5853357160318,1.59074115489119,0.921562923580743,1.7261340644113,0.084323296745035,0.941807879236941,SIRT1,34.9921832573239,56.1784881747397
59.5661037604064,0.749263434139496,0.680093658148237,1.10170625054731,0.270589398678298,0.982783504448174,SIRT3,42.5491447918944,76.5830627289183
117.399309096613,0.363417909537803,0.546440995995331,0.665063405200492,0.506009939621336,0.994447194724684,SIRT5,99.6844994976022,135.114118695624
371.826921941504,0.0855088789435205,0.291848055503797,0.292991086734885,0.769528964648141,0.996294710336961,SKA2,359.611457349778,384.042386533231
23.2200992886393,1.22278372759536,1.00926107491775,1.21156334865587,0.225679571534623,0.98168489642748,SKA3,13.9804688826816,32.459729694597
805.342714798386,-0.112997479162758,0.191531251571625,-0.589968886202894,0.55521150920934,0.996294710336961,SKAP2,840.031220974553,770.65420862222
838.672693448129,-0.162275617352584,0.200338458329694,-0.810007318143227,0.417935969742175,0.992443630108828,SKI,886.742895710513,790.602491185744
519.068047325127,-0.0901418952680509,0.23485191068248,-0.383824406648847,0.70110859717844,0.996294710336961,SKIC3,537.130433829394,501.005660820859
1380.92117279066,0.122425748680351,0.158425167750736,0.772767044646428,0.439660260261476,0.994447194724684,SKIL,1336.66392185,1425.17842373133
4858.9777470085,-0.0270784958082877,0.088003427973007,-0.307698193490752,0.758311994467783,0.996294710336961,SKP1,4911.96247561469,4805.9930184023
262.424008743514,-0.225992612409923,0.303272628378612,-0.745179720366286,0.456163080790537,0.994447194724684,SLAIN2,288.984083245198,235.863934241829
31.2706473084214,-0.243112802860802,1.06503156976036,-0.228268165717852,0.819437771343667,0.996294710336961,SLBP,33.5830195597362,28.9582750571066
43.9362514571514,-0.901883121759744,0.786713149555772,-1.14639385685749,0.251632223391427,0.98168489642748,SLC10A7,56.684821609581,31.1876813047217
323.024693776573,0.270103763503659,0.272931888075308,0.989637984071438,0.322351097129635,0.986152964913951,SLC11A2,292.595643383915,353.453744169232
310.239851797442,0.252162801778691,0.289520916286952,0.870965749254417,0.383772854733695,0.992443630108828,SLC12A2,284.183364631525,336.296338963359
394.537069300264,-0.00449687903386156,0.277230196164374,-0.0162207403669523,0.987058289219708,0.998987745956335,SLC12A4,380.873959201846,408.200179398681
215.911947568355,0.0971923230777173,0.348229443210826,0.279104265801197,0.780164809532334,0.996294710336961,SLC12A6,209.118450152047,222.705444984663
291.392072341844,0.816066171292053,0.32368299198602,2.5211895326502,0.0116958835639288,0.62676812170277,SLC15A4,217.265313434447,365.51883124924
44.9221909282207,-0.147300137098812,0.851681018905055,-0.172952236611056,0.862688971401989,0.996577394764533,SLC16A7,47.9395137944368,41.9048680620047
643.658946726481,-0.0329253573142794,0.201798420716604,-0.163159638204098,0.870392744343526,0.996577394764533,SLC17A5,648.953255457236,638.364637995727
426.280837282874,0.405071929889583,0.246392264900272,1.64401236399827,0.10017364848205,0.960861920370327,SLC17A9,362.309816006503,490.251858559244
78.6927922375281,-0.0223133321955765,0.574179764859039,-0.0388612305086272,0.969001026776624,0.998879356112684,SLC1A1,78.8119056663922,78.5736788086639
181.357296744333,-0.299862213300166,0.376571776499481,-0.796294974858742,0.425860605688277,0.994447194724684,SLC1A4,199.94330244019,162.771291048477
1235.88613848851,-0.263322108598359,0.172371454451258,-1.52764336436472,0.126601108890174,0.974401534329554,SLC1A5,1347.05116008561,1124.72111689142
209.564539143457,-0.736630649099883,0.379844685646161,-1.93929434038753,0.0524655076529265,0.869042076164583,SLC20A2,266.107072837005,153.02200544991
63.0967742753204,-0.764155039930221,0.696649270810813,-1.09690065280746,0.272684823355585,0.982783504448174,SLC22A23,75.4556600682111,50.7378884824298
103.098206969577,-0.0914967143746228,0.497320114366105,-0.183979516877668,0.854029523790784,0.996294710336961,SLC23A2,108.238715098564,97.9576988405904
361.954666215843,-0.384657767816004,0.306552391727351,-1.25478638626353,0.209556315914939,0.98168489642748,SLC25A11,406.890708491143,317.018623940542
46.8738117747983,-1.2370131262656,0.742556085193293,-1.66588511081099,0.0957362997270577,0.949104594418722,SLC25A12,51.3893401969762,42.3582833526205
146.131830622323,0.268799800417753,0.409201115739263,0.656889216766037,0.511252152297078,0.994447194724684,SLC25A13,131.357453981929,160.906207262716
78.5653403996381,-0.198490717423243,0.594815685395726,-0.333701215850064,0.738605032010649,0.996294710336961,SLC25A15,81.6048536842342,75.5258271150419
48.5914541173954,-0.16381975464775,0.721987443578416,-0.226901113176987,0.82050063643868,0.996294710336961,SLC25A16,59.163738130876,38.0191701039148
230.757425285646,-0.199814959655061,0.37801836890882,-0.528585317776602,0.597093147591298,0.996294710336961,SLC25A17,247.321075173483,214.193775397808
177.313321541606,0.026687929087069,0.377472339120511,0.0707016814775101,0.94363518256304,0.998879356112684,SLC25A25,176.16692797433,178.459715108881
6353.69811149243,0.0739948534678359,0.0800527276142357,0.924326449242405,0.355316375992457,0.990443880456887,SLC25A3,6181.80137598862,6525.59484699625
308.680106944258,0.415968725673193,0.325112488056446,1.27946092800032,0.20073479017583,0.98168489642748,SLC25A32,264.773827787329,352.586386101187
151.749936554085,-0.115568258964784,0.424968248074087,-0.271945632382013,0.785663823375549,0.996294710336961,SLC25A33,161.447417866354,142.052455241815
175.891029920237,-0.0137267508410425,0.451315895517794,-0.0304149509852602,0.975736121210281,0.998987745956335,SLC25A36,184.280098200867,167.501961639606
89.2770029531502,0.916979595866055,0.540093032840857,1.6978178574954,0.0895421444355192,0.94617021594231,SLC25A37,64.3470968912011,114.206909015099
260.077750372728,-0.00220438496875632,0.337770437600925,-0.006526281531366,0.994792817691052,0.998987745956335,SLC25A38,268.646341578239,251.509159167218
252.363104703441,0.516099660626525,0.322314527864858,1.60122990435888,0.109326007713323,0.961015869502668,SLC25A4,201.938896249117,302.787313157765
32.370265330392,0.0944310271193947,0.967989692356438,0.097553752756928,0.92228664921919,0.996577394764533,SLC25A40,34.8575762775825,29.8829543832015
158.458673635785,-0.658156426813792,0.386039459945819,-1.70489417560102,0.0882141628513057,0.945521752426948,SLC25A46,194.556078221135,122.361269050435
140.563916570638,-0.17029200892173,0.428856187817761,-0.39708418290118,0.69130538337626,0.996294710336961,SLC27A4,150.893326250938,130.234506890338
3625.73889388561,-0.162457916460256,0.119384993213553,-1.3607900967055,0.173580032431146,0.98168489642748,SLC29A1,3822.75218305241,3428.7256047188
386.144616354376,-0.0667379231238976,0.275816498849767,-0.241964941916868,0.808807328439131,0.996294710336961,SLC2A1,403.070899820633,369.218332888119
104.150892151939,0.772324082994682,0.517398711721297,1.49270584850374,0.135514201781434,0.974401534329554,SLC2A10,77.5415491586522,130.760235145226
34.3442864656946,0.538333744871089,0.94627867680891,0.568895567515571,0.569427013588105,0.996294710336961,SLC2A13,27.3373333393749,41.3512395920143
67.6029691077351,0.208099925732284,0.587534754809036,0.354191686583581,0.723195233438548,0.996294710336961,SLC2A3,60.9890251691853,74.216913046285
1013.73598119935,-0.112130200419892,0.174361261481103,-0.643091243246392,0.52016489619833,0.994740769775778,SLC2A4RG,1048.41394567368,979.058016725025
94.6626423123819,0.536675256812322,0.517472813354899,1.03710812039173,0.299685471154261,0.986152964913951,SLC2A8,76.8438307122181,112.481453912546
212.956103995594,-0.318226699202215,0.342923405261528,-0.927981859271233,0.353416979729497,0.990443880456887,SLC30A1,229.711742593739,196.20046539745
39.8774303529835,1.46393730174626,0.899635694143399,1.62725568947124,0.103682804543963,0.961015869502668,SLC30A4,23.9462238928472,55.8086368131198
170.161159756464,-0.185892303212119,0.388994640918484,-0.477878828287185,0.632736451088742,0.996294710336961,SLC30A5,182.145126117942,158.177193394987
168.630473541567,0.0249418811187283,0.497742895159767,0.05010996914526,0.960034755491021,0.998879356112684,SLC30A6,169.632651629379,167.628295453754
1065.69762644509,0.190604564774703,0.171908331546282,1.10875699310355,0.267535027995173,0.982783504448174,SLC30A7,998.960172293347,1132.43508059683
463.138919826416,-0.449328328147059,0.244325241489624,-1.83905815628199,0.0659066326728692,0.902221594165978,SLC31A1,534.73749313652,391.540346516313
49.4964116418371,-0.249155855745984,0.740390372474918,-0.336519578061403,0.736479090422384,0.996294710336961,SLC31A2,65.1154982198457,33.8773250638285
391.564615975643,-0.210781213392111,0.250551567888586,-0.841268786175945,0.40019737296776,0.992443630108828,SLC33A1,418.992486264592,364.136745686694
220.09188416556,-0.111492329993321,0.360226199535891,-0.309506443831586,0.756936311180649,0.996294710336961,SLC35A1,235.91387431367,204.269894017449
244.578201949388,0.316076779921249,0.341896051524672,0.924482100661055,0.355235366525274,0.990443880456887,SLC35A3,218.461763531757,270.694640367018
150.531367197314,0.271495781688467,0.476541168975018,0.56972156733577,0.568866559648662,0.996294710336961,SLC35A5,137.195539775459,163.867194619169
754.29167785583,0.159582508438704,0.207266167430601,0.769939978226965,0.441335497794183,0.994447194724684,SLC35B1,704.358743552245,804.224612159414
386.301547146091,0.318211682109747,0.271721232834388,1.17109612226621,0.241560142373676,0.98168489642748,SLC35B3,341.942167899101,430.660926393081
430.313727741458,-0.0534224024033831,0.277255152525419,-0.192683172582285,0.847207102829377,0.996294710336961,SLC35B4,439.639152657454,420.988302825463
443.990382368383,0.306483485727501,0.24841286729093,1.23376654788402,0.217289908031839,0.98168489642748,SLC35C1,396.823715954785,491.157048781981
93.3222235452613,-0.55250664030854,0.525295241554569,-1.05180210403856,0.292890353525607,0.984887697687056,SLC35C2,113.617522147298,73.0269249432249
155.036831411879,0.141586160656389,0.454835206292712,0.311291119723195,0.755579317599067,0.996294710336961,SLC35D1,143.558110320062,166.515552503695
272.370976372491,0.0509541761427741,0.296174888866037,0.172040838228596,0.863405423357143,0.996577394764533,SLC35D2,273.961315148248,270.780637596733
1189.65869784557,-0.214802479881073,0.153190545844855,-1.4021914909724,0.160858071904751,0.974401534329554,SLC35E1,1272.47846007922,1106.83893561192
189.224783409167,0.0990397727045456,0.362089142453605,0.273523177285648,0.784451078474507,0.996294710336961,SLC35E3,183.996757341397,194.452809476936
184.20366544155,-0.273357867181743,0.36702190102959,-0.74479987819502,0.456392708552552,0.994447194724684,SLC35E4,202.231765328545,166.175565554554
275.390039408655,-0.124754344151989,0.307598016810216,-0.405575905351044,0.685054235643303,0.996294710336961,SLC35F5,289.725590800914,261.054488016395
65.4359586742675,-0.45147102918436,0.607599819422828,-0.743040097696577,0.45745740443285,0.994447194724684,SLC35F6,71.4386643535742,59.4332529949609
61.2396790568785,-0.33675403999362,0.619734087616974,-0.543384730196979,0.586864936980452,0.996294710336961,SLC35G2,70.2405034982945,52.2388546154624
55.1488595729572,1.35347561091983,0.746125084006762,1.81400631064638,0.0696767542099324,0.904997639926701,SLC36A4,32.8788540568624,77.418865089052
22.9988129542888,1.55156826483008,1.38907451369874,1.11697986647142,0.264002933789884,0.982783504448174,SLC37A2,12.5490053459339,33.4486205626438
380.151762943293,-0.0861102938913956,0.267399585856398,-0.32202852377505,0.747431085728268,0.996294710336961,SLC37A3,397.166626462905,363.136899423682
793.731460507458,-0.107809505415954,0.183643614161727,-0.587058286279481,0.557164561674112,0.996294710336961,SLC38A1,833.895365315622,753.567555699295
858.760797915289,0.434557878813748,0.19012042485825,2.28569802080837,0.0222719311328531,0.714845395677829,SLC38A10,735.874788096755,981.646807733824
8387.8034420222,-0.00862757356268897,0.0854912232023729,-0.100917652590676,0.919615829906854,0.996577394764533,SLC38A2,8411.03819977632,8364.56868426809
66.2013483884057,0.579490628240447,0.738266150218546,0.784934576871637,0.432491927920633,0.994447194724684,SLC38A6,52.7803271461226,79.6223696306888
304.884879274626,-0.227640639747319,0.280084030663332,-0.812758368294653,0.41635660896699,0.992443630108828,SLC38A7,337.578620676316,272.191137872935
101.836087392424,0.770681605355881,0.518330867283715,1.48685261480683,0.137053741651045,0.974401534329554,SLC38A9,75.9268227437831,127.745352041065
704.944095356041,0.175873626759713,0.207997028164509,0.845558363558014,0.397799161080574,0.992443630108828,SLC39A13,666.770653705816,743.117537006266
494.566284203903,-0.109681024045084,0.2638846968569,-0.415639956964089,0.677673483642628,0.996294710336961,SLC39A6,512.683097201361,476.449471206446
443.727307451543,-0.226147377741046,0.257635815163512,-0.877779269926113,0.380063516373138,0.992443630108828,SLC39A9,473.324919262942,414.129695640144
244.371220232816,-0.00481205058280624,0.330165547472501,-0.0145746599536011,0.98837151553402,0.998987745956335,SLC40A1,240.98449558862,247.757944877012
27.3136134317485,-1.29532860632407,0.979980115870423,-1.32179070304253,0.186237855012626,0.98168489642748,SLC41A2,25.0041149085799,29.623111954917
1610.19155288968,-0.192687784644341,0.13238578835118,-1.45550203722168,0.145530326642674,0.974401534329554,SLC44A1,1721.75957017079,1498.62353560857
605.613623808481,-0.0746432699087275,0.203395907322215,-0.366985112392057,0.71363012301106,0.996294710336961,SLC44A2,618.741722695995,592.485524920967
74.6081206842235,-0.423672129164129,0.568277111447276,-0.745537908583244,0.455946603129951,0.994447194724684,SLC44A5,86.3714623966683,62.8447789717786
39.8428806810171,0.536787115129974,0.794014357539455,0.676042076611066,0.499013930771702,0.994447194724684,SLC45A4,32.4186671261842,47.26709423585
64.1098130353375,1.33192933832218,0.687616963140523,1.93702222271963,0.052742626938424,0.869042076164583,SLC46A3,51.4491277043699,76.7704983663049
20.4711062174717,-1.67494673222114,1.33813664682356,-1.25170081560586,0.210678902788429,0.98168489642748,SLC47A1,22.1155873483171,18.8266250866264
202.791971181608,-0.225586593157218,0.470534403650789,-0.479426353114529,0.631635349428316,0.996294710336961,SLC48A1,216.796951939252,188.786990423964
78.9561379051511,0.310108879547849,0.546632821983391,0.567307463212064,0.570505307362424,0.996294710336961,SLC49A4,70.822262556478,87.0900132538241
25.5849803345978,-0.00162823965465756,1.08905578005459,-0.00149509298281851,0.998807088836464,0.999451272705433,SLC4A11,25.1489770565502,26.0209836126453
69.001298961745,0.126920592147894,0.696293688109572,0.182280256614822,0.855362792056073,0.996294710336961,SLC4A7,67.9056816784437,70.0969162450462
26.9279591812005,0.329350218383051,0.94480718674727,0.34858987421224,0.727397230672427,0.996294710336961,SLC4A8,24.8689869652383,28.9869313971627
145.501000301678,0.480099733864569,0.420823787898206,1.1408569279375,0.253929465963628,0.98168489642748,SLC5A3,124.887730067024,166.114270536332
60.1174537525342,0.141807141809155,0.691365961427571,0.20511154688082,0.837484975121134,0.996294710336961,SLC66A1,57.0027583381026,63.2321491669658
591.442098762013,-0.0427039756238866,0.250217579977632,-0.170667367287718,0.864485323445567,0.996577394764533,SLC66A2,588.144618117098,594.739579406929
238.384788806688,0.562158110405857,0.331686374258051,1.69484836892486,0.0901041891108452,0.94617021594231,SLC66A3,202.959130233078,273.810447380297
58.5496162223474,-0.441884191110884,0.858635335623873,-0.514635460221093,0.606807780959239,0.996294710336961,SLC6A6,62.8454348147107,54.253797629984
184.183260872393,0.504416948446716,0.380603205664315,1.32530924842394,0.185068602780897,0.98168489642748,SLC6A8,149.93231993786,218.434201806925
445.496010262645,0.38439165645913,0.266066087602408,1.44472247449115,0.148535854496602,0.974401534329554,SLC7A1,391.879872323516,499.112148201775
3459.84757750507,0.24488795230706,0.101000329458412,2.42462528211747,0.0153241948779288,0.655875540775352,SLC7A11,3190.49095510635,3729.2041999038
28.9745098646576,0.35912122941905,0.873718482931941,0.411026247509318,0.681053288497765,0.996294710336961,SLC7A14,25.924646259401,32.0243734699143
1314.59141759397,-0.0382734203456686,0.165269679405838,-0.231581621524683,0.816862983394525,0.996294710336961,SLC7A2,1352.70000128516,1276.48283390279
212.42361659786,-0.0374597824638426,0.346939346284763,-0.107972136527565,0.914017794799571,0.996577394764533,SLC7A6,214.091940241415,210.755292954306
238.379411255286,0.206811861054896,0.315461936219599,0.655584199898304,0.512091694329287,0.994447194724684,SLC7A6OS,222.333674363645,254.425148146927
58.5361793446664,-1.09336643847353,0.678153005358324,-1.61227102119205,0.106902976425775,0.961015869502668,SLC8B1,73.27942720105,43.7929314882829
209.823649644563,0.204837499184502,0.398675446544008,0.513795120718304,0.607395239646156,0.996294710336961,SLC9A6,195.850714930645,223.796584358481
128.05262669982,0.127295720314957,0.484344420797437,0.26282065994561,0.792688810844141,0.996294710336961,SLC9A7,122.014313216447,134.090940183192
44.9166399662477,0.146901034672223,0.796215959256762,0.184498982925876,0.853622024969734,0.996294710336961,SLC9A8,43.2425691587266,46.5907107737688
38.7386736357783,1.03315254095061,0.820412865520094,1.25930806837804,0.207919080086147,0.98168489642748,SLC9B2,24.8669898525205,52.6103574190362
5.95417984956654,-1.05603063130887,2.58612430382891,-0.408344884948241,0.683020490736817,0.996294710336961,SLCO3A1,8.61346864533649,3.2948910537966
142.170039465741,0.280199296570685,0.421371932185302,0.664969057425176,0.506070284316692,0.994447194724684,SLF2,128.808090812621,155.531988118861
143.128207305844,0.412140150033119,0.408813990311218,1.00813612009552,0.313389119540927,0.986152964913951,SLFN11,123.22211440686,163.034300204828
352.535236508978,-0.35463133442901,0.2631977945858,-1.3473947796071,0.177853121023219,0.98168489642748,SLFN5,400.825915938665,304.24455707929
259.972532443394,0.128811945448224,0.315456094973313,0.408335573478525,0.6830273259299,0.996294710336961,SLIT2,251.099470446326,268.845594440462
9.15364001293771,-1.93147837122247,1.98066250080605,-0.975167839264106,0.329477012212219,0.986152964913951,SLIT3,13.9140919541466,4.39318807172879
281.915124945397,-0.0697797553300539,0.317972250726034,-0.219452342683124,0.826297700013295,0.996294710336961,SLK,290.718838767796,273.111411122998
262.055836655104,0.257619503559974,0.313944382744056,0.820589625806424,0.411880058850711,0.992443630108828,SLMAP,239.849566878387,284.26210643182
377.929271629303,0.0999641268288153,0.299340811680517,0.333947537148746,0.738419147408267,0.996294710336961,SLTM,377.546292761071,378.312250497536
197.710296879089,0.0899648365359095,0.366816867272076,0.245258178024787,0.806256532031889,0.996294710336961,SLU7,189.509846142215,205.910747615962
405.085255729564,-0.0408724985057969,0.247956817107284,-0.164837163916782,0.869072151561343,0.996577394764533,SMAD1,417.177886991083,392.992624468044
638.951461869712,-0.312625148639279,0.255914949716785,-1.22159783547329,0.22185974758674,0.98168489642748,SMAD2,700.422654013176,577.480269726247
1173.02512006416,-0.135773745596956,0.15668620614734,-0.866532855287093,0.386198016931793,0.992443630108828,SMAD3,1233.09944120399,1112.95079892433
303.014513109853,-0.525185310277677,0.287210072022773,-1.82857553211447,0.0674632209151369,0.904937992409756,SMAD4,347.409430606097,258.61959561361
571.403558389813,-0.408238672916897,0.244497168561605,-1.66970715987672,0.0949773164687251,0.949104594418722,SMAD5,653.226371535185,489.580745244441
297.684854781336,0.0734450681217607,0.323363005585161,0.227128851641064,0.820323549883148,0.996294710336961,SMAD6,294.918877876465,300.450831686208
64.9766923552669,0.25504824551402,0.621178539742273,0.410587663926445,0.681374910795223,0.996294710336961,SMAD7,56.2420288560548,73.7113558544791
100.127430361564,-0.136625215194722,0.496114945642265,-0.275390242512949,0.783016439730543,0.996294710336961,SMAD9,103.040807090408,97.2140536327211
248.844370326773,0.0815436886854115,0.312148756192225,0.261233424986631,0.793912503368534,0.996294710336961,SMAGP,229.364763991486,268.32397666206
438.671411358175,-0.10927302739487,0.239067446883855,-0.457080329501985,0.647613308241751,0.996294710336961,SMAP1,456.485899381789,420.856923334561
114.038830702951,-0.150263139104217,0.539635651959738,-0.278452949797743,0.780664677906339,0.996294710336961,SMAP2,122.411283126841,105.666378279062
460.843306040761,0.425142445879923,0.261825497814306,1.62376258014965,0.104426489166319,0.961015869502668,SMARCA1,387.963894650981,533.72271743054
363.480659414567,-0.634302688536946,0.293907655676741,-2.15817001117723,0.0309146160734719,0.742691457963059,SMARCA2,441.312661273648,285.648657555486
691.201801322628,-0.123853194916796,0.214305973009487,-0.577926938654732,0.563313447001888,0.996294710336961,SMARCA4,720.561330269618,661.842272375637
352.789255797688,-0.567574929754014,0.320599842292969,-1.77035311588006,0.0766683348127767,0.927492565006028,SMARCA5,414.756675121693,290.821836473682
184.137255005118,0.371819932606419,0.39140199652335,0.949969432729342,0.342127784626361,0.987678078249577,SMARCAD1,161.827826291436,206.4466837188
1629.94054322117,-0.442054602691912,0.131115527749276,-3.37148932914509,0.000747629349391788,0.25742746445773,SMARCC1,1873.34719722934,1386.533889213
136.599720630348,0.374394665707671,0.414647458847841,0.902922851011754,0.366566841890928,0.992443630108828,SMARCC2,115.341085691603,157.858355569094
142.587361896827,-0.539919409556334,0.429844752559552,-1.25608002968824,0.209086955807152,0.98168489642748,SMARCD1,158.757342638631,126.417381155022
544.610116206124,-0.540563972259779,0.231373898877345,-2.33632218189979,0.0194744562833242,0.714772028525713,SMARCE1,646.416018954281,442.804213457967
197.16641553983,-0.0817287038919013,0.402130571057976,-0.203239220725943,0.838948058781635,0.996294710336961,SMC1A,199.687781914984,194.645049164676
66.345476822687,-0.616450745174229,0.609082822196252,-1.0120967505723,0.311491795909542,0.986152964913951,SMC2,81.2918242430656,51.3991294023084
229.012410376942,-0.398077003814868,0.359786649418576,-1.1064251674101,0.268542537267773,0.982783504448174,SMC4,270.063763331338,187.961057422547
165.518874040809,1.30531512076333,0.408149373330559,3.19813089534295,0.00138321479715384,0.360224966696909,SMC5,95.3984591870208,235.639288894598
192.200482584779,0.389791445151548,0.3714039359385,1.04950811618779,0.293944321761067,0.984887697687056,SMC6,169.15453930922,215.246425860338
107.486942491134,-0.792105684520844,0.579234557195205,-1.36750419097302,0.171467324534026,0.98168489642748,SMCHD1,135.844479826132,79.1294051561353
73.7939929035363,1.0299006649728,0.586629324491588,1.75562424511489,0.0791525895852944,0.93454033835815,SMCO4,45.4877256549224,102.10026015215
151.684951387536,-0.447937345159554,0.420813743884468,-1.06445512217522,0.287122574210468,0.982783504448174,SMG1,175.327038070472,128.042864704601
273.849068793304,-0.0691129533664821,0.298498333455263,-0.231535474809746,0.816898829134928,0.996294710336961,SMG6,265.932281126878,281.765856459729
221.771171346322,-0.102262384652639,0.392907926211335,-0.260270607515396,0.794655043305497,0.996294710336961,SMG7,230.359471357377,213.182871335266
537.401820093999,-0.321608847543791,0.232887627362337,-1.38096150141724,0.167290798202522,0.98168489642748,SMIM12,598.543026078425,476.260614109572
352.241283526496,-0.0531071666704427,0.27050952103764,-0.196322726337803,0.844357574457241,0.996294710336961,SMIM13,370.452647815903,334.029919237089
497.743973453563,-0.11441945162053,0.237669491122871,-0.481422546410793,0.630216215595382,0.996294710336961,SMIM14,516.434076112331,479.053870794795
161.331110056421,0.11589207668884,0.391404113552204,0.296093149448678,0.767158945502871,0.996294710336961,SMIM15,160.35107274923,162.311147363611
35.5061662751613,-0.425501050868079,1.03515486289601,-0.411050622587688,0.681035415455091,0.996294710336961,SMIM19,41.4796012035475,29.532731346775
281.561238526691,-0.0703484531666821,0.295876159710798,-0.23776316833179,0.812064786938473,0.996294710336961,SMIM30,286.101780006596,277.020697046786
533.493690129213,-0.123302333035071,0.221556911894873,-0.556526681928014,0.577850859463247,0.996294710336961,SMIM7,553.72211574681,513.265264511616
21.6222478489442,-0.572295403176717,1.33736011569038,-0.427929169161204,0.668702689675872,0.996294710336961,SMIM8,26.4069119198052,16.8375837780832
268.359465415653,0.102230833331756,0.300017793845354,0.34074923364196,0.733292371222074,0.996294710336961,SMNDC1,258.244770457971,278.474160373335
763.754401501429,0.123560262908637,0.197600243731988,0.625304202945349,0.531771422012808,0.996294710336961,SMTN,731.221705812592,796.287097190267
153.194049404707,0.298898882954138,0.416104153691899,0.718327083020314,0.472555634857657,0.994447194724684,SMU1,137.450241108243,168.93785770117
135.556259264299,0.648175126206212,0.427488589167897,1.51623959710335,0.129458778888039,0.974401534329554,SMUG1,103.560012456609,167.552506071989
144.837875861756,0.233865886824234,0.450472673066999,0.519156656566937,0.603651501673285,0.996294710336961,SMURF1,132.88473166995,156.791020053561
2911.05436656689,0.12780305974248,0.114174021053125,1.11937075145153,0.262982003482009,0.982783504448174,SMURF2,2828.81960775259,2993.28912538118
204.523738191507,0.555005814337135,0.374986757031174,1.48006777287603,0.138855160985098,0.974401534329554,SMYD3,170.058004961237,238.989471421777
45.0040425099931,-0.579619472435262,0.830878752791771,-0.697598139906367,0.485428545192538,0.994447194724684,SMYD4,49.2921135128505,40.7159715071357
1035.19153269702,0.206355886730444,0.165771837087572,1.24481872407213,0.213198391856214,0.98168489642748,SNAP23,964.897249285404,1105.48581610864
347.511976170451,0.472057747529965,0.266320775645815,1.77251566793934,0.0763089968041584,0.926371049184813,SNAP29,292.535085179305,402.488867161598
363.361678245514,0.176754108112699,0.273075296577985,0.647272420199391,0.517455647945966,0.994447194724684,SNAPC1,343.224461708858,383.498894782169
208.235730154008,0.0609419656087388,0.363670005413332,0.167574902250942,0.866917717063716,0.996577394764533,SNAPC3,199.231416595514,217.240043712503
65.5469033195943,0.123751763751355,0.614209865669722,0.201481237388491,0.840322299005306,0.996294710336961,SNAPC5,60.9294722706438,70.1643343685449
261.448534145096,0.811096074669235,0.326300150120439,2.48573613701941,0.0129283783900917,0.62676812170277,SNAPIN,190.934720257821,331.962348032371
1736.3757798354,0.0157808331107506,0.129598329658579,0.121767256972559,0.903083346089367,0.996577394764533,SNCA,1733.51993670695,1739.23162296385
1948.19386197701,-0.0247882461589009,0.127318028575303,-0.194695491567713,0.845631341581626,0.996294710336961,SND1,1965.37568076277,1931.01204319124
59.2675918590053,0.227849824982295,0.642697653298312,0.354521015928678,0.722948457021996,0.996294710336961,SNED1,54.6777327175048,63.8574510005058
523.912124663009,-0.0152056413393464,0.233977726831245,-0.0649875590522059,0.948183905752953,0.998879356112684,SNF8,524.585662193783,523.238587132235
113.993560843571,-0.608760271869188,0.454571796648553,-1.33919498824483,0.180507203571398,0.98168489642748,SNIP1,135.540948355395,92.4461733317465
196.906616599481,-0.169336506021987,0.355598899784286,-0.476200871613243,0.633931278602687,0.996294710336961,SNN,211.7654805953,182.047752603662
16.2611741440715,-0.659299203236693,1.38832420826136,-0.474888501773196,0.634866447392968,0.996294710336961,SNPH,17.5995967497706,14.9227515383724
352.993931251639,0.474742037974642,0.277495558900062,1.71080949856072,0.0871162855501609,0.942895213226454,SNRK,301.072454565551,404.915407937727
353.479657177519,0.0787049226859703,0.263369376616818,0.298838550240713,0.76506323535742,0.996294710336961,SNRNP200,344.7786585433,362.180655811738
404.438228157179,-0.132600028787417,0.275880103225001,-0.480643682662652,0.630769763514838,0.996294710336961,SNRNP25,427.936661632307,380.939794682051
289.026876666423,0.16499962735453,0.295770518598423,0.557863671255737,0.576937480418547,0.996294710336961,SNRNP27,270.504128627352,307.549624705495
71.7884668468257,0.0247511678481989,0.597403385254795,0.0414312480630528,0.96695210182506,0.998879356112684,SNRNP40,70.2124636799415,73.36447001371
73.9304989538283,-1.7608415354446,0.57341748204502,-3.07078453409684,0.00213497156954937,0.407851177625858,SNRNP48,114.354021548127,33.5069763595301
901.722524365798,0.274015339629967,0.187337697949525,1.46268125758541,0.143554616999565,0.974401534329554,SNRPB2,816.663184262297,986.781864469299
1357.54521253082,-0.0735686202175609,0.160682316819421,-0.457851378258626,0.647059220676773,0.996294710336961,SNRPC,1391.84017873814,1323.25024632351
1195.52952306496,0.0852310844266303,0.155276122833368,0.54890013268875,0.58307398711608,0.996294710336961,SNRPD1,1160.29510240794,1230.76394372198
1695.42558721052,-0.147705891229151,0.129061449884475,-1.14446173788815,0.252432197103802,0.98168489642748,SNRPD3,1779.93720796709,1610.91396645395
1604.11342981253,0.0435142282949579,0.141666372939631,0.30715989540793,0.758721669725601,0.996294710336961,SNRPE,1585.99678396755,1622.23007565752
967.349590531725,-0.198919746579652,0.165238730765959,-1.2038324529459,0.228654343571567,0.98168489642748,SNTB2,1035.52055367051,899.178627392944
1501.25479909476,0.0121443756643751,0.136314833567142,0.0890906392692282,0.929009876593869,0.997480238800445,SNU13,1479.3384460275,1523.17115216201
70.3156580575223,0.193291584965888,0.61318311525416,0.315226528841665,0.752589664484566,0.996294710336961,SNURF,65.7823955385748,74.8489205764699
350.84914996164,0.211624466403697,0.265211958924605,0.797944660043999,0.424902605134332,0.994447194724684,SNX1,325.934918980307,375.763380942973
222.826384224787,0.475097450962129,0.337782864644325,1.40651732426508,0.159570563933316,0.974401534329554,SNX11,186.093305572458,259.559462877117
811.949238799751,0.0562004387519902,0.201995472442377,0.278226229887516,0.780838700921537,0.996294710336961,SNX12,799.336049747288,824.562427852213
66.539639283012,0.371650989696465,0.596840307098683,0.622697537810587,0.533483301033203,0.996294710336961,SNX13,63.8596240892776,69.2196544767465
18.0003440560035,1.87054011292265,1.40065629502473,1.33547403425594,0.181721248121306,0.98168489642748,SNX16,11.7239747928013,24.2767133192056
823.721278785464,-0.159251505346112,0.187012525294805,-0.851555290722205,0.394460963275137,0.992443630108828,SNX17,869.389641240708,778.052916330221
216.070639380692,-0.699797225905429,0.462012518227833,-1.51467156905116,0.129855597809428,0.974401534329554,SNX18,265.762637684562,166.378641076822
290.305923665846,0.0177896888275541,0.296298350765327,0.0600397834871643,0.95212394918477,0.998879356112684,SNX19,290.192134169226,290.419713162465
463.601699752382,-0.0581191202380487,0.249959640546357,-0.232514017507039,0.816138801123662,0.996294710336961,SNX2,456.809747078387,470.393652426378
64.9982270554842,1.47614318148807,0.651305496265963,2.26643747051274,0.0234246115750734,0.714845395677829,SNX21,40.7280849625282,89.2683691484401
203.708229074714,-0.483711531796195,0.394167719789214,-1.22717185480045,0.219758005501085,0.98168489642748,SNX24,238.160331094066,169.256127055363
33.2291918029107,-1.0334601824954,0.830676608920888,-1.24411855515944,0.213455932918051,0.98168489642748,SNX25,44.2082481503047,22.2501354555167
122.883808306616,-0.306091094602018,0.436982933730728,-0.700464642838052,0.483637178533284,0.994447194724684,SNX29,133.297788971917,112.469827641316
1472.61143526789,-0.0706604511468161,0.165467586882077,-0.42703500110371,0.669353834378425,0.996294710336961,SNX3,1511.79753411827,1433.42533641752
76.8865480099872,0.0786537471706121,0.582108011119605,0.135118819305256,0.892517930973761,0.996577394764533,SNX33,80.132236732165,73.6408592878094
261.068228530645,-0.0428500207311579,0.310366312075953,-0.138062731243433,0.890190839807484,0.996577394764533,SNX4,259.578595344956,262.557861716335
502.99545242112,0.0409166896319409,0.242032484091058,0.169054537392374,0.865753744046927,0.996577394764533,SNX5,494.905283974834,511.085620867406
407.622073979974,0.0106839567511758,0.247136553732986,0.0432309854199838,0.96551740537704,0.998879356112684,SNX6,404.054990169505,411.189157790444
221.062761885877,-0.559521352177457,0.345570817181318,-1.619122114365,0.105420991545968,0.961015869502668,SNX8,266.218910759882,175.906613011872
534.49934689633,-0.116974973609115,0.244099737069218,-0.479209748496964,0.631789419791472,0.996294710336961,SNX9,559.426680236743,509.572013555916
327.377475498009,0.372358268677529,0.270593612826597,1.376079297615,0.168797084193386,0.98168489642748,SOAT1,285.050555531392,369.704395464626
53.8372687227655,-0.0993061783428451,0.706297563072591,-0.140601049097261,0.888185119412114,0.996577394764533,SOBP,54.0277722322965,53.6467652132345
229.217727330323,-0.360784333273456,0.343325767242941,-1.05085131294023,0.293326884398248,0.984887697687056,SOCS4,257.198610759584,201.236843901062
39.2818243931537,0.820273483141789,0.796605657623931,1.02971084286352,0.30314576411012,0.986152964913951,SOCS5,31.5243494698816,47.0392993164259
61.9100755740324,0.233743074850165,0.629353597490993,0.371401825272811,0.710338266272212,0.996294710336961,SOCS6,56.9143026798415,66.9058484682233
3533.83791570424,0.0720645826285634,0.101232186249881,0.711874210151697,0.476542673537513,0.994447194724684,SOD1,3434.5505709018,3633.12526050669
436.241177635797,-0.175905957561165,0.24167993049228,-0.727846773221345,0.466707388787636,0.994447194724684,SOD2,457.771716573932,414.710638697662
510.995138903587,-0.101277436664643,0.244179160524992,-0.414766913142358,0.678312543054337,0.996294710336961,SON,537.391151247391,484.599126559784
202.378622693356,0.196560965878148,0.346636313508362,0.567052435703355,0.570678556994537,0.996294710336961,SORBS2,189.507849029497,215.249396357215
100.592698313388,0.141656764051602,0.534216699902102,0.26516723284308,0.790880636015985,0.996294710336961,SOS1,99.0222581072656,102.163138519511
203.90400565809,0.498196747914183,0.344565508470691,1.44586946652137,0.148213817429353,0.974401534329554,SOS2,168.323844270937,239.484167045243
102.168408709207,-0.559053050347709,0.515690125229094,-1.08408717366723,0.278326149268153,0.982783504448174,SOWAHC,120.46527177763,83.8715456407842
395.566304236269,-0.0379906580921589,0.31600913531351,-0.120220126087395,0.904308775088658,0.996577394764533,SOX12,407.317743956789,383.814864515748
51.0190857035083,0.780911878480831,0.869694077520745,0.897915598904608,0.369230547774006,0.992443630108828,SOX13,38.3349231602196,63.703248246797
960.393278254215,-0.31564388177197,0.192607724793222,-1.63879139380747,0.101256712147485,0.961015869502668,SOX17,1074.16640341561,846.620153092824
403.969503543482,-0.76493738920679,0.351321759612722,-2.17731287139748,0.0294572314732336,0.735915380143775,SOX18,509.321808949164,298.6171981378
4952.27166339276,-0.0971037852319369,0.113676680061718,-0.854210249447966,0.39298850519703,0.992443630108828,SOX4,5109.3391293302,4795.20419745532
537.0940312324,-0.0568759718733187,0.305231612373072,-0.186337094742996,0.852180419437776,0.996294710336961,SOX7,544.463403043711,529.72465942109
188.421216042045,-0.264478742273501,0.375457547021225,-0.704417168789926,0.481173017099347,0.994447194724684,SP1,206.199728171248,170.642703912841
80.641970058615,0.143069686540944,0.542113381506427,0.263911003530999,0.791848496566344,0.996294710336961,SP100,76.5229066896738,84.7610334275562
127.08222476869,0.918462220169111,0.433011048316252,2.12110574023577,0.0339129050031078,0.763767305220832,SP2,92.6492597802059,161.515189757174
69.4812418657434,-1.69809175577414,0.733274464808622,-2.31576556564986,0.0205710723083238,0.714845395677829,SP3,89.4059361557019,49.5565475757849
45.4221198840819,-0.278580152476771,0.763714918372653,-0.364769818914076,0.715283236050199,0.996294710336961,SP4,51.626022270784,39.2182174973798
57.2175941537656,-0.808969917974609,0.646688495021989,-1.2509421834497,0.210955572088527,0.98168489642748,SPA17,64.781460600333,49.6537277071981
135.837824627981,2.21612317151961,0.491471159025868,4.50916219766004,6.50841365916708e-06,0.0100978037921977,SPAAR,74.5260212199308,197.149628036031
287.663912753268,0.499810942022555,0.301069526075435,1.66011800841419,0.0968907147829635,0.949811592024065,SPAG9,239.471544413651,335.856281092886
32620.4067876125,-0.0475402681374064,0.0631306905684929,-0.753045273373465,0.451422708873603,0.994447194724684,SPARC,33166.6361359126,32074.1774393124
437.930347279764,0.138185883471639,0.236262122524688,0.584883780755839,0.558625865085765,0.996294710336961,SPART,418.218356830828,457.642337728699
77.4444642791613,-0.179085505497186,0.580017019398172,-0.308759052765393,0.757504819338045,0.996294710336961,SPATA13,82.6668812901042,72.2220472682184
80.8786627827892,-0.23435319570358,0.541532826861547,-0.432758983535263,0.665189874085465,0.996294710336961,SPATA2,85.4324679426581,76.3248576229204
36.3883724268158,-0.312098594814355,0.793087579742134,-0.393523493226096,0.69393287567961,0.996294710336961,SPATA33,40.3826310045987,32.3941138490329
19.0233891141178,-1.15199177728277,1.30312904112589,-0.884019725542658,0.376685564684593,0.992443630108828,SPATA6,22.8339218747781,15.2128563534575
432.70799572939,0.213541911900485,0.264294427037355,0.807969786931239,0.41910797506558,0.992443630108828,SPATS2,401.382245498965,464.033745959815
594.572051866063,0.0946757686857214,0.256045776410568,0.369761102928365,0.711560499669457,0.996294710336961,SPATS2L,571.116846607817,618.02725712431
63.8545398707299,-0.490535192986636,0.603411178715966,-0.81293686674893,0.416254255932082,0.992443630108828,SPC24,70.9623749065601,56.7467048348998
948.156529490316,-0.247132707533698,0.175564685309535,-1.40764474984239,0.15923628952441,0.974401534329554,SPCS1,1028.80211488493,867.510944095697
786.911402655181,-0.0876357918183491,0.188959410598656,-0.463781039222677,0.642804629219523,0.996294710336961,SPCS2,807.134265663292,766.68853964707
1555.83981760566,-0.0641540193571695,0.139596086766362,-0.459568895111954,0.645825689892736,0.996294710336961,SPCS3,1593.1007930752,1518.57884213611
35.7507406118302,0.0628387491717457,0.802989703865915,0.078255983693458,0.937624429962754,0.998879356112684,SPECC1,30.5109141424224,40.9905670812379
279.058714467575,0.120114717209547,0.296639282108323,0.404918446255158,0.685537458788882,0.996294710336961,SPECC1L,268.069500056137,290.047928879012
31.5094097601742,-0.0486153170218415,0.908838826249625,-0.0534916814925869,0.95734015836915,0.998879356112684,SPICE1,32.721726128527,30.2970933918213
45.4900407769666,-0.714383369880221,0.769871586743094,-0.927925360776577,0.353446288115616,0.990443880456887,SPIDR,54.2868328899967,36.6932486639364
429.266778971493,-0.159547076020362,0.259779817158718,-0.614162708117097,0.5391078134714,0.996294710336961,SPIN1,457.105434088299,401.428123854686
377.013644628737,-0.334492080715251,0.260673915708652,-1.28318201614428,0.199428315010097,0.98168489642748,SPIRE1,421.059364289407,332.967924968068
6481.51367410951,-0.065306325939266,0.0803829441759397,-0.812440084258739,0.416539153484249,0.992443630108828,SPOCK1,6637.12043885741,6325.90690936161
810.038111282982,0.110564060108121,0.185721213546064,0.595322731297457,0.55162776415846,0.996294710336961,SPOP,781.493146377007,838.583076188957
169.039182307949,0.501180960129712,0.373517398925778,1.34178745507194,0.179664920912628,0.98168489642748,SPOPL,136.205092988953,201.873271626945
121.582211321075,-0.307871553971967,0.440413675346331,-0.699050849703665,0.484520253141192,0.994447194724684,SPOUT1,136.635308233875,106.529114408276
330.711310719356,-0.00937859558206438,0.271149095214039,-0.0345883344167574,0.972408003722005,0.998879356112684,SPPL2A,330.856293408879,330.566328029833
142.553414029514,-0.579968995827494,0.465347342410785,-1.24631418935993,0.212649070583585,0.98168489642748,SPPL2B,171.595063723748,113.511764335279
382.085377653121,0.172607322657632,0.265902220114749,0.649138328304083,0.516248969723647,0.994447194724684,SPPL3,362.145019482261,402.025735823981
263.057152546237,0.0591331610448191,0.325011420508582,0.181941794390753,0.855628404672487,0.996294710336961,SPRED1,256.358090897867,269.756214194608
447.416442917289,-0.0835931101770828,0.236353758906288,-0.353677938374682,0.723580257947343,0.996294710336961,SPRING1,461.862397589565,432.970488245013
69.8081740644363,-0.347948561439978,0.768451680753035,-0.452791724131581,0.65069872344782,0.996294710336961,SPRTN,80.4296058758656,59.186742253007
140.72040942255,0.101742578506448,0.448683556124553,0.226757983700665,0.820611936796585,0.996294710336961,SPRY2,132.16608216456,149.274736680541
63.2405836712844,0.830752403860332,0.605051573671804,1.37302742445383,0.169743821210556,0.98168489642748,SPRY4,50.0821092287534,76.3990581138155
329.215929534764,-0.345427296687524,0.277860910183684,-1.24316621744014,0.213806588745756,0.98168489642748,SPRYD3,368.13224312791,290.299615941618
72.513593038173,-0.241776501598538,0.605969821558346,-0.398990994265641,0.689899840013345,0.996294710336961,SPRYD4,88.4851033253697,56.5420827509763
368.698562765682,0.337048608336479,0.26684287170571,1.26309766561123,0.206554082845081,0.98168489642748,SPRYD7,327.873543212325,409.52358231904
189.291539765749,-0.375423776255482,0.352943714649698,-1.06369304983401,0.287467773985483,0.982783504448174,SPSB1,222.527219408832,156.055860122667
2034.30696695404,-0.140473221717711,0.127153948499976,-1.10474919084197,0.269268282089755,0.982783504448174,SPTBN1,2128.6484946617,1939.96543924639
58.9507979160245,-0.7431318782834,0.720356391898221,-1.03161696993507,0.302251587448237,0.986152964913951,SPTBN2,78.6656461140368,39.2359497180122
846.798908511598,0.120879627231972,0.183871679252451,0.657412972587294,0.510915412523784,0.994447194724684,SPTLC1,805.370322651571,888.227494371625
847.268269240202,-0.0802772872926595,0.196511884931225,-0.408511105171856,0.68289847921392,0.996294710336961,SPTLC2,866.82009621329,827.716442267114
330.124760610984,0.0170514531526044,0.284992808304648,0.0598311699654433,0.952290099995886,0.998879356112684,SPTSSA,327.359935460615,332.889585761353
142.5743597199,-0.672036557649215,0.4156560314945,-1.61680934890537,0.10591944076152,0.961015869502668,SPTY2D1,174.189355049724,110.959364390076
3202.26734225269,0.0452463144403639,0.103012354232339,0.439231922981909,0.66049349623935,0.996294710336961,SQSTM1,3142.63207138146,3261.90261312392
359.49242040828,-0.260421678131789,0.261623974128034,-0.995404488444716,0.319539576479589,0.986152964913951,SRA1,391.917673345334,327.067167471226
95.3658770364078,0.723561410545548,0.543024129575025,1.33246640644093,0.182706973319856,0.98168489642748,SRBD1,81.5890526474095,109.142701425406
100.889181684775,-0.431735066432839,0.504251629820074,-0.856189729296244,0.391892842700598,0.992443630108828,SRD5A1,109.336610233503,92.4417531360475
386.940461014611,-0.235744646020612,0.270405493980049,-0.871818995060823,0.383307130363038,0.992443630108828,SRD5A3,420.762204381066,353.118717648155
137.325161206665,-0.278494331950658,0.429983608690349,-0.647685926444733,0.517188108605889,0.994447194724684,SREBF1,151.739589342538,122.910733070793
142.703340790686,-0.494898953778793,0.430905008971116,-1.14851056143552,0.250757855571023,0.98168489642748,SREBF2,161.084504485959,124.322177095413
155.084508969255,0.0344542765459289,0.408352696349053,0.0843738191371657,0.932759222348188,0.997536400808694,SREK1,151.020876217178,159.148141721332
391.327969569718,-0.146852336299278,0.282988259124167,-0.518934378245154,0.603806503177216,0.996294710336961,SREK1IP1,415.220038580956,367.435900558479
1201.33756920032,0.00511227178872691,0.150870218848798,0.0338852281632231,0.972968672642398,0.998879356112684,SRF,1189.70253730035,1212.97260110029
38.4701112364727,-1.1394065446297,0.782019616811593,-1.45700506756496,0.145114981382559,0.974401534329554,SRFBP1,54.8333343761717,22.1068880967738
79.5856621977702,-0.228443075481474,0.566291125180335,-0.403402181887852,0.686652381900402,0.996294710336961,SRGAP1,86.4843692455823,72.6869551499581
199.843252547916,0.113152730504858,0.366402094597127,0.308821188998043,0.757457549980519,0.996294710336961,SRGAP2,193.008026963623,206.678478132208
35.82647283273,-0.139224272803142,0.845726822527416,-0.16462085521549,0.869242415086058,0.996577394764533,SRGAP2C,37.4993877052426,34.1535579602174
12392.0223923585,0.00667257859611166,0.0688738878063378,0.0968811084815463,0.922820811472856,0.996577394764533,SRGN,12370.8997477891,12413.1450369278
1733.09379710772,0.171225267578272,0.126886828987992,1.34943294701198,0.177197944193818,0.98168489642748,SRI,1639.9487632963,1826.23883091915
2274.78403725298,-0.243725082257079,0.11442834048274,-2.12993635343197,0.0331768683242817,0.763767305220832,SRM,2444.72508485747,2104.84298964849
4221.11470018046,0.0448037336788148,0.116628613212424,0.384157304496202,0.700861860957873,0.996294710336961,SRP14,4155.52917068734,4286.70022967358
651.624449437447,0.167056232351335,0.197544554937087,0.845663563870635,0.397740454843873,0.992443630108828,SRP54,619.513777897654,683.73512097724
427.701145484727,-0.121228633019756,0.267667248223372,-0.4529079811759,0.650615003624157,0.996294710336961,SRP68,448.732333761315,406.669957208138
726.486406466174,-0.00211288518087353,0.205548087578475,-0.0102792743331502,0.991798470147275,0.998987745956335,SRP72,727.7143554991,725.258457433248
774.841832912218,0.041090664872559,0.202287985949202,0.203129536733228,0.839033785979699,0.996294710336961,SRP9,765.696400963064,783.987264861372
423.288830466218,0.00403230885587226,0.257409549113881,0.015664954426723,0.987501685881205,0.998987745956335,SRPK1,419.7655753965,426.812085535935
53.8967210109509,0.177130177494061,0.705569776477352,0.251045585283437,0.801778865468334,0.996294710336961,SRPK2,49.7432581913834,58.0501838305183
407.935830429415,0.0644211601148553,0.24540647568792,0.26250798775489,0.792929827898938,0.996294710336961,SRPRA,400.801319132621,415.070341726209
1325.95227495939,-0.198471605220838,0.14294599337643,-1.38843769267592,0.165003805397245,0.977539653561902,SRPRB,1414.19236291415,1237.71218700463
840.426278399122,-0.0169086924449544,0.177693743228248,-0.0951563748827961,0.924190620492255,0.996577394764533,SRPX,847.2736920436,833.578864754644
1418.06442770001,0.0231520589678787,0.197079650601824,0.117475644477647,0.906483143281407,0.996577394764533,SRPX2,1414.5283753938,1421.60048000621
55.6898759434732,0.0378931217808854,0.680322060103248,0.0556987991468844,0.955581756161223,0.998879356112684,SRR,62.5505669972202,48.8291848897262
266.175315337544,0.203264984544348,0.394971191284568,0.514632431502833,0.606809897798607,0.996294710336961,SRRD,245.028236210104,287.322394464984
1254.14316231982,0.219986929332988,0.153070340263819,1.43716234610727,0.150671869334617,0.974401534329554,SRSF1,1147.00216367412,1361.28416096551
627.300201993143,-0.0560455314432494,0.208755168399172,-0.268474940635155,0.788333761525683,0.996294710336961,SRSF10,635.207960754146,619.392443232139
671.322074788476,0.146239340881106,0.204406548602025,0.715433736743096,0.474341072263415,0.994447194724684,SRSF11,643.373246641481,699.27090293547
1698.23545067273,0.0599994129809862,0.129941731883058,0.461740905800632,0.64426713296468,0.996294710336961,SRSF2,1651.84728719343,1744.62361415202
1567.6506348399,-0.11718165655397,0.13283132903166,-0.882183874905296,0.3776773805171,0.992443630108828,SRSF3,1636.10476179214,1499.19650788767
334.368246473331,-0.257243467984774,0.315095180396828,-0.816399246922165,0.414271827206969,0.992443630108828,SRSF4,363.350223851623,305.386269095038
487.408982703948,0.125354373534976,0.238643755443187,0.525278247076607,0.599389777012823,0.996294710336961,SRSF5,468.417499249903,506.400466157993
699.786249186547,-0.184248293227234,0.228688027220403,-0.805675292522685,0.420430099394967,0.992443630108828,SRSF6,723.322704837992,676.249793535101
1287.14494896573,0.174551276619966,0.164249061148275,1.06272313156415,0.287907527660428,0.982783504448174,SRSF7,1219.13614863971,1355.15374929175
449.740883104529,-0.438843501642946,0.235635176399428,-1.86238535497373,0.0625487919388813,0.891663350651627,SRSF8,523.712310592224,375.769455616834
587.740645710001,0.142270292699603,0.239360791861112,0.594375927625417,0.552260705352135,0.996294710336961,SS18,561.668735568623,613.812555851379
49.7359038886496,-0.642888951322518,0.762956502172215,-0.842628576455076,0.399436203827067,0.992443630108828,SS18L1,59.7477289106296,39.7240788666696
317.431918727431,0.321809708659922,0.300035796623898,1.07257104745844,0.283463620826328,0.982783504448174,SS18L2,283.499910703519,351.363926751344
747.926573954867,0.211701623397727,0.184919413423726,1.1448317917418,0.252278843086607,0.98168489642748,SSBP3,692.052425117691,803.800722792043
980.75400022416,0.126507325709314,0.191502868911649,0.660602770226272,0.50886709200353,0.994447194724684,SSBP4,938.820288515525,1022.68771193279
243.069564327117,-0.249908907295333,0.339100422376871,-0.736976101485326,0.461136882763057,0.994447194724684,SSH1,264.567177768557,221.571950885677
205.10599931774,-0.296506291656204,0.388525544995243,-0.763157778106544,0.445369305687394,0.994447194724684,SSH2,224.035315042344,186.176683593137
16.9514745151083,0.897950588855592,1.64387968446875,0.546238631293615,0.584901914457164,0.996294710336961,SSPN,21.4494456020405,12.4535034281762
1223.61309446066,0.0327325250149517,0.159169547530423,0.205645649703787,0.837067716249509,0.996294710336961,SSR1,1216.00297967561,1231.22320924572
7894.08449981776,-0.043877914552362,0.0759585907484211,-0.577655721624536,0.563496578888388,0.996294710336961,SSR3,8025.25636583647,7762.91263379905
865.754427522559,-0.0603398699374109,0.180220085613735,-0.334812125584809,0.737766813029636,0.996294710336961,SSU72,885.292704212198,846.21615083292
37.7305529364457,0.357608248029093,0.801974352819115,0.4459098308718,0.655662380654203,0.996294710336961,SSX2IP,35.249560155891,40.2115457170003
1499.58906149397,-0.00962376591297358,0.134703141113153,-0.071444257598191,0.94304418710873,0.998879356112684,ST13,1505.35487333983,1493.82324964811
637.987683465129,-0.000772297276440754,0.229995039005985,-0.0033578866734628,0.997320799101164,0.999437865096263,ST3GAL1,638.265960767842,637.709406162417
340.840635668647,-0.0977167602744962,0.277180021751317,-0.352538973253154,0.724434095665561,0.996294710336961,ST3GAL2,351.247078923315,330.434192413979
57.898024112235,0.145321772692096,0.713592864947162,0.203648018121449,0.838628566327651,0.996294710336961,ST3GAL5,54.382253317608,61.4137949068621
183.61761629026,-0.10994083570167,0.35931933612716,-0.305969717317865,0.759627702820585,0.996294710336961,ST3GAL6,190.897544317827,176.337688262692
110.174690520512,-0.00539103070829941,0.51604906512948,-0.0104467405767837,0.991664858591774,0.998987745956335,ST6GALNAC3,99.1588470749615,121.190533966062
326.49847814779,0.165772764667767,0.297226433593481,0.5577322402438,0.577027238804252,0.996294710336961,ST6GALNAC6,307.594831854962,345.402124440617
65.431745721863,-0.456676073708332,0.662980924492644,-0.688822342901963,0.490935073498019,0.994447194724684,ST7,75.0917430070924,55.7717484366335
46.3453287984123,-0.697092997697541,0.853138621021836,-0.81709229956394,0.413875683211493,0.992443630108828,ST7L,55.4911894427556,37.1994681540689
55.5310381689503,1.94932403774265,0.797829739059946,2.44328324993183,0.0145543092663587,0.650593284178309,ST8SIA4,26.4516809616636,84.610395376237
75.6389226126733,-1.11498983275986,0.613803735020768,-1.81652500488961,0.0692898758072643,0.904997639926701,STAG1,107.169171510217,44.1086737151299
533.110161225517,-0.10288858119524,0.249497474420572,-0.41238325732229,0.680058532903349,0.996294710336961,STAG2,555.315343269261,510.904979181773
152.633003319468,1.21913419836842,0.413383388462913,2.94916107514997,0.00318637855818465,0.436739268595703,STAM,99.3998367277897,205.866169911146
172.090916201773,0.0605195235806423,0.405095144117387,0.149395825794212,0.881241305303378,0.996577394764533,STAM2,168.203577303666,175.97825509988
136.893948348496,-0.19348553569988,0.456892064131587,-0.423481935646305,0.671943675611895,0.996294710336961,STARD13,147.679412850335,126.108483846656
200.3859435935,0.436205817903612,0.354991875720913,1.2287769037468,0.219155463306712,0.98168489642748,STARD3,171.949419194466,228.822467992533
584.730175814174,0.25170808588505,0.224729244622343,1.12005042471461,0.262692274790394,0.982783504448174,STARD3NL,536.15188235108,633.308469277269
158.28722190162,0.305007957328228,0.418966989034208,0.727999974488024,0.466613601909601,0.994447194724684,STARD4,147.514470710701,169.059973092539
577.088611523029,-0.044605117500265,0.212586448992888,-0.20982107613904,0.833807322824841,0.996294710336961,STAT1,593.206540613239,560.970682432818
2129.61928559406,-0.116545134521292,0.134190682295589,-0.868503926856645,0.385118523521355,0.992443630108828,STAT3,2214.0969776228,2045.14159356531
55.0343901764018,0.315546606168838,0.824489348521728,0.382717626048897,0.701929144011456,0.996294710336961,STAT5A,56.7153946290154,53.3533857237883
158.480123463918,-0.135472530011538,0.455304895182779,-0.297542441218766,0.766052410882255,0.996294710336961,STAT5B,174.629071515767,142.331175412069
239.645780706208,0.363627140198421,0.360685281912878,1.00815630255258,0.313379431976743,0.986152964913951,STAT6,208.537240681645,270.75432073077
925.048331326413,-0.112069566266037,0.171295220975328,-0.654248061492496,0.51295200191374,0.994447194724684,STAU1,959.045663299057,891.050999353769
88.2724523195727,-2.48971303713014,0.741663463063212,-3.35693095470438,0.000788127912455185,0.25742746445773,STAU2,123.400171768807,53.1447328703387
3876.72070625078,0.144376083374747,0.0970554394209944,1.48756302826564,0.13686616974749,0.974401534329554,STC2,3705.47071988033,4047.97069262124
33.527870792054,-0.110492085808618,0.9047415314866,-0.12212558168637,0.9027995622627,0.996577394764533,STEAP3,32.5938008140776,34.4619407700304
104.748123832436,-0.00345335596770342,0.480328175836893,-0.00718957608865337,0.994263597659299,0.998987745956335,STEEP1,103.189805828515,106.306441836357
111.968582875385,1.23090839382072,0.558384967848217,2.20440818556439,0.0274956505265617,0.726566203087928,STIM2,70.0123292136133,153.924836537157
298.424455409301,0.127758412176381,0.293311168167258,0.435572954738387,0.663146596740407,0.996294710336961,STIMATE,283.371134321776,313.477776496825
539.83883561452,0.0953757763747251,0.224921926543262,0.424039478233708,0.671537022320408,0.996294710336961,STING1,523.52095902213,556.156712206909
101.751690466545,0.581177506430204,0.495909814284295,1.17194193316978,0.241220369947515,0.98168489642748,STK10,86.5165726529093,116.98680828018
82.4591219012355,-0.0510558324589228,0.632235049334113,-0.0807545113367192,0.93563718455546,0.998549332304589,STK11,82.9215691234701,81.9966746790008
100.764380496837,-0.11216015341833,0.608340844827072,-0.184370578388852,0.853722749188834,0.996294710336961,STK16,107.235858541647,94.2929024520272
676.397871902671,0.254294917852672,0.229303981142624,1.10898605678592,0.267436197059257,0.982783504448174,STK17A,618.915155874647,733.880587930694
64.9009115968522,-2.88940188937163,0.813531471234396,-3.55167807458936,0.000382782876963054,0.237555053443271,STK17B,99.9922279277559,29.8095952659484
967.946930853845,-0.1563304330591,0.181323902242296,-0.862161199521299,0.388598817820209,0.992443630108828,STK24,1018.67885334754,917.215008360155
2349.39568895501,0.123926219356346,0.119357896451484,1.03827415730905,0.299142436450095,0.986152964913951,STK25,2238.73968880032,2460.0516891097
81.2130179616693,0.334936645401952,0.531077965969929,0.630673209705178,0.528254219465418,0.996294710336961,STK3,71.3478346090415,91.0782013142971
54.102531668998,-0.143433364223142,0.656987174685649,-0.218319884694509,0.827179882372955,0.996294710336961,STK32B,56.8447809678191,51.3602823701768
144.439915360693,0.0412933241476199,0.432577196309936,0.0954588556675414,0.923950369392169,0.996577394764533,STK36,156.611275567824,132.268555153562
455.361972097255,0.379288920236738,0.239580256717069,1.58313930135177,0.113389717540573,0.974401534329554,STK38L,397.552696122447,513.171248072062
111.60001612069,0.603299421707505,0.483096621851898,1.24881730572825,0.211731902798477,0.98168489642748,STK39,88.4447071078457,134.755325133534
141.393043045057,0.046084890076254,0.435153732117639,0.105904848504885,0.915657847154496,0.996577394764533,STK4,139.488516227505,143.297569862609
183.062403622058,0.0428939014214303,0.360506856421587,0.118982207015971,0.905289452379037,0.996577394764533,STK40,189.421534474,176.703272770116
2659.01473742895,-0.165706602128369,0.127608262142194,-1.29855700051555,0.194096002750869,0.98168489642748,STMN1,2805.8453385464,2512.18413631149
749.58842514909,-0.131188194754956,0.190909581689318,-0.687174491683967,0.491972776712932,0.994447194724684,STMP1,785.544186747569,713.632663550611
72.1863841919397,-0.345237321787578,0.732266897724596,-0.471463783028222,0.637309576863229,0.996294710336961,STN1,80.0434677203193,64.3293006635601
806.347278868996,0.0231139449886392,0.218491959634179,0.10578853806492,0.915750131055742,0.996577394764533,STOM,803.382229700358,809.312328037634
41.0440579076775,-1.03194821531791,0.756472688411576,-1.36415792813984,0.172517866259843,0.98168489642748,STPG1,55.1327141320085,26.9554016833466
162.600745888573,-0.00145988767355974,0.381631998413006,-0.00382538067989738,0.99694779526041,0.999437865096263,STRADB,162.802249306338,162.399242470807
90.0324912799511,0.389672974046779,0.534957325566158,0.728418801694844,0.46635725731087,0.994447194724684,STRBP,78.418316773683,101.646665786219
143.916002969538,-0.444458951197261,0.503295720417954,-0.88309702063067,0.377183853778433,0.992443630108828,STRN,165.161225713365,122.670780225711
441.782645657442,-0.0691499440851844,0.287649968420121,-0.240396146973286,0.810023164913331,0.996294710336961,STRN3,451.853383057102,431.711908257782
60.1206986243705,-0.452435794919981,0.673068768796954,-0.672198467518655,0.501457356481183,0.994447194724684,STS,66.7128957028768,53.5285015458642
1274.861926085,0.258336852580947,0.167002284465857,1.54690610016034,0.121885889886606,0.974401534329554,STT3A,1166.4740433496,1383.24980882039
379.359110560944,-0.0538016001122214,0.279160584220902,-0.192726348751469,0.847173286973926,0.996294710336961,STT3B,397.815975365707,360.902245756181
26.33981617906,-0.0632643099369589,0.936427516460819,-0.0675592171576324,0.946136521180881,0.998879356112684,STX11,26.695031201345,25.984601156775
1751.87332651344,-0.446721007902082,0.128452612273543,-3.47771057353647,0.000505715656086957,0.25742746445773,STX12,2034.63918542483,1469.10746760206
346.909122341694,0.408797536962049,0.26490398493522,1.54319134558137,0.12278435651108,0.974401534329554,STX16,308.137392486942,385.680852196447
61.5109783615526,0.163714488408968,0.621687802299863,0.26333874945483,0.79228949559761,0.996294710336961,STX17,56.9369158725862,66.0850408505191
105.130679904425,-0.368254088569552,0.55995387881458,-0.657650750360269,0.510762575663163,0.994447194724684,STX18,117.668485398472,92.592874410378
194.286766647059,-0.352794446009809,0.358355582293742,-0.984481513450028,0.324878816603281,0.986152964913951,STX2,221.119947080393,167.453586213726
402.412993266511,0.138387770193213,0.267000218804402,0.518305830657737,0.604244905471956,0.996294710336961,STX3,382.1685975367,422.657388996322
326.298220049495,0.0803719197763646,0.279720157508057,0.287329738737365,0.773859854016377,0.996294710336961,STX6,316.680376237788,335.916063861202
578.978213813932,0.576079961037165,0.253137904393169,2.27575543227382,0.0228606515722732,0.714845395677829,STX7,463.748794045611,694.207633582253
385.411115518243,-0.128771030152914,0.271210785151502,-0.474800550726552,0.634929140427947,0.996294710336961,STXBP1,409.668235696403,361.153995340083
35.9245103685303,-0.119674568951409,0.840515116933527,-0.142382411143324,0.886777954711838,0.996577394764533,STXBP4,33.4837607708092,38.3652599662514
195.743184813881,-0.336901212005475,0.369523317568656,-0.911718411228218,0.361916969450592,0.992443630108828,STXBP5,215.99753699765,175.488832630111
79.2755349640057,-0.872239911165268,0.558218497231345,-1.56254211476583,0.118160332627376,0.974401534329554,STYK1,92.3355535113171,66.2155164166942
399.407126935354,-0.209207450121305,0.247398028793044,-0.845631030861255,0.397758609085261,0.992443630108828,STYX,425.62331883385,373.190935036858
1436.51136722974,0.0215637064673963,0.144478721866784,0.149251780392126,0.8813549626726,0.996577394764533,SUB1,1425.74716998372,1447.27556447577
17.9243649521674,-2.39725590466053,1.37810381282779,-1.73953216176183,0.0819412001177883,0.941807879236941,SUCLA2,27.5091798790793,8.33955002525558
1056.99530439235,-0.122910765402887,0.16155253779882,-0.760809870755154,0.446770637836597,0.994447194724684,SUCLG1,1103.62904050503,1010.36156827967
193.140631019723,-0.389403332854937,0.366383293351851,-1.0628304835968,0.287858832734463,0.982783504448174,SUCLG2,219.448199342719,166.833062696727
72.2687254413668,0.437619613318564,0.606567027696916,0.721469505159502,0.47062069633123,0.994447194724684,SUDS3,63.516403478263,81.0210474044705
250.32671715111,0.191116083722553,0.308205298701637,0.620093439430337,0.53519627119641,0.996294710336961,SUFU,235.327313711703,265.326120590518
219.642940068397,0.174989486573229,0.342423499690691,0.511032352427025,0.609328402943281,0.996294710336961,SUGP1,214.617366678587,224.668513458206
339.151237351604,0.349546851469467,0.267823417219559,1.30513924099069,0.191845438817154,0.98168489642748,SUGP2,308.266622961626,370.035851741583
1034.08443455052,0.0604801264363194,0.180210385051174,0.335608441317879,0.737166157616881,0.996294710336961,SUGT1,1009.26044926549,1058.90841983554
157.263130380106,0.426214832664173,0.423148313217535,1.00724691402719,0.313816133437615,0.986152964913951,SULF1,134.523753411352,180.00250734886
327.67316854228,0.0740071376294172,0.285617992453519,0.259112309395078,0.795548587537496,0.996294710336961,SULF2,322.221127883405,333.125209201155
540.174209748504,0.0144836293718985,0.221535825935038,0.0653782714861911,0.947872823902824,0.998879356112684,SULT1B1,540.768902865802,539.579516631206
16.5536943616176,0.0460903171381196,1.55543264207704,0.0296318309718466,0.976360679009393,0.998987745956335,SULT1E1,14.084712078349,19.0226766448862
691.567269075354,-0.0906629571934815,0.214879320581234,-0.421924999335648,0.673079762087774,0.996294710336961,SUMO1,712.766269256057,670.368268894652
1614.79019819973,0.133152789523386,0.142027397935568,0.937514813752992,0.348493807355245,0.990443880456887,SUMO2,1541.4698737658,1688.11052263366
3480.07827985433,0.0529349475629616,0.0970078795304091,0.545676782331563,0.585288134316963,0.996294710336961,SUMO3,3410.59378561495,3549.56277409371
63.6774384341787,0.724491795211897,0.644479705852211,1.12414989740272,0.260949440316442,0.982783504448174,SUOX,49.8503328169536,77.5045440514038
474.188703509894,-0.0179910128377402,0.229519155576059,-0.0783856702181805,0.937521271966115,0.998879356112684,SUPT16H,469.308305397893,479.069101621894
270.721731108493,0.182789384834279,0.297423126205428,0.614576906531566,0.538834169295633,0.996294710336961,SUPT20H,258.109707759943,283.333754457042
821.390508554647,-0.124941209049606,0.175494165748948,-0.711939388505599,0.476502309855515,0.994447194724684,SUPT4H1,853.118612115852,789.662404993442
474.901811815649,-0.259147856827268,0.243688523508506,-1.06343890592871,0.287582957083162,0.982783504448174,SUPT6H,520.152978855913,429.650644775386
170.185833933085,0.137192427232768,0.378428606387684,0.362531861801748,0.716954618245119,0.996294710336961,SUPT7L,162.854284597058,177.517383269113
4711.78458896289,0.0837916388611232,0.0907149235745753,0.923680862633803,0.355652498816495,0.990443880456887,SURF4,4583.69022711672,4839.87895080907
195.85192552185,0.183000785452219,0.3927137456949,0.465990272707165,0.641222463262491,0.996294710336961,SUSD1,185.387759415307,206.316091628394
254.098136050816,0.289944951098652,0.30967845008827,0.936277454940783,0.349130352825293,0.990443880456887,SUSD5,232.554980148543,275.64129195309
177.26466777366,0.653915694189628,0.367488680447626,1.77941724189467,0.0751713817730694,0.926371049184813,SUSD6,137.720952713213,216.808382834108
431.537955163337,-0.273637627247428,0.247860570781226,-1.10399821312828,0.269593912813971,0.982783504448174,SUZ12,466.7832240557,396.292686270975
352.670187445655,0.161704640810508,0.275132804365632,0.587733044713978,0.556711491713041,0.996294710336961,SVBP,333.840556375682,371.499818515628
448.481025018285,-0.15276416651654,0.279774662349657,-0.546025738119266,0.585048245134726,0.996294710336961,SVIP,472.171371585401,424.790678451168
899.653638640961,0.148300930326789,0.182640542935443,0.811982531059428,0.416801655352945,0.992443630108828,SWAP70,856.877367990555,942.429909291367
31.7459657854143,0.534334022684982,1.12304288067445,0.475791291570351,0.634223074581754,0.996294710336961,SWT1,37.6220152593668,25.8699163114617
1019.27927104523,-0.142274281239181,0.171215686704696,-0.830965222740182,0.405993275997433,0.992443630108828,SYAP1,1075.05654948598,963.501992604479
403.831997523955,-0.427229780345658,0.25458101205545,-1.67816828480752,0.0933142512632764,0.948038963233236,SYF2,459.485152189946,348.178842857963
209.639212772584,0.107922303526209,0.362242909699956,0.297927994272133,0.765758121281961,0.996294710336961,SYNC,203.034720402642,216.243705142526
593.499842766852,0.0092960305613598,0.242956526937996,0.038262114949199,0.969478696544337,0.998879356112684,SYNCRIP,592.317722954583,594.681962579121
53.9267612557514,-0.577032214234428,0.678932143248856,-0.849911467548418,0.395374309464328,0.992443630108828,SYNE3,64.5564947191084,43.2970277923943
1235.16764222704,-0.20273013691059,0.164386835130561,-1.23325044094666,0.217482341608371,0.98168489642748,SYNJ2,1321.79598633984,1148.53929811423
235.712284544548,0.380462247252076,0.322891907007348,1.17829601484381,0.238678615992179,0.98168489642748,SYNJ2BP,204.260684842077,267.16388424702
852.098012194003,-0.101481197417129,0.2071287894972,-0.489942502263795,0.624174586228607,0.996294710336961,SYPL1,886.264880380766,817.93114400724
446.777561360109,-0.159386785189179,0.233150249665234,-0.683622622828122,0.494213495453501,0.994447194724684,SYS1,473.236716588986,420.318406131231
75.4764062657151,-0.338245772958892,0.639782483672384,-0.528688705288309,0.597021413630963,0.996294710336961,SYT1,84.8451900147155,66.1076225167148
778.324349733254,-0.155894449986402,0.184103101259525,-0.846777967996536,0.397118890792403,0.992443630108828,SYT11,821.702734675926,734.945964790582
47.4215963840297,0.00308312310055835,0.810399269887721,0.00380444950423698,0.996964495800782,0.999437865096263,SYT14,47.4893592972087,47.3538334708508
27.6992248016023,1.12408070107096,1.08699688292736,1.03411584589252,0.301082009249173,0.986152964913951,SYT5,10.8433704417997,44.5550791614049
197.132874146109,-0.0876725404428808,0.351776491724614,-0.249227968625927,0.803184446030278,0.996294710336961,SYTL4,207.249697606769,187.016050685448
479.898324905414,-0.24039612915708,0.24145375751784,-0.995619747766067,0.319434936059132,0.986152964913951,TAB2,521.226424425545,438.570225385284
22.0952051674704,1.14985068591019,1.08380422807662,1.06093947239048,0.288717409253883,0.983413963682544,TAB3,11.7908074396225,32.3996028953182
3323.75318301036,-0.0816130191442738,0.104794824218469,-0.778788644887012,0.436104227757289,0.994447194724684,TACC1,3447.79091563707,3199.71545038365
131.436164208082,0.202201463757067,0.442695201733025,0.456750972148572,0.647850049079138,0.996294710336961,TACC2,132.201132126552,130.671196289612
164.693221118431,-0.37085912508548,0.409380274599867,-0.9059037479223,0.364986800404768,0.992443630108828,TADA2B,182.931207978486,146.455234258377
311.949566215897,0.122741487734317,0.278755564657149,0.440319417068071,0.659705779456543,0.996294710336961,TAF1,299.337541553489,324.561590878306
259.917083087964,0.00977398541316342,0.30215494775997,0.0323475934636285,0.974194854949225,0.998987745956335,TAF12,262.252516310447,257.581649865481
13.8628590332458,0.458260043809177,1.58302943235447,0.289482958713913,0.772211818892124,0.996294710336961,TAF1B,17.011027161012,10.7146909054797
98.0821854303849,0.162759998263435,0.48668531710189,0.334425536469102,0.738058472280943,0.996294710336961,TAF1C,94.4595283529797,101.70484250779
46.7246928631747,0.0490535783296308,0.734468833581438,0.0667878282737122,0.946750613403762,0.998879356112684,TAF3,46.8028377051024,46.646548021247
30.1567068414457,-0.468973412455852,0.882313990045413,-0.531526664823386,0.595053868483657,0.996294710336961,TAF5,32.6780411374692,27.6353725454223
34.5701720685708,0.671303992850552,0.929689577787253,0.722073269282331,0.470249431637311,0.994447194724684,TAF8,27.2961799240534,41.8441642130882
20876.9205305907,-0.144573057910348,0.0770249753969215,-1.87696337668842,0.0605231135293679,0.888761578890916,TAGLN,21986.4117232713,19767.42933791
316.726397503559,0.0484008719379878,0.286540150385118,0.168914799105591,0.865863658463359,0.996577394764533,TAL1,309.567135643424,323.885659363694
661.497233287478,0.0226017272262232,0.214568578978673,0.105335680246406,0.916109451707154,0.996577394764533,TANC1,640.791909797663,682.202556777293
351.775591275965,0.111130826031025,0.272798327434913,0.407373560813122,0.683733642514797,0.996294710336961,TANK,337.654913047091,365.896269504838
792.338669683953,-0.296059945545412,0.194707532584851,-1.52053668194061,0.128376146763316,0.974401534329554,TAOK1,866.672437631205,718.004901736701
246.356133071049,-0.319928034797254,0.330889643652777,-0.966872312065997,0.333607869526789,0.986152964913951,TAOK2,274.53238644163,218.179879700468
381.639145221031,0.415358127203093,0.277677759239069,1.4958278557898,0.134698520354819,0.974401534329554,TAOK3,327.84848906265,435.429801379413
169.735500322513,-0.246595620374226,0.408215143963052,-0.604082489395703,0.545788800766105,0.996294710336961,TAPT1,182.436534173015,157.034466472012
53.2263493939815,-0.501230573295925,0.842892686843914,-0.594655264091456,0.552073930988808,0.996294710336961,TARBP1,61.6596168591837,44.7930819287794
994.819497622755,0.182285396817574,0.193553497609121,0.941783016423174,0.346303742111645,0.988142440035739,TARDBP,928.855064847462,1060.78393039805
26.3220298406837,2.2877915806881,1.04162277621734,2.19637246124381,0.0280652951026989,0.726566203087928,TARS3,13.8252593223317,38.8188003590357
193.866593643126,-0.0319322349740799,0.36217566456528,-0.0881678094313934,0.929743302004131,0.997480238800445,TASOR,203.94971775894,183.783469527312
82.87954772383,0.819910745435876,0.569339688883968,1.44010818399659,0.149836794043885,0.974401534329554,TASOR2,60.8266917246756,104.932403722984
39.3172192247186,0.0602688090977322,0.860821721927487,0.0700131137058006,0.944183222023876,0.998879356112684,TASP1,38.403437940829,40.2310005086082
293.136843954863,0.0200561740966643,0.286878406235636,0.0699117593402641,0.944263893432593,0.998879356112684,TATDN2,289.70765028667,296.566037623056
21.0076716285291,-0.920495504347684,1.09026212730986,-0.844288250770424,0.398508349975345,0.992443630108828,TATDN3,27.5194485467266,14.4958947103317
1614.07836728533,0.265938876831456,0.134327773344603,1.97977581411419,0.0477287252094819,0.855932271597061,TAX1BP1,1473.42789272509,1754.72884184556
533.198884740447,-0.181976716399459,0.237094469482959,-0.767528305473776,0.442767470564188,0.994447194724684,TBC1D1,569.553314665103,496.844454815791
45.5633585247121,-0.412759623367669,0.792139336686018,-0.521069468781191,0.602318378740165,0.996294710336961,TBC1D12,53.2568377025706,37.8698793468536
214.149115600021,0.366429194386689,0.342526028222078,1.06978496287912,0.284716112328481,0.982783504448174,TBC1D14,186.665316926594,241.632914273448
74.2844310280073,-1.45990789544558,0.576942539063094,-2.53042165657666,0.0113925523834032,0.62676812170277,TBC1D15,105.345972203431,43.2228898525835
496.672286867452,0.161631132799301,0.24790653282643,0.651984160951767,0.514411390287886,0.994447194724684,TBC1D16,469.554123593342,523.790450141562
64.2132103416909,-0.0316701345844398,0.631797330705892,-0.0501270471482613,0.960021146319035,0.998879356112684,TBC1D19,64.175484960349,64.2509357230329
444.27842823392,-0.397907606968542,0.369002935364743,-1.07833182024752,0.280885701525321,0.982783504448174,TBC1D20,505.599563434375,382.957293033465
175.147454009391,0.479012398110431,0.372677526254244,1.28532676205338,0.198678122037002,0.98168489642748,TBC1D22A,150.491700412151,199.803207606631
171.088287207982,1.00993245896966,0.373858421045823,2.70137678360835,0.00690530613833707,0.57568719552672,TBC1D22B,111.906825717036,230.269748698928
231.136164862976,-0.412964017356074,0.3564139479818,-1.15866401888728,0.246593162696637,0.98168489642748,TBC1D23,260.975555256802,201.29677446915
252.458085277178,0.179127164565014,0.380676234558499,0.470549901211359,0.637962191072662,0.996294710336961,TBC1D24,237.211449821997,267.70472073236
111.148171304248,-0.18709760620066,0.665481754143971,-0.281146109619984,0.778598336432273,0.996294710336961,TBC1D25,124.009109329322,98.2872332791747
198.402449237448,-0.115750745479213,0.352367029178495,-0.328494824697626,0.742537556686956,0.996294710336961,TBC1D2B,207.512765989323,189.292132485573
44.4061780913581,0.143442182098893,0.726084394345066,0.197555798218579,0.843392621019743,0.996294710336961,TBC1D30,41.4664223612652,47.3459338214511
481.000933344461,-0.0534731651302517,0.235567013958796,-0.226997677780154,0.820425547903969,0.996294710336961,TBC1D4,487.873120544921,474.128746144001
348.080799914729,-0.0796513572720297,0.265133864305804,-0.300419403159153,0.763857265247017,0.996294710336961,TBC1D5,361.066889360055,335.094710469402
32.2994491237801,-0.916921108899401,1.24156933235335,-0.738517845927627,0.460199826700257,0.994447194724684,TBC1D8B,37.2713541599181,27.3275440876422
302.056408593667,-0.230651680146424,0.294904162358174,-0.782124193507611,0.434141589682498,0.994447194724684,TBC1D9,328.651692245017,275.461124942318
589.835173915329,-0.0294769843047339,0.209135159762807,-0.140947052318537,0.887911770769154,0.996577394764533,TBC1D9B,589.023191855165,590.647155975492
3356.97827994366,-0.119436643840357,0.0986888812271572,-1.21023404415177,0.226189098109682,0.98168489642748,TBCA,3489.16930518458,3224.78725470274
93.8020171698465,0.412323106470977,0.555399095886867,0.742390669204412,0.457850671248751,0.994447194724684,TBCC,81.5850083014231,106.01902603827
62.1206654178504,0.118365380596432,0.607693989470919,0.194777935354413,0.845566796485705,0.996294710336961,TBCCD1,60.8489128191032,63.3924180165976
31.7372663977551,-0.477734155762341,0.875707369327724,-0.545540865014183,0.585381582855331,0.996294710336961,TBCD,37.3126014447351,26.1619313507751
192.817095985257,0.117601926704401,0.376122732870365,0.312669021111612,0.754532133865294,0.996294710336961,TBCE,184.468595219345,201.165596751169
45.2416933546927,-0.277601292972437,0.726511877653046,-0.382101520307158,0.702386064184915,0.996294710336961,TBCEL,50.8443784798879,39.6390082294976
137.173969364406,0.525315134078372,0.418014076554843,1.25669245018703,0.208865023014431,0.98168489642748,TBCK,114.034246821697,160.313691907115
138.741556946437,0.455742148686045,0.415036699628147,1.09807674621152,0.272170978446362,0.982783504448174,TBK1,116.460982436881,161.022131455994
251.161318342783,-0.278340079768019,0.310197670975982,-0.897299063826854,0.369559355908502,0.992443630108828,TBL1X,273.874923473364,228.447713212203
408.603254202511,-0.411096535495834,0.281813780441689,-1.45875242456745,0.144633261295839,0.974401534329554,TBL1XR1,460.018034240316,357.188474164707
192.749604764756,0.222569020588834,0.360088450509418,0.618095415928961,0.536512443865995,0.996294710336961,TBL2,175.936835321663,209.562374207848
116.901281918095,-0.184379255435545,0.45493582438584,-0.405286296555026,0.685267078150347,0.996294710336961,TBL3,123.646510927856,110.156052908335
124.374850470773,-0.069549957330002,0.563133585950817,-0.123505255351749,0.901707012984834,0.996577394764533,TBP,129.320234289286,119.429466652259
341.411510297671,-0.492040865360127,0.350480850183268,-1.403902281973,0.160347950065008,0.974401534329554,TBPL1,403.968173025861,278.854847569482
176.887228856596,-0.123792943517804,0.414746302800195,-0.298478715016881,0.765337819122114,0.996294710336961,TBRG1,185.705379539554,168.069078173638
342.691914371024,0.147148047788192,0.269081256826198,0.546853576959606,0.58447933130797,0.996294710336961,TBX18,327.868258951418,357.51556979063
107.557316123618,1.21295325786224,0.615585967811925,1.97040433227163,0.0487920494700378,0.857187196127094,TBXA2R,96.8994579352094,118.215174312027
138.242298869984,-0.309061850112038,0.43974016956385,-0.702828332509574,0.482162738247308,0.994447194724684,TCAF1,152.52168885172,123.962908888249
111.739601370638,0.0870739335927264,0.498485293193023,0.174677036176892,0.861333412811553,0.996577394764533,TCAF2,108.996598025945,114.48260471533
355.324224300635,-0.392736549592735,0.29010794796871,-1.35376004808767,0.175812943602513,0.98168489642748,TCEA1,400.367962354902,310.280486246368
99.1777028673263,-0.51038735362741,0.504844141874419,-1.01098004570759,0.312025980378006,0.986152964913951,TCEAL1,112.274579514125,86.0808262205274
854.955548267454,0.390529145449238,0.210445166078654,1.85572875217898,0.0634922304203649,0.891663350651627,TCEAL4,746.649201539077,963.261894995832
24.8561926965042,-1.36792773724514,1.05604957314131,-1.29532530672412,0.19520803273499,0.98168489642748,TCEAL7,25.9412832387555,23.7711021542529
444.130638831517,0.0906543851829168,0.269210262770684,0.336741936395408,0.736311447088521,0.996294710336961,TCEAL8,432.022973074296,456.238304588738
1048.40756746206,0.0715782481319274,0.194858735500117,0.367334048166829,0.713369859806785,0.996294710336961,TCEAL9,1025.8090911447,1071.00604377941
57.4076489284958,-0.101364952797182,0.63168887283214,-0.160466579603846,0.872513546060915,0.996577394764533,TCEANC2,59.2797897632774,55.5355080937141
122.320692645436,-0.565997357901095,0.504823676454638,-1.121178312943,0.262211969118367,0.982783504448174,TCERG1,146.094673245986,98.5467120448865
417.079476617038,0.152581945648129,0.244690664467681,0.623570768341602,0.532909512952863,0.996294710336961,TCF12,393.838826280812,440.320126953264
843.068708914723,0.0951823790263218,0.178704464525295,0.532624516567961,0.594293527508611,0.996294710336961,TCF3,819.087527415757,867.04989041369
2711.37407358683,-0.295173857270779,0.107998617930108,-2.73312624668773,0.00627362804012698,0.560424063446575,TCF4,2968.76772907564,2453.98041809801
14.7042117027881,1.68843419211403,1.76712323606591,0.955470539719086,0.33933979662919,0.986983139323132,TCF7,10.8538753436441,18.5545480619322
273.06526137589,0.336571353142508,0.304909630494631,1.10383969373652,0.269662682775989,0.982783504448174,TCF7L2,243.552479350582,302.578043401198
170.439141066399,-0.241817091185689,0.425747744234601,-0.567982084368814,0.570047133087831,0.996294710336961,TCFL5,185.164333303169,155.71394882963
92.542555421857,0.201794792459426,0.502473355997942,0.401602970686177,0.687976243235102,0.996294710336961,TCHP,87.616766380078,97.4683444636361
305.270678485029,0.432030224094519,0.303037183500267,1.42566736894893,0.153964379843286,0.974401534329554,TCIM,259.088436728521,351.452920241537
2923.3103863636,0.173835676612191,0.121883807792624,1.42624094012519,0.153798805868331,0.974401534329554,TCP1,2755.84416886366,3090.77660386354
14.0437877959325,-1.69437576863167,1.40451114983651,-1.20638114466297,0.227670562852371,0.98168489642748,TCP11L1,13.4926843525183,14.5948912393468
286.348233577968,-0.0889811781649094,0.301138537478201,-0.295482534085664,0.767625292809635,0.996294710336961,TCTA,292.954118694662,279.742348461274
324.260500097405,-0.307544367419388,0.284102883826912,-1.08251054433772,0.279025732635144,0.982783504448174,TCTN3,359.298020685529,289.222979509281
250.199902997813,0.322543886858109,0.319152708170603,1.01062556763797,0.312195673895499,0.986152964913951,TDG,218.876045623881,281.523760371744
103.414294297812,-0.713369101761959,0.477268085262029,-1.49469265553406,0.134994671943974,0.974401534329554,TDP1,128.693813558159,78.1347750374663
258.900544429539,-0.156444450520735,0.305893304616593,-0.511434700137757,0.609046702161527,0.996294710336961,TDP2,259.636841457918,258.164247401161
16.1844120544159,1.67022797234215,1.68375761319872,0.991964614888442,0.321214787032905,0.986152964913951,TDRD9,7.38412318821635,24.9847009206155
38.3684668227256,2.35013355529255,1.05993316781386,2.21724692335061,0.0266062226864923,0.722700907616249,TDRP,30.2943908050104,46.4425428404408
251.532088937143,-0.00411566192603082,0.317492458487971,-0.0129630226356597,0.989657294043122,0.998987745956335,TEAD1,253.443113408889,249.621064465397
843.338598106725,0.0619476281881822,0.174385390441519,0.355234048169629,0.722414259193567,0.996294710336961,TEAD2,834.914291515091,851.762904698359
515.111569617097,0.0898605460452699,0.242944677377496,0.369880694713231,0.711471386328896,0.996294710336961,TECPR1,492.849602804347,537.373536429848
155.550784372379,0.286165546999777,0.413452707531869,0.692136105984308,0.488851859161936,0.994447194724684,TECPR2,130.043033884233,181.058534860526
427.201163455195,-0.204605198196408,0.244620533653212,-0.836418738610341,0.402919374426927,0.992443630108828,TEK,458.205939543707,396.196387366683
223.616089106248,0.23200369047202,0.35457265672895,0.654319181327549,0.512906190586026,0.994447194724684,TENM3,205.889374295863,241.342803916633
66.0315641906573,0.24910380632873,0.743812513450371,0.33490133847466,0.737699512395053,0.996294710336961,TENT2,52.9751654774705,79.0879629038441
95.9359371870856,0.781320450098333,0.525205748892821,1.48764641618151,0.136844165661825,0.974401534329554,TENT4A,75.1379611992316,116.73391317494
359.331156441224,0.105691291726949,0.27353164681757,0.386395113533021,0.699204068504953,0.996294710336961,TENT4B,350.637802635724,368.024510246723
73.2266983056061,-0.118698734738582,0.626184142124254,-0.189558832224514,0.84965484934585,0.996294710336961,TENT5A,80.0223824225877,66.4310141886245
180.236388075057,-1.05300608729392,0.399398953900035,-2.63647682852339,0.00837719214018234,0.601847901055327,TERF2,240.395627771039,120.077148379075
1348.03625591285,0.0553201270945184,0.143788953335547,0.384731412331952,0.700436419587258,0.996294710336961,TERF2IP,1327.42346464007,1368.64904718563
378.101752945888,0.254554395054049,0.27343773952392,0.930940972146903,0.351884098907316,0.990443880456887,TES,334.999688168297,421.20381772348
319.148356056359,0.578246595728179,0.281196347012127,2.05638018371285,0.0397458848527367,0.811391320381855,TEX2,264.379989161004,373.916722951714
823.506211467862,0.138043175633535,0.187445719080407,0.736443469132097,0.461460858752189,0.994447194724684,TEX261,779.5490668952,867.463356040524
122.410722538955,0.358698432168678,0.448667847680397,0.79947434170543,0.42401541873417,0.994447194724684,TEX30,108.315908657183,136.505536420728
131.864584181945,-0.025825662339572,0.422300136955501,-0.0611547571965229,0.951235960779547,0.998879356112684,TFAM,130.850593140826,132.878575223064
202.861720712551,-0.177932021989046,0.366746287271383,-0.485163798965417,0.627560159058148,0.996294710336961,TFAP2A,209.224988689254,196.498452735848
68.6910743130546,0.657157470861302,0.632939098228213,1.0382633537743,0.299147464745374,0.986152964913951,TFB1M,59.6802026859802,77.701945940129
143.266960416363,1.17485908211856,0.457671663944778,2.56703478644969,0.0102572321801882,0.615127532388437,TFB2M,88.5562165523745,197.977704280351
303.303337420163,0.423474418779404,0.330584631974062,1.2809864035441,0.200198441821624,0.98168489642748,TFCP2,259.010705456193,347.595969384134
659.946675055225,-0.183643637662473,0.197740002449141,-0.928712629654723,0.353038033758319,0.990443880456887,TFDP1,700.830054956717,619.063295153733
146.978390469736,0.0827556215067658,0.41449542412743,0.19965388443305,0.841751282413129,0.996294710336961,TFDP2,142.75614867796,151.200632261512
88.5078179314301,-1.18280832167832,0.520714199503473,-2.27151155625522,0.0231160282005345,0.714845395677829,TFEC,118.449360117497,58.566275745363
2281.8102130724,-0.0626709252607871,0.17375591303816,-0.360683697981682,0.718335912667707,0.996294710336961,TFPI,2296.82191104504,2266.79851509976
1051.98545413517,-0.117606956863025,0.158448412603438,-0.742241307001094,0.457941145598712,0.994447194724684,TFPI2,1090.12229449783,1013.84861377251
1169.40048214413,-0.261289965341479,0.172206731670159,-1.51730401481603,0.129189945037432,0.974401534329554,TFRC,1301.71008382958,1037.09088045869
4331.97944572284,-0.0405675571868594,0.0959542520580118,-0.42278019281869,0.67245564031132,0.996294710336961,TGFB2,4400.49442698049,4263.46446446518
1629.39096011821,0.0319106878277794,0.147546778745597,0.21627505594548,0.828773351420893,0.996294710336961,TGFBI,1617.99696716616,1640.78495307027
247.425537160045,0.0145709343109952,0.35909948291636,0.0405763166035777,0.967633665215754,0.998879356112684,TGFBR1,247.82946065891,247.02161366118
2056.11804936747,0.0874073155089334,0.1296022290746,0.67442756295975,0.500039524122534,0.994447194724684,TGFBR2,1977.07625979154,2135.1598389434
279.689778756927,-0.0218057142877356,0.377007564183314,-0.0578389304601138,0.953876928045778,0.998879356112684,TGFBRAP1,290.947550766186,268.432006747667
71.0573686912867,-0.562279240745685,0.584158085007888,-0.962546364034475,0.335775225229328,0.986695054845541,TGIF1,84.3759608318921,57.7387765506812
157.698534037848,0.23648276031724,0.410647540275225,0.575877698326755,0.564697850750917,0.996294710336961,TGIF2,151.330055422957,164.067012652739
3968.99386102007,-0.0613139347368073,0.109749755331107,-0.558670354679405,0.57638671504275,0.996294710336961,TGM2,4053.35621945044,3884.6315025897
4552.05316619485,-0.0186823453504643,0.0997434130485131,-0.187304051259783,0.851422246754669,0.996294710336961,TGOLN2,4597.08900955705,4507.01732283264
42.8883413885524,-0.362787188095233,0.747864320664503,-0.485097601357535,0.627607113465599,0.996294710336961,TGS1,50.1077097155208,35.668973061584
78.5974366225826,0.116462468774029,0.647252888760991,0.179933486271445,0.857204785975783,0.996294710336961,THAP1,74.9626064019042,82.2322668432609
23.6696646316021,-0.283985269302502,1.48187673835457,-0.191638927821913,0.848025047631088,0.996294710336961,THAP10,29.0489444568992,18.290384806305
26.503807268177,-0.390510322355825,1.25879924957948,-0.310224463897861,0.756390268116719,0.996294710336961,THAP2,27.5596117807431,25.4480027556108
167.434571426271,0.403419059603664,0.413081873531277,0.976607993362165,0.328763260307181,0.986152964913951,THAP5,143.69369398169,191.175448870851
151.803753726419,-0.244779690246138,0.40566932120257,-0.603397095744166,0.546244553819535,0.996294710336961,THBD,165.967166456139,137.640340996699
16998.9520622721,-0.0546534903008987,0.0715585947780041,-0.763758573941397,0.445011127849995,0.994447194724684,THBS1,17311.3589198884,16686.5452046558
35.5165465783027,0.0389668831741808,1.17888842935385,0.0330539194413322,0.973631589609879,0.998879356112684,THBS2,33.1330225519729,37.9000706046325
158.466485192044,0.612018279657689,0.412928612679711,1.48214064335717,0.138302876295726,0.974401534329554,THEM4,128.177061022962,188.755909361126
64.3664143072355,-1.23748359670793,0.710173846411803,-1.7425079830247,0.0814195958017441,0.941807879236941,THG1L,87.5548258958465,41.1780027186246
179.878837213827,0.729041976149975,0.393114519982941,1.85452823310014,0.0636636248043042,0.891663350651627,THOC2,139.261407618171,220.496266809483
226.854089163861,-0.444314644045817,0.340328401721573,-1.30554676541312,0.191706733822458,0.98168489642748,THOC5,260.715725527231,192.99245280049
539.9925810815,0.0845139530872842,0.232691635585499,0.363201508617316,0.716454360754066,0.996294710336961,THOC7,525.11275563998,554.872406523019
52.1890805248153,-1.03429529224315,0.764576866538967,-1.35276822711773,0.17612968617998,0.98168489642748,THRA,64.2935973254373,40.0845637241932
518.429503066856,0.135598963108252,0.224700384461796,0.603465647969582,0.546198961475585,0.996294710336961,THRAP3,493.848554129289,543.010452004422
86.3972905271263,-0.116486621028994,0.542844466469442,-0.214585628525609,0.830090399705277,0.996294710336961,THSD1,89.7007236031153,83.0938574511373
19.9043935693962,-2.58312134446542,1.0891619409274,-2.37165957365895,0.0177083981177028,0.695558979230783,THSD4,33.9001839656971,5.90860317309537
65.6139493292869,-0.0724590409837299,0.606480490214469,-0.119474644531609,0.904899326868437,0.996577394764533,THSD7A,67.3698393328882,63.8580593256856
333.358758597404,-0.208614633309465,0.308755909563764,-0.67566199333387,0.499255271811657,0.994447194724684,THUMPD1,358.483273924806,308.234243270002
78.3007466469054,-0.858789342235898,0.631471918160301,-1.35998025808947,0.173836171297348,0.98168489642748,THUMPD3,99.9967566162102,56.6047366776006
139.450531860407,-0.144148716114585,0.547106588952819,-0.263474648313944,0.792184761155034,0.996294710336961,THY1,145.189096740731,133.711966980083
227.910843836305,0.0609191698218154,0.327757275653218,0.18586672012209,0.852549280895956,0.996294710336961,TIA1,225.061331129097,230.760356543514
433.86667757732,0.172298112615635,0.274121231287402,0.628547127876384,0.529645583825967,0.996294710336961,TIAL1,411.033667533072,456.699687621568
93.3842254257078,0.360561050314695,0.525812289128576,0.685721991991191,0.49288843595018,0.994447194724684,TIAM2,81.7863556838349,104.982095167581
116.690853433191,-0.0851703041124622,0.480798784611897,-0.177143343199613,0.859395797291642,0.996294710336961,TICAM2,121.290002476596,112.091704389786
49.8287778007742,-0.774851339641155,0.685923108292109,-1.12964752211144,0.258624778056295,0.982783504448174,TIFA,61.5309208475185,38.1266347540299
712.426689137159,0.121731427036407,0.187506550708386,0.649211595949661,0.516201617504016,0.994447194724684,TIGAR,683.178500035614,741.674878238703
16.5723345195196,-2.28846124014949,1.66440137223677,-1.37494553797084,0.169148329899926,0.98168489642748,TIGD6,19.1788461085421,13.965822930497
639.542332970391,-0.0228580786929579,0.230862153369339,-0.0990118057869321,0.921128896503602,0.996577394764533,TIMM10,645.783055671873,633.301610268909
207.263401825449,-0.0361935845087059,0.370535543904446,-0.0976791163603985,0.922187098972838,0.996577394764533,TIMM10B,208.178906110255,206.347897540642
2555.3515290533,-0.0485127514570183,0.157189978543139,-0.30862496392354,0.757606828828012,0.996294710336961,TIMM13,2578.16405035925,2532.53900774736
1781.94570317843,-0.0764609507305518,0.134958240358948,-0.566552664936865,0.571018142441835,0.996294710336961,TIMM17A,1835.72106150351,1728.17034485335
156.172771588244,0.414820877618536,0.412549466792718,1.00550579023523,0.314653362755627,0.986152964913951,TIMM21,132.964977767906,179.380565408582
607.59504715334,-0.00475161537896471,0.215859767154445,-0.0220125104441764,0.982437976065118,0.998987745956335,TIMM50,593.225918403691,621.964175902989
194.501676319986,0.461194035941618,0.438906136755952,1.05078055948454,0.293359386441623,0.984887697687056,TIMM8A,163.595247441027,225.408105198944
1361.80983477855,0.0218573684808393,0.14464363099511,0.151111862516631,0.879887475023488,0.996577394764533,TIMM8B,1357.0037551256,1366.61591443149
336.900055181312,0.21759877870381,0.267197255143003,0.814375052570626,0.415430125869712,0.992443630108828,TIMM9,311.037286265071,362.762824097553
855.080064003943,-0.130687660093185,0.17565114999398,-0.744018243533641,0.456865438201083,0.994447194724684,TIMMDC1,879.702277862715,830.457850145171
3824.37361417507,-0.044989286436868,0.111301649667807,-0.404210418903439,0.686057992766719,0.996294710336961,TIMP2,3889.43994937111,3759.30727897902
143.380033469931,-0.469411439110297,0.44923948842425,-1.04490244336446,0.296068060411638,0.986152964913951,TIMP3,159.932890301166,126.827176638695
252.343979813291,-0.380001859487977,0.31356927941892,-1.21185933836428,0.225566229381915,0.98168489642748,TIPARP,276.865633496607,227.822326129974
51.3501663727678,-0.574915004151041,0.772308270325574,-0.744411300825097,0.456627684275674,0.994447194724684,TIPIN,64.7146144540935,37.9857182914422
646.946345795315,0.201408568005479,0.236532874699301,0.851503488728683,0.394489726168458,0.992443630108828,TIPRL,590.398500261164,703.494191329467
557.126865844934,0.170109749655829,0.240084966470161,0.70853978138182,0.47861011701847,0.994447194724684,TJP2,530.053119011376,584.200612678493
135.177295600473,-0.112516167562493,0.456239566772959,-0.246616417682348,0.805205097460885,0.996294710336961,TK2,140.073954532194,130.280636668752
455.58650428328,-0.302415971431528,0.259574912033489,-1.1650431432777,0.244001529606468,0.98168489642748,TKT,510.669643744927,400.503364821632
255.42352066036,0.157527415381569,0.333268726795629,0.472673859609307,0.636445878975522,0.996294710336961,TLCD3A,241.535796993234,269.311244327487
61.7124904958008,-0.822844078008727,0.739499765746695,-1.1127036357853,0.265835733525908,0.982783504448174,TLCD5,78.7213757760258,44.7036052155757
229.386354921637,-0.174401499132572,0.363777779586057,-0.479417680021642,0.631641518271772,0.996294710336961,TLE3,245.188823900856,213.583885942417
69.5707809043174,0.552651614682879,0.574838551692129,0.961403185391899,0.336349483276022,0.986943211920092,TLE4,57.6304977288832,81.5110640797515
1601.37568882106,-0.089214137965944,0.132106011538284,-0.675322318243555,0.499471007363904,0.994447194724684,TLE5,1634.56579003434,1568.18558760779
106.731835892013,0.215394113060545,0.476316588297749,0.45220787676179,0.651119234262175,0.996294710336961,TLK1,90.101970843003,123.361700941022
227.237481207504,-0.332357391451739,0.360119987411524,-0.922907372736134,0.356055478133953,0.990443880456887,TLK2,233.77022182739,220.704740587617
41.2611416285841,0.375702469034413,0.795383381609191,0.472353933614134,0.63667417968399,0.996294710336961,TLL1,36.6850815380435,45.8372017191246
1559.85511085564,-0.0673496158014875,0.144379539524772,-0.466476178156336,0.640874695125275,0.996294710336961,TLN1,1601.60248416694,1518.10773754433
419.074235593439,-0.023101114367424,0.243138240665062,-0.0950122625887027,0.924305086848561,0.996577394764533,TLNRD1,413.225165348695,424.923305838184
1158.69076980018,0.124254128843444,0.152445308392594,0.815073485393535,0.415030247740385,0.992443630108828,TLR4,1122.67111640826,1194.7104231921
2020.22736003586,0.12307845726731,0.131996794090571,0.932435201288743,0.351111659925068,0.990443880456887,TM2D2,1935.70175285095,2104.75296722076
403.824820994342,0.121204688527849,0.245601548522173,0.493501320562342,0.621658406981211,0.996294710336961,TM2D3,382.986804059839,424.662837928844
2944.12104057705,0.0840570290839048,0.109989940006056,0.76422470163432,0.444733348623742,0.994447194724684,TM4SF1,2859.47991173253,3028.76216942158
54.330247642718,-1.12496748528639,0.810956156024526,-1.38721122828787,0.165377362607677,0.977539653561902,TM4SF18,74.1445422434667,34.5159530419693
461.163155949978,0.18914973714007,0.260084624124896,0.727262281561241,0.467065299431777,0.994447194724684,TM6SF1,432.493740400861,489.832571499095
655.680744939003,0.0978835341534248,0.203284702147813,0.481509592798828,0.63015436355847,0.996294710336961,TM7SF3,635.285206058661,676.076283819345
1647.26223070619,-0.0205562864888601,0.137856254113128,-0.149113920301295,0.881463741881499,0.996577394764533,TM9SF2,1663.04467650087,1631.47978491151
3852.60687874316,-0.119149180114197,0.0979206086155329,-1.21679370460221,0.223682715871477,0.98168489642748,TM9SF3,4023.29601888555,3681.91773860077
378.83010859706,-0.597266726531256,0.285638983246297,-2.09098463992309,0.0365294409095065,0.785555962274654,TM9SF4,455.398899621666,302.261317572454
218.542788936174,0.0570337319451007,0.378502657218668,0.150682513999238,0.880226167532639,0.996577394764533,TMA16,212.213261006256,224.872316866092
5265.99213644366,0.057301287550364,0.0842377212754083,0.680233115079433,0.496356867445258,0.994447194724684,TMA7,5119.74408184063,5412.24019104669
6.38708394643616,0.389584541177834,1.81535594626096,0.214605043148838,0.830075261682778,0.996294710336961,TMA7B,6.29121083467223,6.48295705820008
962.358030394422,0.16111531863474,0.168491919049329,0.956219856381189,0.338961170103827,0.986983139323132,TMBIM1,907.18156155008,1017.53449923876
815.426542374353,0.0486865928232297,0.177093016251031,0.27492102090698,0.78337691685234,0.996294710336961,TMBIM4,806.034492658622,824.818592090085
3859.50951260622,-0.136232429572977,0.1047808844709,-1.300164913294,0.193544453311827,0.98168489642748,TMBIM6,4047.76884388518,3671.25018132726
69.4343721750399,0.426211237852864,0.665621503244639,0.640320716466122,0.521964115145402,0.995460348195308,TMC7,54.4100871512903,84.4586571987894
378.248546303994,-0.318592381859157,0.265232034570456,-1.20118364425744,0.229679972447209,0.98168489642748,TMCC1,420.094755849211,336.402336758778
143.000504881603,-0.67574410912814,0.43662791675362,-1.54764293165764,0.121708289022164,0.974401534329554,TMCC3,172.394038071827,113.60697169138
456.111403631938,-0.0522159515551427,0.249966496246753,-0.208891800857976,0.834532704937873,0.996294710336961,TMCO1,464.640755861321,447.582051402555
3171.99548187525,-0.000824496098522978,0.117431069836108,-0.0070211069325493,0.994398013204681,0.998987745956335,TMED10,3155.24730017336,3188.74366357713
2020.09130824658,-0.0380358521774199,0.119993033469789,-0.316983837124147,0.751255866444766,0.996294710336961,TMED2,2043.66189038735,1996.5207261058
467.510804577224,-0.18690356128007,0.252652252093706,-0.739766060785992,0.459441955916934,0.994447194724684,TMED4,498.617317443906,436.404291710542
566.941501609575,0.230966087536551,0.218157713483793,1.05871153418423,0.28973117332918,0.983627823676635,TMED5,523.239479282282,610.643523936868
256.452686593605,-0.0851013843350677,0.331683183025301,-0.25657431154288,0.797507407698778,0.996294710336961,TMED7,262.69232502064,250.213048166571
805.523049396276,-0.171161663438534,0.18744516044187,-0.913129274903921,0.361174555234162,0.992443630108828,TMED7-TICAM2,853.9836635383,757.062435254251
153.183165113523,0.165626411102225,0.434549247848755,0.381145317641583,0.703095422146674,0.996294710336961,TMED8,142.774925134734,163.591405092312
6860.69324916774,-0.0611318531765902,0.0928008348934864,-0.658742491344558,0.510061142121451,0.994447194724684,TMED9,7000.73028920796,6720.65620912752
16.1891557289114,0.284984276331569,1.44882166869062,0.196700727556847,0.844061740709701,0.996294710336961,TMEM100,14.6142632315848,17.7640482262379
211.950028295448,-0.170225829114307,0.336658620208527,-0.505633359421687,0.613114058445619,0.996294710336961,TMEM101,225.451838858288,198.448217732607
196.408352859725,-0.534497162901729,0.354393947030378,-1.50820059817758,0.131503194254461,0.974401534329554,TMEM104,234.626123628778,158.190582090672
299.108816890503,-0.108070742543213,0.303405080472144,-0.356192923253092,0.721696091296773,0.996294710336961,TMEM106A,309.055417635518,289.162216145488
339.765638926436,0.0894997588525389,0.320539586476856,0.279215930351245,0.780079118964876,0.996294710336961,TMEM106B,330.715802459898,348.815475392974
236.149415377677,-0.716201174485184,0.331180150958236,-2.16257276413737,0.0305740549433374,0.742691457963059,TMEM106C,295.298676344486,177.000154410868
76.2347514918831,-0.865972456142429,0.611742601600449,-1.41558304730921,0.156897617676542,0.974401534329554,TMEM107,96.9316327183547,55.5378702654116
2409.08031304387,-0.163230947109939,0.114620268496526,-1.42410194332153,0.154416963961874,0.974401534329554,TMEM109,2547.04595403236,2271.11467205538
117.613334180239,-0.133264650655492,0.576807914397054,-0.231038179832875,0.81728514108513,0.996294710336961,TMEM120B,124.377943926522,110.848724433957
3217.17974419201,-0.0807223565910933,0.102119164120035,-0.790472163444357,0.429252072738585,0.994447194724684,TMEM123,3314.65342524713,3119.70606313689
192.521801824554,0.997240745021688,0.353015065729342,2.824924038189,0.00472918261800984,0.520563086732236,TMEM126B,128.688986640883,256.354617008224
641.882076523722,-0.219065211975116,0.206847582991959,-1.05906585325501,0.289569789775587,0.983627823676635,TMEM127,686.961434245641,596.802718801803
124.414584382442,-0.226561508828312,0.44024940321345,-0.514620819868473,0.606818013461808,0.996294710336961,TMEM128,134.775768929625,114.053399835259
69.8030816577462,-0.143878217155108,0.692112990443977,-0.207882555509922,0.835320670313359,0.996294710336961,TMEM131L,77.55134698325,62.0548163322424
52.5487057071932,-0.960905842629977,0.686749658734116,-1.39920832927855,0.161750519569588,0.974401534329554,TMEM135,68.7563898377312,36.3410215766552
45.1967005524911,0.735501483660963,0.71763609786501,1.02489477027299,0.305412842508438,0.986152964913951,TMEM140,34.0121642532754,56.3812368517069
43.7721356341535,-0.381805933834876,0.745832453689412,-0.511919174267888,0.608707578090713,0.996294710336961,TMEM143,49.5214370936462,38.0228341746608
345.085447480408,-0.0170077000477103,0.296018110582485,-0.0574549307616471,0.954182806808831,0.998879356112684,TMEM14A,352.29269228461,337.878202676207
92.8803159993097,-0.417491862222718,0.506180597976244,-0.824788353982527,0.409491759635625,0.992443630108828,TMEM150C,105.418938553107,80.341693445512
74.4419107194786,-0.246906372459929,0.59281308118171,-0.41649953467246,0.677044507808107,0.996294710336961,TMEM154,88.5773687207649,60.3064527181923
13.1965296073951,-1.61875205884148,1.29889149553969,-1.2462565690823,0.212670216981339,0.98168489642748,TMEM163,20.6155939061966,5.77746530859356
130.430422003355,-0.723242877401587,0.469169548613735,-1.54153840448206,0.123185803529288,0.974401534329554,TMEM164,157.814968792281,103.045875214429
601.305881195638,0.125157993308648,0.215408299125904,0.581026793380392,0.561222395793607,0.996294710336961,TMEM165,579.085024195756,623.526738195519
813.970752513383,0.252358856140688,0.204538162983393,1.23379838979574,0.217278039595619,0.98168489642748,TMEM167A,740.663178805665,887.278326221101
350.810526634336,0.0431523149057789,0.303250956569287,0.142299023204959,0.886843818044783,0.996577394764533,TMEM167B,340.22725288328,361.393800385392
65.6834832711293,0.899950662234562,0.643620137282668,1.39826368086323,0.162033900004528,0.974401534329554,TMEM168,45.6131193936354,85.7538471486233
127.669619683215,-1.4110024648776,0.468526438413648,-3.01157490632763,0.00259896271068488,0.407851177625858,TMEM170A,189.355534519019,65.9837048474112
786.937603380502,-0.106418528985782,0.188645311971756,-0.564119658598856,0.572672700039413,0.996294710336961,TMEM179B,816.854313097612,757.020893663392
144.191302573923,-0.310318356291371,0.403307011847999,-0.769434567649733,0.441635374232377,0.994447194724684,TMEM18,159.912337841109,128.470267306737
1140.50558197894,0.192082371590743,0.163617040919205,1.17397534212585,0.240404902355218,0.98168489642748,TMEM181,1077.00218698256,1204.00897697532
262.412593464114,-0.195128790468763,0.322959017465302,-0.604190562629907,0.54571695459882,0.996294710336961,TMEM183A,280.122072343424,244.703114584804
614.950860942546,0.471962037726186,0.222315460541988,2.12293844330745,0.033759010472289,0.763767305220832,TMEM184B,515.236840193043,714.66488169205
264.368189793769,-0.254571688204223,0.386844939398325,-0.658071651654971,0.5104920907521,0.994447194724684,TMEM185B,289.642374159044,239.094005428494
100.742206987978,-0.751977289849389,0.733381777937797,-1.02535584121531,0.305195316239356,0.986152964913951,TMEM186,123.613927296285,77.8704866796706
80.9107785158383,1.18488424282621,0.588294039467577,2.014102070282,0.0439988182234764,0.843922150260544,TMEM187,53.4211817592165,108.40037527246
202.63332610931,-0.380493529301154,0.421702440156038,-0.902279648086369,0.366908333942039,0.992443630108828,TMEM19,227.198221580008,178.068430638611
522.249510367875,0.052843333427619,0.221472035453332,0.238600477570244,0.811415394775052,0.996294710336961,TMEM192,514.908389939293,529.590630796458
212.726007842744,0.251366680302088,0.361299931097538,0.695728558647934,0.486598837017915,0.994447194724684,TMEM199,195.729095933279,229.722919752209
38.3595456889283,-0.922937327949248,1.00538191146484,-0.917996750711902,0.358620566974865,0.992443630108828,TMEM209,46.7724086757145,29.946682702142
436.072158712074,-0.457269777409158,0.238528228851012,-1.91704679824196,0.0552319865636022,0.869042076164583,TMEM214,502.303510941324,369.840806482825
113.499739933782,0.0204746256199466,0.483594598871751,0.0423384083852775,0.966228927259468,0.998879356112684,TMEM223,114.945499686175,112.053980181388
78.2545544607987,-1.11107196701901,0.620714151654919,-1.78998974657936,0.0734555597547172,0.925302691758612,TMEM231,106.781351220882,49.7277577007153
333.765536721135,-0.328543024746659,0.376507030488844,-0.872607941264974,0.382876810581483,0.992443630108828,TMEM237,370.076161869563,297.454911572706
35.3276169216134,0.101540981553448,0.861972853852976,0.117800672143635,0.906225596963398,0.996577394764533,TMEM241,33.9280814193486,36.7271524238782
225.402033520796,0.112829269948281,0.350855145824407,0.321583625866925,0.747768150091511,0.996294710336961,TMEM242,215.262722981299,235.541344060294
1036.7397207735,-0.199031470551966,0.169262665688966,-1.17587342573053,0.239645459501275,0.98168489642748,TMEM245,1116.06816616789,957.411275379112
1016.12625739578,-0.186834587046968,0.173365125053344,-1.07769418439539,0.281170254656578,0.982783504448174,TMEM248,1083.31930691132,948.933207880239
69.8341328705557,0.282842697346356,0.579555275047615,0.48803403147891,0.625525736191887,0.996294710336961,TMEM254,61.8012554789341,77.8670102621773
404.606879666963,-0.667414325142041,0.26750689006666,-2.49494256008034,0.0125977521145512,0.62676812170277,TMEM255B,476.209784326807,333.00397500712
100.851694205988,-0.290869185447346,0.537958598443016,-0.540690652197386,0.588720822655732,0.996294710336961,TMEM260,111.316104776784,90.3872836351929
551.64108418788,0.693395894304986,0.244643008328026,2.83431723246003,0.00459237186189403,0.51818654136208,TMEM263,417.723749896016,685.558418479745
50.5922743501621,0.4161616282547,0.745706022920179,0.558077332706814,0.576791578316405,0.996294710336961,TMEM265,49.353727144079,51.8308215562452
70.7583024576657,0.274140412533004,0.595323694378741,0.460489671621566,0.645164783315105,0.996294710336961,TMEM267,62.3910514831948,79.1255534321366
57.3801302978787,0.135040309703515,0.645678738177866,0.209144736722483,0.834335251996765,0.996294710336961,TMEM268,55.4161488609741,59.3441117347832
69.5026673083539,-0.182033934120553,0.593760014473274,-0.306578297095394,0.759164375037383,0.996294710336961,TMEM276-ZFTRAF1,76.5321835506714,62.4731510660363
1968.41710796752,0.120332661852512,0.125596604249201,0.958088497470491,0.338018135166174,0.986983139323132,TMEM30A,1887.10990936107,2049.72430657397
640.289614420448,-0.262093919507314,0.197103947169193,-1.32972435748501,0.18360910648762,0.98168489642748,TMEM33,698.571813487734,582.007415353163
271.592617586467,-0.61800799426298,0.308703236876578,-2.00194853969109,0.0452902664011791,0.846580529316298,TMEM37,329.730514319706,213.454720853228
33.2708542744859,-2.92081332343978,1.09545235291938,-2.66630795548142,0.00766894078186212,0.594918081152954,TMEM38A,49.3495269339727,17.1921816149992
102.212879131375,-0.62472832371365,0.546475914939257,-1.14319461596599,0.25295779718598,0.98168489642748,TMEM38B,136.068254287642,68.3575039751073
164.384055864096,-0.144565261556889,0.388022325443473,-0.372569442729009,0.709468919118591,0.996294710336961,TMEM39A,171.586023096948,157.182088631244
230.289589810918,-0.819542582612644,0.325426709753709,-2.51836299249344,0.011790174296106,0.62676812170277,TMEM41A,292.632660209099,167.946519412737
156.046687630217,-0.139226208331554,0.392244310449526,-0.354947680877756,0.72262878694505,0.996294710336961,TMEM41B,163.930261742426,148.163113518009
1219.09768076046,0.00608347536066938,0.155862592820112,0.0390310160417426,0.968865660222235,0.998879356112684,TMEM43,1220.0403148676,1218.15504665333
55.495221846031,-0.215634130015655,0.69163681018751,-0.311773645993762,0.755212553891583,0.996294710336961,TMEM44,58.5003625691882,52.4900811228738
202.921035654451,0.714640612193114,0.351408311333308,2.03364743845026,0.0419871552037623,0.82869888739163,TMEM47,153.380542951344,252.461528357558
1749.46350704003,0.000322213015197887,0.127807501995908,0.00252108061080956,0.997988470834925,0.999437865096263,TMEM50A,1757.10880596098,1741.81820811908
223.801483101916,0.167391556380367,0.333978653202025,0.501204357750108,0.616227307727412,0.996294710336961,TMEM51,208.335030357867,239.267935845965
44.7325431119868,-0.369932663628215,0.711626944011693,-0.519840720958055,0.603174594798124,0.996294710336961,TMEM53,48.6021321583272,40.8629540656463
289.06076082434,-0.0571381331971145,0.331290352758006,-0.17247146716298,0.863066891118692,0.996577394764533,TMEM54,298.96650060821,279.155021040469
1653.29376539372,0.100533525142015,0.129221291588462,0.777995049470556,0.436571931694742,0.994447194724684,TMEM59,1588.15796662408,1718.42956416337
41.8263619717128,-1.26886649927466,0.949286930343398,-1.33665223729106,0.181336179310947,0.98168489642748,TMEM63A,60.5423169349558,23.1104070084698
249.708840737023,-0.519914808013789,0.365993891942991,-1.42055596953725,0.155445886492319,0.974401534329554,TMEM64,297.229025770884,202.188655703162
338.822062095539,0.277073521387352,0.333934010186959,0.829725373681548,0.406694072041425,0.992443630108828,TMEM65,302.39797764808,375.246146542998
101.149039734671,0.55753846714262,0.513542838579898,1.08567080534972,0.277624661490265,0.982783504448174,TMEM68,82.0106948578901,120.287384611452
129.208111042213,0.308494056918078,0.446684351362251,0.690630992505703,0.489797465706226,0.994447194724684,TMEM69,115.882289417452,142.533932666974
178.872630111592,0.604244349753743,0.378918819330317,1.59465383857592,0.110789666025958,0.968371142498555,TMEM70,142.671829609836,215.073430613348
906.525429756908,-0.0392479514735394,0.190944990350465,-0.205545855911186,0.837145674998146,0.996294710336961,TMEM87A,921.023556467523,892.027303046293
659.362537025824,0.458029693736025,0.219258453830076,2.088994452597,0.0367082225361988,0.785555962274654,TMEM87B,556.210103144432,762.514970907217
24.9479364021615,1.954674923161,1.38772658360719,1.40854469911509,0.1589698408318,0.974401534329554,TMEM8B,16.3657377289595,33.5301350753635
818.330316351407,-0.279640678713475,0.219070107632,-1.27648943863771,0.201782557866106,0.98168489642748,TMEM9,897.205805851562,739.454826851251
149.156658866962,-0.289362497290719,0.404628340820076,-0.715131561729602,0.474527753095015,0.994447194724684,TMEM94,160.612966462178,137.700351271746
57.6368295692886,0.0238885168218593,0.721423635133447,0.0331130221668444,0.973584458257768,0.998879356112684,TMEM97,56.5299906481298,58.7436684904474
1501.43493369768,0.0109459137914405,0.142064536770198,0.0770488824325413,0.938584657955893,0.998879356112684,TMEM9B,1510.76468212745,1492.10518526792
130.596155333078,0.733417146672029,0.556829978839189,1.31712941929055,0.187795247258289,0.98168489642748,TMF1,99.153029976381,162.039280689774
16.7858156855051,-0.527584828971647,1.55678736724981,-0.338893313287652,0.734690101921278,0.996294710336961,TMOD1,19.5657533359594,14.0058780350508
39.3285552370931,0.0631347244091992,0.843896279058558,0.0748133698132094,0.940363204058073,0.998879356112684,TMOD2,38.8827146818658,39.7743957923204
910.475811891219,-0.00896297585336642,0.178607197829783,-0.0501826128077345,0.959976867064661,0.998879356112684,TMOD3,914.963333101755,905.988290680682
146.922992898525,0.164018217394018,0.438816489705035,0.373774051891869,0.708572426135548,0.996294710336961,TMPO,137.703923635541,156.142062161509
22918.2127922744,-0.0218380267582585,0.0612985185588895,-0.356257007047874,0.721648103245181,0.996294710336961,TMSB10,23106.5132684264,22729.9123161223
218.652475898939,-0.0536664336135297,0.331779786086502,-0.161753174437028,0.871500228716535,0.996577394764533,TMTC1,219.312615681091,217.992336116787
320.773769394889,0.150743477841781,0.284507930806481,0.529839282210785,0.596223366874823,0.996294710336961,TMTC3,307.096922647198,334.450616142581
88.8727028636252,-0.480511105274014,0.584786568280198,-0.821686289216852,0.411255464472446,0.992443630108828,TMTC4,100.863255563594,76.8821501636567
315.974985876803,-0.0963975732232888,0.316701855202198,-0.304379565954055,0.760838733720076,0.996294710336961,TMUB2,332.19945552614,299.750516227465
417.612870669266,0.00912479130887345,0.246595218291536,0.0370031153567856,0.970482521747689,0.998879356112684,TMX1,417.478402543616,417.747338794916
834.855435952309,-0.10290342399109,0.218789818894517,-0.470330038714926,0.638119239482047,0.996294710336961,TMX3,865.031804374022,804.679067530597
292.708143494888,-0.527631040565389,0.290782329991334,-1.81452236310616,0.0695973429987313,0.904997639926701,TMX4,339.174192035513,246.242094954263
1201.71215310097,-0.0578938561266315,0.15261165596708,-0.379354091663352,0.704424936733769,0.996294710336961,TNFAIP1,1220.28502201341,1183.13928418854
148.381985896241,0.413639961561022,0.41444788568071,0.998050601420342,0.31825482216194,0.986152964913951,TNFAIP3,127.558286764939,169.205685027543
91.197607010438,-0.523398667805914,0.575756561261493,-0.909062445869723,0.363317164320373,0.992443630108828,TNFAIP8,107.314879849445,75.0803341714306
278.764075999135,0.466392584220889,0.325181599410664,1.4342526916226,0.151500165353464,0.974401534329554,TNFAIP8L1,235.110555765439,322.417596232831
282.964331373942,0.0085035373218848,0.317015126150642,0.0268237589327015,0.978600303146069,0.998987745956335,TNFAIP8L3,278.71926183278,287.209400915104
192.236247584654,-0.361880800951261,0.366615917042065,-0.987084259382384,0.323601333642128,0.986152964913951,TNFRSF10A,216.76707412299,167.705421046317
1506.07124236367,0.147765940719612,0.138553657603649,1.06648892043194,0.286202684536942,0.982783504448174,TNFRSF10B,1430.55134023308,1581.59114449425
11.3402750901674,0.030063274381061,1.39910574451273,0.021487492635184,0.982856780592162,0.998987745956335,TNFRSF10C,11.2142690223767,11.4662811579581
2231.72397661282,-0.0144147027527641,0.116267698389622,-0.123978568015162,0.90133224437318,0.996577394764533,TNFRSF10D,2244.77186860038,2218.67608462525
25.7480512436831,1.09418834778765,1.25466417421019,0.872096589891424,0.383155686342184,0.992443630108828,TNFRSF11A,18.301843884659,33.1942586027072
271.081540312366,-0.566344836966343,0.36185422100359,-1.56511878014192,0.117555060856578,0.974401534329554,TNFRSF1B,323.471478268179,218.691602356553
1765.79949076452,0.0995624906717264,0.135837645347427,0.732952123964451,0.463587630214227,0.994447194724684,TNFRSF21,1713.08060966109,1818.51837186794
44.2543940688304,-0.695785711408784,3.42725086284427,-0.203015693701322,0.839122765834164,0.996294710336961,TNFSF10,50.3949963052204,38.1137918324404
440.922705856602,0.00231353649587942,0.306631904497842,0.00754499600968858,0.993980021289124,0.998987745956335,TNFSF15,441.267830237166,440.577581476039
581.853774759472,0.11409439865285,0.22183142197672,0.51432929400247,0.607021784110171,0.996294710336961,TNFSF4,550.727066399448,612.980483119495
161.103138122755,-0.188427144134174,0.383328371934005,-0.491555433748625,0.623033655210506,0.996294710336961,TNIK,169.965085859836,152.241190385675
418.698509088824,-0.121222669972883,0.276457675150538,-0.438485456795056,0.661034410332827,0.996294710336961,TNIP2,437.944510118548,399.4525080591
142.766717709798,0.0472107173052309,0.427004522074034,0.110562569866755,0.911963230372189,0.996577394764533,TNKS,142.105873213822,143.427562205773
201.186780744233,0.137350960777983,0.358594923835316,0.383025390624494,0.701700938069881,0.996294710336961,TNKS2,194.415260419152,207.958301069315
2069.49305476368,0.143120536582334,0.138783659159419,1.03124919352309,0.302423976995219,0.986152964913951,TNPO1,1981.8662453959,2157.11986413147
537.491148267048,0.180310993696283,0.269007433809017,0.670282568563869,0.502677677052208,0.994447194724684,TNPO2,504.710717777971,570.271578756126
877.853372244174,-0.064208715268364,0.187974480866082,-0.341582085890201,0.732665420545686,0.996294710336961,TNPO3,898.081895013528,857.62484947482
441.996117663141,-0.356758233880602,0.234974222718629,-1.51828668588811,0.128942142605116,0.974401534329554,TNRC6A,506.3551375208,377.637097805481
151.329868894951,-0.128973973945226,0.393614621334443,-0.327665607308932,0.743164510364576,0.996294710336961,TNRC6B,157.569763804584,145.089973985318
66.8530011143324,-0.810214156520606,0.590605761963924,-1.37183584837781,0.170114544726506,0.98168489642748,TNRC6C,78.3324714358908,55.3735307927741
282.744600087492,-0.0860813169973149,0.330490630764217,-0.260465226497535,0.794504935066203,0.996294710336961,TNS1,285.601662825409,279.887537349575
351.913607890035,0.28176101336517,0.327663796217147,0.859908896307981,0.389839264150741,0.992443630108828,TOB2,317.486709078879,386.34050670119
361.82903483047,-0.033274156774449,0.274969567932816,-0.121010324977414,0.903682857147126,0.996577394764533,TOM1L2,368.28438502416,355.373684636781
1725.39813394274,-0.0316973077102957,0.135232550081837,-0.234391111393772,0.814681358554879,0.996294710336961,TOMM20,1749.78355084664,1701.01271703884
1216.04877909971,0.00795258146857327,0.182789748924988,0.0435067147656996,0.965297611987038,0.998879356112684,TOMM22,1209.4886307089,1222.60892749052
384.829533415297,-0.333401656742876,0.26991206557966,-1.23522324215802,0.21674743150151,0.98168489642748,TOMM34,426.997699053168,342.661367777427
202.673150389534,-0.0568930450964374,0.428920169916741,-0.132642503399831,0.894476116542739,0.996577394764533,TOMM40L,210.14115046643,195.205150312637
1954.42533799195,0.00897950957186542,0.136286277432617,0.0658871145431724,0.947467699395872,0.998879356112684,TOMM5,1947.48969861115,1961.36097737276
639.547346828579,0.0388464163303981,0.209584844551782,0.185349357743281,0.852955026762699,0.996294710336961,TOMM70,634.188205610186,644.906488046971
13.8093697334284,0.958558051475992,1.33135873947784,0.719984796773813,0.471534356274425,0.994447194724684,TONSL,10.0969038528348,17.521835614022
1060.85453751614,-0.21023395494878,0.160153884271617,-1.3126996944528,0.189284160619624,0.98168489642748,TOP1,1137.92427926382,983.784795768465
75.3479758912485,0.687655043907925,0.570498053710516,1.20535914090402,0.2280646876937,0.98168489642748,TOPBP1,62.4202540970807,88.2756976854163
31.782347969388,-1.61859590684411,0.956801687109463,-1.69167334114341,0.0907082741198211,0.946227721488623,TOPORS,39.2891054433035,24.2755904954724
639.058565612895,0.0817803481052963,0.219162160991775,0.373149944019603,0.709036848741816,0.996294710336961,TOR1A,622.474373870439,655.642757355352
281.901890074639,0.171133106071833,0.347374621017213,0.492647118464516,0.622261948808307,0.996294710336961,TOR1AIP1,273.669453000233,290.134327149045
561.393039995912,-0.0522089799200051,0.209319098471272,-0.249422916022975,0.80303366075282,0.996294710336961,TOR1AIP2,571.708413739327,551.077666252497
408.609855742354,0.0026916661892131,0.257133175685682,0.010467984856623,0.991647909035682,0.998987745956335,TOR1B,411.647249774339,405.572461710368
301.219213009699,-0.119157494612487,0.285348715019159,-0.417585530758344,0.676250177590451,0.996294710336961,TOX,315.396983252467,287.04144276693
358.065514069344,0.312536219207182,0.288080330517199,1.08489260147014,0.27796922520088,0.982783504448174,TOX4,318.447398787682,397.683629351005
308.0247358275,0.293892065735337,0.296853000136047,0.990025587077264,0.322161612710481,0.986152964913951,TP53BP1,276.629551131132,339.419920523869
146.455224422746,0.12252041154066,0.407722872226737,0.300499235844992,0.763796379216567,0.996294710336961,TP53BP2,136.215974864352,156.69447398114
323.113819817477,-0.0965902395142083,0.305395062527492,-0.31627963698828,0.751790265791593,0.996294710336961,TP53I11,337.838710388231,308.388929246722
378.332841373156,0.436420928361777,0.293807685604048,1.48539656974774,0.137438803811768,0.974401534329554,TP53RK,321.243263481539,435.422419264774
99.0963995208695,-0.117997698855041,0.526532213048298,-0.22410347540164,0.822676788276356,0.996294710336961,TPCN1,96.0964758622764,102.096323179463
53.7179193253244,-1.15360675876672,0.730367059079015,-1.57948903147604,0.114223930416237,0.974401534329554,TPCN2,76.5195407967525,30.9162978538962
3204.15802045558,-0.136277061489551,0.114029991176161,-1.19509841300453,0.232048581976796,0.98168489642748,TPD52L2,3345.13904412964,3063.17699678151
484.412985944467,-0.374395875206861,0.231993694243462,-1.61381918774894,0.106566651344489,0.961015869502668,TPGS2,544.14344057829,424.682531310644
4268.41086541236,-0.119280506251859,0.105387012954238,-1.13183306849823,0.257704622228294,0.982783504448174,TPI1,4429.04650690526,4107.77522391946
13866.8054787917,-0.050635415573529,0.0729403512379078,-0.694203067495147,0.487554869186033,0.994447194724684,TPM4,14160.3443697008,13573.2665878825
249.72538494502,0.213005415695396,0.334815836740104,0.636186799792087,0.524654675817774,0.995460348195308,TPMT,236.474246594611,262.976523295429
2038.86806515523,-0.0737981404025044,0.131332995661352,-0.561916219384777,0.574173102423531,0.996294710336961,TPP1,2090.71646200224,1987.01966830822
102.408389578171,-0.0890750846136103,0.482946370636803,-0.184440944231878,0.853667551898391,0.996294710336961,TPP2,106.119031085813,98.697748070528
389.091619733311,-0.306329541806521,0.315475513491585,-0.97100893320106,0.331543830114966,0.986152964913951,TPR,420.975941533092,357.20729793353
783.019042740283,0.0127856272843972,0.202162790273242,0.063244216540127,0.949572035523238,0.998879356112684,TPRG1L,781.563169181606,784.47491629896
463.649314194358,-0.360586083354967,0.236303554677495,-1.52594438897499,0.127023714623952,0.974401534329554,TPST1,519.854530537447,407.44409785127
237.151832858133,0.19536027441584,0.349754984366853,0.558563231827827,0.576459839187344,0.996294710336961,TPST2,212.113514624172,262.190151092095
29205.7319482886,-0.0802176339546167,0.0615730253151342,-1.30280481662316,0.192641405951586,0.98168489642748,TPT1,30014.0007258501,28397.4631707271
1427.02293497438,0.00944347976006387,0.138941643288372,0.0679672381624567,0.94581171411311,0.998879356112684,TPTEP2-CSNK1E,1422.25681362234,1431.78905632642
527.828780152016,-0.482825602717413,0.226614499366232,-2.13060331120789,0.0331218365532741,0.763767305220832,TPX2,619.129373621791,436.528186682241
728.958597115347,0.239051079333514,0.20461839774808,1.16827754475834,0.242694830066801,0.98168489642748,TRA2A,664.106599687359,793.810594543335
1162.42344033258,-0.0749569766334281,0.170389062064811,-0.439916598665921,0.65999751349408,0.996294710336961,TRA2B,1192.02979938878,1132.81708127639
400.37457153213,-0.00997529215891956,0.281536836411091,-0.035431570113809,0.971735611199081,0.998879356112684,TRABD,402.545135282818,398.204007781443
25.3493115243165,1.94445063599583,1.09466861240244,1.7762915771636,0.0756848707844559,0.926371049184813,TRAF1,13.1474650034411,37.551158045192
247.563531457792,0.0184677378007523,0.330772459883964,0.0558321506186786,0.955475522391545,0.998879356112684,TRAF3,243.94337917809,251.183683737494
151.043394609509,0.959733930541695,0.438761449669188,2.1873706800479,0.0287154747779484,0.730835059169675,TRAF3IP1,101.860903353646,200.225885865373
63.3539392315707,-1.25861591909013,0.766049978288976,-1.64299452354445,0.100384066348877,0.961015869502668,TRAF3IP2,88.7506914095868,37.9571870535546
130.798736990919,0.725798666337538,0.477981156219091,1.5184671129689,0.128896684044451,0.974401534329554,TRAF4,103.112483404613,158.484990577225
28.7607126376057,0.271603927879609,0.909198793248426,0.298728869743887,0.765146927438246,0.996294710336961,TRAF5,26.2747712704863,31.2466540047252
75.3162306409136,-0.154771355421735,0.581575856475255,-0.266124106938956,0.790143629581739,0.996294710336961,TRAF6,79.2246496147741,71.4078116670531
1414.00052064036,0.0443333821970807,0.141210680571824,0.313952046810875,0.753557459690771,0.996294710336961,TRAF7,1371.21737732701,1456.78366395371
188.202598424557,0.806839577709834,0.364318880887585,2.21465210846098,0.0267839524253525,0.722700907616249,TRAK1,136.781096943181,239.624099905934
423.144091275167,-0.217733208718177,0.275802571084544,-0.789453150715673,0.429847201421394,0.994447194724684,TRAK2,455.670963256731,390.617219293604
1561.14495807788,-0.267070176438264,0.138480081252181,-1.92858188718068,0.0537827894265915,0.869042076164583,TRAM1,1700.60380809434,1421.68610806141
1429.75230586778,-0.243165849666115,0.141498390034543,-1.71850612297957,0.0857043385862059,0.942895213226454,TRAM2,1529.05471657646,1330.4498951591
116.798240370248,-0.166764432759005,0.460991847075425,-0.361751371129389,0.717537834550714,0.996294710336961,TRAPPC11,120.801825848115,112.79465489238
90.1126541286448,0.333097304498633,0.558376810254886,0.596545734674371,0.550810710558119,0.996294710336961,TRAPPC13,84.8547802292977,95.3705280279919
118.220369786169,0.00150386560410814,0.483631523406126,0.00310952766998457,0.997518959878994,0.999437865096263,TRAPPC2,119.1113803984,117.329359173939
1185.55284796784,0.00496768662533567,0.149050126215004,0.033328966244348,0.973412254863688,0.998879356112684,TRAPPC2L,1189.35865973264,1181.74703620304
1896.41054976931,-0.190007781514822,0.161852196768002,-1.17395861971017,0.24041160069356,0.98168489642748,TRAPPC3,2020.57327855721,1772.24782098141
1727.56086599767,-0.329251409421053,0.133083678080246,-2.47401795750282,0.013360298113865,0.62676812170277,TRAPPC5,1921.77132214627,1533.35040984906
137.386429973239,-0.476570809332841,0.458064058485206,-1.04040210207462,0.298153125508039,0.986152964913951,TRAPPC6B,159.158134160233,115.614725786245
32.0503337466283,0.223025017943189,1.10219812816493,0.202345669298593,0.839646499369064,0.996294710336961,TRDMT1,24.9916145193626,39.109052973894
693.481341104601,-0.0166465589805175,0.219493830725632,-0.0758406690770538,0.939545860034812,0.998879356112684,TRIM13,698.410944318269,688.551737890933
59.8891302799429,1.09812104450706,0.726883186410222,1.51072560906275,0.130858374898655,0.974401534329554,TRIM2,37.5482933372381,82.2299672226477
146.468917559969,-0.61051419296807,0.429020627601021,-1.42304158282998,0.154724101185063,0.974401534329554,TRIM22,176.936307610206,116.001527509732
134.936120433992,-0.00781171626835226,0.416705816644257,-0.0187463576372901,0.985043446695144,0.998987745956335,TRIM23,134.624630714098,135.247610153886
122.502738139543,0.240203623328649,0.457456624889211,0.525085025026848,0.59952408570389,0.996294710336961,TRIM24,117.141829295108,127.863646983977
479.130780290357,-0.166710691974343,0.251877030581981,-0.66187334188094,0.508052397723712,0.994447194724684,TRIM25,506.011188336169,452.250372244544
205.24436790903,-0.502357842571844,0.364118924238222,-1.37965320979357,0.167693445898062,0.98168489642748,TRIM32,240.592133111412,169.896602706648
244.785439909043,0.367572125585719,0.320147290195749,1.14813442700381,0.250913073944181,0.98168489642748,TRIM33,213.755384545585,275.815495272502
57.9727529812891,0.959450003777588,0.634383761030356,1.51241261633063,0.13042892735554,0.974401534329554,TRIM35,42.6131460088129,73.3323599537654
410.690357333281,0.281761676492113,0.261853465083386,1.07602806173441,0.281914706504298,0.982783504448174,TRIM37,371.900619466722,449.480095199839
502.916899369035,0.266639897824437,0.228578157575638,1.16651521148168,0.243406202051269,0.98168489642748,TRIM38,462.145755199144,543.688043538926
142.413899769322,-0.142419941697806,0.422244552319473,-0.33729254981613,0.735896375381952,0.996294710336961,TRIM4,147.542616272624,137.28518326602
953.687532251769,0.354156376507732,0.175373718544236,2.0194381429986,0.0434417004444717,0.842267852842935,TRIM44,838.29427422864,1069.0807902749
196.075997289597,-0.360311658698127,0.373394091539121,-0.964963471202587,0.334563108372577,0.986152964913951,TRIM5,221.280910119354,170.87108445984
39.8382315601967,0.570848407992785,1.05519757168051,0.540987226765175,0.588516386864732,0.996294710336961,TRIM52,31.9442960471556,47.7321670732378
188.977409002716,0.759778025885051,0.355835577341436,2.13519410161739,0.0327451585164208,0.763767305220832,TRIM56,145.669284918341,232.285533087091
255.544487049952,-0.238467260689256,0.357079362456444,-0.667827059645162,0.504243991501344,0.994447194724684,TRIM65,288.577772853838,222.511201246067
262.867235221151,0.403773075267475,0.313362531976482,1.288517400982,0.197565915524152,0.98168489642748,TRIM8,225.254172347727,300.480298094576
463.727294274579,0.0551319482151354,0.243152808705488,0.226737862945735,0.820627583389731,0.996294710336961,TRIO,456.752462522548,470.70212602661
5364.89024921515,-0.0806868600113786,0.0856770921986024,-0.941755350710826,0.346317909431235,0.988142440035739,TRIOBP,5534.91563976169,5194.86485866861
237.083293404773,-0.00847193387440292,0.354602542534298,-0.0238913511839343,0.98093927307075,0.998987745956335,TRIP11,238.491523784257,235.675063025288
1225.33167763137,0.0385145084712895,0.161585266082311,0.23835408639096,0.811606475000927,0.996294710336961,TRIP12,1212.44073889335,1238.22261636939
129.103676072356,0.0709286976521365,0.472823649835484,0.150010892384118,0.880756021625738,0.996577394764533,TRIP13,123.532910501113,134.674441643598
242.860272453865,-0.40673543570681,0.318907143756929,-1.27540396528974,0.202166295901895,0.98168489642748,TRIP4,279.901604901127,205.818940006604
70.3874579601331,1.11485870273811,0.622260413254787,1.79162723353514,0.0731926977042998,0.925119922510967,TRIQK,43.9514844594886,96.8234314607775
57.7262581446458,0.330439882442621,0.641404897902049,0.515181414303892,0.606426255278506,0.996294710336961,TRMO,51.4396146091752,64.0129016801164
42.3366175301054,-0.223814384845005,0.74497481831567,-0.300432147963111,0.763847545063683,0.996294710336961,TRMT10A,41.5747234023374,43.0985116578733
27.0894109602089,-0.355278396649694,1.2688600410012,-0.279998096850272,0.779478965009216,0.996294710336961,TRMT10B,30.1363363153394,24.0424856050783
308.19546727326,-0.238763658489054,0.290838653933221,-0.820948850024166,0.411675404117676,0.992443630108828,TRMT10C,333.774025208372,282.616909338147
1819.21276957637,-0.140174406373481,0.125431221328328,-1.11753999434129,0.263763509111702,0.982783504448174,TRMT112,1874.20727936981,1764.21825978293
160.179008981382,-0.252253546742312,0.396392984272029,-0.636372379812858,0.52453373891364,0.995460348195308,TRMT1L,172.254383065376,148.103634897389
90.0491417186696,1.43929433215271,0.681980297119241,2.11046321753348,0.034818476202716,0.777278645014587,TRMT2A,48.5118368768131,131.586446560526
81.0834192378345,-0.243678659317951,0.674727617171886,-0.361151156579788,0.717986452799288,0.996294710336961,TRMT5,76.2182275481671,85.9486109275019
124.311589246651,0.473620958774209,0.44250735505381,1.07031206004839,0.28447886773379,0.982783504448174,TRMT6,121.178372163735,127.444806329567
63.2521484785659,-0.4239701738626,0.737664100014439,-0.574746925944073,0.565462465939778,0.996294710336961,TRMT61A,72.5339524187348,53.9703445383969
169.392638987376,0.420984888407957,0.389546378836958,1.08070543400984,0.279828165137037,0.982783504448174,TRNAU1AP,144.870610424428,193.914667550323
432.758432510211,-0.13219670266511,0.244334044137979,-0.541049050825094,0.588473774223928,0.996294710336961,TRNP1,454.092276985159,411.424588035264
47.5442647057738,-0.411762756455151,0.979110501282416,-0.420547788953172,0.674085326033098,0.996294710336961,TRNT1,53.4762847140361,41.6122446975115
67.0418843748532,-0.144959480964836,0.622539948831185,-0.232851692870468,0.815876570867524,0.996294710336961,TRPC1,73.3249383159425,60.7588304337639
13.6104163392042,-1.38944271453268,1.71149770491194,-0.811828558428696,0.416890012598433,0.992443630108828,TRPC4,17.258371626129,9.96246105227929
106.096552643826,0.290965235723265,0.576908523416386,0.504352464755076,0.614013715596106,0.996294710336961,TRPS1,93.0028580531265,119.190247234525
220.514257382472,0.0264517231592042,0.358405055817015,0.0738039900104235,0.941166352117469,0.998879356112684,TRUB2,217.591977436185,223.436537328759
155.282233863664,-0.210789881373777,0.41117982677823,-0.512646456966058,0.608198649839021,0.996294710336961,TSC1,167.558210752226,143.006256975102
461.90533381637,0.163081869996536,0.235503518572309,0.692481670699386,0.488634892701701,0.994447194724684,TSC22D2,437.009588634706,486.801078998035
87.6888710270338,0.865424290266537,0.581226616042242,1.48896190638944,0.13649740016371,0.974401534329554,TSEN15,67.2117195979032,108.166022456164
117.602639919781,-0.658604755677082,0.495342798568814,-1.32959388443716,0.183652114164612,0.98168489642748,TSHZ1,134.009314593147,101.195965246414
88.935716309719,-1.27470153766856,0.553233645164666,-2.30409258151527,0.0212174470965868,0.714845395677829,TSHZ3,126.177255129855,51.6941774895832
265.061934025196,0.09741547972755,0.305341309145072,0.319037997185197,0.749697699566027,0.996294710336961,TSKU,256.94453288328,273.179335167113
710.505217563382,0.164810281632337,0.199571166401209,0.82582210949757,0.408905010212419,0.992443630108828,TSN,667.536634078328,753.473801048436
313.144161531691,0.0445957947140347,0.30633465855737,0.14557867831231,0.884254000884436,0.996577394764533,TSNAX,308.40238948621,317.885933577171
95.1801565177809,-0.744092192518412,0.559105849812937,-1.33086103958198,0.183234738883473,0.98168489642748,TSPAN11,117.745429223476,72.6148838120862
332.784404058425,0.0444477053519562,0.297659913352455,0.149323786503043,0.881298146772649,0.996577394764533,TSPAN13,325.157034805995,340.411773310856
1549.58145179987,-0.044762539862497,0.146205742752967,-0.306161297221608,0.759481838690565,0.996294710336961,TSPAN14,1547.95915345808,1551.20375014167
554.378926148269,-0.115295452152565,0.228490686722807,-0.504595849424862,0.61384272565123,0.996294710336961,TSPAN17,563.399386375955,545.358465920583
106.784094262936,-0.0684727341959633,0.477222425673277,-0.143481803268906,0.885909681437481,0.996577394764533,TSPAN18,109.563559728027,104.004628797844
3638.03791721625,-0.0536844107023124,0.0996948006117676,-0.538487567785714,0.590240485783719,0.996294710336961,TSPAN3,3709.93933811459,3566.13649631792
83.966425425172,0.411613895987418,0.590816576118614,0.696686438101528,0.485999047898382,0.994447194724684,TSPAN31,73.7576350160494,94.1752158342946
523.489977416859,-0.103361026151423,0.231515245199081,-0.446454513449177,0.655268962689466,0.996294710336961,TSPAN5,532.957915200823,514.022039632896
629.889199881485,-0.132433944230758,0.212756242110925,-0.622467961065558,0.533634204657093,0.996294710336961,TSPAN6,657.269906171998,602.508493590973
551.797623089821,0.0781691319155122,0.227209377080777,0.34404007845029,0.730816145508502,0.996294710336961,TSPAN9,531.802010187118,571.793235992523
588.577124598217,0.0611211132364182,0.247551926032646,0.246902192263121,0.804983919664237,0.996294710336961,TSPYL1,580.036308178279,597.117941018155
280.171093651322,0.31863078449669,0.338683836364532,0.940791234435356,0.34681185377299,0.988142440035739,TSPYL4,258.755235051538,301.586952251107
335.618959498857,-0.0888177654119847,0.313826199307641,-0.283015776273406,0.777164743491816,0.996294710336961,TSR1,336.328372784421,334.909546213294
396.72703903525,-0.274000427816589,0.305302827593899,-0.897470979800596,0.369467652042178,0.992443630108828,TSR2,431.016516015605,362.437562054895
29.971694846191,-0.390160944574984,1.03162055463246,-0.378201987952818,0.705280548784778,0.996294710336961,TSTD3,35.1796614703148,24.7637282220672
61.8225589403779,0.0153227544510418,0.72459975192856,0.0211465080001194,0.983128785158203,0.998987745956335,TTBK2,63.8668267181698,59.7782911625859
464.052552247826,-0.557368662606066,0.25342172482128,-2.19937206646012,0.0278514771843973,0.726566203087928,TTC1,551.991491938314,376.113612557337
169.826462339658,-0.374305926942186,0.387416168889933,-0.966159796620488,0.333964226725195,0.986152964913951,TTC17,199.48256917242,140.170355506896
109.740246570529,0.489997101198513,0.466346609095904,1.0507144077845,0.293389776760515,0.984887697687056,TTC19,91.8007029724113,127.679790168648
31.3159993712895,2.99647724444945,1.08744094092832,2.75553101935947,0.00585969480024389,0.560424063446575,TTC21B,19.9033127125133,42.7286860300657
100.500798010072,-0.256715130466674,0.563444656544288,-0.455617295301292,0.648665203932705,0.996294710336961,TTC23,105.381998847311,95.6195971728334
138.972374356414,0.309544889180749,0.44628285671091,0.693606945743075,0.487928736698074,0.994447194724684,TTC28,124.29302677541,153.651721937419
675.02669884602,-0.145061761285628,0.22599511992892,-0.64188006064579,0.520951061613488,0.995460348195308,TTC3,708.925876380392,641.127521311648
61.4379052307177,-0.133964893698439,0.682448507258213,-0.196300368853693,0.844375072703462,0.996294710336961,TTC33,63.7867229849154,59.0890874765199
16.5741090505247,-0.696606153506249,1.15687089847272,-0.602146838014421,0.547076399194956,0.996294710336961,TTC39B,17.7610958770954,15.387122223954
16.743298332039,-2.4189143573972,1.61790977855563,-1.49508606070523,0.134891983292462,0.974401534329554,TTC39C,27.8937130202249,5.59288364385306
352.397331718798,0.195001035111413,0.285283875117272,0.683533322839413,0.49426990117431,0.994447194724684,TTC4,330.41648632403,374.378177113566
47.2049490780135,-1.52053904169993,0.745788235606935,-2.03883484493758,0.0414665133839948,0.82869888739163,TTC7A,66.9663587460856,27.4435394099414
122.029057214903,0.407640855650966,0.541606106284963,0.752651882836209,0.451659131502935,0.994447194724684,TTC9C,102.964918692023,141.093195737784
36.0915604655676,-0.894125071390256,0.83553037401833,-1.07012874599654,0.284561361572178,0.982783504448174,TTF1,48.0648287884174,24.1182921427179
112.400174284373,-0.0894841711250267,0.459266135842937,-0.194841648755111,0.845516916086099,0.996294710336961,TTF2,112.593427679219,112.206920889528
153.767262802079,0.0774085613877675,0.398441150759615,0.194278530819898,0.845957795280789,0.996294710336961,TTI2,144.076387499582,163.458138104575
726.364070004898,-0.24444212217867,0.192641310205745,-1.26889773495415,0.204477540291479,0.98168489642748,TTL,788.061373508387,664.666766501408
124.526092333301,-0.625852705477107,0.544932332882063,-1.1484961851448,0.25076378696359,0.98168489642748,TTLL1,149.435965623946,99.6162190426567
171.786783719143,0.197154506397089,0.403300029960318,0.488853190555151,0.624945637444728,0.996294710336961,TTLL11,161.547537971303,182.026029466983
246.800053148477,-0.286824596299672,0.333198725463959,-0.86082140890631,0.389336411879216,0.992443630108828,TTLL12,269.986466280927,223.613640016027
69.6646112437683,-0.602236795307853,0.575688152991831,-1.04611636035595,0.295507312588338,0.986152964913951,TTLL4,84.6314981072062,54.6977243803305
149.982647448444,-0.0771664346196897,0.418401119655893,-0.18443171156701,0.853674794264711,0.996294710336961,TTLL5,153.832977665348,146.132317231541
23.6018001219755,1.28152845689862,1.27547042561881,1.00474964464729,0.315017416577031,0.986152964913951,TTLL7,17.9470478204179,29.256552423533
150.58354367866,-0.063646560955854,0.406149679872702,-0.156707155292607,0.875475647650777,0.996577394764533,TTPAL,153.991710608084,147.175376749237
2470.18803149698,0.0645074454382626,0.115209708917158,0.559913275057806,0.575538593487056,0.996294710336961,TTYH3,2407.56381799064,2532.81224500332
61.277869006157,-0.0672835220092512,0.717577554746846,-0.093764808506292,0.925295987228541,0.996596129250316,TUB,62.0205466262797,60.5351913860343
26444.9013150544,-0.000679607609991016,0.0697849228633024,-0.0097386022955454,0.992229842405555,0.998987745956335,TUBA1A,26413.4002940442,26476.4023360646
10498.3168132678,0.066211277532717,0.075551053801744,0.876377948432912,0.38082460223505,0.992443630108828,TUBA1C,10278.7443477648,10717.8892787708
263.137964652749,0.338784549363642,0.313587078401377,1.0803523891696,0.279985288674519,0.982783504448174,TUBA4A,235.464269404224,290.811659901274
32.4222400893914,-1.67441981506546,1.07688817787912,-1.55486878717821,0.119977322433137,0.974401534329554,TUBB2B,38.6151478603837,26.229332318399
46.2673976730249,-0.112464617987209,0.817478982331564,-0.137574935157897,0.890576365980064,0.996577394764533,TUBD1,52.722223397862,39.8125719481879
14.8478371633734,1.32305610018762,1.25569925802876,1.05364090304919,0.292047354917847,0.984489888441149,TUBE1,7.19357893647042,22.5020953902764
106.941854992302,-0.592934416498327,0.519850646327157,-1.14058609080804,0.254042208131249,0.98168489642748,TUBGCP4,129.00967442923,84.8740355553734
1611.11249422127,-0.0657883507066111,0.152320080114466,-0.431908587870832,0.665807852853211,0.996294710336961,TUFM,1633.84339391512,1588.38159452742
1446.01842901957,0.0878893084672154,0.161182780341645,0.545277282603789,0.585562825948876,0.996294710336961,TUG1,1403.63366174354,1488.4031962956
320.26722976001,-0.106071035287398,0.289385658257544,-0.366538673430035,0.713963160207545,0.996294710336961,TULP3,326.914405146682,313.620054373338
767.205847539414,0.285448516723964,0.184677342102293,1.54566073712418,0.122186524282097,0.974401534329554,TUSC2,680.895713506483,853.515981572344
316.097784569227,0.403962570280945,0.285461526872605,1.41512089109376,0.157033053922566,0.974401534329554,TUSC3,271.88922135853,360.306347779925
17.6710114118862,-0.0982866909083018,1.29088978227588,-0.0761387163007979,0.939308738368384,0.998879356112684,TUT4,18.0576442030294,17.284378620743
107.762182719996,0.261605013754254,0.50696237381378,0.516024516348719,0.605837286357257,0.996294710336961,TUT7,101.78196079058,113.742404649412
46.5607507627945,-0.748202393122924,0.817814860040146,-0.914879919259716,0.360254673026172,0.992443630108828,TWIST2,55.7283439849578,37.3931575406313
850.890921449729,0.186117851665665,0.175187357445813,1.06239316797294,0.288057234062396,0.982783504448174,TWSG1,800.117505799193,901.664337100266
62.8824277830732,0.403193211279705,0.612663952700834,0.658098472257573,0.510474857495867,0.994447194724684,TXLNG,54.3746737151619,71.3901818509845
5114.85265897033,0.0730206943727001,0.0959384408600802,0.761120294618878,0.446585219716587,0.994447194724684,TXN,5001.19665110323,5228.50866683742
496.119706654383,-0.132044613601434,0.227835174934937,-0.579562017318627,0.562210013257546,0.996294710336961,TXN2,519.443143495195,472.79626981357
725.863682068555,0.181193092596115,0.199868415616764,0.906561909929494,0.364638512034587,0.992443630108828,TXNDC12,683.883607224587,767.843756912523
446.418226994937,0.130597000567641,0.24474912825658,0.533595365580756,0.593621515322668,0.996294710336961,TXNDC15,433.813605499619,459.022848490254
1481.70483319001,0.261088804965028,0.15163038714495,1.72187653069461,0.085091887258758,0.941849658533572,TXNDC17,1350.19883567169,1613.21083070833
15092.1629271135,-0.0525784041089476,0.0662639531614723,-0.793469172912523,0.427504522950498,0.994447194724684,TXNDC5,15332.9057258121,14851.4201284149
499.880258772425,-0.137383717087442,0.223620426428005,-0.614361215931556,0.538976658680674,0.996294710336961,TXNDC9,523.645566938864,476.114950605985
248.80027166837,0.0148879020154319,0.335762387621867,0.0443405889530382,0.964632918168544,0.998879356112684,TXNIP,248.185590507567,249.414952829172
399.292003188733,0.295320365715866,0.246996286103027,1.1956469887676,0.231834346428291,0.98168489642748,TXNL1,360.230754196746,438.35325218072
1448.78480351241,0.115970500164977,0.140889751243993,0.823129426668791,0.410434396346372,0.992443630108828,TXNL4A,1392.83981063815,1504.72979638667
76.0857446885332,0.514972644575091,0.636228952477952,0.809414036518461,0.418277031017222,0.992443630108828,TXNL4B,65.6444226659121,86.5270667111544
3345.65001733991,0.201309314273815,0.105510308883005,1.90795872370194,0.0563965513600481,0.869042076164583,TXNRD1,3142.22136441762,3549.07867026221
96.8577863456717,-0.224684939549362,0.527554057022474,-0.425899368147198,0.670181175357946,0.996294710336961,TXNRD3,103.048844036485,90.6667286548586
548.407058219637,0.519369360541919,0.25287577915716,2.05385174599555,0.0399900428582899,0.813699035995236,TYMS,453.751639695777,643.062476743496
127.705320487463,0.0869584799060802,0.509910672092346,0.170536693317789,0.864588079889097,0.996577394764533,TYRO3,124.169331920594,131.241309054333
59.7147554515756,1.8781464441407,0.723344235228341,2.59647668796008,0.00941852966759617,0.602591702238163,TYSND1,25.6779937467674,93.7515171563838
165.104703738359,0.649536998747747,0.391366028404396,1.65966627557307,0.0969816073881119,0.949811592024065,TYW3,129.563222680177,200.646184796542
74.5887947405171,-1.30842489364631,0.898406526443911,-1.45638400338134,0.145286495162417,0.974401534329554,TYW5,87.1512816890747,62.0263077919595
205.442207745744,0.134001611686278,0.348413250950355,0.384605382604613,0.700529805599222,0.996294710336961,U2SURP,199.146547939608,211.73786755188
585.208055613894,0.359738533772307,0.230009771868194,1.56401413231458,0.117814249585091,0.974401534329554,UACA,512.358788910443,658.057322317345
1236.74505856463,-0.185843683407556,0.148915187896395,-1.24798340607711,0.212037134147959,0.98168489642748,UAP1,1319.69737100449,1153.79274612477
317.279784900087,0.3608623964277,0.289174508341984,1.24790528216594,0.212065746035377,0.98168489642748,UBA3,276.907699973846,357.651869826329
154.836203434745,0.663382564068149,0.462062043196545,1.43570019185923,0.151087670628153,0.974401534329554,UBA5,125.306021509346,184.366385360143
11889.3251967614,-0.110915935399123,0.0723812205052373,-1.53238553626072,0.125427324522418,0.974401534329554,UBA52,12361.4595747134,11417.1908188094
383.532304718227,0.0628297648509151,0.257176860279964,0.2443056688013,0.80699409340845,0.996294710336961,UBA6,375.141267525443,391.923341911011
398.280283857851,-0.482560842577692,0.27074205132639,-1.7823638412045,0.0746899180530741,0.926371049184813,UBAC2,463.028135553429,333.532432162273
601.781915632319,0.0735643163092964,0.219325509344524,0.335411583126608,0.737314631458207,0.996294710336961,UBALD2,588.959425247099,614.604406017539
402.287194826942,0.107464404393522,0.255947432130654,0.419869046932512,0.674581120861899,0.996294710336961,UBAP1,383.44878049322,421.125609160663
365.168153515732,0.291061414687354,0.306259897969293,0.950373903398013,0.341922299270864,0.987678078249577,UBAP2,318.13113394422,412.205173087244
148.133847919452,0.0322111555049689,0.417346755954832,0.0771807976110277,0.938479717361101,0.998879356112684,UBAP2L,143.294978317538,152.972717521366
279.579087923321,0.126986186297563,0.360156104781146,0.352586516268349,0.724398447656907,0.996294710336961,UBASH3B,271.152254365341,288.0059214813
1316.09164570296,0.198765978575845,0.152808068619908,1.30075578057499,0.193342062300546,0.98168489642748,UBE2A,1229.31132360059,1402.87196780532
724.012528179774,-0.143765176146679,0.202804462731201,-0.708885663611981,0.478395432386074,0.994447194724684,UBE2B,759.193384713996,688.831671645552
186.871363502255,-0.0750542054566094,0.363713669648033,-0.20635519563848,0.83651346628911,0.996294710336961,UBE2D1,194.03187657412,179.710850430389
2229.18863668765,0.0823498317886737,0.117177265603387,0.70277994084113,0.482192899843907,0.994447194724684,UBE2D2,2167.23152810821,2291.14574526708
3093.98911772503,-0.0734054713666188,0.102930270966792,-0.71315727314369,0.475748442233764,0.994447194724684,UBE2D3,3165.15910464574,3022.81913080432
344.966198757019,0.244653464696948,0.282813423081539,0.865070200810132,0.387000259230921,0.992443630108828,UBE2E2,317.890474395085,372.041923118953
332.156739039485,0.0584371930952456,0.359432650317417,0.162581760570831,0.87084774885788,0.996577394764533,UBE2F,326.669181783532,337.644296295438
404.559522154414,-0.0430763411626187,0.24987980675053,-0.172388244263469,0.863132313548557,0.996577394764533,UBE2G1,410.970288147288,398.14875616154
1614.88817047976,0.25718740795813,0.137204656088579,1.87448017647514,0.0608642718383241,0.888761578890916,UBE2G2,1476.87909978191,1752.8972411776
1346.30133893431,-0.170783249153807,0.145630241720561,-1.1727182976288,0.240908791301778,0.98168489642748,UBE2H,1426.36634983948,1266.23632802914
1152.70066389137,0.126038375927311,0.155941239914005,0.808242745772804,0.418950854758703,0.992443630108828,UBE2I,1112.46301808983,1192.93830969291
760.168145797468,-0.00129685849618943,0.186444870125707,-0.00695572098773782,0.994450182366597,0.998987745956335,UBE2J1,758.750525089811,761.585766505125
1199.24465703188,0.0274577344297204,0.161563580916061,0.169950023848418,0.865049439963026,0.996577394764533,UBE2J2,1182.75792296816,1215.7313910956
1197.35271213796,-0.209124504936217,0.173139730371287,-1.2078366097011,0.227110116508218,0.98168489642748,UBE2K,1286.49626239136,1108.20916188456
1209.70267558763,0.144706678409985,0.179273754940372,0.807182727098651,0.419561215708322,0.992443630108828,UBE2L3,1152.07371625667,1267.33163491859
1194.2875730908,-0.0514721411233675,0.181697515016428,-0.283284783056684,0.776958541094007,0.996294710336961,UBE2N,1217.5356769912,1171.0394691904
88.9560377618025,-0.285424945014507,0.532080501111641,-0.536431882803801,0.591660101426567,0.996294710336961,UBE2O,93.8669661641303,84.0451093594746
1087.77097642731,0.0934265268353128,0.161827490961032,0.577321728715486,0.563722137894535,0.996294710336961,UBE2Q1,1054.51291012202,1121.0290427326
439.261629141779,0.172464655620489,0.247777233150037,0.69604722527536,0.486399255219916,0.994447194724684,UBE2Q2,415.197991726102,463.325266557456
3230.55755970403,-0.164524194653924,0.112576696028977,-1.46144095942891,0.143894467037786,0.974401534329554,UBE2R2,3420.39084537028,3040.72427403778
157.25130458932,-0.0138752938579664,0.412466496507842,-0.0336398082642879,0.973164377815477,0.998879356112684,UBE2T,158.314846488582,156.187762690059
1067.95450769555,0.140854354579383,0.175520835213597,0.802493643606315,0.422267463828929,0.994447194724684,UBE2V2,1016.35922423279,1119.54979115831
236.140871169759,0.260947329092942,0.318595652730741,0.819054895621818,0.41275509413869,0.992443630108828,UBE2W,214.52591185223,257.755830487289
1971.71662383834,0.0938441647491601,0.163004447622882,0.575715363094096,0.564807589371176,0.996294710336961,UBE2Z,1901.86031596102,2041.57293171565
580.099785767732,0.397632669449028,0.21474965294328,1.85161030064179,0.064081802829373,0.891663350651627,UBE3A,504.53254979642,655.667021739044
148.962418569576,0.047125399908484,0.401002473513638,0.117518975620187,0.906448807862517,0.996577394764533,UBE3B,146.916637760364,151.008199378788
292.315125240386,0.224985674675745,0.28997183429417,0.775888027964472,0.437815102029673,0.994447194724684,UBE3C,267.931698172357,316.698552308415
378.819005294016,0.207802515174958,0.266146816951296,0.780781515839002,0.434931007311637,0.994447194724684,UBE4A,349.98332696148,407.654683626553
236.286806900885,-0.048582170905843,0.369908598917274,-0.131335608439608,0.89550982428283,0.996577394764533,UBE4B,238.811848098469,233.7617657033
463.003458974288,0.0355562343883156,0.249280290057321,0.142635562483258,0.886578009831447,0.996577394764533,UBFD1,466.231816907517,459.77510104106
322.577427795202,-0.12873769851395,0.284253579564529,-0.452897369704802,0.650622645047029,0.996294710336961,UBIAD1,336.222147600799,308.932707989605
177.064936450437,-0.217781229840413,0.384950320209046,-0.565738534058493,0.571571535955273,0.996294710336961,UBL3,186.97458675118,167.155286149695
224.703843018638,-0.756402487089607,0.40294793979924,-1.87717174448508,0.0604945588132701,0.888761578890916,UBL4A,282.06352312931,167.344162907965
222.022244575406,-0.470031999207289,0.335820270686791,-1.3996534463093,0.16161712085623,0.974401534329554,UBLCP1,258.905157100291,185.139332050521
29.6641686862416,0.0788469205196547,0.90926421503612,0.0867150815085388,0.930897988265576,0.997480238800445,UBOX5,27.0830224795628,32.2453148929204
505.538315900022,0.214237102710686,0.240673401824646,0.890156955801781,0.373381613789135,0.992443630108828,UBP1,474.155956278991,536.920675521053
1370.28367499443,0.137896216019579,0.146684297503452,0.940088464590659,0.347172185307814,0.988142440035739,UBQLN1,1299.96618631039,1440.60116367848
134.630066526563,0.0489672542556462,0.427821030721208,0.114457333182286,0.908875267249502,0.996577394764533,UBQLN2,132.498816249183,136.761316803944
297.555963859852,-0.15992689473002,0.299202922874256,-0.534509800885976,0.59298887043637,0.996294710336961,UBR1,315.823517625537,279.288410094167
207.432182263236,0.301333592744716,0.34802722795857,0.865833384681577,0.386581538482748,0.992443630108828,UBR2,186.108089429141,228.756275097332
177.379203789558,0.255027628393118,0.387339337850245,0.658408799396766,0.510275482640259,0.994447194724684,UBR3,162.990952309486,191.767455269629
198.925993157879,-0.163920013731086,0.374510934384226,-0.437690862085522,0.66161039451206,0.996294710336961,UBR5,208.954498193718,188.897488122041
165.312928026322,0.586026267675107,0.401139121471688,1.46090529770597,0.144041432565366,0.974401534329554,UBTD2,130.875188321525,199.750667731119
205.606519609635,0.173382755244202,0.347579648975902,0.498828846150952,0.617899964082262,0.996294710336961,UBTF,183.999758134838,227.213281084433
205.222398057979,0.197944960154139,0.345980829355735,0.572126960105681,0.567235965541195,0.996294710336961,UBXN2A,186.06677689901,224.378019216948
582.369724685363,-0.0390723737752132,0.213820692229864,-0.182734296516116,0.855006504100258,0.996294710336961,UBXN4,596.76463243463,567.974816936096
864.524009764226,0.387807555085776,0.172307196417089,2.25067532378069,0.0244061087828287,0.721834516239828,UBXN6,741.403347830704,987.644671697747
617.939387301085,-0.0526175187885277,0.253104907541289,-0.207888180832465,0.835316277900195,0.996294710336961,UBXN7,625.163252932186,610.715521669984
67.9721016519988,0.128314348019355,0.656859942149555,0.195345064884685,0.845122819882244,0.996294710336961,UBXN8,66.2703375582029,69.6738657457947
256.466975583776,0.206491718963444,0.305163607777265,0.676659056653174,0.498622299692967,0.994447194724684,UCHL5,233.933468333817,279.000482833734
115.999432288111,-0.181795090775339,0.494275715337578,-0.367800976528206,0.713021640823018,0.996294710336961,UCK1,123.457129471643,108.54173510458
251.645190306553,-0.161771200607378,0.324157258397004,-0.499051606641034,0.617743028545084,0.996294710336961,UCK2,273.580343635966,229.71003697714
195.543404980338,-0.673617247528129,0.382053331089355,-1.76314978227629,0.0778752308579769,0.931201700779585,UEVLD,240.816314796003,150.270495164674
1293.83555948594,0.122454475647387,0.145112380095619,0.843859604305975,0.39874786370333,0.992443630108828,UFD1,1240.71882593991,1346.95229303197
79.9012256087664,-0.549997252549755,0.668314208491911,-0.822962082148239,0.410529556488093,0.992443630108828,UFL1,87.3663558762059,72.4360953413269
943.766414334932,0.118069912980193,0.181705175588919,0.649788387136029,0.515828921223923,0.994447194724684,UFM1,903.062319752493,984.47050891737
219.115911280973,-0.490675207536916,0.366086727217491,-1.34032504064374,0.180139693941229,0.98168489642748,UFSP2,255.024500619735,183.207321942211
568.665072101437,-0.133797762611321,0.213029772958665,-0.628070718721943,0.529957613921516,0.996294710336961,UGCG,608.504523630121,528.825620572752
527.101135185677,-0.0858734792283957,0.232547978450935,-0.369272095162565,0.711924922840645,0.996294710336961,UGDH,545.017470632913,509.18479973844
456.487317597683,-0.459136610539322,0.248045589567383,-1.85101703013589,0.0641671031317383,0.891663350651627,UGGT1,527.11211231618,385.862522879187
341.407312580336,-0.332356736715242,0.315311552060049,-1.05405823080008,0.29185625793176,0.98438040039375,UHMK1,384.657405752089,298.157219408583
69.6481197201473,0.793199177806071,0.619597024074763,1.28018558350978,0.200479874894242,0.98168489642748,ULBP3,51.3664923953791,87.9297470449155
101.480741780407,0.44683995130662,0.536027096741255,0.833614483340781,0.404498261446028,0.992443630108828,ULK2,102.842498747914,100.118984812901
318.286166618909,0.316686646258708,0.348550348825476,0.908582210076276,0.363570700581166,0.992443630108828,UMPS,282.201294893337,354.371038344481
361.919445029772,0.286062831101272,0.264399565504862,1.08193381692986,0.279281937134303,0.982783504448174,UNC50,326.03064088743,397.808249172115
82.8521526474207,-0.845600620830805,0.560451868879632,-1.50878365794586,0.131354078315859,0.974401534329554,UNC5B,106.036645510438,59.6676597844035
289.43843592597,-0.0261513123752906,0.289692972411547,-0.0902725121620802,0.928070663065007,0.997480238800445,UNKL,287.36040519699,291.516466654949
578.204350243243,-0.0610925267604124,0.235282574433597,-0.259655977105327,0.79512915327783,0.996294710336961,UPF1,577.079000979027,579.329699507459
493.454679515869,-0.0309506818828572,0.257442578591485,-0.120223632206428,0.904305997753937,0.996577394764533,UPP1,500.046385268239,486.862973763499
98.3343113677365,-0.0899351593172584,0.499032074627659,-0.180219196099492,0.856980488854264,0.996294710336961,UPRT,100.930622673434,95.7380000620395
125.330217219387,0.282872657274895,0.443639474171969,0.63761832240664,0.523722165624434,0.995460348195308,UQCC1,111.097961300208,139.562473138567
759.1448750389,0.0833988913018303,0.195296593092522,0.427037102804552,0.66935230360105,0.996294710336961,UQCC2,732.455229983449,785.834520094351
1549.54232412686,0.11790369307406,0.137579326958015,0.856986988386998,0.391452075634764,0.992443630108828,UQCC5,1470.42720264073,1628.657445613
97.9156735514603,-0.300710014325577,0.512524698300585,-0.586722972224877,0.557389776765667,0.996294710336961,UQCC6,109.864480878296,85.9668662246251
1988.92264137989,-0.00100073419532101,0.129726940909512,-0.00771415858806881,0.993845053008069,0.998987745956335,UQCR10,1985.88141886382,1991.96386389596
6149.90749265179,-0.0217798547825348,0.0805626555410294,-0.270346783336141,0.786893476896867,0.996294710336961,UQCR11,6192.83503994963,6106.97994535395
6224.85339212668,0.0560369386345857,0.0884436054485726,0.633589487339133,0.526348763305647,0.995949036926657,UQCRB,6088.87506716769,6360.83171708568
1504.40183627271,0.225502738611918,0.14865154521818,1.51698886332424,0.129269495808172,0.974401534329554,UQCRC2,1385.71638662225,1623.08728592317
1176.83008049172,-0.0481390133021137,0.156259620742911,-0.3080707163709,0.75802852322476,0.996294710336961,UQCRFS1,1192.10019754159,1161.55996344186
4395.7955018234,-0.0366041376236521,0.101665581223519,-0.360044541949505,0.718813824416479,0.996294710336961,UQCRQ,4450.61885967769,4340.97214396911
265.59061389197,-0.544900165159733,0.314776949314215,-1.73106755862166,0.083439715662751,0.941807879236941,URB1,312.841866604547,218.339361179392
49.2413617433136,0.758927670723223,0.746603254433418,1.01650731659234,0.309387865132938,0.986152964913951,URB2,41.1683477656628,57.3143757209643
598.195810262394,-0.153039491276755,0.209691244196073,-0.729832530029984,0.465492557685289,0.994447194724684,URI1,611.251293954079,585.140326570709
1482.45983216121,-0.00950501537664408,0.161217486622884,-0.0589577196354509,0.952985784341051,0.998879356112684,URM1,1470.68441342645,1494.23525089598
77.8630094282626,-0.387863066406478,0.616836999016924,-0.628793452767312,0.529484286914326,0.996294710336961,USF3,87.5270071869274,68.1990116695979
468.208782952146,0.30026338502914,0.232330744205225,1.29239626058232,0.196219951044452,0.98168489642748,USO1,417.387101956034,519.030463948258
349.30544859157,0.198070090020762,0.300764870504114,0.65855460343083,0.510181822466499,0.994447194724684,USP11,331.244634661814,367.366262521327
349.405501944072,0.2816615544233,0.284320268727976,0.990648875239984,0.321857063195817,0.986152964913951,USP12,309.582911306757,389.228092581388
327.959425574293,0.287860972690778,0.280199452993352,1.02734309298458,0.304258937543169,0.986152964913951,USP13,297.30568649183,358.613164656756
1063.28192080616,-0.0221389696740368,0.164775565254371,-0.134358329403149,0.893119231116622,0.996577394764533,USP14,1056.9654355883,1069.59840602401
198.63925102156,0.310280526311443,0.379681067125668,0.817213585761297,0.413806379933852,0.992443630108828,USP15,178.647319019398,218.631183023723
148.938254747615,0.258592270138697,0.4619076282147,0.559835461341418,0.575591673301407,0.996294710336961,USP19,135.71424079469,162.16226870054
2776.29142949561,-0.0347639473933223,0.107143179791236,-0.324462531922782,0.745587884362147,0.996294710336961,USP22,2803.3439160715,2749.23894291971
132.450237877517,0.413622626012019,0.457266163439143,0.904555506362253,0.365700915944083,0.992443630108828,USP24,113.952238219875,150.948237535158
142.04927573818,-0.0869896543864944,0.414377029502205,-0.209928756164394,0.833723278107371,0.996294710336961,USP25,143.405040237131,140.693511239228
82.9304531196318,0.327988989752777,0.53063431952915,0.618107381452095,0.536504556885035,0.996294710336961,USP28,73.7396141317281,92.1212921075355
245.486575617642,0.0237945871629168,0.343502169506182,0.0692705586026542,0.944774260260052,0.998879356112684,USP3,235.292734592759,255.680416642525
44.1812942141692,0.673980532460284,0.719116680982968,0.937233901373297,0.348638254853626,0.990443880456887,USP30,32.9533601756253,55.4092282527131
79.0166002135214,-1.25735929076947,0.767835003597132,-1.63753838374003,0.10151802559775,0.961015869502668,USP31,106.311193851378,51.7220065756647
101.579856864685,0.721095397247939,0.566115792618174,1.27375954999068,0.202748644682709,0.98168489642748,USP32,81.8019237371522,121.357789992218
272.742669918223,0.152091191810298,0.311741238450325,0.487876395713151,0.625637394746259,0.996294710336961,USP36,253.405341011252,292.079998825194
226.478761818258,-0.128081948739666,0.341620629486422,-0.374924514752574,0.707716606596606,0.996294710336961,USP38,237.599360730137,215.358162906379
145.156990380736,-0.19342629324769,0.422737257278709,-0.457556768222502,0.647270908933554,0.996294710336961,USP4,155.534320115225,134.779660646247
42.6663645570344,1.18533474669319,0.756765517053652,1.56631706913406,0.117274406910203,0.974401534329554,USP42,31.9986418041778,53.334087309891
13.5305396959817,1.52429605827329,1.38924865359148,1.0972089512793,0.272550061066203,0.982783504448174,USP45,7.33721466893865,19.7238647230248
132.57975930952,0.0330390270121693,0.445842219908092,0.0741047517190726,0.940927034334472,0.998879356112684,USP46,129.80926198506,135.350256633979
536.931404375204,0.41621527397679,0.234041964808731,1.77837882328897,0.075341658326963,0.926371049184813,USP47,467.400326428663,606.462482321745
542.933655428901,-0.0371937051799452,0.222017191698764,-0.167526239276146,0.866956003302088,0.996577394764533,USP48,547.250265853904,538.617045003899
173.017678363695,0.392137555986478,0.42302632649236,0.926981446374733,0.353936167506759,0.990443880456887,USP53,146.212614622191,199.822742105198
44.2184095717465,0.508232488055737,0.720292772835357,0.70559154169371,0.480442185814082,0.994447194724684,USP6NL,38.614377163168,49.8224419803251
899.140721575882,-0.236971281953991,0.188171115546063,-1.25933930543119,0.207907801954882,0.98168489642748,USP7,968.132703702025,830.148739449739
213.103672798035,0.237109249473244,0.377305462656024,0.62842782027094,0.529723717057968,0.996294710336961,USP8,191.742813977433,234.464531618637
801.71526316724,-0.0704645847455877,0.210010969584015,-0.335528114960672,0.737226739955809,0.996294710336961,USP9X,825.813475185765,777.617051148714
83.194510844725,-0.374391372013777,0.572148728837736,-0.654360226884216,0.512879752357547,0.994447194724684,USPL1,93.149623444319,73.2393982451311
430.492635407993,0.170725999508766,0.261665170383843,0.652459780024692,0.514104610815207,0.994447194724684,UTP11,402.459445809145,458.52582500684
232.253944184602,0.210714355003461,0.382780468256484,0.550483560363563,0.581987749580203,0.996294710336961,UTP14C,215.69142870666,248.816459662544
129.540194688591,1.12599765079254,0.483039525974301,2.33106731487734,0.0197498104510298,0.714845395677829,UTP15,80.8066516587159,178.273737718466
124.649610568353,-0.17013348886822,0.460709306288546,-0.369285982605404,0.711914572595737,0.996294710336961,UTP23,131.524252494924,117.774968641781
190.311836755748,0.375950774497541,0.364473852342928,1.0314890137683,0.302311557519051,0.986152964913951,UTP25,159.879298491252,220.744375020244
418.717282053629,-0.16612679807552,0.270571841879825,-0.613984060282611,0.539225860376789,0.996294710336961,UTP3,442.904286902615,394.530277204643
530.510647038204,0.148212829940882,0.255270406916497,0.580611092884594,0.561502594315632,0.996294710336961,UTP6,511.478534534158,549.542759542251
308.386673126881,0.346342594812322,0.28058873810992,1.23434246557908,0.217075318263389,0.98168489642748,UTRN,272.169223323915,344.604122929846
650.244255404412,0.197420895889405,0.19523484879284,1.01119701277759,0.31192214526062,0.986152964913951,UVRAG,612.680631512826,687.807879295998
56.2584750270068,-0.56083383057884,0.667812440087436,-0.839807402367962,0.401016382364137,0.992443630108828,UVSSA,70.7639225740202,41.7530274799933
507.738916642096,0.127350013346881,0.237013084486699,0.537312164105554,0.591052004457975,0.996294710336961,UXS1,482.957583215728,532.520250068463
278.552667097552,0.1287782363668,0.292864524761149,0.439719479413996,0.660140292436592,0.996294710336961,VAMP2,267.934058759211,289.171275435893
906.916170940718,-0.0687676225147502,0.177195755895959,-0.38808842890756,0.697950594602836,0.996294710336961,VAMP3,931.496983514263,882.335358367173
82.3097449891669,1.29299246310176,0.581594635222771,2.22318498967326,0.026203328566452,0.722700907616249,VAMP4,50.3822731812243,114.237216797109
156.374065361775,0.0357356139166318,0.407537022691026,0.0876867914494355,0.930125618078631,0.997480238800445,VANGL1,154.879217733811,157.868912989738
1065.8865759873,0.127840239954243,0.158878488321736,0.804641593110836,0.421026532972268,0.993116937904179,VAPA,1023.89965927784,1107.87349269677
342.72946091477,0.136354755603263,0.294907825217071,0.462363979331162,0.643820325871248,0.996294710336961,VAPB,323.598240787096,361.860681042445
1186.60808827747,-0.097113889640307,0.150347889307285,-0.645927854975226,0.518326079145862,0.994447194724684,VASP,1225.691227675,1147.52494887995
346.888940160739,0.170677008530881,0.291447334284541,0.585618698314284,0.558131780141968,0.996294710336961,VAV2,323.601859664322,370.176020657155
385.959487895856,-0.0452033278221531,0.290205782350609,-0.155763015664316,0.876219823956401,0.996577394764533,VBP1,394.443480010454,377.475495781259
295.076993187913,0.0486870540084666,0.294487091937844,0.165328312653998,0.868685575172369,0.996577394764533,VCAN,287.097194449734,303.056791926092
297.532322857743,0.127838893615965,0.285201820892087,0.448240103152552,0.653979923069221,0.996294710336961,VCF1,283.741654303455,311.322991412032
250.510351221795,-0.227880816737778,0.326231812091513,-0.698524203623201,0.484849426779185,0.994447194724684,VCF2,271.269984880841,229.750717562748
5153.68049494719,-0.00662071353103497,0.0986124127480439,-0.0671387439626995,0.946471250241096,0.998879356112684,VCL,5215.20198205373,5092.15900784065
4658.04844177213,-0.0129271011406265,0.0903052118099857,-0.143149004155229,0.886172503710585,0.996577394764533,VCP,4682.42842153607,4633.66846200819
117.088109013812,0.0844340755600108,0.457946825314656,0.18437528309536,0.853719058639378,0.996294710336961,VCPIP1,111.841140740984,122.33507728664
2315.66518832588,-0.17818937340288,0.116190552396207,-1.53359606033422,0.125129058136591,0.974401534329554,VDAC1,2464.17164827892,2167.15872837285
2769.84427998584,0.097203325516195,0.122730373600464,0.79200708565127,0.428356544712023,0.994447194724684,VDAC2,2694.46741989889,2845.22114007279
824.393355729688,-0.0923771605553721,0.225344368307311,-0.409937737735667,0.681851621441222,0.996294710336961,VDAC3,852.616723807416,796.16998765196
22.2493989905802,-0.249484962916488,1.09909558975374,-0.226991141846348,0.820430630187356,0.996294710336961,VDR,30.6889715043694,13.809826476791
84.73243354352,-0.548028574367852,0.556807405580803,-0.984233630650451,0.325000653688412,0.986152964913951,VEGFA,94.2544865992986,75.2103804877413
324.86256342515,0.0875945980065511,0.290147993544745,0.30189627347205,0.762731136640901,0.996294710336961,VEGFC,322.038007369985,327.687119480316
414.048959884974,-0.11629326098486,0.269421244194995,-0.431641021228053,0.666002339318065,0.996294710336961,VEZF1,432.054876627456,396.043043142491
303.409016475175,-0.380833585574068,0.37272971131159,-1.02174195943211,0.306903046197019,0.986152964913951,VEZT,317.698859591957,289.119173358394
165.987421165421,-1.11314439545841,0.435210831640422,-2.55771298536545,0.0105363014337677,0.622745587599642,VGLL3,228.027244733232,103.947597597611
420.438264724938,-0.189132671271853,0.255656232401267,-0.739792922298087,0.459425654267675,0.994447194724684,VGLL4,444.132136339593,396.744393110283
464.255893121313,0.389835719977881,0.231993105442048,1.68037631650765,0.0928841210211789,0.948038963233236,VHL,396.15121939622,532.360566846407
342.867716596848,0.0360809430722681,0.287020394360499,0.125708638762966,0.899962563375539,0.996577394764533,VIRMA,340.252084298176,345.48334889552
494.11108394236,0.258843186942081,0.246696945930407,1.04923547377477,0.294069755690318,0.984887697687056,VKORC1L1,450.756667467803,537.465500416918
922.205392521379,-0.12513793457458,0.167685344899761,-0.746266375570176,0.45550651898688,0.994447194724684,VMA21,962.646394933616,881.764390109143
1630.4367016304,-0.159190021090196,0.135941836408279,-1.17101567329203,0.241592477230661,0.98168489642748,VMP1,1719.03347317522,1541.83993008558
2822.23116771528,-0.123663290957768,0.126674711399001,-0.976227137934841,0.328951917743285,0.986152964913951,VOPP1,2943.60809075647,2700.8542446741
57.933062747103,0.172411858197408,0.629565132431663,0.273858651497226,0.78419324849526,0.996294710336961,VPS13A,55.7109363083875,60.1551891858186
32.2946155066895,-0.0750376544484581,0.877820703177424,-0.0854817551885554,0.931878399625948,0.997480238800445,VPS13B,34.6849741654255,29.9042568479535
114.717833031091,-0.0784715773316298,0.528522735656143,-0.148473418526092,0.881969162376177,0.996577394764533,VPS13D,115.889492046345,113.546174015837
293.680905075899,0.268731114752547,0.287416521218522,0.934988405027115,0.349794274958854,0.990443880456887,VPS25,261.996509817428,325.36530033437
620.786583747051,-0.0770349633306551,0.207275353842506,-0.37165520117355,0.710149583700808,0.996294710336961,VPS26A,640.554317912628,601.018849581474
441.584948964636,-0.622129255010554,0.242515974546542,-2.56531247549286,0.0103082925182722,0.615127532388437,VPS26B,531.502523062367,351.667374866905
148.120198296409,-0.123501275223793,0.469484978034888,-0.263056926210353,0.792506702892847,0.996294710336961,VPS26C,151.178680973234,145.061715619584
653.558521045326,0.0115899878070169,0.209954480578284,0.0552023837504886,0.955977229875119,0.998879356112684,VPS29,650.573631232492,656.543410858159
137.961361002107,-0.478246574318313,0.459600642633472,-1.04056985555547,0.298075227635898,0.986152964913951,VPS33A,153.568243899113,122.354478105101
1523.35531555976,-0.135898294673353,0.139836135188856,-0.971839607050175,0.331130348385976,0.986152964913951,VPS35,1604.61080947677,1442.09982164275
300.030892912363,-0.178183512974091,0.283124027196455,-0.629347903597218,0.529121316325397,0.996294710336961,VPS35L,319.470479326309,280.591306498418
112.722450978261,0.196505536257545,0.484513789172474,0.405572639311601,0.685056635817876,0.996294710336961,VPS36,107.312271154321,118.132630802201
179.159191734204,0.400609557745208,0.397532577710029,1.00774019591779,0.31357920270933,0.986152964913951,VPS37A,152.216192143137,206.102191325271
186.736428878695,-0.21063324164819,0.361656136650552,-0.582413016958464,0.56028851570161,0.996294710336961,VPS39,197.343822348148,176.129035409242
471.00658895747,-0.28909702373548,0.255855577831457,-1.12992269383285,0.258508800487794,0.982783504448174,VPS41,517.00294268298,425.010235231959
925.906298002874,0.178705578375601,0.169143194396985,1.05653425201474,0.290724200717964,0.98435505564872,VPS4A,861.551585693001,990.261010312748
507.878684355952,0.13979946128675,0.228691415478643,0.611301744729486,0.540999836156614,0.996294710336961,VPS4B,484.339290053188,531.418078658716
354.053236801584,0.0195469341722431,0.299923762700275,0.0651730092882872,0.948036250896222,0.998879356112684,VPS53,354.459142451936,353.647331151231
152.933234679305,0.481905938537566,0.408072386051431,1.18093248896491,0.237629543604493,0.98168489642748,VPS54,129.670297305747,176.196172052862
711.060298311808,-0.305641760558419,0.193474015176184,-1.57975612528686,0.114162726887021,0.974401534329554,VPS72,780.867298355375,641.253298268241
76.5084774198566,-0.154702142945727,0.622754296301313,-0.24841601874855,0.803812540786132,0.996294710336961,VRK1,78.9936287754269,74.0233260642864
124.348207631123,0.858478886540585,0.559243725894129,1.53507110905542,0.124766362036024,0.974401534329554,VSIG10,90.4412775986592,158.255137663587
15.2711102091538,0.518904183051739,1.53361529342001,0.338353552731315,0.73509677163791,0.996294710336961,VSIG10L,15.3621137255165,15.180106692791
532.384802024457,0.0164159901200715,0.258781931374697,0.0634356117247707,0.949419630288159,0.998879356112684,VTA1,531.3415115282,533.428092520715
154.99711968885,-0.0308182261780004,0.407053900368554,-0.0757104308547271,0.939649477192682,0.998879356112684,VTI1A,159.959390350433,150.034849027267
152.497331707456,0.099777563391865,0.428739697992736,0.23272294088698,0.815976554012788,0.996294710336961,VTI1B,138.404646126106,166.590017288807
106.891734704441,-0.185388639365546,0.472974900698231,-0.391962954253736,0.695085586263416,0.996294710336961,VWA5A,112.549819807549,101.233649601333
36.6053715721853,-0.376317935979315,0.821053943014986,-0.458335215585764,0.646711627537918,0.996294710336961,VWA8,41.6884645684363,31.5222785759343
1888.5469089183,0.16788752403763,0.126201386051773,1.33031442276518,0.183414697126535,0.98168489642748,WAC,1781.44091890219,1995.65289893441
368.221156302392,0.117191786504593,0.273783925274629,0.428044803532712,0.668618501417683,0.996294710336961,WAPL,356.705823592455,379.736489012328
812.478829523396,-0.047200053325006,0.20251107771415,-0.233073932832604,0.815703996110274,0.996294710336961,WARS1,828.443267315986,796.514391730805
29.2765638190941,2.95597315938895,1.11419590073256,2.65301026277826,0.00797774452114042,0.596504608412017,WARS2,12.5490053459339,46.0041222922544
2551.80188361249,-0.0108257121823005,0.120775746912092,-0.0896348187370774,0.92857741441146,0.997480238800445,WASF2,2547.93759774823,2555.66616947676
238.282811666928,0.300714990187945,0.33346016549148,0.901801838143777,0.367162143176204,0.992443630108828,WASHC2A,214.426195719672,262.139427614184
106.770461612875,-0.202025336437256,0.554404086631541,-0.364400878905358,0.715558679255764,0.996294710336961,WASHC2C,95.389101955946,118.151821269804
411.645460638228,0.244401299012108,0.245751795925368,0.994504630543289,0.319977252178566,0.986152964913951,WASHC4,392.355456318628,430.935464957829
534.83223397355,-0.0353097544050615,0.2747216020079,-0.12852922430194,0.897730172369313,0.996577394764533,WBP11,547.78169487687,521.882773070231
973.776674408566,-0.00397501673100745,0.18812330493929,-0.0211298474279422,0.983142075401995,0.998987745956335,WBP2,974.65773980711,972.895609010022
112.183432259032,-0.395542486586333,0.504551011481317,-0.783949447301781,0.433069773790603,0.994447194724684,WBP4,127.079008398557,97.287856119506
237.130994814484,0.0462142983158008,0.385947542266217,0.119742434540296,0.904687184273383,0.996577394764533,WDFY1,232.366938848352,241.895050780616
40.2462517911214,-0.889230828304537,0.755554216390264,-1.17692524112026,0.239225346442735,0.98168489642748,WDFY2,52.3768616840832,28.1156418981595
220.703694342226,0.303775957867169,0.367286646670311,0.82708141072128,0.408190919764362,0.992443630108828,WDFY3,200.907897380968,240.499491303485
41.2296903847928,0.68284085552394,0.797552719953481,0.856170179651281,0.39190365456099,0.992443630108828,WDFY4,31.9557911303049,50.5035896392808
21.728429444335,1.16456904420832,1.38268901262044,0.842249438289276,0.399648346195237,0.992443630108828,WDHD1,21.5291572369778,21.9277016516922
28.6274012460867,1.04646343921509,1.19899941673008,0.872780607407643,0.382782671722293,0.992443630108828,WDPCP,17.9176105976797,39.3371918944936
4863.96971589237,0.110070116732786,0.111770793429963,0.984784247789717,0.324730059715664,0.986152964913951,WDR1,4682.73801758722,5045.20141419751
192.741239942332,0.834325243887368,0.358675023870725,2.32613142360333,0.0200115406409286,0.714845395677829,WDR12,144.018987577878,241.463492306785
286.171526912977,-0.104480053918412,0.33086453447788,-0.31577894585555,0.752170299817612,0.996294710336961,WDR13,293.998425270377,278.344628555577
1001.02858434008,0.00502629751877055,0.176894011313189,0.0284141757058782,0.97733181818825,0.998987745956335,WDR26,989.892854779513,1012.16431390064
155.605168591376,-0.0470712422493727,0.467119081333939,-0.100769255914258,0.919733632805768,0.996577394764533,WDR3,157.519191163563,153.691146019188
167.133848352159,-0.23166762252364,0.466543682310262,-0.496561482467094,0.619498320770741,0.996294710336961,WDR33,179.011520809919,155.256175894399
29.2260604639118,0.755337666598189,1.01127812095209,0.746913881501819,0.455115546111958,0.994447194724684,WDR35,18.9746521714643,39.4774687563594
182.402667782924,0.0564103645608466,0.386167609284782,0.146077410959774,0.883860278558844,0.996577394764533,WDR36,177.215007666046,187.590327899801
205.433100498977,-0.130712059383856,0.37969846812148,-0.344252269519393,0.730656576339561,0.996294710336961,WDR37,223.609839346582,187.256361651373
16.2981663768436,0.179258392699385,1.35008617948457,0.132775518647129,0.894370916198891,0.996577394764533,WDR4,23.7546878344515,8.84164491923559
349.314435821865,0.0364226927066023,0.268417956295751,0.135693949872976,0.89206323078378,0.996577394764533,WDR41,346.764595266986,351.864276376744
312.146195139253,0.283531968425336,0.285856933602274,0.991866682582648,0.321262563672232,0.986152964913951,WDR43,282.500956127887,341.791434150619
128.751130170032,-0.367960638290078,0.425005911810052,-0.865777694063067,0.386612083779923,0.992443630108828,WDR44,143.730099224468,113.772161115596
115.481286625341,0.311803710642092,0.518085987060018,0.601837761355956,0.547282136597804,0.996294710336961,WDR48,100.595671992004,130.366901258679
337.997287471457,0.415419069928837,0.322370405950503,1.28863897634766,0.197523626560831,0.98168489642748,WDR5,290.22400747286,385.770567470054
68.1286500542074,-0.372354860003719,0.662516647414768,-0.562030948892679,0.57409493298614,0.996294710336961,WDR55,72.9341307325852,63.3231693758296
41.4165480028271,-0.122610458300905,0.810327301468545,-0.1513097955341,0.879731342529659,0.996577394764533,WDR5B,33.6601208742047,49.1729751314496
73.4915804107072,-0.133233059565284,0.660239844900507,-0.201794939512264,0.840077037853322,0.996294710336961,WDR7,81.2604837771052,65.7226770443093
53.7907053569571,-2.13071836509098,0.787868728205014,-2.70440783954626,0.00684262478745272,0.57568719552672,WDR76,91.4517121326772,16.1296985812371
429.784267427623,-0.23065121057704,0.295922090488402,-0.779432215406303,0.435725152892685,0.994447194724684,WDR77,465.228345517504,394.340189337743
1072.3799022698,-0.173346106522402,0.157138975726658,-1.1031388344031,0.269966878576637,0.982783504448174,WDR82,1132.30440219218,1012.45540234741
100.950908981931,0.142487145062596,0.516454411264775,0.275894913383839,0.782628780881368,0.996294710336961,WDR89,96.2585898226971,105.643228141166
26.6201858602292,0.79471875978543,0.920067085517837,0.863761754218327,0.387718781747267,0.992443630108828,WDR91,20.8195516090773,32.4208201113812
126.375344743209,0.375515891200842,0.522342068674679,0.718907998648521,0.472197607792825,0.994447194724684,WDTC1,111.335273331875,141.415416154544
204.358644755065,0.437769029806478,0.353438775319656,1.238599328584,0.21549391686932,0.98168489642748,WEE1,183.031143595133,225.686145914998
264.969413020895,0.470783385981304,0.322156220294884,1.46135122131236,0.143919079797442,0.974401534329554,WFS1,222.747958081113,307.190867960677
71.6808732520054,0.458947106868895,0.579281625794647,0.792269401328447,0.428203609282799,0.994447194724684,WHAMM,60.8391786144746,82.5225678895362
160.742848951794,-0.449219040024564,0.427911218746595,-1.0497949582635,0.293812393766461,0.984887697687056,WIPF1,184.284104300376,137.201593603212
1268.42044089658,0.0198708752612656,0.156365794088052,0.127079425376601,0.898877535595655,0.996577394764533,WIPF2,1257.39832868169,1279.44255311147
1342.62612532076,0.0486555082543459,0.153376881153489,0.317228436831069,0.751070273924524,0.996294710336961,WIPI2,1320.63240148259,1364.61984915894
615.85826749949,0.149818044182634,0.202505237651332,0.739823058011894,0.459407365964407,0.994447194724684,WIZ,579.507589716883,652.208945282097
2198.69442959672,0.0956258606350965,0.130859784376116,0.730750559394547,0.464931527259775,0.994447194724684,WLS,2128.12458587081,2269.26427332263
469.272505784233,0.843800995829493,0.268880243214326,3.13820378076977,0.00169986652883307,0.390612807585946,WNK1,336.669753772183,601.875257796283
22.0206310653919,-1.58186903826095,1.02001145504098,-1.55083458175222,0.120941330891015,0.974401534329554,WNK3,33.3539170883744,10.6873450424095
58.8356387757407,-0.0784429865996819,0.825718590221021,-0.0949996615416943,0.92431509575647,0.996577394764533,WNT5A,60.4723513787207,57.1989261727607
21.1315996391052,-0.0307674083529572,1.09643914195258,-0.0280612093965976,0.977613332298002,0.998987745956335,WNT5B,22.9958767203892,19.2673225578212
80.6683890834055,-0.300416995390834,0.773130346162136,-0.388572246429236,0.697592600602368,0.996294710336961,WRN,80.9400035987737,80.3967745680373
783.97319940147,0.277068667263257,0.195256776862398,1.41899641956353,0.155900059913114,0.974401534329554,WSB1,710.610136381357,857.336262421583
288.279831757088,-0.0558879818792772,0.293743521975944,-0.19026115538934,0.849104491127932,0.996294710336961,WSB2,298.701580728329,277.858082785848
218.471931154434,-0.148744808065642,0.353802009262643,-0.420418211800548,0.674179966215488,0.996294710336961,WSCD1,230.014126393706,206.929735915162
215.265743062388,0.289084895817931,0.344767198354274,0.838493038774748,0.401753855710954,0.992443630108828,WWC2,195.211495581479,235.319990543298
416.607114270451,0.338012655596906,0.275880506657076,1.22521398736251,0.220494605723483,0.98168489642748,WWC3,368.417217625962,464.79701091494
418.874597367363,-0.067087029263415,0.281257840246622,-0.238525010376918,0.81147391957482,0.996294710336961,WWP1,426.771253772136,410.977940962589
4082.28809891527,-0.0944457890930238,0.0973367931684146,-0.970298959095675,0.331897495986835,0.986152964913951,WWTR1,4216.37256463668,3948.20363319387
18.0913046967244,1.07988511826138,1.63915531879793,0.658805853159364,0.51002044821624,0.994447194724684,XAF1,18.0608677312492,18.1217416621996
708.779638401909,0.0567965569836299,0.198474844660411,0.286165015424541,0.774751737414478,0.996294710336961,XBP1,698.333891499006,719.225385304811
499.15542507346,-0.0637142806376952,0.22915733407883,-0.278037274669016,0.7809837453441,0.996294710336961,XIAP,513.543211086929,484.76763905999
109.189281585317,-0.159829493842399,0.508017609867767,-0.314614081752012,0.753054686053065,0.996294710336961,XPA,116.338577617535,102.039985553098
287.2308491065,-0.130901607193745,0.334578270388397,-0.391243600613355,0.695617182981294,0.996294710336961,XPC,291.124083483809,283.33761472919
57.2801822652969,-0.994996119820623,0.638063488714303,-1.55939986759866,0.118901767630655,0.974401534329554,XPNPEP3,74.7301229128578,39.830241617736
529.383189082773,-0.149784755527267,0.235093141989316,-0.637129412877873,0.524040551272402,0.995460348195308,XPO1,564.513036676771,494.253341488775
111.760600418499,-0.0697686523733157,0.477407939158331,-0.146140536532169,0.883810446392488,0.996577394764533,XPO4,114.119100352839,109.402100484159
356.760505386906,-0.256493659976576,0.297770183483864,-0.86138127389264,0.389028086225175,0.992443630108828,XPO5,360.699149062384,352.821861711428
523.579439569747,-0.0539593204012845,0.236105632587792,-0.228538895111791,0.819227322135265,0.996294710336961,XPO7,522.232802739503,524.92607639999
324.585690054159,-0.0173038630804748,0.305943196838321,-0.0565590712893647,0.954896438704166,0.998879356112684,XPOT,338.281544638925,310.889835469394
72.0992051325527,-1.08147432673365,0.841460708230237,-1.28523449301419,0.198710353534265,0.98168489642748,XPR1,96.7062898635762,47.4921204015292
20.5611077926105,-1.16708007550071,1.48565416254998,-0.785566456124303,0.432121522634484,0.994447194724684,XRCC2,25.1551878787927,15.9670277064283
2997.03346571577,-0.127110968322407,0.131060144502509,-0.969867451351497,0.332112565951415,0.986152964913951,XRCC5,3117.09893865398,2876.96799277757
146.196648604452,0.883402806826013,0.446473163091158,1.97862465172547,0.0478582820245215,0.855932271597061,XRN1,102.504510651911,189.888786556994
261.128817296975,0.587696274510201,0.312556621054602,1.88028739409597,0.0600689203851657,0.888761578890916,XRN2,212.932635834573,309.324998759377
33.5211090651837,0.264166155701046,0.955671095572367,0.276419530657493,0.782225857579736,0.996294710336961,XRRA1,29.4504279309841,37.5917901993833
1124.26934736732,-0.090813519877481,0.172694585253512,-0.525861999345079,0.598984093490129,0.996294710336961,XXYLT1,1148.0667864757,1100.47190825894
104.719480624953,0.484572688280168,0.478365734846983,1.01297533034044,0.311071944553081,0.986152964913951,YAF2,87.0229777757266,122.41598347418
122.498268947538,-0.0368868469073265,0.46256414355761,-0.0797442850274287,0.936440637222922,0.998879356112684,YAP1,124.137974704525,120.858563190552
417.957256002619,-0.25403629199509,0.26277119591386,-0.966758518229549,0.333664765864917,0.986152964913951,YARS1,445.044809730171,390.869702275066
209.436610913237,0.410519355044561,0.370131639403287,1.10911716627734,0.267379640358084,0.982783504448174,YARS2,182.771262119666,236.101959706808
4961.48226584607,-0.170659645180646,0.0918536250596151,-1.85795220460688,0.0631758019275231,0.891663350651627,YBX1,5252.15830616636,4670.80622552578
3103.15792338414,0.00479413605345934,0.109823190264015,0.0436532215275683,0.965180827455853,0.998879356112684,YBX3,3104.8070191056,3101.50882766268
280.765251625934,0.617707624050572,0.308686873673648,2.00108160317704,0.0453835965505607,0.846580529316298,YEATS2,220.745697731658,340.78480552021
404.578480958048,0.0298102561292665,0.250596522939333,0.118957181766178,0.905309278832116,0.996577394764533,YES1,401.071586893378,408.085375022717
133.551612952848,0.0957713701480914,0.447495729779724,0.214016277194945,0.830534363884471,0.996294710336961,YIPF1,124.737126314516,142.366099591181
280.412977604936,-0.366869177828732,0.320893546235038,-1.14327378076971,0.252924937444877,0.98168489642748,YIPF2,314.595463829233,246.230491380638
1031.263510286,-0.0566163755577351,0.163846623267612,-0.345544964117222,0.72968471298547,0.996294710336961,YIPF3,1051.78445791229,1010.74256265972
601.698236969317,-0.44671974626743,0.229977635859184,-1.94244864114074,0.0520828116906623,0.869042076164583,YIPF4,688.635715184396,514.760758754238
6812.95527988958,0.0977715024863879,0.0947840680667494,1.03151831822131,0.302297822506612,0.986152964913951,YIPF5,6606.7280544277,7019.18250535147
618.540100413602,-0.0743340300742758,0.206421313429271,-0.360108308775712,0.718766139543424,0.996294710336961,YIPF6,628.384335461464,608.69586536574
2813.934834558,0.0402797266326859,0.105431278734061,0.382047217071957,0.702426342049048,0.996294710336961,YKT6,2763.24818118363,2864.62148793237
986.330563867206,-0.13160727975079,0.172251670303129,-0.764040659339831,0.444843013031356,0.994447194724684,YME1L1,1033.41114320144,939.249984532975
13.2365552378132,2.0866692621822,1.65402140695673,1.26157331060273,0.207102364934861,0.98168489642748,YPEL1,6.97996577369354,19.4931447019328
1039.76623845134,-0.0942740087883564,0.161014487407247,-0.585500164031284,0.55821145634425,0.996294710336961,YPEL5,1075.53704614114,1003.99543076153
483.54523863689,-0.261875616319811,0.252316734230144,-1.03788445549929,0.299323851260796,0.986152964913951,YRDC,521.038508869721,446.05196840406
76.5049560590994,-0.314144019016806,0.649285681050952,-0.48383019706876,0.628506382439559,0.996294710336961,YTHDC2,83.9456684675833,69.0642436506155
634.218010451832,0.0267248341473424,0.217570550866973,0.122832957129766,0.902239375852675,0.996577394764533,YTHDF1,636.270778928257,632.165241975407
1515.93779334172,0.0224250758283998,0.140301214399387,0.159835222555976,0.87301087717143,0.996577394764533,YTHDF2,1497.42847424904,1534.4471124344
1369.70103363672,0.0834584054640617,0.139957827645268,0.596311095050663,0.550967420413363,0.996294710336961,YTHDF3,1331.81944662835,1407.58262064509
13236.8210640077,0.0789838668355465,0.0675851913953598,1.16865640541738,0.242542092744713,0.98168489642748,YWHAB,12894.2928926131,13579.3492354024
4808.902434792,-0.0449255165976097,0.10705747318853,-0.419639239182257,0.674749018578826,0.996294710336961,YWHAG,4870.76912694082,4747.03574264318
815.600462157975,-0.149414397281726,0.177820008130041,-0.84025638539201,0.40076464988518,0.992443630108828,YWHAH,861.104704844543,770.096219471407
2364.7996424152,0.0569481143651571,0.120018192800749,0.474495682997833,0.635146475708571,0.996294710336961,YWHAQ,2323.31753960437,2406.28174522603
3183.95547714559,-0.120330478515669,0.113039379852208,-1.06450051896068,0.28710201943227,0.982783504448174,YWHAZ,3308.30900982482,3059.60194446636
718.041872724127,0.144021972525949,0.209172511930957,0.688532021709849,0.491117812402738,0.994447194724684,YY1,670.996035570686,765.087709877569
145.796837468172,0.387911635260181,0.438087032984705,0.885467055752194,0.375904780251165,0.992443630108828,ZBED3,123.020153816697,168.573521119648
175.215361459115,-0.111296944759363,0.384756225476209,-0.289266131097975,0.772377728394483,0.996294710336961,ZBED4,182.20980416258,168.220918755649
142.685231827638,0.633175750373284,0.4062259258551,1.55867882888188,0.11907241506971,0.974401534329554,ZBED5,114.903054610038,170.467409045237
769.814567655753,0.588669775136201,0.191015695486448,3.08178746064333,0.00205761696244626,0.407851177625858,ZBED6,616.007035915878,923.622099395627
60.3672409116199,0.237481689239981,0.723725353067139,0.328137860907507,0.742807428527198,0.996294710336961,ZBTB1,54.6632503403328,66.0712314829071
78.0509230627891,-0.0613409272509858,0.553247238414072,-0.110874348739317,0.9117159869047,0.996577394764533,ZBTB10,72.3991227042146,83.7027234213635
32.8610355933387,-1.19815395304271,0.92423690638315,-1.29637103297626,0.194847686857939,0.98168489642748,ZBTB14,45.7468634320102,19.9752077546673
114.203226636585,-0.118460456428035,0.46366044698971,-0.255489673956735,0.798344918029728,0.996294710336961,ZBTB16,116.554107522953,111.852345750216
62.4159772312124,0.683627539844323,0.748055700518223,0.913872508919769,0.360783840521054,0.992443630108828,ZBTB2,48.5409607459666,76.2909937164581
124.824312535717,0.501810879927698,0.495117529277419,1.01351871071914,0.31081246355538,0.986152964913951,ZBTB20,102.956724256481,146.691900814953
61.4949510931488,2.49522319214793,1.05646222443267,2.36186693138781,0.0181831676450795,0.703760644228735,ZBTB21,36.4025749957585,86.5873271905391
34.7796926061574,0.408491667780451,0.862975835969228,0.473352382250269,0.635961796268674,0.996294710336961,ZBTB24,29.9792871317365,39.5800980805783
15.1904437077862,-0.00375266091748312,1.32192313681001,-0.00283878904377061,0.997734977092798,0.999437865096263,ZBTB25,19.1799150345794,11.200972380993
247.662524183953,-0.356366769490919,0.325335275327918,-1.09538312170951,0.273348825357095,0.982783504448174,ZBTB33,280.390265872076,214.934782495831
334.795062092758,-0.306684023270473,0.333687206598702,-0.919076360153348,0.358055633170223,0.992443630108828,ZBTB38,362.41579145651,307.174332729007
43.0324969302591,1.09470341360782,0.752469794111909,1.45481376418548,0.145720826610481,0.974401534329554,ZBTB39,33.8965818385786,52.1684120219397
88.9981261243991,0.415380327659714,0.514974555635113,0.806603594516297,0.419894902162603,0.992443630108828,ZBTB40,76.3114330043163,101.684819244482
38.1521414619288,-0.452123586698053,0.943534356337225,-0.479180841334898,0.631809982598683,0.996294710336961,ZBTB42,35.0856081975622,41.2186747262955
120.082450515167,0.669154566701991,0.526110310789792,1.27189023476362,0.203412121947993,0.98168489642748,ZBTB43,91.6818182847623,148.483082745572
220.25053515845,-0.723792375714137,0.339700652162993,-2.13067702727533,0.0331157589180944,0.763767305220832,ZBTB44,258.594910593819,181.90615972308
112.742478677765,0.509903323007909,0.459884919095033,1.10876287052705,0.267532491830825,0.982783504448174,ZBTB47,93.185571343466,132.299386012063
121.615225016202,-1.05299310494029,0.450141631153593,-2.33924843219178,0.019322579844442,0.714772028525713,ZBTB5,161.118379778345,82.1120702540576
898.376960810436,0.0908864195729215,0.174956804302521,0.51947919336574,0.603426618660202,0.996294710336961,ZBTB7A,862.928169009708,933.825752611165
182.562699753709,-0.160158228580326,0.408199707677961,-0.392352629283798,0.694797682027488,0.996294710336961,ZBTB8A,192.395857251504,172.729542255914
514.983564183905,0.319973208803125,0.220661055540187,1.45006651953068,0.147039970402187,0.974401534329554,ZBTB8OS,454.526865054415,575.440263313394
129.953466719798,-0.456166140010091,0.428868175763005,-1.06365117719103,0.287486749362008,0.982783504448174,ZC2HC1A,144.061447778779,115.845485660817
53.4291083826701,-0.281067960297154,0.67516194478657,-0.416297100965908,0.677192613673431,0.996294710336961,ZC3H10,56.9495586265052,49.908658138835
19.4644371389863,-0.575637820560352,1.39122769375837,-0.413762479817578,0.679048064574383,0.996294710336961,ZC3H12C,19.6409514072057,19.287922870767
234.188571478025,0.318006112054788,0.31921056857194,0.996226764914019,0.319139977720331,0.986152964913951,ZC3H13,210.060745253665,258.316397702386
344.578903363501,0.568665670053681,0.354335050574136,1.60488122507853,0.108519946110636,0.961015869502668,ZC3H14,278.777804549219,410.380002177782
115.694367892501,-0.410672615946759,0.474862319729997,-0.864824600486863,0.387135066639437,0.992443630108828,ZC3H18,131.011778914566,100.376956870437
9.11304487157579,0.977009438056323,2.25674573988067,0.432928451260966,0.665066749798984,0.996294710336961,ZC3H6,6.65237521062058,11.573714532531
1030.28362590841,0.184649638856153,0.205560529212669,0.898273805595812,0.369039593925356,0.992443630108828,ZC3H7B,972.228837845443,1088.33841397138
69.0416541178246,0.729049628243897,0.623748246720166,1.16882032467014,0.242476029805623,0.98168489642748,ZC3H8,52.2433387551423,85.8399694805069
597.493548899029,-0.242055431640699,0.238325750133733,-1.01564951124615,0.309796318675625,0.986152964913951,ZC3HAV1,649.878601851259,545.108495946799
45.2777834676174,-1.20278077016451,0.729426688741604,-1.64893989859287,0.0991599481474165,0.957055424887818,ZC4H2,54.8063499844376,35.7492169507973
132.496026485847,-0.447729892974439,0.468011211743646,-0.956664886950795,0.338736426409394,0.986983139323132,ZCCHC10,153.647876789318,111.344176182376
115.152662523977,0.129049646374764,0.471683735408822,0.273593589702459,0.784396960781484,0.996294710336961,ZCCHC2,110.208628050646,120.096696997309
267.001455992328,0.139077358693049,0.298435068847917,0.466022171020134,0.641199630855837,0.996294710336961,ZCCHC24,256.876552565689,277.126359418967
15.1851799376793,-0.00225732945435864,1.2800364064642,-0.0017634884781082,0.998592940499464,0.999451272705433,ZCCHC4,14.4992956499839,15.8710642253747
114.721677288646,-0.218020436772508,0.517986388745018,-0.42089993387805,0.673828153506704,0.996294710336961,ZCCHC7,123.004066425124,106.439288152167
94.9402217582762,-0.643051551345961,0.527730195158658,-1.21852332355671,0.223025167069531,0.98168489642748,ZCCHC8,108.050166334191,81.8302771823619
407.148474079343,-0.158989452366335,0.248489206191299,-0.639824380315084,0.522286780466592,0.995460348195308,ZCRB1,432.30626543856,381.990682720126
69.9220924713265,0.63862473263877,0.620818158995695,1.02868243041067,0.303628928706962,0.986152964913951,ZDHHC13,57.4886228749357,82.3555620677174
512.54528050923,-0.127542556934157,0.228630471879552,-0.557854584673863,0.576943685720312,0.996294710336961,ZDHHC14,535.821441982651,489.269119035809
327.724817634199,-0.000775840133844329,0.276587262073699,-0.0028050465087492,0.997761899633338,0.999437865096263,ZDHHC2,324.837558308386,330.612076960012
200.740931918839,-0.45394399491336,0.344583776862765,-1.31736902719639,0.187714957686028,0.98168489642748,ZDHHC20,232.625793521381,168.856070316297
171.724243847551,0.644390507011767,0.372952704690999,1.72780757159453,0.0840227294752148,0.941807879236941,ZDHHC21,134.569671749325,208.878815945778
574.410418003053,0.122258908576764,0.212355213737953,0.57572831118539,0.564798836084785,0.996294710336961,ZDHHC24,553.825197772289,594.995638233817
607.31588917514,-0.0545819860762775,0.213856935871726,-0.255226634823836,0.798548060501965,0.996294710336961,ZDHHC3,623.471512570965,591.160265779315
843.702391478872,-0.12483706063068,0.180269109774869,-0.692503894796976,0.488620940843588,0.994447194724684,ZDHHC5,874.899695877642,812.505087080102
205.473550247174,0.592221331852758,0.425790266580816,1.39087569241171,0.164263125001058,0.977539653561902,ZDHHC6,166.008805839273,244.938294655074
774.69663693529,0.194669005736582,0.250182969944507,0.778106542502718,0.436506206047144,0.994447194724684,ZDHHC7,723.327392641256,826.065881229324
954.74365785109,-0.146911021026446,0.172987411962133,-0.849258448115315,0.395737496601451,0.992443630108828,ZDHHC9,993.671590404778,915.815725297401
415.574064513303,0.0823944071285769,0.256552505334745,0.321160017599789,0.748089129780406,0.996294710336961,ZEB1,404.103609446753,427.044519579853
65.3763353627839,-0.656002368469985,0.678054659425869,-0.967477119065067,0.333305574158985,0.986152964913951,ZFAND1,80.2326280670984,50.5200426584694
1106.85164644995,-0.0252529048271323,0.166808208996932,-0.151388861369507,0.879668975535075,0.996577394764533,ZFAND3,1120.70593013235,1092.99736276754
1130.88077538527,0.0957259296021081,0.172507264399407,0.554909556622922,0.578956524865717,0.996294710336961,ZFAND5,1091.70733720704,1170.0542135635
106.310626410718,-0.809021273982966,0.473859618702498,-1.70730157635756,0.0877660132770676,0.945521752426948,ZFC3H1,135.447508290393,77.1737445310431
113.899557211094,0.169478659181864,0.498154371562378,0.340213132427851,0.733696029185547,0.996294710336961,ZFHX3,108.341272909753,119.457841512436
16.3510985759765,-0.729655658919468,1.20914141655877,-0.603449397173142,0.546209769296987,0.996294710336961,ZFP1,20.3385911089074,12.3636060430455
53.4991608645871,-0.618326889400207,0.671121623350365,-0.921333582299737,0.356876293195184,0.990507278877153,ZFP14,64.7516447786961,42.2466769504781
3078.27483727063,-0.106642782560004,0.110896975077076,-0.961638335814702,0.336231307520838,0.986943211920092,ZFP36L1,3193.25799528296,2963.29167925829
343.40375536104,-0.553262405712778,0.276656865443248,-1.99981448075169,0.0455203003402061,0.846580529316298,ZFP36L2,409.928955366178,276.878555355902
53.8523267305645,-0.33032839333962,0.682186374534851,-0.484220156940037,0.628229633069276,0.996294710336961,ZFP41,59.6496177924723,48.0550356686567
39.7486280688945,0.889905415224918,0.758778218416173,1.17281360169043,0.24087056242792,0.98168489642748,ZFP64,27.9487507297305,51.5485054080586
64.4162946294776,0.044124060963067,0.812955871150268,0.054276083769018,0.956715203847433,0.998879356112684,ZFP82,63.0892407726784,65.7433484862767
439.83805278657,0.133715404444004,0.243005626500653,0.550256413275453,0.582143515264999,0.996294710336961,ZFP91,418.295603760687,461.380501812453
23.5012619766369,0.860008655809316,1.02859435016889,0.836100894067815,0.403098145454092,0.992443630108828,ZFPM1,16.9707080628755,30.0318158903983
61.215152112859,-1.69006848703283,0.852159504513112,-1.98327716593206,0.0473364785271744,0.853983098080361,ZFPM2,69.3142957882496,53.1160084374685
543.355422705319,0.202905529349356,0.233663195746088,0.868367518048692,0.385193170844374,0.992443630108828,ZFR,510.719659800126,575.991185610512
172.200051217817,-0.328491705917814,0.373332756108263,-0.879889858425803,0.37891897921348,0.992443630108828,ZFTA,184.552222334985,159.847880100649
143.405463158442,0.250359220345714,0.41459779236669,0.603860476237858,0.545936407940753,0.996294710336961,ZFX,133.56315269601,153.247773620874
375.406062576075,-0.132606392366159,0.276021771536512,-0.480420046679608,0.630928742633362,0.996294710336961,ZFYVE1,393.219603302542,357.592521849608
59.3788403024313,0.526298413177776,0.639520595117096,0.822957723638924,0.410532035121209,0.992443630108828,ZFYVE16,47.0566912212834,71.7009893835791
83.2286484939667,0.234246610138621,0.563042812991532,0.416036942011626,0.677382971187482,0.996294710336961,ZFYVE26,76.3141220695175,90.143174918416
24.3561412027245,-0.372736699120957,1.03692538953152,-0.359463374013205,0.719248472605084,0.996294710336961,ZFYVE9,27.8433598632934,20.8689225421556
185.735989845261,0.158521445902551,0.364853844422318,0.434479308155686,0.663940417442444,0.996294710336961,ZHX1,178.506045499127,192.965934191394
50.8890546680263,-0.194124580578061,0.675431203951333,-0.287408368820414,0.773799654006115,0.996294710336961,ZHX2,51.4603094339345,50.3177999021181
134.0716458121,-0.177828927136755,0.438268803634847,-0.405753103259701,0.684924019717906,0.996294710336961,ZHX3,145.425451961536,122.717839662663
1582.0432825651,0.0891477928759436,0.145921638147044,0.610929222067189,0.541246438094978,0.996294710336961,ZKSCAN1,1535.57382509314,1628.51274003707
17.5082160386375,-0.281944297719109,1.2492261338283,-0.225695164457599,0.82143851926371,0.996294710336961,ZKSCAN3,16.5542061232552,18.4622259540198
32.5092475241224,-0.583081988981616,1.21972397345761,-0.47804421465024,0.632618735744944,0.996294710336961,ZKSCAN4,39.5674905202147,25.4510045280301
83.2635995648575,0.839766896036343,0.583425880038882,1.43937203467967,0.150045143314015,0.974401534329554,ZKSCAN5,60.6215076062929,105.905691523422
1465.81794840659,-0.00724255728856748,0.151079345178989,-0.0479387654214875,0.961765044552797,0.998879356112684,ZMAT2,1477.13133966031,1454.50455715287
2469.57127371479,-0.0864054795891836,0.113791053285639,-0.759334561850729,0.44765244764466,0.994447194724684,ZMAT3,2538.38065608098,2400.76189134861
210.596893785946,-0.294363653169224,0.345748460693286,-0.851380950703218,0.394557770070437,0.992443630108828,ZMIZ1,223.215662619613,197.978124952278
526.824766607813,-0.547590641562957,0.215596544570405,-2.53988598311758,0.0110888611925977,0.62676812170277,ZMIZ2,627.105565034093,426.543968181533
542.583276437496,-0.308145884392841,0.22023310769284,-1.3991805665414,0.161758842636674,0.974401534329554,ZMPSTE24,602.748252327816,482.418300547176
150.648061419166,-0.126438624252062,0.413441395474894,-0.305819943614573,0.759741742714418,0.996294710336961,ZMYM2,160.052999778973,141.24312305936
397.905593004039,0.178161361799276,0.263559663906783,0.675981138989041,0.4990526200901,0.994447194724684,ZMYM4,369.182331806418,426.62885420166
29.2146205412381,0.464492208012952,0.885498528348652,0.524554466374071,0.599892947216633,0.996294710336961,ZMYM6,24.6514583217582,33.7777827607179
954.179413044326,0.197492580359667,0.212283990900634,0.930322534081759,0.35220411393778,0.990443880456887,ZMYND11,894.671484399277,1013.68734168938
91.7635929459972,0.0253762649163922,0.574667809487042,0.0441581457973842,0.96477834430309,0.998879356112684,ZMYND19,91.4264401242578,92.1007457677365
1069.40745535089,-0.112621670402654,0.158321374621815,-0.711348487667414,0.476868311676847,0.994447194724684,ZMYND8,1107.53966867134,1031.27524203044
1078.05697146009,0.0853881540205171,0.174971195177333,0.488012635073882,0.625540891459655,0.996294710336961,ZNF106,1053.99627457803,1102.11766834216
12.4005909863215,2.03750289228645,1.80898369979094,1.12632462775752,0.260028137095412,0.982783504448174,ZNF107,4.34697548874478,20.4542064838982
118.840483161649,-0.866972153485006,0.44455935185341,-1.95018314173466,0.0511542943850202,0.869042076164583,ZNF12,152.819165364335,84.8618009589638
314.331206421674,0.308342131535194,0.298157873574485,1.03415726654679,0.301062648087365,0.986152964913951,ZNF121,295.542249318946,333.120163524402
45.9771759803109,2.00508261190901,0.749202047790253,2.67629088551337,0.00744420042968962,0.586485951612834,ZNF124,18.1703164430911,73.7840355175308
200.772593578867,0.343233285460868,0.347803871567922,0.986858725618984,0.323711900695898,0.986152964913951,ZNF131,182.597170358973,218.948016798761
147.995122504671,-0.0510878913783286,0.40026095153632,-0.127636461119273,0.898436675306941,0.996577394764533,ZNF134,146.513927870777,149.476317138566
33.1164782171294,0.341044142377645,1.23077976242159,0.277095994580405,0.781706397316442,0.996294710336961,ZNF136,22.8921696130852,43.3407868211735
60.6598856810893,0.48736802193523,0.642797296773892,0.758198617793293,0.448332088570511,0.994447194724684,ZNF142,55.1406858327716,66.179085529407
85.8004342161853,0.232780434406089,0.571199611491444,0.407529048905132,0.683619463272603,0.996294710336961,ZNF143,74.4939753020686,97.106893130302
166.820329609952,0.776015476265857,0.434323542223925,1.78672211110713,0.0739824135418976,0.925302691758612,ZNF148,123.689519091193,209.95114012871
13.5020544789465,-0.186434929722651,1.47929543875149,-0.126029544091612,0.899708538224403,0.996577394764533,ZNF17,8.79435743718616,18.2097515207067
476.481420074856,-0.0512206799734849,0.23414098234181,-0.218759994346956,0.826837011918144,0.996294710336961,ZNF175,484.197860668798,468.764979480915
27.0379769581694,3.49205400540987,1.15678671031722,3.01875356473645,0.0025381690127844,0.407851177625858,ZNF180,8.50524634899667,45.5707075673421
24.2941915178806,-0.574937888786677,0.991218441609515,-0.580031469000019,0.561893396559481,0.996294710336961,ZNF181,28.692685742959,19.8956972928022
35.2673916079568,-1.35739381291063,1.02788953003793,-1.32056390618216,0.186646814391124,0.98168489642748,ZNF182,51.4872167062812,19.0475665096325
27.7069716671217,-0.250461444273835,1.02421677534149,-0.244539486467918,0.806813024248743,0.996294710336961,ZNF184,30.4073628992384,25.0065804350051
106.267627605668,0.446234860776315,0.521271451734906,0.856050833574613,0.391969662401276,0.992443630108828,ZNF195,89.8358499211121,122.699405290225
31.5340131645371,1.73014918631343,1.1576584964614,1.49452467338335,0.135038537913895,0.974401534329554,ZNF200,16.6145280936676,46.4534982354066
21.2701813569043,0.0747575670554308,1.04359438622064,0.0716346964323599,0.942892627233942,0.998879356112684,ZNF202,22.012649312884,20.5277134009245
1126.45133242665,-0.0118523314845819,0.154136975460399,-0.0768947973007752,0.938707236446894,0.998879356112684,ZNF207,1125.98914413925,1126.91352071405
47.9790738159866,-0.277630806673569,0.894901481945136,-0.310236168198222,0.756381368185492,0.996294710336961,ZNF211,65.1571742241122,30.8009734078611
495.372323619274,0.609478388068038,0.309498083720285,1.96924769530678,0.0489246542931843,0.857187196127094,ZNF22,390.133725835993,600.610921402555
18.8923970993609,2.72160633712131,1.32721809210187,2.05060973273142,0.0403049678042725,0.816500953259916,ZNF224,7.89513411887542,29.8896600798464
5.48369878197031,1.82037500267591,2.44141898914642,0.745621710475986,0.45589596425228,0.994447194724684,ZNF225,4.45834256857204,6.50905499536858
65.2412236362699,0.452604337347416,0.593569670380512,0.762512574231211,0.445754141291103,0.994447194724684,ZNF229,52.9997741575882,77.4826731149516
24.4469650419366,0.380485109437159,0.967040557032233,0.393453104598669,0.693984853850215,0.996294710336961,ZNF234,22.0842317575934,26.8096983262798
19.2503862211466,0.4792264189034,1.38285692352564,0.346548085163862,0.728930853511112,0.996294710336961,ZNF236,16.284563444323,22.2162089979702
267.276239668787,0.358138477642986,0.301634845536011,1.18732461764014,0.235099601407161,0.98168489642748,ZNF24,237.169758692967,297.382720644608
50.3147206601398,2.40314270188713,0.91958422929052,2.61329264393889,0.00896744808080701,0.601847901055327,ZNF250,49.9619328802883,50.6675084399912
40.7600594870927,-0.295135721091536,0.851296026876113,-0.346689884333839,0.728824310576381,0.996294710336961,ZNF254,45.0320522879353,36.4880666862501
159.553425283393,0.554093721563776,0.388145179528078,1.42754245263967,0.153423597656405,0.974401534329554,ZNF260,129.196082090839,189.910768475948
136.688911584614,-0.44765646894904,0.454882821389709,-0.984113815468801,0.325059554807565,0.986152964913951,ZNF264,157.054993257341,116.322829911886
44.8842545304087,-0.472629740902872,0.720296353891259,-0.656160118470103,0.511721106387181,0.994447194724684,ZNF266,53.7255459217937,36.0429631390236
114.990049872688,-0.000467281480625214,0.462182197423989,-0.0010110330584554,0.999193312469628,0.999676559275594,ZNF268,113.431493084588,116.548606660788
439.828963988194,-0.000428431324072185,0.261047804724366,-0.00164119872421281,0.998690513464599,0.999451272705433,ZNF275,430.141447284471,449.516480691917
136.95717938022,0.608797972680151,0.441538102592878,1.3788118604149,0.167952768923525,0.98168489642748,ZNF276,114.596979689491,159.31737907095
72.9186698720569,-0.111216821623824,0.565547639609652,-0.196653321196049,0.844098840975539,0.996294710336961,ZNF277,77.0408068956404,68.7965328484734
26.9750675018482,1.22853293065553,0.987948729606607,1.24351891331924,0.213676675818456,0.98168489642748,ZNF280D,16.0007366170403,37.9493983866561
437.223866469398,0.33431414348996,0.294588746917057,1.13485035320812,0.25643802448582,0.981773214040098,ZNF281,388.899315602055,485.548417336741
310.760760443692,0.300162085758249,0.293583171659127,1.0224090299929,0.306587348431285,0.986152964913951,ZNF282,278.295711503043,343.22580938434
29.550667250985,-0.754349462115265,0.992124895975698,-0.76033719663229,0.447053053165906,0.994447194724684,ZNF283,29.6542281443999,29.4471063575701
22.5150097187332,-2.1649074612573,1.27388594461497,-1.69945156425416,0.0892341333686737,0.94617021594231,ZNF284,33.0756091308508,11.9544103066155
52.8900404895189,-0.0167466236969846,0.807391734444482,-0.0207416338098964,0.983451757177174,0.998987745956335,ZNF292,53.9140310661976,51.8660499128402
137.855465878948,-0.167542417353752,0.490740114389206,-0.341407625831204,0.732796735032002,0.996294710336961,ZNF3,144.063741494973,131.647190262922
46.9949657886375,0.00834467916781314,0.717534805125624,0.0116296507266323,0.990721090398356,0.998987745956335,ZNF302,49.4526073341072,44.5373242431678
195.943671434481,0.486219550001795,0.369636993081227,1.31539742802461,0.188376369471818,0.98168489642748,ZNF316,163.314629017201,228.57271385176
31.9487079402607,-0.570373310826799,1.14776312903588,-0.496943399206344,0.619228965888813,0.996294710336961,ZNF318,37.4484213405601,26.4489945399613
112.265813450139,0.338382736563794,0.463126614924373,0.730648435350774,0.464993919190971,0.994447194724684,ZNF320,97.5719393690116,126.959687531267
39.8647461533935,0.40099324502884,0.770678762610294,0.520311788105686,0.602846281072051,0.996294710336961,ZNF322,33.8801810934212,45.8493112133658
61.508396065499,0.612369058413771,0.634038450230014,0.965823221275647,0.334132646728762,0.986152964913951,ZNF324,47.9031085516587,75.1136835793394
94.2097705905758,0.495119977263695,0.509863350783998,0.971083676640745,0.331506611664105,0.986152964913951,ZNF326,80.5363806472695,107.883160533882
104.51226183618,0.626902482422731,0.529873046864197,1.18311826980587,0.236762278124127,0.98168489642748,ZNF329,81.5128762689319,127.511647403428
211.943705592303,0.439467647464571,0.436889429954516,1.00590130438798,0.314463048743016,0.986152964913951,ZNF330,179.313981729274,244.573429455331
74.0756058183222,0.820386097173657,0.58405332200459,1.40464246373589,0.16012762280148,0.974401534329554,ZNF331,52.5759137249557,95.5752979116886
28.8714539034064,0.486545102891224,0.976519723994268,0.498244009758558,0.618312066328336,0.996294710336961,ZNF333,23.3708331463709,34.3720746604418
55.6245930365702,0.665867643946602,0.890305697866977,0.747908999731113,0.454515048747935,0.994447194724684,ZNF33A,41.431464643423,69.8177214297175
40.1960343804956,0.1083390993981,0.771764541732262,0.140378436090013,0.88836099464364,0.996577394764533,ZNF347,41.1519318957422,39.2401368652489
40.8354585225891,0.278483244445428,0.855518074098095,0.325514156716106,0.744791970024915,0.996294710336961,ZNF354A,34.761462272143,46.9094547730352
32.7535186917366,-0.90419225051067,0.941882998762584,-0.959983619726196,0.337063459004911,0.986983139323132,ZNF354C,43.5962946715856,21.9107427118876
214.336181218256,-0.822731221402004,0.376171810399331,-2.18711556437103,0.0287340886943927,0.730835059169675,ZNF362,275.244788503646,153.427573932866
73.1599742674138,-0.433699168641201,0.57421853241456,-0.7552859132176,0.450077449071423,0.994447194724684,ZNF365,82.1030643715096,64.2168841633179
43.5386078964335,1.01961216935342,0.865170192684477,1.17851051501178,0.238593142863496,0.98168489642748,ZNF367,29.5339763018922,57.5432394909749
198.940173936696,0.587125021490422,0.357969809064397,1.64015234420175,0.100973495164844,0.961015869502668,ZNF37A,164.948667977207,232.931679896184
13.1533230488173,-0.77779120543901,1.78609782321111,-0.435469544462391,0.663221640665178,0.996294710336961,ZNF383,9.70040478549042,16.6062413121441
51.0627650277703,1.08631848331443,0.678163850169751,1.60185253614228,0.109188222390976,0.961015869502668,ZNF384,32.47968104908,69.6458490064605
28.653992217728,-2.43799684656388,0.960635645215098,-2.53789962792602,0.0111519963560635,0.62676812170277,ZNF385A,48.4432433514712,8.86474108398475
177.080121447178,-0.743203287632315,0.440175140772823,-1.68842630759988,0.0913294239722342,0.946227721488623,ZNF395,221.664845177512,132.495397716843
13.0288722289521,0.935929035851762,1.35890297687372,0.688738675078149,0.490987733375803,0.994447194724684,ZNF397,6.94577875306714,19.1119657048371
46.7620877032046,2.57133114849952,0.986918301674092,2.60541439361072,0.00917632013737122,0.601847901055327,ZNF398,28.226601343623,65.2975740627862
211.216030670141,0.525664924532503,0.340136639874173,1.54545221804673,0.122236918012612,0.974401534329554,ZNF410,172.497133596725,249.934927743558
86.1346515793873,-0.935914853661587,0.545115665967049,-1.71691057897089,0.0859955116738051,0.942895213226454,ZNF420,113.285247031651,58.984056127124
47.7277202000166,0.00872533492948218,0.689628857380266,0.0126522184158993,0.989905259592137,0.998987745956335,ZNF423,49.6328041734735,45.8226362265596
167.526320619121,-0.446520802640393,0.518489167130964,-0.861196011309543,0.389130096523368,0.992443630108828,ZNF426,189.810624927781,145.242016310461
1975.19851163968,-0.0344123880313187,0.157263191360454,-0.218820359256502,0.826789986792605,0.996294710336961,ZNF428,2008.87994839517,1941.51707488419
13.849800798751,-0.540735642880184,1.4958570485561,-0.361488849086306,0.717734039376875,0.996294710336961,ZNF429,15.4009717992987,12.2986297982033
75.0488083128471,0.275363065630822,0.5757740862779,0.478248452289526,0.632473380472242,0.996294710336961,ZNF430,68.5154789296354,81.5821376960588
24.1536539976209,-1.27861949210729,1.46288865276229,-0.874037466688215,0.382097850227718,0.992443630108828,ZNF431,33.9984509479744,14.3088570472674
55.6257355592282,1.02683469350945,0.706198722996528,1.45403079908217,0.145937767456254,0.974401534329554,ZNF432,38.4114900116694,72.839981106787
42.0891709884175,0.177002802326599,0.756461382569405,0.233987889408696,0.814994380569291,0.996294710336961,ZNF438,39.0902745118649,45.08806746497
49.9862900449848,-1.44737579215714,0.828076005994105,-1.74787795042988,0.0804851636902024,0.938892717784579,ZNF44,51.1271212563701,48.8454588335994
92.5877347029743,-0.525787427774046,0.518182848520966,-1.0146754746414,0.310260548662054,0.986152964913951,ZNF445,108.420059608699,76.7554097972492
130.190436992549,-0.303676241024523,0.480462567039196,-0.632049740931739,0.527354374980893,0.996294710336961,ZNF451,137.626916190568,122.753957794529
32.1774301790636,-0.205609101475843,0.883364986856247,-0.232756679894652,0.815950353488977,0.996294710336961,ZNF461,35.2490256928724,29.1058346652548
36.8057160698358,-0.162784478648204,0.818102519219372,-0.198978092383252,0.842279881675928,0.996294710336961,ZNF467,39.7449999197246,33.8664322199469
75.9584551866154,0.952741689892852,0.604578935816469,1.57587642150681,0.115054285845899,0.974401534329554,ZNF468,52.7305100775546,99.1864002956762
12.4772186515555,-2.70025377275116,1.4699026919911,-1.83702893223051,0.066205624362297,0.902221594165978,ZNF470,18.1715428585931,6.78289444451786
38.5832171590283,1.52947882762842,1.15360322448788,1.32582745536916,0.184896856616448,0.98168489642748,ZNF473,24.1031307117485,53.063303606308
147.195703073967,0.0537596821294335,0.466987687751152,0.115120127445589,0.908349906571064,0.996577394764533,ZNF48,144.587948018023,149.803458129911
10.1192555740457,-2.19213981823246,1.69187511718825,-1.29568654090474,0.195083500163567,0.98168489642748,ZNF484,15.3705427699107,4.86796837818075
55.0153627614492,0.218066351002099,0.747588116780256,0.291693174499986,0.770521228351378,0.996294710336961,ZNF500,49.9843114641807,60.0464140587176
165.5541737875,0.379264619949268,0.402218287790206,0.942932311787595,0.345715526266208,0.988142440035739,ZNF503,150.333126584225,180.775220990775
71.7614745146557,-0.223884747988298,0.686026815744226,-0.326349849379314,0.744159676513084,0.996294710336961,ZNF507,76.5029841874752,67.0199648418363
38.1196139877339,0.394831836826274,0.872357258557594,0.452603372016542,0.650834370224195,0.996294710336961,ZNF510,34.2214062170628,42.017821758405
114.300675572228,0.288805591860044,0.465588941307986,0.620301657184335,0.53505920409831,0.996294710336961,ZNF512B,103.122973181694,125.478377962762
43.2428909113288,0.568609551395515,0.827001688027661,0.687555490668474,0.491732745243254,0.994447194724684,ZNF514,34.0211277606882,52.4646540619694
47.7097343873558,-0.621664761282204,0.789364027473092,-0.787551420695309,0.430959139680602,0.994447194724684,ZNF516,58.4792120261426,36.9402567485689
35.6847404078216,-0.643653107812043,1.04908855058635,-0.613535537540944,0.539522292268062,0.996294710336961,ZNF518A,35.7424730828412,35.627007732802
186.744831354656,-0.440942171798214,0.433187432222339,-1.01790158023766,0.308724730585239,0.986152964913951,ZNF518B,207.1690076646,166.320655044711
156.019376305076,-0.159078647505112,0.468407097921119,-0.339616218906874,0.734145562464999,0.996294710336961,ZNF521,161.995537866349,150.043214743803
127.170820440909,-0.221094878012956,0.43487030274748,-0.508415673859757,0.611161863035732,0.996294710336961,ZNF526,139.290219759085,115.051421122733
18.1580270047577,2.39265937819816,1.31966930037792,1.81307497076196,0.0698202589673752,0.904997639926701,ZNF527,12.4363331058722,23.8797209036432
32.7750592082785,-1.96659607211356,0.861291371852766,-2.28331100993513,0.022412054943018,0.714845395677829,ZNF529,53.263598112595,12.2865203039621
67.9209522214484,-1.47516644487697,0.644047325743041,-2.29046280593598,0.0219945023155775,0.714845395677829,ZNF532,88.7486155521367,47.0932888907601
51.9307186340132,-0.251340242460271,0.671522694137144,-0.374284063151766,0.708192987618308,0.996294710336961,ZNF544,56.8166489053153,47.0447883627112
29.4079048899247,-1.30004487640187,0.897741667900964,-1.44812803380459,0.147581246640097,0.974401534329554,ZNF548,41.8501211852258,16.9656885946235
50.3964242404216,-1.07417170443651,0.73316924173294,-1.46510743126317,0.14289160951505,0.974401534329554,ZNF549,64.1488791675135,36.6439693133298
55.1543827803137,-0.573343390454809,0.669222330962369,-0.856730811164531,0.391593671154403,0.992443630108828,ZNF552,64.700365060429,45.6084005001984
22.5156729221384,0.599191569375738,1.32672571143668,0.451631836340073,0.651534231013807,0.996294710336961,ZNF554,17.4237711093938,27.6075747348829
27.6329712566611,-2.09811662337644,1.13583106884185,-1.84720834015905,0.064716951100338,0.894506455520484,ZNF555,42.119150656407,13.1467918569152
142.635069448722,-0.164719613150564,0.469467434267925,-0.350864833483974,0.725689755116279,0.996294710336961,ZNF557,151.084957804174,134.18518109327
202.072447954178,-0.284508707400477,0.363708544265418,-0.782243672540327,0.434071382986426,0.994447194724684,ZNF561,221.800807438039,182.344088470318
145.058279076147,0.582883708303603,0.417027896208487,1.39770915471851,0.162200424031172,0.974458694615155,ZNF562,116.345244158064,173.771313994229
46.824165410045,0.765792495336709,0.829758926573388,0.922909619664067,0.356054307093627,0.990443880456887,ZNF566,34.6996140320623,58.9487167880278
48.0781471187384,0.713725840805135,0.814050731000104,0.876758429942426,0.380617862572748,0.992443630108828,ZNF570,42.6067005777181,53.5495936597587
144.028800834336,0.0300748633872105,0.435790696507567,0.0690121740281079,0.944979929131309,0.998879356112684,ZNF576,144.648348733168,143.409252935503
46.725156736921,-0.576099223847304,1.06966684159088,-0.538578182895239,0.590177944880816,0.996294710336961,ZNF578,61.6488002290994,31.8015132447425
33.9055937856687,-0.286095999229769,0.843820775126825,-0.339048299903222,0.734573344693285,0.996294710336961,ZNF583,36.8930334663598,30.9181541049777
12.4216272051286,0.274222539080788,1.57685672605984,0.173904537139529,0.861940486843158,0.996577394764533,ZNF585A,11.2920622893285,13.5511921209286
11.7732854625754,-0.0882849793836233,1.77833703130207,-0.0496446836733655,0.960405538088335,0.998879356112684,ZNF585B,14.412302641422,9.13426828372875
51.234461254174,1.73261589616973,0.716811229608787,2.41711600572349,0.0156440304792926,0.660454783363878,ZNF587,21.3877397266613,81.0811827816867
164.956815082227,0.464693429401876,0.40924307966704,1.13549489897288,0.25616801798526,0.981773214040098,ZNF592,144.402607657107,185.511022507347
12.7154350916555,1.46216816626679,1.62747045807716,0.898429927873673,0.36895638703663,0.992443630108828,ZNF596,11.431026968641,13.9998432146699
18.1521628252083,1.26804046748746,1.55454642243892,0.815698038465803,0.414672861186101,0.992443630108828,ZNF597,20.0113791447332,16.2929465056835
14.2914166407237,-0.349157940313064,1.22923109204046,-0.284045809265595,0.776375275047702,0.996294710336961,ZNF600,16.6077828084065,11.9750504730408
10.1494218687261,0.612247678808175,1.5233751654204,0.401902100484364,0.68775607682254,0.996294710336961,ZNF607,8.36628166968422,11.932562067768
28.4616353790368,0.144463856025075,1.26424014714067,0.114269315328902,0.909024305961469,0.996577394764533,ZNF614,32.3709242897216,24.5523464683521
39.1676431146,1.92346159380405,0.857643630616258,2.24272824415656,0.0249143441406016,0.721834516239828,ZNF616,19.0458576426198,59.2894285865803
661.988384577897,0.00613151386238675,0.251347506354987,0.0243945681073398,0.980537881060302,0.998987745956335,ZNF618,659.526026539014,664.45074261678
45.8946453066455,-0.235734187071742,0.708694529146885,-0.332631588613384,0.739412395646651,0.996294710336961,ZNF621,46.8124144202663,44.9768761930248
9.80237077432263,-0.0389735550960601,2.19885063724831,-0.0177245122682969,0.985858625755673,0.998987745956335,ZNF626,8.05287525496175,11.5518662936835
67.8879228434917,0.520041884350125,0.650932859815413,0.798917855364676,0.424338044833741,0.994447194724684,ZNF639,59.026470710115,76.7493749768683
102.610579435687,-0.466747188132606,0.611541027960435,-0.76323119266301,0.445325529151269,0.994447194724684,ZNF644,107.140454864143,98.0807040072304
28.321551567926,1.22822261729884,0.956899775673478,1.28354363594077,0.199301682160289,0.98168489642748,ZNF649,17.3550200945872,39.2880830412649
69.5276687815153,-0.212367646738515,0.640150228458887,-0.331746576502478,0.740080627470212,0.996294710336961,ZNF652,71.7336729104215,67.3216646526092
104.785276727672,-0.979159933540662,0.573830691477591,-1.7063568541783,0.0879416585782837,0.945521752426948,ZNF654,137.299218258581,72.2713351967624
26.0673667444335,0.566015521063396,0.927173218960854,0.6104744070345,0.541547591896735,0.996294710336961,ZNF655,19.9325153263992,32.2022181624678
39.0150071141535,-0.0456760484045458,0.833494827506645,-0.0548006381049577,0.956297292033974,0.998879356112684,ZNF670,39.128062034265,38.901952194042
147.494911328836,-0.26796337053702,0.412320810714919,-0.649890482297996,0.515762966510883,0.994447194724684,ZNF689,162.27989915665,132.709923501021
19.6387187473725,-1.14624051420231,1.08211116506144,-1.05926318035654,0.289479938422154,0.983627823676635,ZNF691,27.4456343804471,11.8318031142979
46.251142774755,-0.384231532177542,0.726088282390484,-0.529180185793036,0.596680460476734,0.996294710336961,ZNF696,50.8020622690335,41.7002232804765
72.9467048860444,1.16225279283597,0.575692793567049,2.01887674437357,0.0435000319010226,0.842267852842935,ZNF7,44.3003043103395,101.593105461749
80.3403519050559,0.760477708150652,0.570059753756774,1.33403156974159,0.182193510440339,0.98168489642748,ZNF70,60.0274827677443,100.653221042367
28.8586232294018,-1.0561893555921,1.2586292924135,-0.839158409833923,0.401380422483721,0.992443630108828,ZNF701,38.1117165321707,19.6055299266329
551.812000133262,0.0238810359726149,0.221316191709221,0.107904603762527,0.914071365173463,0.996577394764533,ZNF703,548.287058072486,555.336942194037
46.9163680205506,-0.806331653556963,0.721521529547873,-1.11754344192922,0.263762035916373,0.982783504448174,ZNF704,60.0914068652753,33.7413291758259
620.75760332067,-0.0641702585183101,0.200665727647294,-0.319786837895411,0.749129925952752,0.996294710336961,ZNF706,634.41172559182,607.103481049521
71.8236332981542,1.11507278604442,0.573662346317637,1.94377893756164,0.0519221147360038,0.869042076164583,ZNF71,45.4413515986633,98.2059149976451
10.8992337857368,-0.460996780253902,1.75621882456904,-0.262493929460657,0.79294066491654,0.996294710336961,ZNF714,12.9112386479195,8.88722892355413
54.8558436850845,0.33370708929423,0.655966305593536,0.508725961148696,0.610944322519869,0.996294710336961,ZNF721,48.56020804579,61.1514793243789
32.1424395177975,0.0977851503245751,0.912796908472817,0.107126951698574,0.914688265833904,0.996577394764533,ZNF74,30.7735904266596,33.5112886089354
44.8332749957632,-0.00564911462553187,0.715401503763253,-0.00789642542798082,0.993699629540612,0.998987745956335,ZNF740,44.9786330922487,44.6879168992776
108.299527719117,-0.765341469710979,0.541617862649402,-1.41306541473208,0.157636491141601,0.974401534329554,ZNF746,126.542020007577,90.0570354306577
72.5782004384199,-0.17608694623986,0.650315438191127,-0.27077159159815,0.786566710536139,0.996294710336961,ZNF747,74.1353425018567,71.021058374983
62.1224070355751,-0.71477936660764,0.672210642873146,-1.06332646497911,0.28763392750349,0.982783504448174,ZNF764,81.9447871470598,42.3000269240904
34.2785577569156,0.871590262024739,0.922274445370911,0.945044358975177,0.344636229866963,0.988142440035739,ZNF765,24.5928972298665,43.9642182839648
126.338162464661,0.0577148269792095,0.598422569505564,0.0964449369396199,0.923167203922661,0.996577394764533,ZNF766,122.922562036795,129.753762892527
376.492863967678,0.476465521074601,0.280162897571036,1.70067316266884,0.0890043772940069,0.94617021594231,ZNF770,315.969778803238,437.015949132119
90.2520763146264,-0.362289492481273,0.507891133366137,-0.713321160147326,0.475647046527587,0.994447194724684,ZNF772,103.619421365104,76.8847312641491
50.259425489815,-0.207791303041275,0.77393312405785,-0.268487413940617,0.78832416157104,0.996294710336961,ZNF773,48.8326185346558,51.6862324449741
114.027127120723,-0.300183046223459,0.492749672345633,-0.609199890066897,0.542391953183457,0.996294710336961,ZNF777,128.989892666388,99.0643615750588
44.4493573691494,1.98682360730132,0.834886456145385,2.37975307022508,0.0173242427080225,0.68480414169419,ZNF778,26.2500186003222,62.6486961379767
6.93648899486946,1.77522625499815,1.87380129955931,0.9473930108895,0.343438551206741,0.988142440035739,ZNF790,5.63664291627733,8.23633507346159
436.220843368657,0.414747833223819,0.240243756769489,1.7263625860703,0.0842822022979459,0.941807879236941,ZNF791,371.129763681728,501.311923055587
75.1729008357609,0.119418769939427,0.559950193718503,0.213266771364778,0.831118889947855,0.996294710336961,ZNF792,73.31721472345,77.0285869480718
22.2497114424426,-0.298663895686008,1.039387397988,-0.287346081224526,0.773847341926076,0.996294710336961,ZNF8,24.2692221474967,20.2302007373884
37.0385107494424,1.67077831486099,0.851798020115678,1.96147240942647,0.0498239404558543,0.857187196127094,ZNF800,26.5325402673705,47.5444812315142
87.0890774676386,0.704836997603044,0.527100773451595,1.3371959084552,0.181158697122848,0.98168489642748,ZNF805,78.0929563068353,96.0851986284419
16.3621609043981,1.79934368548738,1.61050435555582,1.11725477753606,0.263885405304073,0.982783504448174,ZNF813,7.89513411887542,24.8291876899207
96.4176452156113,-0.295688471291721,0.495498481432406,-0.596749500496819,0.550674638326206,0.996294710336961,ZNF827,105.412035778381,87.4232546528413
23.0246168062916,-2.16324894861847,1.1877595554366,-1.82128524137471,0.0685635087096538,0.904997639926701,ZNF829,26.1243115080246,19.9249221045586
135.239011813294,-0.0107698961803159,0.445112510939205,-0.0241958963534657,0.980696351409003,0.998987745956335,ZNF830,136.070107410313,134.407916216274
100.678613156499,0.469333158073312,0.527035965746168,0.890514478283923,0.3731896977368,0.992443630108828,ZNF84,83.0899726508656,118.267253662133
15.4380046751761,-0.139742114057115,1.53305435395494,-0.0911527459522956,0.927371221839015,0.997480238800445,ZNF844,19.688394389502,11.1876149608502
38.4355230532587,1.03800746496317,0.86723931824417,1.19691006061019,0.231341612403536,0.98168489642748,ZNF845,25.4779515245899,51.3930945819276
28.6475080001309,-0.0276609763675949,0.876741846410116,-0.031549738934961,0.974831125933278,0.998987745956335,ZNF91,28.998433810503,28.2965821897588
48.3418906603871,-0.984096525851068,0.74077518107379,-1.32846854348518,0.184023368749942,0.98168489642748,ZNF92,63.8544050736848,32.8293762470893
710.728138199122,-0.273844338986556,0.191126351732655,-1.43279216342499,0.15191724153493,0.974401534329554,ZNFX1,780.865850830439,640.590425567805
154.130357771827,-0.176198299962145,0.411941221160819,-0.427726799142924,0.668850036336985,0.996294710336961,ZNHIT6,173.775736285902,134.484979257752
398.029802384168,0.51162666149217,0.275426601869997,1.85757896302863,0.0632288282293976,0.891663350651627,ZNRF1,329.861113574593,466.198491193744
89.8132343720626,-0.522960068451926,0.509149738977559,-1.02712429844725,0.30436193839088,0.986152964913951,ZNRF3,106.076115166626,73.550353577499
554.979645959172,0.0972007787538411,0.222079016958624,0.437685559333823,0.661614239033133,0.996294710336961,ZPR1,538.349668108332,571.609623810013
122.227118416308,-0.189522548418021,0.436998454609687,-0.433691575837028,0.664512424812442,0.996294710336961,ZRANB1,135.630171460182,108.824065372433
555.837409831822,0.484340292111653,0.228918881320645,2.11577257986528,0.0343641542428328,0.769905925021735,ZRANB2,459.486093876045,652.188725787599
8.05269225801923,1.65782898869196,2.14967316011891,0.771200487333738,0.440588105393021,0.994447194724684,ZSCAN20,4.58626788302144,11.519116633017
19.1093103532567,0.821200386046007,1.43356092040088,0.57283954547001,0.56675334061082,0.996294710336961,ZSCAN25,11.363423624604,26.8551970819094
45.8163010550514,0.988763718211704,0.711721650549359,1.38925620352915,0.164754856558794,0.977539653561902,ZSCAN26,31.3206916211672,60.3119104889355
95.9405913353559,0.289771970273886,0.498619707675669,0.581148249483894,0.561140542364119,0.996294710336961,ZSCAN29,84.1621114349181,107.719071235794
60.6737952489558,0.629027875165344,0.637831974170089,0.986196836531752,0.324036531359168,0.986152964913951,ZSCAN30,43.0593062806053,78.2882842173064
39.7714946819089,-0.715643874224511,0.87663744811893,-0.816351019181447,0.414299402187455,0.992443630108828,ZSCAN31,34.4240738844723,45.1189154793456
83.6877218552535,0.328544579577276,0.529153377026226,0.620887239581942,0.534673817567276,0.996294710336961,ZSWIM1,70.5592864180746,96.8161572924324
253.055741352518,-0.00431458737815224,0.320121252148696,-0.0134779785759058,0.989246454558613,0.998987745956335,ZSWIM6,253.412997733085,252.698484971951
151.740760311489,-0.858016626833546,0.477482676039711,-1.79695865397677,0.0723421838740822,0.921165608868951,ZSWIM7,193.961125195906,109.520395427071
97.1194881084334,0.124868071271708,0.53591376850205,0.233000304546627,0.815761169282426,0.996294710336961,ZW10,93.3239228150274,100.915053401839
379.268361438946,0.180553479077452,0.275016187516213,0.656519460574688,0.511489950445047,0.994447194724684,ZWILCH,361.62841093711,396.908311940781
218.361723045524,0.0700703485661964,0.364043862983778,0.192477763508731,0.847367984398515,0.996294710336961,ZWINT,226.056091866229,210.66735422482
37.6548133656971,-0.00705595742023676,0.798565799923234,-0.00883578713352745,0.992950153595321,0.998987745956335,ZXDA,39.8907886290306,35.4188381023636
567.745086422725,0.0331793691491466,0.243502847799106,0.136258649330131,0.891616811989231,0.996577394764533,ZYG11B,560.807583006544,574.682589838906
125.843587646691,0.16781835035071,0.462464689568346,0.362878191862276,0.716695878314772,0.996294710336961,ZZEF1,118.175344614231,133.511830679151
63.1762640247612,0.396894666000062,0.803975795672405,0.493664943816024,0.621542826968159,0.996294710336961,ZZZ3,53.8549187611791,72.4976092883432
