groupID,n_PAS,n_sig,n_big,min_padj,max_absL2FC,mean_absL2FC,dir_consensus,perGeneQ
CAPN1,2,1,0,0.00294732733475297,0.148069390329169,0.148069390329169,Shortened_only,0.00294732658219199
GNPDA1,2,1,1,0.00522595634847254,1.45660723438793,1.45660723438793,Shortened_only,0.00522595161308376
FGFRL1,2,0,0,0.109026890562697,NA,NA,NA,0.109022768068605
TRAF4,2,0,0,0.109026890562697,NA,NA,NA,0.138308802894623
AKAP11,2,0,0,0.244730075748413,NA,NA,NA,0.244704112866431
CDC16,2,0,0,0.271993150402714,NA,NA,NA,0.271954667957897
DOCK7,2,0,0,0.403448651889851,NA,NA,NA,0.416587271909458
HBEGF,2,0,0,0.403448651889851,NA,NA,NA,0.426912086417737
ENGASE,2,0,0,0.403448651889851,NA,NA,NA,0.430782719725944
ERLIN1,3,0,0,0.403448651889851,NA,NA,NA,0.440269000184278
RPL27A,7,0,0,0.403448651889851,NA,NA,NA,0.445365297261811
TMUB2,2,0,0,0.403448651889851,NA,NA,NA,0.450785910117108
MAPK8,4,0,0,0.403448651889851,NA,NA,NA,0.453794563194162
BIN3,2,0,0,0.430825679434996,NA,NA,NA,0.454437865759828
NDUFB6,3,0,0,0.403448651889851,NA,NA,NA,0.454809663813239
MRPL49,2,0,0,0.451949998781419,NA,NA,NA,0.47536423333585
EPHA5,3,0,0,0.403448651889851,NA,NA,NA,0.477777172451931
GALNT7,2,0,0,0.464479574709907,NA,NA,NA,0.502659778658428
INPP4A,3,0,0,0.403448651889851,NA,NA,NA,0.517025715068042
NUDT9,2,0,0,0.464479574709907,NA,NA,NA,0.517698280000955
TBC1D23,2,0,0,0.464479574709907,NA,NA,NA,0.520290416607487
ZNF275,3,0,0,0.464479574709907,NA,NA,NA,0.53384438301412
TAF5,2,0,0,0.464479574709907,NA,NA,NA,0.534510069187908
BAG2,4,0,0,0.403448651889851,NA,NA,NA,0.556862049503206
CENPS-CORT,2,0,0,0.516515642784683,NA,NA,NA,0.55716304010017
NUBP1,2,0,0,0.592599219121289,NA,NA,NA,0.637266722873442
ARHGAP29,12,0,0,0.618881641142704,NA,NA,NA,0.663691645334213
PLPP4,3,0,0,0.771049397952993,NA,NA,NA,0.824470208305611
CCT4,2,0,0,0.84638705092523,NA,NA,NA,0.90270413973302
NUBPL,2,0,0,0.85539049587391,NA,NA,NA,0.925696773057938
DECR1,3,0,0,0.856731212296747,NA,NA,NA,0.929768488641657
TSPAN3,5,0,0,0.85539049587391,NA,NA,NA,0.930726620248331
KIF5B,5,0,0,0.856731212296747,NA,NA,NA,0.934266433827452
NGLY1,2,0,0,0.85539049587391,NA,NA,NA,0.945638498731234
ADAMTS7,2,0,0,1,NA,NA,NA,0.99998656914798
ARPC3,2,0,0,0.925867891226513,NA,NA,NA,1
CMTM8,2,0,0,0.925867891226513,NA,NA,NA,1
NUP98,2,0,0,0.925867891226513,NA,NA,NA,1
SLC9B2,2,0,0,0.925867891226513,NA,NA,NA,1
RRP8,2,0,0,0.927248341341599,NA,NA,NA,1
ZNF777,2,0,0,0.951896569073972,NA,NA,NA,1
VPS53,6,0,0,0.960284850627777,NA,NA,NA,1
MEAK7,6,0,0,0.978633537510282,NA,NA,NA,1
NEMF,6,0,0,0.97907133714516,NA,NA,NA,1
AACS,2,0,0,1,NA,NA,NA,1
AAGAB,4,0,0,1,NA,NA,NA,1
AAK1,2,0,0,1,NA,NA,NA,1
AARS1,2,0,0,1,NA,NA,NA,1
AARS2,4,0,0,1,NA,NA,NA,1
AASDHPPT,3,0,0,1,NA,NA,NA,1
AASS,3,0,0,1,NA,NA,NA,1
ABAT,2,0,0,1,NA,NA,NA,1
ABCA1,2,0,0,1,NA,NA,NA,1
ABCA5,2,0,0,1,NA,NA,NA,1
ABCB7,2,0,0,1,NA,NA,NA,1
ABCB8,2,0,0,1,NA,NA,NA,1
ABCC4,2,0,0,1,NA,NA,NA,1
ABCD3,3,0,0,1,NA,NA,NA,1
ABCE1,7,0,0,1,NA,NA,NA,1
ABCF2,4,0,0,1,NA,NA,NA,1
ABCG1,2,0,0,1,NA,NA,NA,1
ABHD10,2,0,0,1,NA,NA,NA,1
ABHD11,2,0,0,1,NA,NA,NA,1
ABHD13,5,0,0,1,NA,NA,NA,1
ABHD15,4,0,0,1,NA,NA,NA,1
ABHD17B,2,0,0,1,NA,NA,NA,1
ABHD2,7,0,0,1,NA,NA,NA,1
ABHD4,2,0,0,1,NA,NA,NA,1
ABHD5,7,0,0,1,NA,NA,NA,1
ABI1,9,0,0,1,NA,NA,NA,1
ABI2,6,0,0,1,NA,NA,NA,1
ABI3,3,0,0,1,NA,NA,NA,1
ABI3BP,2,0,0,1,NA,NA,NA,1
ABL2,6,0,0,1,NA,NA,NA,1
ABLIM1,4,0,0,1,NA,NA,NA,1
ABLIM3,2,0,0,1,NA,NA,NA,1
ABRACL,3,0,0,1,NA,NA,NA,1
ABRAXAS1,2,0,0,1,NA,NA,NA,1
ABRAXAS2,2,0,0,1,NA,NA,NA,1
ABT1,3,0,0,1,NA,NA,NA,1
ACAA2,2,0,0,1,NA,NA,NA,1
ACAD8,2,0,0,1,NA,NA,NA,1
ACADM,3,0,0,1,NA,NA,NA,1
ACADSB,3,0,0,1,NA,NA,NA,1
ACAP3,2,0,0,1,NA,NA,NA,1
ACBD3,4,0,0,1,NA,NA,NA,1
ACBD5,3,0,0,1,NA,NA,NA,1
ACE,2,0,0,1,NA,NA,NA,1
ACER3,7,0,0,1,NA,NA,NA,1
ACIN1,2,0,0,1,NA,NA,NA,1
ACLY,3,0,0,1,NA,NA,NA,1
ACO1,3,0,0,1,NA,NA,NA,1
ACOT11,2,0,0,1,NA,NA,NA,1
ACOT13,2,0,0,1,NA,NA,NA,1
ACOT9,3,0,0,1,NA,NA,NA,1
ACOX1,7,0,0,1,NA,NA,NA,1
ACOX3,4,0,0,1,NA,NA,NA,1
ACP1,3,0,0,1,NA,NA,NA,1
ACSL3,4,0,0,1,NA,NA,NA,1
ACSL4,3,0,0,1,NA,NA,NA,1
ACTB,2,0,0,1,NA,NA,NA,1
ACTL6A,2,0,0,1,NA,NA,NA,1
ACTN1,6,0,0,1,NA,NA,NA,1
ACTR10,2,0,0,1,NA,NA,NA,1
ACTR1A,2,0,0,1,NA,NA,NA,1
ACTR2,10,0,0,1,NA,NA,NA,1
ACTR3,15,0,0,1,NA,NA,NA,1
ACTR3B,2,0,0,1,NA,NA,NA,1
ACTR6,2,0,0,1,NA,NA,NA,1
ACTR8,5,0,0,1,NA,NA,NA,1
ACTRT3,3,0,0,1,NA,NA,NA,1
ACVR2A,2,0,0,1,NA,NA,NA,1
ACVRL1,3,0,0,1,NA,NA,NA,1
ACYP2,2,0,0,1,NA,NA,NA,1
ADAM10,9,0,0,1,NA,NA,NA,1
ADAM12,3,0,0,1,NA,NA,NA,1
ADAM17,4,0,0,1,NA,NA,NA,1
ADAM23,5,0,0,1,NA,NA,NA,1
ADAMTS1,6,0,0,1,NA,NA,NA,1
ADAMTSL1,3,0,0,1,NA,NA,NA,1
ADAMTSL5,2,0,0,1,NA,NA,NA,1
ADAR,2,0,0,1,NA,NA,NA,1
ADARB1,4,0,0,1,NA,NA,NA,1
ADAT1,5,0,0,1,NA,NA,NA,1
ADD3,2,0,0,1,NA,NA,NA,1
ADGRA2,2,0,0,1,NA,NA,NA,1
ADGRF5,3,0,0,1,NA,NA,NA,1
ADGRG6,2,0,0,1,NA,NA,NA,1
ADGRL2,3,0,0,1,NA,NA,NA,1
ADGRL4,8,0,0,1,NA,NA,NA,1
ADH5,4,0,0,1,NA,NA,NA,1
ADK,4,0,0,1,NA,NA,NA,1
ADNP,3,0,0,1,NA,NA,NA,1
ADNP2,2,0,0,1,NA,NA,NA,1
ADO,2,0,0,1,NA,NA,NA,1
ADSL,6,0,0,1,NA,NA,NA,1
ADSS2,2,0,0,1,NA,NA,NA,1
ADTRP,2,0,0,1,NA,NA,NA,1
AEBP2,3,0,0,1,NA,NA,NA,1
AFAP1,10,0,0,1,NA,NA,NA,1
AFAP1L1,2,0,0,1,NA,NA,NA,1
AFDN,2,0,0,1,NA,NA,NA,1
AFF4,5,0,0,1,NA,NA,NA,1
AFG1L,2,0,0,1,NA,NA,NA,1
AFG3L2,3,0,0,1,NA,NA,NA,1
AFTPH,2,0,0,1,NA,NA,NA,1
AGA,2,0,0,1,NA,NA,NA,1
AGAP1,2,0,0,1,NA,NA,NA,1
AGFG1,4,0,0,1,NA,NA,NA,1
AGGF1,4,0,0,1,NA,NA,NA,1
AGL,2,0,0,1,NA,NA,NA,1
AGO1,3,0,0,1,NA,NA,NA,1
AGO2,4,0,0,1,NA,NA,NA,1
AGO3,3,0,0,1,NA,NA,NA,1
AGO4,4,0,0,1,NA,NA,NA,1
AGPAT3,5,0,0,1,NA,NA,NA,1
AGPS,10,0,0,1,NA,NA,NA,1
AGTPBP1,2,0,0,1,NA,NA,NA,1
AHCTF1,3,0,0,1,NA,NA,NA,1
AHCYL1,2,0,0,1,NA,NA,NA,1
AHCYL2,2,0,0,1,NA,NA,NA,1
AHI1,2,0,0,1,NA,NA,NA,1
AHR,3,0,0,1,NA,NA,NA,1
AIDA,2,0,0,1,NA,NA,NA,1
AIFM2,2,0,0,1,NA,NA,NA,1
AIG1,2,0,0,1,NA,NA,NA,1
AIMP1,4,0,0,1,NA,NA,NA,1
AJUBA,4,0,0,1,NA,NA,NA,1
AK1,3,0,0,1,NA,NA,NA,1
AK2,5,0,0,1,NA,NA,NA,1
AK3,3,0,0,1,NA,NA,NA,1
AK4,4,0,0,1,NA,NA,NA,1
AKAP1,4,0,0,1,NA,NA,NA,1
AKAP10,2,0,0,1,NA,NA,NA,1
AKAP12,5,0,0,1,NA,NA,NA,1
AKAP13,5,0,0,1,NA,NA,NA,1
AKAP8,2,0,0,1,NA,NA,NA,1
AKIP1,2,0,0,1,NA,NA,NA,1
AKIRIN1,4,0,0,1,NA,NA,NA,1
AKIRIN2,4,0,0,1,NA,NA,NA,1
AKR7A2,2,0,0,1,NA,NA,NA,1
AKT2,2,0,0,1,NA,NA,NA,1
AKTIP,3,0,0,1,NA,NA,NA,1
ALAD,2,0,0,1,NA,NA,NA,1
ALCAM,8,0,0,1,NA,NA,NA,1
ALDH16A1,2,0,0,1,NA,NA,NA,1
ALDH1A1,2,0,0,1,NA,NA,NA,1
ALDH1B1,3,0,0,1,NA,NA,NA,1
ALDH2,4,0,0,1,NA,NA,NA,1
ALDH3A2,4,0,0,1,NA,NA,NA,1
ALDH5A1,2,0,0,1,NA,NA,NA,1
ALDH6A1,2,0,0,1,NA,NA,NA,1
ALDH7A1,4,0,0,1,NA,NA,NA,1
ALDH9A1,3,0,0,1,NA,NA,NA,1
ALG1,4,0,0,1,NA,NA,NA,1
ALG10B,2,0,0,1,NA,NA,NA,1
ALG11,4,0,0,1,NA,NA,NA,1
ALG14,2,0,0,1,NA,NA,NA,1
ALG2,3,0,0,1,NA,NA,NA,1
ALG3,2,0,0,1,NA,NA,NA,1
ALG6,2,0,0,1,NA,NA,NA,1
ALG9,2,0,0,1,NA,NA,NA,1
ALKBH1,2,0,0,1,NA,NA,NA,1
ALKBH4,2,0,0,1,NA,NA,NA,1
ALKBH5,2,0,0,1,NA,NA,NA,1
ALKBH7,2,0,0,1,NA,NA,NA,1
ALPK3,3,0,0,1,NA,NA,NA,1
ALS2,2,0,0,1,NA,NA,NA,1
AMACR,3,0,0,1,NA,NA,NA,1
AMD1,4,0,0,1,NA,NA,NA,1
AMDHD2,2,0,0,1,NA,NA,NA,1
AMFR,4,0,0,1,NA,NA,NA,1
AMIGO1,2,0,0,1,NA,NA,NA,1
AMIGO2,4,0,0,1,NA,NA,NA,1
AMMECR1,2,0,0,1,NA,NA,NA,1
AMMECR1L,5,0,0,1,NA,NA,NA,1
AMN1,5,0,0,1,NA,NA,NA,1
AMOTL1,5,0,0,1,NA,NA,NA,1
AMOTL2,2,0,0,1,NA,NA,NA,1
ANAPC10,2,0,0,1,NA,NA,NA,1
ANAPC13,2,0,0,1,NA,NA,NA,1
ANAPC16,5,0,0,1,NA,NA,NA,1
ANAPC5,2,0,0,1,NA,NA,NA,1
ANAPC7,4,0,0,1,NA,NA,NA,1
ANGEL1,2,0,0,1,NA,NA,NA,1
ANGEL2,3,0,0,1,NA,NA,NA,1
ANGPT1,2,0,0,1,NA,NA,NA,1
ANGPT2,5,0,0,1,NA,NA,NA,1
ANGPTL2,2,0,0,1,NA,NA,NA,1
ANKFY1,4,0,0,1,NA,NA,NA,1
ANKH,4,0,0,1,NA,NA,NA,1
ANKIB1,4,0,0,1,NA,NA,NA,1
ANKLE2,4,0,0,1,NA,NA,NA,1
ANKRD1,3,0,0,1,NA,NA,NA,1
ANKRD12,3,0,0,1,NA,NA,NA,1
ANKRD13C,4,0,0,1,NA,NA,NA,1
ANKRD17,6,0,0,1,NA,NA,NA,1
ANKRD28,3,0,0,1,NA,NA,NA,1
ANKRD39,2,0,0,1,NA,NA,NA,1
ANKRD40,2,0,0,1,NA,NA,NA,1
ANKRD50,7,0,0,1,NA,NA,NA,1
ANKRD52,3,0,0,1,NA,NA,NA,1
ANKRD6,3,0,0,1,NA,NA,NA,1
ANKRD9,3,0,0,1,NA,NA,NA,1
ANKS1A,2,0,0,1,NA,NA,NA,1
ANKS6,2,0,0,1,NA,NA,NA,1
ANLN,2,0,0,1,NA,NA,NA,1
ANOS1,2,0,0,1,NA,NA,NA,1
ANP32A,4,0,0,1,NA,NA,NA,1
ANP32B,3,0,0,1,NA,NA,NA,1
ANP32E,3,0,0,1,NA,NA,NA,1
ANTXR1,2,0,0,1,NA,NA,NA,1
ANTXR2,7,0,0,1,NA,NA,NA,1
ANXA11,6,0,0,1,NA,NA,NA,1
ANXA2,2,0,0,1,NA,NA,NA,1
ANXA3,2,0,0,1,NA,NA,NA,1
ANXA4,5,0,0,1,NA,NA,NA,1
ANXA5,2,0,0,1,NA,NA,NA,1
ANXA6,4,0,0,1,NA,NA,NA,1
ANXA7,2,0,0,1,NA,NA,NA,1
AOPEP,2,0,0,1,NA,NA,NA,1
AOX1,2,0,0,1,NA,NA,NA,1
AP1B1,3,0,0,1,NA,NA,NA,1
AP1G1,3,0,0,1,NA,NA,NA,1
AP1S1,2,0,0,1,NA,NA,NA,1
AP1S2,3,0,0,1,NA,NA,NA,1
AP1S3,3,0,0,1,NA,NA,NA,1
AP2A1,2,0,0,1,NA,NA,NA,1
AP2B1,3,0,0,1,NA,NA,NA,1
AP3D1,3,0,0,1,NA,NA,NA,1
AP3M1,4,0,0,1,NA,NA,NA,1
AP3M2,3,0,0,1,NA,NA,NA,1
AP3S1,3,0,0,1,NA,NA,NA,1
AP3S2,2,0,0,1,NA,NA,NA,1
AP4B1,2,0,0,1,NA,NA,NA,1
AP4M1,3,0,0,1,NA,NA,NA,1
AP4S1,2,0,0,1,NA,NA,NA,1
AP5B1,4,0,0,1,NA,NA,NA,1
AP5M1,5,0,0,1,NA,NA,NA,1
AP5S1,3,0,0,1,NA,NA,NA,1
AP5Z1,2,0,0,1,NA,NA,NA,1
APBA3,2,0,0,1,NA,NA,NA,1
APBB2,11,0,0,1,NA,NA,NA,1
APC,4,0,0,1,NA,NA,NA,1
APCDD1L,2,0,0,1,NA,NA,NA,1
APEX2,3,0,0,1,NA,NA,NA,1
APH1A,2,0,0,1,NA,NA,NA,1
APH1B,2,0,0,1,NA,NA,NA,1
API5,2,0,0,1,NA,NA,NA,1
APLN,3,0,0,1,NA,NA,NA,1
APLP2,3,0,0,1,NA,NA,NA,1
APOBEC3C,2,0,0,1,NA,NA,NA,1
APOBEC3F,2,0,0,1,NA,NA,NA,1
APOL1,2,0,0,1,NA,NA,NA,1
APOL2,2,0,0,1,NA,NA,NA,1
APOLD1,3,0,0,1,NA,NA,NA,1
APOO,2,0,0,1,NA,NA,NA,1
APOOL,3,0,0,1,NA,NA,NA,1
APPBP2,3,0,0,1,NA,NA,NA,1
APPL1,5,0,0,1,NA,NA,NA,1
APPL2,2,0,0,1,NA,NA,NA,1
APTX,3,0,0,1,NA,NA,NA,1
AQR,5,0,0,1,NA,NA,NA,1
AR,5,0,0,1,NA,NA,NA,1
ARAP3,2,0,0,1,NA,NA,NA,1
ARB2A,4,0,0,1,NA,NA,NA,1
ARCN1,3,0,0,1,NA,NA,NA,1
ARF1,2,0,0,1,NA,NA,NA,1
ARF3,5,0,0,1,NA,NA,NA,1
ARF4,5,0,0,1,NA,NA,NA,1
ARF6,3,0,0,1,NA,NA,NA,1
ARFGAP1,2,0,0,1,NA,NA,NA,1
ARFGAP3,2,0,0,1,NA,NA,NA,1
ARFGEF1,4,0,0,1,NA,NA,NA,1
ARFGEF2,2,0,0,1,NA,NA,NA,1
ARFGEF3,3,0,0,1,NA,NA,NA,1
ARFIP1,2,0,0,1,NA,NA,NA,1
ARFRP1,3,0,0,1,NA,NA,NA,1
ARG2,2,0,0,1,NA,NA,NA,1
ARHGAP12,2,0,0,1,NA,NA,NA,1
ARHGAP18,7,0,0,1,NA,NA,NA,1
ARHGAP24,4,0,0,1,NA,NA,NA,1
ARHGAP26,2,0,0,1,NA,NA,NA,1
ARHGAP31,3,0,0,1,NA,NA,NA,1
ARHGAP32,2,0,0,1,NA,NA,NA,1
ARHGAP35,4,0,0,1,NA,NA,NA,1
ARHGAP5,9,0,0,1,NA,NA,NA,1
ARHGDIA,2,0,0,1,NA,NA,NA,1
ARHGEF12,2,0,0,1,NA,NA,NA,1
ARHGEF15,2,0,0,1,NA,NA,NA,1
ARHGEF17,3,0,0,1,NA,NA,NA,1
ARHGEF28,5,0,0,1,NA,NA,NA,1
ARHGEF40,2,0,0,1,NA,NA,NA,1
ARHGEF7,3,0,0,1,NA,NA,NA,1
ARHGEF9,2,0,0,1,NA,NA,NA,1
ARID1A,2,0,0,1,NA,NA,NA,1
ARID1B,5,0,0,1,NA,NA,NA,1
ARID2,4,0,0,1,NA,NA,NA,1
ARID3A,5,0,0,1,NA,NA,NA,1
ARID4A,4,0,0,1,NA,NA,NA,1
ARID4B,2,0,0,1,NA,NA,NA,1
ARIH1,11,0,0,1,NA,NA,NA,1
ARIH2,3,0,0,1,NA,NA,NA,1
ARK2N,2,0,0,1,NA,NA,NA,1
ARL1,5,0,0,1,NA,NA,NA,1
ARL10,2,0,0,1,NA,NA,NA,1
ARL14EP,4,0,0,1,NA,NA,NA,1
ARL2BP,3,0,0,1,NA,NA,NA,1
ARL3,3,0,0,1,NA,NA,NA,1
ARL4A,4,0,0,1,NA,NA,NA,1
ARL4C,3,0,0,1,NA,NA,NA,1
ARL4D,2,0,0,1,NA,NA,NA,1
ARL5A,9,0,0,1,NA,NA,NA,1
ARL5B,2,0,0,1,NA,NA,NA,1
ARL6,3,0,0,1,NA,NA,NA,1
ARL6IP1,3,0,0,1,NA,NA,NA,1
ARL6IP5,6,0,0,1,NA,NA,NA,1
ARL6IP6,2,0,0,1,NA,NA,NA,1
ARL8A,2,0,0,1,NA,NA,NA,1
ARL8B,7,0,0,1,NA,NA,NA,1
ARMC1,5,0,0,1,NA,NA,NA,1
ARMC10,2,0,0,1,NA,NA,NA,1
ARMC8,3,0,0,1,NA,NA,NA,1
ARMC9,4,0,0,1,NA,NA,NA,1
ARMCX2,3,0,0,1,NA,NA,NA,1
ARMCX3,2,0,0,1,NA,NA,NA,1
ARMCX4,2,0,0,1,NA,NA,NA,1
ARMH3,2,0,0,1,NA,NA,NA,1
ARMH4,2,0,0,1,NA,NA,NA,1
ARNT,3,0,0,1,NA,NA,NA,1
ARPC2,2,0,0,1,NA,NA,NA,1
ARPC4,2,0,0,1,NA,NA,NA,1
ARPC5,6,0,0,1,NA,NA,NA,1
ARPC5L,5,0,0,1,NA,NA,NA,1
ARPIN,3,0,0,1,NA,NA,NA,1
ARPP19,6,0,0,1,NA,NA,NA,1
ARRB1,4,0,0,1,NA,NA,NA,1
ARRDC3,2,0,0,1,NA,NA,NA,1
ARSA,2,0,0,1,NA,NA,NA,1
ARSB,2,0,0,1,NA,NA,NA,1
ARSD,3,0,0,1,NA,NA,NA,1
ARSJ,4,0,0,1,NA,NA,NA,1
ARSK,2,0,0,1,NA,NA,NA,1
ART4,4,0,0,1,NA,NA,NA,1
ASAH1,2,0,0,1,NA,NA,NA,1
ASAH2B,4,0,0,1,NA,NA,NA,1
ASAP1,4,0,0,1,NA,NA,NA,1
ASB1,3,0,0,1,NA,NA,NA,1
ASB3,3,0,0,1,NA,NA,NA,1
ASB6,2,0,0,1,NA,NA,NA,1
ASB8,5,0,0,1,NA,NA,NA,1
ASCC1,4,0,0,1,NA,NA,NA,1
ASCC3,2,0,0,1,NA,NA,NA,1
ASF1A,3,0,0,1,NA,NA,NA,1
ASH1L,2,0,0,1,NA,NA,NA,1
ASL,2,0,0,1,NA,NA,NA,1
ASPH,3,0,0,1,NA,NA,NA,1
ASPHD2,2,0,0,1,NA,NA,NA,1
ASRGL1,2,0,0,1,NA,NA,NA,1
ASTN2,2,0,0,1,NA,NA,NA,1
ASXL1,4,0,0,1,NA,NA,NA,1
ASXL2,4,0,0,1,NA,NA,NA,1
ATAD1,7,0,0,1,NA,NA,NA,1
ATAD2,3,0,0,1,NA,NA,NA,1
ATAD2B,2,0,0,1,NA,NA,NA,1
ATF1,4,0,0,1,NA,NA,NA,1
ATF2,3,0,0,1,NA,NA,NA,1
ATF5,2,0,0,1,NA,NA,NA,1
ATF6,6,0,0,1,NA,NA,NA,1
ATF7IP,4,0,0,1,NA,NA,NA,1
ATG10,3,0,0,1,NA,NA,NA,1
ATG12,11,0,0,1,NA,NA,NA,1
ATG13,2,0,0,1,NA,NA,NA,1
ATG2B,3,0,0,1,NA,NA,NA,1
ATG4A,3,0,0,1,NA,NA,NA,1
ATG4B,2,0,0,1,NA,NA,NA,1
ATG4C,3,0,0,1,NA,NA,NA,1
ATG5,4,0,0,1,NA,NA,NA,1
ATL2,3,0,0,1,NA,NA,NA,1
ATL3,6,0,0,1,NA,NA,NA,1
ATM,4,0,0,1,NA,NA,NA,1
ATOH8,2,0,0,1,NA,NA,NA,1
ATOSA,2,0,0,1,NA,NA,NA,1
ATOSB,3,0,0,1,NA,NA,NA,1
ATP10D,2,0,0,1,NA,NA,NA,1
ATP11A,4,0,0,1,NA,NA,NA,1
ATP11B,3,0,0,1,NA,NA,NA,1
ATP11C,3,0,0,1,NA,NA,NA,1
ATP13A3,6,0,0,1,NA,NA,NA,1
ATP1B1,4,0,0,1,NA,NA,NA,1
ATP1B3,2,0,0,1,NA,NA,NA,1
ATP2A2,3,0,0,1,NA,NA,NA,1
ATP2B1,4,0,0,1,NA,NA,NA,1
ATP2B4,3,0,0,1,NA,NA,NA,1
ATP2C1,8,0,0,1,NA,NA,NA,1
ATP5F1A,3,0,0,1,NA,NA,NA,1
ATP5F1E,2,0,0,1,NA,NA,NA,1
ATP5MC3,3,0,0,1,NA,NA,NA,1
ATP5MG,2,0,0,1,NA,NA,NA,1
ATP5MJ,2,0,0,1,NA,NA,NA,1
ATP5PB,2,0,0,1,NA,NA,NA,1
ATP5PF,2,0,0,1,NA,NA,NA,1
ATP6AP2,3,0,0,1,NA,NA,NA,1
ATP6V0A2,5,0,0,1,NA,NA,NA,1
ATP6V0E1,2,0,0,1,NA,NA,NA,1
ATP6V1A,5,0,0,1,NA,NA,NA,1
ATP6V1B2,2,0,0,1,NA,NA,NA,1
ATP6V1C1,5,0,0,1,NA,NA,NA,1
ATP6V1D,5,0,0,1,NA,NA,NA,1
ATP6V1E1,4,0,0,1,NA,NA,NA,1
ATP6V1G1,5,0,0,1,NA,NA,NA,1
ATP6V1H,2,0,0,1,NA,NA,NA,1
ATP7A,2,0,0,1,NA,NA,NA,1
ATP8B2,3,0,0,1,NA,NA,NA,1
ATP9A,4,0,0,1,NA,NA,NA,1
ATP9B,3,0,0,1,NA,NA,NA,1
ATPAF1,2,0,0,1,NA,NA,NA,1
ATPAF2,2,0,0,1,NA,NA,NA,1
ATPSCKMT,4,0,0,1,NA,NA,NA,1
ATR,2,0,0,1,NA,NA,NA,1
ATRX,2,0,0,1,NA,NA,NA,1
ATXN1,6,0,0,1,NA,NA,NA,1
ATXN10,5,0,0,1,NA,NA,NA,1
ATXN1L,2,0,0,1,NA,NA,NA,1
ATXN2,2,0,0,1,NA,NA,NA,1
ATXN3,6,0,0,1,NA,NA,NA,1
ATXN7,3,0,0,1,NA,NA,NA,1
AUH,2,0,0,1,NA,NA,NA,1
AURKA,2,0,0,1,NA,NA,NA,1
AVEN,2,0,0,1,NA,NA,NA,1
AVL9,4,0,0,1,NA,NA,NA,1
AXL,3,0,0,1,NA,NA,NA,1
AZI2,5,0,0,1,NA,NA,NA,1
AZIN1,8,0,0,1,NA,NA,NA,1
B2M,2,0,0,1,NA,NA,NA,1
B3GALNT1,3,0,0,1,NA,NA,NA,1
B3GALT6,5,0,0,1,NA,NA,NA,1
B3GLCT,3,0,0,1,NA,NA,NA,1
B3GNT2,2,0,0,1,NA,NA,NA,1
B4GALT5,2,0,0,1,NA,NA,NA,1
B4GALT7,2,0,0,1,NA,NA,NA,1
BABAM2,2,0,0,1,NA,NA,NA,1
BACE1,5,0,0,1,NA,NA,NA,1
BACE2,4,0,0,1,NA,NA,NA,1
BACH1,3,0,0,1,NA,NA,NA,1
BAG3,3,0,0,1,NA,NA,NA,1
BAG4,3,0,0,1,NA,NA,NA,1
BAG5,5,0,0,1,NA,NA,NA,1
BAIAP2L1,2,0,0,1,NA,NA,NA,1
BAMBI,2,0,0,1,NA,NA,NA,1
BARD1,2,0,0,1,NA,NA,NA,1
BASP1,3,0,0,1,NA,NA,NA,1
BAZ1B,2,0,0,1,NA,NA,NA,1
BAZ2A,3,0,0,1,NA,NA,NA,1
BAZ2B,3,0,0,1,NA,NA,NA,1
BBIP1,4,0,0,1,NA,NA,NA,1
BBOF1,2,0,0,1,NA,NA,NA,1
BBS10,2,0,0,1,NA,NA,NA,1
BBS12,2,0,0,1,NA,NA,NA,1
BBS2,3,0,0,1,NA,NA,NA,1
BBS4,2,0,0,1,NA,NA,NA,1
BBS5,2,0,0,1,NA,NA,NA,1
BBS7,2,0,0,1,NA,NA,NA,1
BBX,6,0,0,1,NA,NA,NA,1
BCAR1,3,0,0,1,NA,NA,NA,1
BCAS2,3,0,0,1,NA,NA,NA,1
BCAT1,9,0,0,1,NA,NA,NA,1
BCDIN3D,3,0,0,1,NA,NA,NA,1
BCKDK,3,0,0,1,NA,NA,NA,1
BCL10,6,0,0,1,NA,NA,NA,1
BCL2L13,4,0,0,1,NA,NA,NA,1
BCL2L2-PABPN1,2,0,0,1,NA,NA,NA,1
BCL6B,4,0,0,1,NA,NA,NA,1
BCLAF1,6,0,0,1,NA,NA,NA,1
BCORL1,2,0,0,1,NA,NA,NA,1
BCR,2,0,0,1,NA,NA,NA,1
BDH2,4,0,0,1,NA,NA,NA,1
BDNF,7,0,0,1,NA,NA,NA,1
BECN1,2,0,0,1,NA,NA,NA,1
BET1,4,0,0,1,NA,NA,NA,1
BET1L,2,0,0,1,NA,NA,NA,1
BICD1,2,0,0,1,NA,NA,NA,1
BICD2,2,0,0,1,NA,NA,NA,1
BICRAL,2,0,0,1,NA,NA,NA,1
BID,4,0,0,1,NA,NA,NA,1
BIRC5,3,0,0,1,NA,NA,NA,1
BIRC6,4,0,0,1,NA,NA,NA,1
BIVM,3,0,0,1,NA,NA,NA,1
BLCAP,2,0,0,1,NA,NA,NA,1
BLM,2,0,0,1,NA,NA,NA,1
BLMH,3,0,0,1,NA,NA,NA,1
BLOC1S2,3,0,0,1,NA,NA,NA,1
BLOC1S5,2,0,0,1,NA,NA,NA,1
BLOC1S6,4,0,0,1,NA,NA,NA,1
BLTP3B,2,0,0,1,NA,NA,NA,1
BLZF1,3,0,0,1,NA,NA,NA,1
BMAL2,7,0,0,1,NA,NA,NA,1
BMI1,2,0,0,1,NA,NA,NA,1
BMP1,2,0,0,1,NA,NA,NA,1
BMP2,2,0,0,1,NA,NA,NA,1
BMP2K,3,0,0,1,NA,NA,NA,1
BMP4,3,0,0,1,NA,NA,NA,1
BMP6,7,0,0,1,NA,NA,NA,1
BMPR1A,2,0,0,1,NA,NA,NA,1
BMPR2,9,0,0,1,NA,NA,NA,1
BMS1,2,0,0,1,NA,NA,NA,1
BNC2,3,0,0,1,NA,NA,NA,1
BNIP2,3,0,0,1,NA,NA,NA,1
BNIP3,4,0,0,1,NA,NA,NA,1
BNIP3L,4,0,0,1,NA,NA,NA,1
BOD1L1,2,0,0,1,NA,NA,NA,1
BORCS7,8,0,0,1,NA,NA,NA,1
BPGM,2,0,0,1,NA,NA,NA,1
BPHL,3,0,0,1,NA,NA,NA,1
BPNT1,4,0,0,1,NA,NA,NA,1
BPNT2,15,0,0,1,NA,NA,NA,1
BPTF,3,0,0,1,NA,NA,NA,1
BRAP,2,0,0,1,NA,NA,NA,1
BRAT1,2,0,0,1,NA,NA,NA,1
BRCA1,2,0,0,1,NA,NA,NA,1
BRD10,2,0,0,1,NA,NA,NA,1
BRD3,5,0,0,1,NA,NA,NA,1
BRD3OS,4,0,0,1,NA,NA,NA,1
BRD4,2,0,0,1,NA,NA,NA,1
BRD7,2,0,0,1,NA,NA,NA,1
BRF2,2,0,0,1,NA,NA,NA,1
BRI3,2,0,0,1,NA,NA,NA,1
BRI3BP,3,0,0,1,NA,NA,NA,1
BRK1,4,0,0,1,NA,NA,NA,1
BRMS1L,2,0,0,1,NA,NA,NA,1
BRPF1,2,0,0,1,NA,NA,NA,1
BRWD1,3,0,0,1,NA,NA,NA,1
BSDC1,4,0,0,1,NA,NA,NA,1
BSG,2,0,0,1,NA,NA,NA,1
BST1,2,0,0,1,NA,NA,NA,1
BTAF1,2,0,0,1,NA,NA,NA,1
BTBD1,5,0,0,1,NA,NA,NA,1
BTBD19,3,0,0,1,NA,NA,NA,1
BTBD9,3,0,0,1,NA,NA,NA,1
BTD,3,0,0,1,NA,NA,NA,1
BTF3,2,0,0,1,NA,NA,NA,1
BTF3L4,9,0,0,1,NA,NA,NA,1
BTG1,2,0,0,1,NA,NA,NA,1
BTG2,2,0,0,1,NA,NA,NA,1
BTN2A2,2,0,0,1,NA,NA,NA,1
BTN3A2,2,0,0,1,NA,NA,NA,1
BTRC,3,0,0,1,NA,NA,NA,1
BUB1,2,0,0,1,NA,NA,NA,1
BUB3,5,0,0,1,NA,NA,NA,1
BUD23,2,0,0,1,NA,NA,NA,1
BZW1,6,0,0,1,NA,NA,NA,1
BZW2,2,0,0,1,NA,NA,NA,1
C10orf88,2,0,0,1,NA,NA,NA,1
C11orf24,2,0,0,1,NA,NA,NA,1
C11orf54,3,0,0,1,NA,NA,NA,1
C11orf58,13,0,0,1,NA,NA,NA,1
C12orf4,4,0,0,1,NA,NA,NA,1
C12orf43,5,0,0,1,NA,NA,NA,1
C12orf75,3,0,0,1,NA,NA,NA,1
C14orf119,4,0,0,1,NA,NA,NA,1
C14orf132,5,0,0,1,NA,NA,NA,1
C14orf28,2,0,0,1,NA,NA,NA,1
C14orf93,3,0,0,1,NA,NA,NA,1
C15orf39,2,0,0,1,NA,NA,NA,1
C15orf40,4,0,0,1,NA,NA,NA,1
C15orf61,2,0,0,1,NA,NA,NA,1
C16orf87,3,0,0,1,NA,NA,NA,1
C17orf100,3,0,0,1,NA,NA,NA,1
C17orf58,2,0,0,1,NA,NA,NA,1
C17orf75,2,0,0,1,NA,NA,NA,1
C17orf80,2,0,0,1,NA,NA,NA,1
C18orf21,2,0,0,1,NA,NA,NA,1
C18orf32,3,0,0,1,NA,NA,NA,1
C18orf54,2,0,0,1,NA,NA,NA,1
C19orf12,5,0,0,1,NA,NA,NA,1
C19orf25,2,0,0,1,NA,NA,NA,1
C1D,2,0,0,1,NA,NA,NA,1
C1GALT1,3,0,0,1,NA,NA,NA,1
C1QTNF6,2,0,0,1,NA,NA,NA,1
C1orf50,2,0,0,1,NA,NA,NA,1
C1orf52,5,0,0,1,NA,NA,NA,1
C1orf74,4,0,0,1,NA,NA,NA,1
C22orf39,3,0,0,1,NA,NA,NA,1
C2CD2,3,0,0,1,NA,NA,NA,1
C2CD5,2,0,0,1,NA,NA,NA,1
C2orf49,2,0,0,1,NA,NA,NA,1
C2orf68,4,0,0,1,NA,NA,NA,1
C2orf69,2,0,0,1,NA,NA,NA,1
C2orf74,3,0,0,1,NA,NA,NA,1
C2orf76,2,0,0,1,NA,NA,NA,1
C3orf38,4,0,0,1,NA,NA,NA,1
C3orf52,2,0,0,1,NA,NA,NA,1
C4orf3,2,0,0,1,NA,NA,NA,1
C4orf33,2,0,0,1,NA,NA,NA,1
C4orf46,3,0,0,1,NA,NA,NA,1
C5orf15,3,0,0,1,NA,NA,NA,1
C5orf22,4,0,0,1,NA,NA,NA,1
C5orf24,7,0,0,1,NA,NA,NA,1
C6orf120,10,0,0,1,NA,NA,NA,1
C6orf132,2,0,0,1,NA,NA,NA,1
C6orf62,2,0,0,1,NA,NA,NA,1
C6orf89,5,0,0,1,NA,NA,NA,1
C9orf40,2,0,0,1,NA,NA,NA,1
C9orf78,3,0,0,1,NA,NA,NA,1
C9orf85,2,0,0,1,NA,NA,NA,1
CA13,2,0,0,1,NA,NA,NA,1
CA5B,2,0,0,1,NA,NA,NA,1
CAAP1,4,0,0,1,NA,NA,NA,1
CAB39,3,0,0,1,NA,NA,NA,1
CABLES1,4,0,0,1,NA,NA,NA,1
CABLES2,3,0,0,1,NA,NA,NA,1
CACNA2D1,4,0,0,1,NA,NA,NA,1
CACNG7,2,0,0,1,NA,NA,NA,1
CACNG8,2,0,0,1,NA,NA,NA,1
CACUL1,8,0,0,1,NA,NA,NA,1
CACYBP,3,0,0,1,NA,NA,NA,1
CAD,2,0,0,1,NA,NA,NA,1
CADM3,4,0,0,1,NA,NA,NA,1
CADM4,2,0,0,1,NA,NA,NA,1
CADPS2,6,0,0,1,NA,NA,NA,1
CALCOCO1,2,0,0,1,NA,NA,NA,1
CALCOCO2,6,0,0,1,NA,NA,NA,1
CALCRL,6,0,0,1,NA,NA,NA,1
CALD1,8,0,0,1,NA,NA,NA,1
CALHM5,10,0,0,1,NA,NA,NA,1
CALM1,11,0,0,1,NA,NA,NA,1
CALM2,2,0,0,1,NA,NA,NA,1
CALM3,3,0,0,1,NA,NA,NA,1
CALU,12,0,0,1,NA,NA,NA,1
CAMK2D,2,0,0,1,NA,NA,NA,1
CAMK2G,3,0,0,1,NA,NA,NA,1
CAMK2N1,5,0,0,1,NA,NA,NA,1
CAMK4,3,0,0,1,NA,NA,NA,1
CAMKK2,2,0,0,1,NA,NA,NA,1
CAMKMT,2,0,0,1,NA,NA,NA,1
CAMLG,4,0,0,1,NA,NA,NA,1
CAMSAP1,3,0,0,1,NA,NA,NA,1
CAMSAP2,5,0,0,1,NA,NA,NA,1
CAMTA1,3,0,0,1,NA,NA,NA,1
CAND1,9,0,0,1,NA,NA,NA,1
CANX,5,0,0,1,NA,NA,NA,1
CAP1,3,0,0,1,NA,NA,NA,1
CAP2,2,0,0,1,NA,NA,NA,1
CAPN2,4,0,0,1,NA,NA,NA,1
CAPN5,2,0,0,1,NA,NA,NA,1
CAPN7,3,0,0,1,NA,NA,NA,1
CAPRIN1,11,0,0,1,NA,NA,NA,1
CAPZA1,3,0,0,1,NA,NA,NA,1
CAPZA2,5,0,0,1,NA,NA,NA,1
CAPZB,3,0,0,1,NA,NA,NA,1
CARD8,6,0,0,1,NA,NA,NA,1
CARHSP1,3,0,0,1,NA,NA,NA,1
CARM1,3,0,0,1,NA,NA,NA,1
CASC3,2,0,0,1,NA,NA,NA,1
CASD1,3,0,0,1,NA,NA,NA,1
CASK,3,0,0,1,NA,NA,NA,1
CASP10,4,0,0,1,NA,NA,NA,1
CASP2,3,0,0,1,NA,NA,NA,1
CASP3,3,0,0,1,NA,NA,NA,1
CASP6,4,0,0,1,NA,NA,NA,1
CAST,8,0,0,1,NA,NA,NA,1
CASTOR2,2,0,0,1,NA,NA,NA,1
CAV1,4,0,0,1,NA,NA,NA,1
CAV2,11,0,0,1,NA,NA,NA,1
CAVIN1,2,0,0,1,NA,NA,NA,1
CAVIN2,5,0,0,1,NA,NA,NA,1
CAVIN3,2,0,0,1,NA,NA,NA,1
CAVIN4,2,0,0,1,NA,NA,NA,1
CBFB,4,0,0,1,NA,NA,NA,1
CBL,3,0,0,1,NA,NA,NA,1
CBLB,3,0,0,1,NA,NA,NA,1
CBLL1,2,0,0,1,NA,NA,NA,1
CBR4,2,0,0,1,NA,NA,NA,1
CBX3,5,0,0,1,NA,NA,NA,1
CBX4,2,0,0,1,NA,NA,NA,1
CBX5,5,0,0,1,NA,NA,NA,1
CBX6,2,0,0,1,NA,NA,NA,1
CC2D1B,3,0,0,1,NA,NA,NA,1
CCAR1,4,0,0,1,NA,NA,NA,1
CCAR2,2,0,0,1,NA,NA,NA,1
CCDC102A,2,0,0,1,NA,NA,NA,1
CCDC107,2,0,0,1,NA,NA,NA,1
CCDC112,2,0,0,1,NA,NA,NA,1
CCDC113,2,0,0,1,NA,NA,NA,1
CCDC115,2,0,0,1,NA,NA,NA,1
CCDC12,2,0,0,1,NA,NA,NA,1
CCDC127,5,0,0,1,NA,NA,NA,1
CCDC134,2,0,0,1,NA,NA,NA,1
CCDC14,2,0,0,1,NA,NA,NA,1
CCDC149,3,0,0,1,NA,NA,NA,1
CCDC174,4,0,0,1,NA,NA,NA,1
CCDC186,3,0,0,1,NA,NA,NA,1
CCDC190,2,0,0,1,NA,NA,NA,1
CCDC25,4,0,0,1,NA,NA,NA,1
CCDC32,2,0,0,1,NA,NA,NA,1
CCDC47,4,0,0,1,NA,NA,NA,1
CCDC50,10,0,0,1,NA,NA,NA,1
CCDC59,2,0,0,1,NA,NA,NA,1
CCDC6,2,0,0,1,NA,NA,NA,1
CCDC66,2,0,0,1,NA,NA,NA,1
CCDC68,4,0,0,1,NA,NA,NA,1
CCDC69,2,0,0,1,NA,NA,NA,1
CCDC71L,5,0,0,1,NA,NA,NA,1
CCDC80,3,0,0,1,NA,NA,NA,1
CCDC82,2,0,0,1,NA,NA,NA,1
CCDC85A,3,0,0,1,NA,NA,NA,1
CCDC86,2,0,0,1,NA,NA,NA,1
CCDC88A,6,0,0,1,NA,NA,NA,1
CCDC90B,7,0,0,1,NA,NA,NA,1
CCDC93,4,0,0,1,NA,NA,NA,1
CCDC96,2,0,0,1,NA,NA,NA,1
CCDC97,2,0,0,1,NA,NA,NA,1
CCN1,3,0,0,1,NA,NA,NA,1
CCN2,6,0,0,1,NA,NA,NA,1
CCNA2,3,0,0,1,NA,NA,NA,1
CCNB1,4,0,0,1,NA,NA,NA,1
CCND1,7,0,0,1,NA,NA,NA,1
CCND2,5,0,0,1,NA,NA,NA,1
CCNF,2,0,0,1,NA,NA,NA,1
CCNG1,2,0,0,1,NA,NA,NA,1
CCNG2,4,0,0,1,NA,NA,NA,1
CCNH,2,0,0,1,NA,NA,NA,1
CCNI,4,0,0,1,NA,NA,NA,1
CCNJL,5,0,0,1,NA,NA,NA,1
CCNK,2,0,0,1,NA,NA,NA,1
CCNL1,2,0,0,1,NA,NA,NA,1
CCNL2,3,0,0,1,NA,NA,NA,1
CCNT1,3,0,0,1,NA,NA,NA,1
CCNT2,4,0,0,1,NA,NA,NA,1
CCNY,4,0,0,1,NA,NA,NA,1
CCNYL1,3,0,0,1,NA,NA,NA,1
CCP110,2,0,0,1,NA,NA,NA,1
CCPG1,2,0,0,1,NA,NA,NA,1
CCSAP,2,0,0,1,NA,NA,NA,1
CCSER2,4,0,0,1,NA,NA,NA,1
CCT5,4,0,0,1,NA,NA,NA,1
CCT6A,4,0,0,1,NA,NA,NA,1
CD109,5,0,0,1,NA,NA,NA,1
CD164,4,0,0,1,NA,NA,NA,1
CD274,3,0,0,1,NA,NA,NA,1
CD276,2,0,0,1,NA,NA,NA,1
CD2AP,5,0,0,1,NA,NA,NA,1
CD2BP2,2,0,0,1,NA,NA,NA,1
CD302,2,0,0,1,NA,NA,NA,1
CD40,3,0,0,1,NA,NA,NA,1
CD44,4,0,0,1,NA,NA,NA,1
CD46,5,0,0,1,NA,NA,NA,1
CD47,2,0,0,1,NA,NA,NA,1
CD55,5,0,0,1,NA,NA,NA,1
CD59,15,0,0,1,NA,NA,NA,1
CD68,2,0,0,1,NA,NA,NA,1
CD81,2,0,0,1,NA,NA,NA,1
CD82,2,0,0,1,NA,NA,NA,1
CD93,3,0,0,1,NA,NA,NA,1
CDC123,2,0,0,1,NA,NA,NA,1
CDC14B,2,0,0,1,NA,NA,NA,1
CDC25A,2,0,0,1,NA,NA,NA,1
CDC25B,3,0,0,1,NA,NA,NA,1
CDC27,11,0,0,1,NA,NA,NA,1
CDC34,2,0,0,1,NA,NA,NA,1
CDC37L1,4,0,0,1,NA,NA,NA,1
CDC42,6,0,0,1,NA,NA,NA,1
CDC42BPA,6,0,0,1,NA,NA,NA,1
CDC42EP2,2,0,0,1,NA,NA,NA,1
CDC42EP3,5,0,0,1,NA,NA,NA,1
CDC42SE1,4,0,0,1,NA,NA,NA,1
CDC42SE2,4,0,0,1,NA,NA,NA,1
CDC5L,5,0,0,1,NA,NA,NA,1
CDC6,2,0,0,1,NA,NA,NA,1
CDC73,9,0,0,1,NA,NA,NA,1
CDCA4,3,0,0,1,NA,NA,NA,1
CDCA7,2,0,0,1,NA,NA,NA,1
CDCA7L,2,0,0,1,NA,NA,NA,1
CDCA8,3,0,0,1,NA,NA,NA,1
CDH11,3,0,0,1,NA,NA,NA,1
CDH13,2,0,0,1,NA,NA,NA,1
CDH2,6,0,0,1,NA,NA,NA,1
CDH5,3,0,0,1,NA,NA,NA,1
CDK1,3,0,0,1,NA,NA,NA,1
CDK12,5,0,0,1,NA,NA,NA,1
CDK13,2,0,0,1,NA,NA,NA,1
CDK14,4,0,0,1,NA,NA,NA,1
CDK16,2,0,0,1,NA,NA,NA,1
CDK17,6,0,0,1,NA,NA,NA,1
CDK19,2,0,0,1,NA,NA,NA,1
CDK2AP1,3,0,0,1,NA,NA,NA,1
CDK4,2,0,0,1,NA,NA,NA,1
CDK5R1,2,0,0,1,NA,NA,NA,1
CDK5RAP2,2,0,0,1,NA,NA,NA,1
CDK6,2,0,0,1,NA,NA,NA,1
CDKN1A,2,0,0,1,NA,NA,NA,1
CDKN1B,2,0,0,1,NA,NA,NA,1
CDKN2A,2,0,0,1,NA,NA,NA,1
CDKN2AIP,2,0,0,1,NA,NA,NA,1
CDKN2AIPNL,3,0,0,1,NA,NA,NA,1
CDKN2B,3,0,0,1,NA,NA,NA,1
CDS2,6,0,0,1,NA,NA,NA,1
CDT1,2,0,0,1,NA,NA,NA,1
CDV3,3,0,0,1,NA,NA,NA,1
CDYL,2,0,0,1,NA,NA,NA,1
CDYL2,2,0,0,1,NA,NA,NA,1
CEBPD,2,0,0,1,NA,NA,NA,1
CEBPG,5,0,0,1,NA,NA,NA,1
CEBPZ,2,0,0,1,NA,NA,NA,1
CEBPZOS,4,0,0,1,NA,NA,NA,1
CELF1,4,0,0,1,NA,NA,NA,1
CELF2,4,0,0,1,NA,NA,NA,1
CEMIP2,3,0,0,1,NA,NA,NA,1
CENPE,2,0,0,1,NA,NA,NA,1
CENPF,2,0,0,1,NA,NA,NA,1
CENPH,2,0,0,1,NA,NA,NA,1
CENPI,2,0,0,1,NA,NA,NA,1
CENPO,2,0,0,1,NA,NA,NA,1
CENPS,2,0,0,1,NA,NA,NA,1
CENPU,2,0,0,1,NA,NA,NA,1
CEP104,2,0,0,1,NA,NA,NA,1
CEP112,2,0,0,1,NA,NA,NA,1
CEP120,2,0,0,1,NA,NA,NA,1
CEP126,3,0,0,1,NA,NA,NA,1
CEP135,3,0,0,1,NA,NA,NA,1
CEP164,2,0,0,1,NA,NA,NA,1
CEP350,3,0,0,1,NA,NA,NA,1
CEP41,5,0,0,1,NA,NA,NA,1
CEP43,3,0,0,1,NA,NA,NA,1
CEP57,4,0,0,1,NA,NA,NA,1
CEP57L1,3,0,0,1,NA,NA,NA,1
CEP63,3,0,0,1,NA,NA,NA,1
CEP68,2,0,0,1,NA,NA,NA,1
CEP70,2,0,0,1,NA,NA,NA,1
CEP85,2,0,0,1,NA,NA,NA,1
CEP85L,3,0,0,1,NA,NA,NA,1
CEP89,2,0,0,1,NA,NA,NA,1
CEPT1,3,0,0,1,NA,NA,NA,1
CERK,3,0,0,1,NA,NA,NA,1
CERS2,2,0,0,1,NA,NA,NA,1
CERS5,3,0,0,1,NA,NA,NA,1
CERS6,5,0,0,1,NA,NA,NA,1
CES2,2,0,0,1,NA,NA,NA,1
CETN2,2,0,0,1,NA,NA,NA,1
CETN3,2,0,0,1,NA,NA,NA,1
CFAP410,2,0,0,1,NA,NA,NA,1
CFAP418,2,0,0,1,NA,NA,NA,1
CFH,2,0,0,1,NA,NA,NA,1
CFL1,4,0,0,1,NA,NA,NA,1
CFL2,4,0,0,1,NA,NA,NA,1
CFLAR,8,0,0,1,NA,NA,NA,1
CGGBP1,6,0,0,1,NA,NA,NA,1
CGREF1,2,0,0,1,NA,NA,NA,1
CHAC2,2,0,0,1,NA,NA,NA,1
CHAF1A,2,0,0,1,NA,NA,NA,1
CHCHD1,2,0,0,1,NA,NA,NA,1
CHCHD2,2,0,0,1,NA,NA,NA,1
CHCHD4,2,0,0,1,NA,NA,NA,1
CHCHD7,5,0,0,1,NA,NA,NA,1
CHD1,4,0,0,1,NA,NA,NA,1
CHD3,2,0,0,1,NA,NA,NA,1
CHD6,3,0,0,1,NA,NA,NA,1
CHD7,2,0,0,1,NA,NA,NA,1
CHD8,2,0,0,1,NA,NA,NA,1
CHD9,4,0,0,1,NA,NA,NA,1
CHEK1,4,0,0,1,NA,NA,NA,1
CHFR,3,0,0,1,NA,NA,NA,1
CHIC2,3,0,0,1,NA,NA,NA,1
CHID1,3,0,0,1,NA,NA,NA,1
CHKA,2,0,0,1,NA,NA,NA,1
CHM,2,0,0,1,NA,NA,NA,1
CHML,2,0,0,1,NA,NA,NA,1
CHMP1A,2,0,0,1,NA,NA,NA,1
CHMP1B,5,0,0,1,NA,NA,NA,1
CHMP2B,5,0,0,1,NA,NA,NA,1
CHMP3,4,0,0,1,NA,NA,NA,1
CHMP4B,2,0,0,1,NA,NA,NA,1
CHMP5,2,0,0,1,NA,NA,NA,1
CHMP7,2,0,0,1,NA,NA,NA,1
CHRAC1,2,0,0,1,NA,NA,NA,1
CHRNA5,2,0,0,1,NA,NA,NA,1
CHRNB1,2,0,0,1,NA,NA,NA,1
CHST1,2,0,0,1,NA,NA,NA,1
CHST11,3,0,0,1,NA,NA,NA,1
CHST12,7,0,0,1,NA,NA,NA,1
CHST15,2,0,0,1,NA,NA,NA,1
CHST3,2,0,0,1,NA,NA,NA,1
CHST7,2,0,0,1,NA,NA,NA,1
CHSY1,3,0,0,1,NA,NA,NA,1
CHSY3,2,0,0,1,NA,NA,NA,1
CHTOP,6,0,0,1,NA,NA,NA,1
CHURC1,7,0,0,1,NA,NA,NA,1
CIAO1,6,0,0,1,NA,NA,NA,1
CIAPIN1,2,0,0,1,NA,NA,NA,1
CIBAR1,3,0,0,1,NA,NA,NA,1
CIR1,2,0,0,1,NA,NA,NA,1
CIRBP,3,0,0,1,NA,NA,NA,1
CISD1,3,0,0,1,NA,NA,NA,1
CISD2,6,0,0,1,NA,NA,NA,1
CITED2,6,0,0,1,NA,NA,NA,1
CKAP2,4,0,0,1,NA,NA,NA,1
CKAP4,4,0,0,1,NA,NA,NA,1
CKAP5,2,0,0,1,NA,NA,NA,1
CLASP1,4,0,0,1,NA,NA,NA,1
CLASP2,4,0,0,1,NA,NA,NA,1
CLCC1,5,0,0,1,NA,NA,NA,1
CLCN3,5,0,0,1,NA,NA,NA,1
CLCN4,4,0,0,1,NA,NA,NA,1
CLCN7,2,0,0,1,NA,NA,NA,1
CLDN1,2,0,0,1,NA,NA,NA,1
CLDN11,4,0,0,1,NA,NA,NA,1
CLDND1,3,0,0,1,NA,NA,NA,1
CLEC14A,3,0,0,1,NA,NA,NA,1
CLEC16A,2,0,0,1,NA,NA,NA,1
CLEC2B,2,0,0,1,NA,NA,NA,1
CLIC4,10,0,0,1,NA,NA,NA,1
CLINT1,4,0,0,1,NA,NA,NA,1
CLIP1,2,0,0,1,NA,NA,NA,1
CLIP4,5,0,0,1,NA,NA,NA,1
CLK3,2,0,0,1,NA,NA,NA,1
CLK4,4,0,0,1,NA,NA,NA,1
CLMP,2,0,0,1,NA,NA,NA,1
CLN5,2,0,0,1,NA,NA,NA,1
CLOCK,8,0,0,1,NA,NA,NA,1
CLPB,5,0,0,1,NA,NA,NA,1
CLPX,3,0,0,1,NA,NA,NA,1
CLSTN1,2,0,0,1,NA,NA,NA,1
CLTC,6,0,0,1,NA,NA,NA,1
CLU,4,0,0,1,NA,NA,NA,1
CLUAP1,4,0,0,1,NA,NA,NA,1
CLUH,2,0,0,1,NA,NA,NA,1
CMAS,2,0,0,1,NA,NA,NA,1
CMBL,2,0,0,1,NA,NA,NA,1
CMIP,2,0,0,1,NA,NA,NA,1
CMPK1,3,0,0,1,NA,NA,NA,1
CMTM3,2,0,0,1,NA,NA,NA,1
CMTM6,5,0,0,1,NA,NA,NA,1
CNBP,4,0,0,1,NA,NA,NA,1
CNIH1,4,0,0,1,NA,NA,NA,1
CNIH4,3,0,0,1,NA,NA,NA,1
CNKSR3,2,0,0,1,NA,NA,NA,1
CNN3,2,0,0,1,NA,NA,NA,1
CNNM2,3,0,0,1,NA,NA,NA,1
CNNM3,3,0,0,1,NA,NA,NA,1
CNOT1,2,0,0,1,NA,NA,NA,1
CNOT11,3,0,0,1,NA,NA,NA,1
CNOT2,4,0,0,1,NA,NA,NA,1
CNOT6,4,0,0,1,NA,NA,NA,1
CNOT6L,2,0,0,1,NA,NA,NA,1
CNOT7,3,0,0,1,NA,NA,NA,1
CNOT8,2,0,0,1,NA,NA,NA,1
CNOT9,4,0,0,1,NA,NA,NA,1
CNPY2,2,0,0,1,NA,NA,NA,1
CNRIP1,2,0,0,1,NA,NA,NA,1
CNST,2,0,0,1,NA,NA,NA,1
CNTN1,3,0,0,1,NA,NA,NA,1
CNTNAP1,2,0,0,1,NA,NA,NA,1
COA3,2,0,0,1,NA,NA,NA,1
COA4,2,0,0,1,NA,NA,NA,1
COA5,2,0,0,1,NA,NA,NA,1
COA6,2,0,0,1,NA,NA,NA,1
COA7,4,0,0,1,NA,NA,NA,1
COA8,2,0,0,1,NA,NA,NA,1
COBLL1,3,0,0,1,NA,NA,NA,1
COG2,2,0,0,1,NA,NA,NA,1
COG5,4,0,0,1,NA,NA,NA,1
COG6,2,0,0,1,NA,NA,NA,1
COG7,3,0,0,1,NA,NA,NA,1
COL12A1,2,0,0,1,NA,NA,NA,1
COL13A1,2,0,0,1,NA,NA,NA,1
COL1A1,3,0,0,1,NA,NA,NA,1
COL1A2,5,0,0,1,NA,NA,NA,1
COL25A1,3,0,0,1,NA,NA,NA,1
COL27A1,2,0,0,1,NA,NA,NA,1
COL3A1,3,0,0,1,NA,NA,NA,1
COL4A1,9,0,0,1,NA,NA,NA,1
COL4A2,2,0,0,1,NA,NA,NA,1
COL5A1,6,0,0,1,NA,NA,NA,1
COL5A2,8,0,0,1,NA,NA,NA,1
COL6A1,2,0,0,1,NA,NA,NA,1
COL6A3,2,0,0,1,NA,NA,NA,1
COL8A1,5,0,0,1,NA,NA,NA,1
COLEC12,4,0,0,1,NA,NA,NA,1
COLGALT1,3,0,0,1,NA,NA,NA,1
COMMD10,2,0,0,1,NA,NA,NA,1
COMMD2,4,0,0,1,NA,NA,NA,1
COMMD5,2,0,0,1,NA,NA,NA,1
COMMD8,4,0,0,1,NA,NA,NA,1
COMMD9,2,0,0,1,NA,NA,NA,1
COMT,3,0,0,1,NA,NA,NA,1
COPA,7,0,0,1,NA,NA,NA,1
COPB1,2,0,0,1,NA,NA,NA,1
COPB2,5,0,0,1,NA,NA,NA,1
COPG1,2,0,0,1,NA,NA,NA,1
COPG2,2,0,0,1,NA,NA,NA,1
COPS2,7,0,0,1,NA,NA,NA,1
COPS3,2,0,0,1,NA,NA,NA,1
COPS4,2,0,0,1,NA,NA,NA,1
COPS6,3,0,0,1,NA,NA,NA,1
COPS7A,2,0,0,1,NA,NA,NA,1
COPS7B,4,0,0,1,NA,NA,NA,1
COPS8,7,0,0,1,NA,NA,NA,1
COPZ1,2,0,0,1,NA,NA,NA,1
COQ10B,3,0,0,1,NA,NA,NA,1
COQ3,2,0,0,1,NA,NA,NA,1
COQ7,4,0,0,1,NA,NA,NA,1
CORO1C,5,0,0,1,NA,NA,NA,1
COX11,5,0,0,1,NA,NA,NA,1
COX15,5,0,0,1,NA,NA,NA,1
COX16,2,0,0,1,NA,NA,NA,1
COX18,2,0,0,1,NA,NA,NA,1
COX19,5,0,0,1,NA,NA,NA,1
COX20,8,0,0,1,NA,NA,NA,1
COX5A,2,0,0,1,NA,NA,NA,1
COX6C,2,0,0,1,NA,NA,NA,1
COX7A2L,2,0,0,1,NA,NA,NA,1
COX7B,2,0,0,1,NA,NA,NA,1
COX7C,2,0,0,1,NA,NA,NA,1
CPD,10,0,0,1,NA,NA,NA,1
CPEB2,2,0,0,1,NA,NA,NA,1
CPEB4,2,0,0,1,NA,NA,NA,1
CPLANE1,2,0,0,1,NA,NA,NA,1
CPNE3,4,0,0,1,NA,NA,NA,1
CPOX,2,0,0,1,NA,NA,NA,1
CPPED1,9,0,0,1,NA,NA,NA,1
CPSF2,6,0,0,1,NA,NA,NA,1
CPSF6,6,0,0,1,NA,NA,NA,1
CPT1A,2,0,0,1,NA,NA,NA,1
CPT2,2,0,0,1,NA,NA,NA,1
CRACD,2,0,0,1,NA,NA,NA,1
CRAMP1,2,0,0,1,NA,NA,NA,1
CRBN,2,0,0,1,NA,NA,NA,1
CREB1,9,0,0,1,NA,NA,NA,1
CREB3,3,0,0,1,NA,NA,NA,1
CREB3L1,2,0,0,1,NA,NA,NA,1
CREB5,3,0,0,1,NA,NA,NA,1
CREBBP,2,0,0,1,NA,NA,NA,1
CREBL2,7,0,0,1,NA,NA,NA,1
CREBZF,4,0,0,1,NA,NA,NA,1
CREG1,3,0,0,1,NA,NA,NA,1
CREM,5,0,0,1,NA,NA,NA,1
CRIM1,9,0,0,1,NA,NA,NA,1
CRIPT,6,0,0,1,NA,NA,NA,1
CRISPLD1,3,0,0,1,NA,NA,NA,1
CRKL,2,0,0,1,NA,NA,NA,1
CRLS1,2,0,0,1,NA,NA,NA,1
CRNKL1,5,0,0,1,NA,NA,NA,1
CROT,2,0,0,1,NA,NA,NA,1
CRTAP,6,0,0,1,NA,NA,NA,1
CRYAB,2,0,0,1,NA,NA,NA,1
CRYZ,2,0,0,1,NA,NA,NA,1
CRYZL1,5,0,0,1,NA,NA,NA,1
CS,3,0,0,1,NA,NA,NA,1
CSDE1,4,0,0,1,NA,NA,NA,1
CSE1L,5,0,0,1,NA,NA,NA,1
CSGALNACT1,2,0,0,1,NA,NA,NA,1
CSGALNACT2,2,0,0,1,NA,NA,NA,1
CSK,2,0,0,1,NA,NA,NA,1
CSNK1A1,15,0,0,1,NA,NA,NA,1
CSNK1D,2,0,0,1,NA,NA,NA,1
CSNK1G1,2,0,0,1,NA,NA,NA,1
CSNK1G2,2,0,0,1,NA,NA,NA,1
CSNK1G3,4,0,0,1,NA,NA,NA,1
CSNK2A1,6,0,0,1,NA,NA,NA,1
CSNK2A2,6,0,0,1,NA,NA,NA,1
CSRNP2,3,0,0,1,NA,NA,NA,1
CSTF1,3,0,0,1,NA,NA,NA,1
CSTF2,2,0,0,1,NA,NA,NA,1
CSTF2T,3,0,0,1,NA,NA,NA,1
CTBP2,7,0,0,1,NA,NA,NA,1
CTBS,4,0,0,1,NA,NA,NA,1
CTC1,2,0,0,1,NA,NA,NA,1
CTCF,2,0,0,1,NA,NA,NA,1
CTDNEP1,2,0,0,1,NA,NA,NA,1
CTDSP1,2,0,0,1,NA,NA,NA,1
CTDSP2,2,0,0,1,NA,NA,NA,1
CTDSPL,3,0,0,1,NA,NA,NA,1
CTDSPL2,5,0,0,1,NA,NA,NA,1
CTHRC1,2,0,0,1,NA,NA,NA,1
CTNNA1,3,0,0,1,NA,NA,NA,1
CTNNBIP1,2,0,0,1,NA,NA,NA,1
CTNND1,3,0,0,1,NA,NA,NA,1
CTPS1,3,0,0,1,NA,NA,NA,1
CTPS2,3,0,0,1,NA,NA,NA,1
CTSB,7,0,0,1,NA,NA,NA,1
CTSS,3,0,0,1,NA,NA,NA,1
CTSZ,2,0,0,1,NA,NA,NA,1
CTTNBP2NL,10,0,0,1,NA,NA,NA,1
CTU1,2,0,0,1,NA,NA,NA,1
CUEDC1,2,0,0,1,NA,NA,NA,1
CUL3,2,0,0,1,NA,NA,NA,1
CUL4A,7,0,0,1,NA,NA,NA,1
CUL4B,4,0,0,1,NA,NA,NA,1
CUL5,5,0,0,1,NA,NA,NA,1
CUX1,2,0,0,1,NA,NA,NA,1
CWC15,2,0,0,1,NA,NA,NA,1
CWF19L1,2,0,0,1,NA,NA,NA,1
CXADR,2,0,0,1,NA,NA,NA,1
CXCL1,3,0,0,1,NA,NA,NA,1
CXCL2,2,0,0,1,NA,NA,NA,1
CXCL6,2,0,0,1,NA,NA,NA,1
CXCL8,4,0,0,1,NA,NA,NA,1
CXorf38,3,0,0,1,NA,NA,NA,1
CYB561,2,0,0,1,NA,NA,NA,1
CYB5A,2,0,0,1,NA,NA,NA,1
CYB5B,5,0,0,1,NA,NA,NA,1
CYB5D2,2,0,0,1,NA,NA,NA,1
CYB5R1,2,0,0,1,NA,NA,NA,1
CYB5R4,2,0,0,1,NA,NA,NA,1
CYB5RL,2,0,0,1,NA,NA,NA,1
CYBRD1,4,0,0,1,NA,NA,NA,1
CYCS,6,0,0,1,NA,NA,NA,1
CYFIP2,2,0,0,1,NA,NA,NA,1
CYLD,7,0,0,1,NA,NA,NA,1
CYP20A1,13,0,0,1,NA,NA,NA,1
CYP2U1,3,0,0,1,NA,NA,NA,1
CYP51A1,2,0,0,1,NA,NA,NA,1
CYRIA,6,0,0,1,NA,NA,NA,1
CYRIB,2,0,0,1,NA,NA,NA,1
CYSTM1,3,0,0,1,NA,NA,NA,1
CYTH2,2,0,0,1,NA,NA,NA,1
CYYR1,4,0,0,1,NA,NA,NA,1
CZIB,3,0,0,1,NA,NA,NA,1
DAAM1,7,0,0,1,NA,NA,NA,1
DAB2,4,0,0,1,NA,NA,NA,1
DACT1,2,0,0,1,NA,NA,NA,1
DAG1,2,0,0,1,NA,NA,NA,1
DAP,2,0,0,1,NA,NA,NA,1
DAPK1,2,0,0,1,NA,NA,NA,1
DARS1,2,0,0,1,NA,NA,NA,1
DARS2,3,0,0,1,NA,NA,NA,1
DAZAP1,3,0,0,1,NA,NA,NA,1
DAZAP2,3,0,0,1,NA,NA,NA,1
DBF4,2,0,0,1,NA,NA,NA,1
DBN1,4,0,0,1,NA,NA,NA,1
DBNL,3,0,0,1,NA,NA,NA,1
DBR1,2,0,0,1,NA,NA,NA,1
DBT,7,0,0,1,NA,NA,NA,1
DCAF10,8,0,0,1,NA,NA,NA,1
DCAF12,3,0,0,1,NA,NA,NA,1
DCAF13,4,0,0,1,NA,NA,NA,1
DCAF16,3,0,0,1,NA,NA,NA,1
DCAF5,7,0,0,1,NA,NA,NA,1
DCAF6,3,0,0,1,NA,NA,NA,1
DCAF7,7,0,0,1,NA,NA,NA,1
DCAF8,3,0,0,1,NA,NA,NA,1
DCAKD,2,0,0,1,NA,NA,NA,1
DCBLD1,3,0,0,1,NA,NA,NA,1
DCBLD2,10,0,0,1,NA,NA,NA,1
DCK,2,0,0,1,NA,NA,NA,1
DCLRE1C,3,0,0,1,NA,NA,NA,1
DCP1A,4,0,0,1,NA,NA,NA,1
DCP2,2,0,0,1,NA,NA,NA,1
DCPS,2,0,0,1,NA,NA,NA,1
DCTD,4,0,0,1,NA,NA,NA,1
DCTN2,3,0,0,1,NA,NA,NA,1
DCTN4,3,0,0,1,NA,NA,NA,1
DCTN5,9,0,0,1,NA,NA,NA,1
DCTN6,3,0,0,1,NA,NA,NA,1
DCTPP1,2,0,0,1,NA,NA,NA,1
DCUN1D1,7,0,0,1,NA,NA,NA,1
DCUN1D3,4,0,0,1,NA,NA,NA,1
DCUN1D4,5,0,0,1,NA,NA,NA,1
DDA1,3,0,0,1,NA,NA,NA,1
DDHD1,4,0,0,1,NA,NA,NA,1
DDHD2,4,0,0,1,NA,NA,NA,1
DDI2,5,0,0,1,NA,NA,NA,1
DDOST,2,0,0,1,NA,NA,NA,1
DDR2,4,0,0,1,NA,NA,NA,1
DDRGK1,2,0,0,1,NA,NA,NA,1
DDX18,5,0,0,1,NA,NA,NA,1
DDX19A,4,0,0,1,NA,NA,NA,1
DDX20,2,0,0,1,NA,NA,NA,1
DDX21,4,0,0,1,NA,NA,NA,1
DDX27,2,0,0,1,NA,NA,NA,1
DDX31,3,0,0,1,NA,NA,NA,1
DDX3X,3,0,0,1,NA,NA,NA,1
DDX42,2,0,0,1,NA,NA,NA,1
DDX46,6,0,0,1,NA,NA,NA,1
DDX5,2,0,0,1,NA,NA,NA,1
DDX52,4,0,0,1,NA,NA,NA,1
DDX54,2,0,0,1,NA,NA,NA,1
DDX6,2,0,0,1,NA,NA,NA,1
DEDD,3,0,0,1,NA,NA,NA,1
DEGS1,3,0,0,1,NA,NA,NA,1
DEK,4,0,0,1,NA,NA,NA,1
DELE1,5,0,0,1,NA,NA,NA,1
DENND10,4,0,0,1,NA,NA,NA,1
DENND3,2,0,0,1,NA,NA,NA,1
DENND4A,6,0,0,1,NA,NA,NA,1
DENND4C,4,0,0,1,NA,NA,NA,1
DENND5A,2,0,0,1,NA,NA,NA,1
DENND5B,3,0,0,1,NA,NA,NA,1
DENR,6,0,0,1,NA,NA,NA,1
DEPDC1,2,0,0,1,NA,NA,NA,1
DEPP1,2,0,0,1,NA,NA,NA,1
DERL1,4,0,0,1,NA,NA,NA,1
DERL2,2,0,0,1,NA,NA,NA,1
DESI1,3,0,0,1,NA,NA,NA,1
DESI2,2,0,0,1,NA,NA,NA,1
DFFA,11,0,0,1,NA,NA,NA,1
DGAT2,2,0,0,1,NA,NA,NA,1
DGCR8,3,0,0,1,NA,NA,NA,1
DGKE,3,0,0,1,NA,NA,NA,1
DHCR7,2,0,0,1,NA,NA,NA,1
DHDDS,3,0,0,1,NA,NA,NA,1
DHFR,4,0,0,1,NA,NA,NA,1
DHFR2,2,0,0,1,NA,NA,NA,1
DHTKD1,3,0,0,1,NA,NA,NA,1
DHX32,2,0,0,1,NA,NA,NA,1
DHX33,2,0,0,1,NA,NA,NA,1
DHX34,2,0,0,1,NA,NA,NA,1
DHX37,2,0,0,1,NA,NA,NA,1
DHX40,2,0,0,1,NA,NA,NA,1
DHX57,2,0,0,1,NA,NA,NA,1
DHX9,3,0,0,1,NA,NA,NA,1
DIABLO,2,0,0,1,NA,NA,NA,1
DIAPH1,3,0,0,1,NA,NA,NA,1
DIAPH2,2,0,0,1,NA,NA,NA,1
DICER1,5,0,0,1,NA,NA,NA,1
DIDO1,2,0,0,1,NA,NA,NA,1
DIMT1,4,0,0,1,NA,NA,NA,1
DIO2,6,0,0,1,NA,NA,NA,1
DIP2A,2,0,0,1,NA,NA,NA,1
DIP2B,3,0,0,1,NA,NA,NA,1
DIP2C,5,0,0,1,NA,NA,NA,1
DIPK1B,4,0,0,1,NA,NA,NA,1
DIS3,8,0,0,1,NA,NA,NA,1
DIS3L,2,0,0,1,NA,NA,NA,1
DIS3L2,2,0,0,1,NA,NA,NA,1
DIXDC1,2,0,0,1,NA,NA,NA,1
DKC1,2,0,0,1,NA,NA,NA,1
DKK1,6,0,0,1,NA,NA,NA,1
DKK3,6,0,0,1,NA,NA,NA,1
DLAT,5,0,0,1,NA,NA,NA,1
DLC1,5,0,0,1,NA,NA,NA,1
DLD,3,0,0,1,NA,NA,NA,1
DLG1,6,0,0,1,NA,NA,NA,1
DLGAP4,4,0,0,1,NA,NA,NA,1
DLGAP5,2,0,0,1,NA,NA,NA,1
DMAC1,2,0,0,1,NA,NA,NA,1
DMAC2L,4,0,0,1,NA,NA,NA,1
DMD,2,0,0,1,NA,NA,NA,1
DMRTA1,2,0,0,1,NA,NA,NA,1
DMWD,4,0,0,1,NA,NA,NA,1
DNAAF10,7,0,0,1,NA,NA,NA,1
DNAAF11,2,0,0,1,NA,NA,NA,1
DNAAF5,2,0,0,1,NA,NA,NA,1
DNAAF9,2,0,0,1,NA,NA,NA,1
DNAJA1,5,0,0,1,NA,NA,NA,1
DNAJA2,6,0,0,1,NA,NA,NA,1
DNAJA4,2,0,0,1,NA,NA,NA,1
DNAJB1,2,0,0,1,NA,NA,NA,1
DNAJB11,2,0,0,1,NA,NA,NA,1
DNAJB12,4,0,0,1,NA,NA,NA,1
DNAJB14,4,0,0,1,NA,NA,NA,1
DNAJB4,6,0,0,1,NA,NA,NA,1
DNAJB5,2,0,0,1,NA,NA,NA,1
DNAJB9,3,0,0,1,NA,NA,NA,1
DNAJC1,2,0,0,1,NA,NA,NA,1
DNAJC10,11,0,0,1,NA,NA,NA,1
DNAJC11,2,0,0,1,NA,NA,NA,1
DNAJC15,3,0,0,1,NA,NA,NA,1
DNAJC16,2,0,0,1,NA,NA,NA,1
DNAJC18,2,0,0,1,NA,NA,NA,1
DNAJC19,3,0,0,1,NA,NA,NA,1
DNAJC2,3,0,0,1,NA,NA,NA,1
DNAJC21,4,0,0,1,NA,NA,NA,1
DNAJC24,2,0,0,1,NA,NA,NA,1
DNAJC3,6,0,0,1,NA,NA,NA,1
DNAJC5,7,0,0,1,NA,NA,NA,1
DNAJC8,3,0,0,1,NA,NA,NA,1
DNAJC9,3,0,0,1,NA,NA,NA,1
DNAL1,3,0,0,1,NA,NA,NA,1
DNASE1L1,4,0,0,1,NA,NA,NA,1
DNASE2,4,0,0,1,NA,NA,NA,1
DNM1L,5,0,0,1,NA,NA,NA,1
DNMT3A,2,0,0,1,NA,NA,NA,1
DNPEP,5,0,0,1,NA,NA,NA,1
DOCK10,4,0,0,1,NA,NA,NA,1
DOCK5,3,0,0,1,NA,NA,NA,1
DOCK9,3,0,0,1,NA,NA,NA,1
DOK4,3,0,0,1,NA,NA,NA,1
DOK5,2,0,0,1,NA,NA,NA,1
DONSON,2,0,0,1,NA,NA,NA,1
DOP1A,2,0,0,1,NA,NA,NA,1
DOP1B,4,0,0,1,NA,NA,NA,1
DOT1L,3,0,0,1,NA,NA,NA,1
DPF2,3,0,0,1,NA,NA,NA,1
DPH3,5,0,0,1,NA,NA,NA,1
DPH5,2,0,0,1,NA,NA,NA,1
DPM1,2,0,0,1,NA,NA,NA,1
DPP8,5,0,0,1,NA,NA,NA,1
DPP9,3,0,0,1,NA,NA,NA,1
DPY19L1,7,0,0,1,NA,NA,NA,1
DPY19L4,2,0,0,1,NA,NA,NA,1
DPY30,2,0,0,1,NA,NA,NA,1
DPYSL2,3,0,0,1,NA,NA,NA,1
DPYSL3,5,0,0,1,NA,NA,NA,1
DPYSL4,2,0,0,1,NA,NA,NA,1
DR1,10,0,0,1,NA,NA,NA,1
DRAM1,4,0,0,1,NA,NA,NA,1
DRAM2,2,0,0,1,NA,NA,NA,1
DRAXIN,3,0,0,1,NA,NA,NA,1
DRG2,2,0,0,1,NA,NA,NA,1
DROSHA,3,0,0,1,NA,NA,NA,1
DSC3,3,0,0,1,NA,NA,NA,1
DSE,4,0,0,1,NA,NA,NA,1
DSG2,2,0,0,1,NA,NA,NA,1
DSN1,2,0,0,1,NA,NA,NA,1
DST,4,0,0,1,NA,NA,NA,1
DSTN,8,0,0,1,NA,NA,NA,1
DSTYK,6,0,0,1,NA,NA,NA,1
DTD2,2,0,0,1,NA,NA,NA,1
DTL,3,0,0,1,NA,NA,NA,1
DTNA,2,0,0,1,NA,NA,NA,1
DTWD1,2,0,0,1,NA,NA,NA,1
DUS2,2,0,0,1,NA,NA,NA,1
DUS4L-BCAP29,3,0,0,1,NA,NA,NA,1
DUSP18,2,0,0,1,NA,NA,NA,1
DUSP22,2,0,0,1,NA,NA,NA,1
DUSP28,3,0,0,1,NA,NA,NA,1
DUSP3,6,0,0,1,NA,NA,NA,1
DUSP4,4,0,0,1,NA,NA,NA,1
DUSP6,3,0,0,1,NA,NA,NA,1
DUT,5,0,0,1,NA,NA,NA,1
DVL1,2,0,0,1,NA,NA,NA,1
DVL3,3,0,0,1,NA,NA,NA,1
DYM,3,0,0,1,NA,NA,NA,1
DYNC1H1,3,0,0,1,NA,NA,NA,1
DYNC1LI1,2,0,0,1,NA,NA,NA,1
DYNC1LI2,8,0,0,1,NA,NA,NA,1
DYNLL2,4,0,0,1,NA,NA,NA,1
DYNLT1,2,0,0,1,NA,NA,NA,1
DYNLT3,3,0,0,1,NA,NA,NA,1
DYNLT5,3,0,0,1,NA,NA,NA,1
DYRK1A,2,0,0,1,NA,NA,NA,1
DYRK2,2,0,0,1,NA,NA,NA,1
DYRK3,3,0,0,1,NA,NA,NA,1
DZIP1,3,0,0,1,NA,NA,NA,1
DZIP3,2,0,0,1,NA,NA,NA,1
E2F1,2,0,0,1,NA,NA,NA,1
E2F3,3,0,0,1,NA,NA,NA,1
E2F6,3,0,0,1,NA,NA,NA,1
EAPP,2,0,0,1,NA,NA,NA,1
EARS2,4,0,0,1,NA,NA,NA,1
EBAG9,4,0,0,1,NA,NA,NA,1
EBNA1BP2,2,0,0,1,NA,NA,NA,1
ECD,3,0,0,1,NA,NA,NA,1
ECE1,3,0,0,1,NA,NA,NA,1
ECHDC1,4,0,0,1,NA,NA,NA,1
ECHS1,2,0,0,1,NA,NA,NA,1
ECT2,2,0,0,1,NA,NA,NA,1
EDC3,3,0,0,1,NA,NA,NA,1
EDEM1,2,0,0,1,NA,NA,NA,1
EDIL3,3,0,0,1,NA,NA,NA,1
EDN1,4,0,0,1,NA,NA,NA,1
EEA1,7,0,0,1,NA,NA,NA,1
EEF1A1,3,0,0,1,NA,NA,NA,1
EEF1AKMT2,4,0,0,1,NA,NA,NA,1
EEF1E1,3,0,0,1,NA,NA,NA,1
EEF2K,3,0,0,1,NA,NA,NA,1
EEF2KMT,4,0,0,1,NA,NA,NA,1
EEIG1,2,0,0,1,NA,NA,NA,1
EFCAB11,3,0,0,1,NA,NA,NA,1
EFCAB14,6,0,0,1,NA,NA,NA,1
EFEMP1,5,0,0,1,NA,NA,NA,1
EFEMP2,2,0,0,1,NA,NA,NA,1
EFHC1,4,0,0,1,NA,NA,NA,1
EFHD2,4,0,0,1,NA,NA,NA,1
EFNA2,2,0,0,1,NA,NA,NA,1
EFNA5,2,0,0,1,NA,NA,NA,1
EFNB2,5,0,0,1,NA,NA,NA,1
EFR3A,4,0,0,1,NA,NA,NA,1
EFTUD2,2,0,0,1,NA,NA,NA,1
EGFR,4,0,0,1,NA,NA,NA,1
EGLN1,4,0,0,1,NA,NA,NA,1
EGR1,3,0,0,1,NA,NA,NA,1
EHD1,5,0,0,1,NA,NA,NA,1
EHD2,2,0,0,1,NA,NA,NA,1
EHD3,2,0,0,1,NA,NA,NA,1
EHD4,10,0,0,1,NA,NA,NA,1
EHMT1,3,0,0,1,NA,NA,NA,1
EI24,2,0,0,1,NA,NA,NA,1
EID1,4,0,0,1,NA,NA,NA,1
EID2,3,0,0,1,NA,NA,NA,1
EID2B,2,0,0,1,NA,NA,NA,1
EIF1,3,0,0,1,NA,NA,NA,1
EIF1AD,2,0,0,1,NA,NA,NA,1
EIF1AX,11,0,0,1,NA,NA,NA,1
EIF2A,3,0,0,1,NA,NA,NA,1
EIF2AK1,3,0,0,1,NA,NA,NA,1
EIF2AK2,5,0,0,1,NA,NA,NA,1
EIF2AK4,2,0,0,1,NA,NA,NA,1
EIF2B2,2,0,0,1,NA,NA,NA,1
EIF2B3,2,0,0,1,NA,NA,NA,1
EIF2S1,6,0,0,1,NA,NA,NA,1
EIF2S2,2,0,0,1,NA,NA,NA,1
EIF2S3,4,0,0,1,NA,NA,NA,1
EIF3A,3,0,0,1,NA,NA,NA,1
EIF3F,3,0,0,1,NA,NA,NA,1
EIF3J,9,0,0,1,NA,NA,NA,1
EIF3L,2,0,0,1,NA,NA,NA,1
EIF3M,2,0,0,1,NA,NA,NA,1
EIF4A2,2,0,0,1,NA,NA,NA,1
EIF4B,5,0,0,1,NA,NA,NA,1
EIF4E,4,0,0,1,NA,NA,NA,1
EIF4E3,2,0,0,1,NA,NA,NA,1
EIF4EBP2,7,0,0,1,NA,NA,NA,1
EIF4ENIF1,3,0,0,1,NA,NA,NA,1
EIF4G1,2,0,0,1,NA,NA,NA,1
EIF4G2,2,0,0,1,NA,NA,NA,1
EIF4G3,4,0,0,1,NA,NA,NA,1
EIF5,6,0,0,1,NA,NA,NA,1
EIF5A2,6,0,0,1,NA,NA,NA,1
EIF5B,6,0,0,1,NA,NA,NA,1
ELAPOR2,4,0,0,1,NA,NA,NA,1
ELAVL1,6,0,0,1,NA,NA,NA,1
ELF2,2,0,0,1,NA,NA,NA,1
ELFN1,2,0,0,1,NA,NA,NA,1
ELFN2,2,0,0,1,NA,NA,NA,1
ELK3,2,0,0,1,NA,NA,NA,1
ELK4,4,0,0,1,NA,NA,NA,1
ELL,5,0,0,1,NA,NA,NA,1
ELL2,6,0,0,1,NA,NA,NA,1
ELOA,3,0,0,1,NA,NA,NA,1
ELOB,2,0,0,1,NA,NA,NA,1
ELOC,7,0,0,1,NA,NA,NA,1
ELOVL4,2,0,0,1,NA,NA,NA,1
ELOVL5,2,0,0,1,NA,NA,NA,1
ELOVL6,3,0,0,1,NA,NA,NA,1
ELP1,2,0,0,1,NA,NA,NA,1
ELP2,8,0,0,1,NA,NA,NA,1
ELP3,2,0,0,1,NA,NA,NA,1
EMC1,4,0,0,1,NA,NA,NA,1
EMC10,6,0,0,1,NA,NA,NA,1
EMC2,2,0,0,1,NA,NA,NA,1
EMC3,3,0,0,1,NA,NA,NA,1
EMC4,2,0,0,1,NA,NA,NA,1
EMC6,2,0,0,1,NA,NA,NA,1
EMC7,2,0,0,1,NA,NA,NA,1
EMC8,4,0,0,1,NA,NA,NA,1
EMCN,6,0,0,1,NA,NA,NA,1
EME2,2,0,0,1,NA,NA,NA,1
EMG1,3,0,0,1,NA,NA,NA,1
EML1,4,0,0,1,NA,NA,NA,1
EMP1,6,0,0,1,NA,NA,NA,1
EMP2,3,0,0,1,NA,NA,NA,1
EMSY,3,0,0,1,NA,NA,NA,1
ENAH,9,0,0,1,NA,NA,NA,1
ENDOD1,3,0,0,1,NA,NA,NA,1
ENPP1,2,0,0,1,NA,NA,NA,1
ENPP4,4,0,0,1,NA,NA,NA,1
ENTPD1,2,0,0,1,NA,NA,NA,1
ENTPD4,3,0,0,1,NA,NA,NA,1
ENTPD5,2,0,0,1,NA,NA,NA,1
ENTPD6,2,0,0,1,NA,NA,NA,1
ENTPD7,6,0,0,1,NA,NA,NA,1
ENTR1,3,0,0,1,NA,NA,NA,1
ENY2,5,0,0,1,NA,NA,NA,1
EOGT,6,0,0,1,NA,NA,NA,1
EP300,2,0,0,1,NA,NA,NA,1
EP400,4,0,0,1,NA,NA,NA,1
EPAS1,3,0,0,1,NA,NA,NA,1
EPB41L1,2,0,0,1,NA,NA,NA,1
EPB41L3,7,0,0,1,NA,NA,NA,1
EPB41L4A,2,0,0,1,NA,NA,NA,1
EPC1,3,0,0,1,NA,NA,NA,1
EPC2,2,0,0,1,NA,NA,NA,1
EPG5,4,0,0,1,NA,NA,NA,1
EPHA2,2,0,0,1,NA,NA,NA,1
EPHA4,4,0,0,1,NA,NA,NA,1
EPHB2,6,0,0,1,NA,NA,NA,1
EPHB4,2,0,0,1,NA,NA,NA,1
EPHX4,2,0,0,1,NA,NA,NA,1
EPM2A,3,0,0,1,NA,NA,NA,1
EPM2AIP1,3,0,0,1,NA,NA,NA,1
EPN2,4,0,0,1,NA,NA,NA,1
EPOR,3,0,0,1,NA,NA,NA,1
EPS15,3,0,0,1,NA,NA,NA,1
EPS8,2,0,0,1,NA,NA,NA,1
ERAP1,2,0,0,1,NA,NA,NA,1
ERAP2,3,0,0,1,NA,NA,NA,1
ERBB2,2,0,0,1,NA,NA,NA,1
ERBIN,2,0,0,1,NA,NA,NA,1
ERC1,2,0,0,1,NA,NA,NA,1
ERCC1,2,0,0,1,NA,NA,NA,1
ERCC2,2,0,0,1,NA,NA,NA,1
ERCC4,2,0,0,1,NA,NA,NA,1
ERCC6,7,0,0,1,NA,NA,NA,1
ERCC6L2,2,0,0,1,NA,NA,NA,1
ERCC8,3,0,0,1,NA,NA,NA,1
ERF,2,0,0,1,NA,NA,NA,1
ERG,6,0,0,1,NA,NA,NA,1
ERGIC1,5,0,0,1,NA,NA,NA,1
ERGIC2,8,0,0,1,NA,NA,NA,1
ERI1,5,0,0,1,NA,NA,NA,1
ERLEC1,3,0,0,1,NA,NA,NA,1
ERLIN2,5,0,0,1,NA,NA,NA,1
ERMP1,2,0,0,1,NA,NA,NA,1
ERO1A,8,0,0,1,NA,NA,NA,1
ERP44,5,0,0,1,NA,NA,NA,1
ERRFI1,3,0,0,1,NA,NA,NA,1
ERVK3-1,3,0,0,1,NA,NA,NA,1
ESAM,2,0,0,1,NA,NA,NA,1
ESS2,3,0,0,1,NA,NA,NA,1
ESYT2,4,0,0,1,NA,NA,NA,1
ETF1,5,0,0,1,NA,NA,NA,1
ETFA,2,0,0,1,NA,NA,NA,1
ETFRF1,2,0,0,1,NA,NA,NA,1
ETNK1,6,0,0,1,NA,NA,NA,1
ETS1,3,0,0,1,NA,NA,NA,1
ETS2,4,0,0,1,NA,NA,NA,1
ETV5,2,0,0,1,NA,NA,NA,1
ETV6,3,0,0,1,NA,NA,NA,1
EVA1A,3,0,0,1,NA,NA,NA,1
EVI5,2,0,0,1,NA,NA,NA,1
EXD2,3,0,0,1,NA,NA,NA,1
EXOC1,2,0,0,1,NA,NA,NA,1
EXOC2,4,0,0,1,NA,NA,NA,1
EXOC5,9,0,0,1,NA,NA,NA,1
EXOC7,4,0,0,1,NA,NA,NA,1
EXOC8,4,0,0,1,NA,NA,NA,1
EXOG,4,0,0,1,NA,NA,NA,1
EXOSC2,3,0,0,1,NA,NA,NA,1
EXOSC3,2,0,0,1,NA,NA,NA,1
EXOSC6,6,0,0,1,NA,NA,NA,1
EXOSC8,2,0,0,1,NA,NA,NA,1
EXOSC9,2,0,0,1,NA,NA,NA,1
EXT1,5,0,0,1,NA,NA,NA,1
EXT2,5,0,0,1,NA,NA,NA,1
EXTL2,3,0,0,1,NA,NA,NA,1
EXTL3,3,0,0,1,NA,NA,NA,1
EZR,3,0,0,1,NA,NA,NA,1
F11R,8,0,0,1,NA,NA,NA,1
F2R,3,0,0,1,NA,NA,NA,1
FAAP24,2,0,0,1,NA,NA,NA,1
FADS1,3,0,0,1,NA,NA,NA,1
FAF2,3,0,0,1,NA,NA,NA,1
FAHD1,3,0,0,1,NA,NA,NA,1
FAM107A,3,0,0,1,NA,NA,NA,1
FAM107B,5,0,0,1,NA,NA,NA,1
FAM110A,2,0,0,1,NA,NA,NA,1
FAM114A1,4,0,0,1,NA,NA,NA,1
FAM114A2,4,0,0,1,NA,NA,NA,1
FAM117B,2,0,0,1,NA,NA,NA,1
FAM118A,2,0,0,1,NA,NA,NA,1
FAM118B,4,0,0,1,NA,NA,NA,1
FAM120A,2,0,0,1,NA,NA,NA,1
FAM120AOS,6,0,0,1,NA,NA,NA,1
FAM124A,3,0,0,1,NA,NA,NA,1
FAM133B,2,0,0,1,NA,NA,NA,1
FAM135A,2,0,0,1,NA,NA,NA,1
FAM136A,2,0,0,1,NA,NA,NA,1
FAM161B,2,0,0,1,NA,NA,NA,1
FAM168A,4,0,0,1,NA,NA,NA,1
FAM168B,2,0,0,1,NA,NA,NA,1
FAM171A1,3,0,0,1,NA,NA,NA,1
FAM174A,3,0,0,1,NA,NA,NA,1
FAM174B,2,0,0,1,NA,NA,NA,1
FAM177A1,4,0,0,1,NA,NA,NA,1
FAM199X,3,0,0,1,NA,NA,NA,1
FAM200B,3,0,0,1,NA,NA,NA,1
FAM204A,6,0,0,1,NA,NA,NA,1
FAM20B,3,0,0,1,NA,NA,NA,1
FAM210A,4,0,0,1,NA,NA,NA,1
FAM210B,4,0,0,1,NA,NA,NA,1
FAM217B,3,0,0,1,NA,NA,NA,1
FAM219B,3,0,0,1,NA,NA,NA,1
FAM222B,6,0,0,1,NA,NA,NA,1
FAM241A,4,0,0,1,NA,NA,NA,1
FAM32A,2,0,0,1,NA,NA,NA,1
FAM43A,3,0,0,1,NA,NA,NA,1
FAM50B,2,0,0,1,NA,NA,NA,1
FAM53C,2,0,0,1,NA,NA,NA,1
FAM76A,3,0,0,1,NA,NA,NA,1
FAM76B,2,0,0,1,NA,NA,NA,1
FAM89A,2,0,0,1,NA,NA,NA,1
FAM8A1,4,0,0,1,NA,NA,NA,1
FAM91A1,2,0,0,1,NA,NA,NA,1
FAM98B,4,0,0,1,NA,NA,NA,1
FANCA,2,0,0,1,NA,NA,NA,1
FANCC,2,0,0,1,NA,NA,NA,1
FANCI,2,0,0,1,NA,NA,NA,1
FANCM,2,0,0,1,NA,NA,NA,1
FAR1,7,0,0,1,NA,NA,NA,1
FAR2,2,0,0,1,NA,NA,NA,1
FARP1,3,0,0,1,NA,NA,NA,1
FARSB,3,0,0,1,NA,NA,NA,1
FAS,2,0,0,1,NA,NA,NA,1
FASN,2,0,0,1,NA,NA,NA,1
FASTKD2,6,0,0,1,NA,NA,NA,1
FBH1,2,0,0,1,NA,NA,NA,1
FBLIM1,4,0,0,1,NA,NA,NA,1
FBLN5,2,0,0,1,NA,NA,NA,1
FBN1,4,0,0,1,NA,NA,NA,1
FBN2,2,0,0,1,NA,NA,NA,1
FBRS,2,0,0,1,NA,NA,NA,1
FBRSL1,2,0,0,1,NA,NA,NA,1
FBXL13,4,0,0,1,NA,NA,NA,1
FBXL17,3,0,0,1,NA,NA,NA,1
FBXL18,2,0,0,1,NA,NA,NA,1
FBXL2,2,0,0,1,NA,NA,NA,1
FBXL20,2,0,0,1,NA,NA,NA,1
FBXL3,3,0,0,1,NA,NA,NA,1
FBXL4,2,0,0,1,NA,NA,NA,1
FBXL5,2,0,0,1,NA,NA,NA,1
FBXO11,3,0,0,1,NA,NA,NA,1
FBXO21,6,0,0,1,NA,NA,NA,1
FBXO22,4,0,0,1,NA,NA,NA,1
FBXO25,2,0,0,1,NA,NA,NA,1
FBXO28,5,0,0,1,NA,NA,NA,1
FBXO3,2,0,0,1,NA,NA,NA,1
FBXO30,3,0,0,1,NA,NA,NA,1
FBXO31,2,0,0,1,NA,NA,NA,1
FBXO32,2,0,0,1,NA,NA,NA,1
FBXO33,3,0,0,1,NA,NA,NA,1
FBXO38,3,0,0,1,NA,NA,NA,1
FBXO44,2,0,0,1,NA,NA,NA,1
FBXO45,3,0,0,1,NA,NA,NA,1
FBXO7,2,0,0,1,NA,NA,NA,1
FBXO8,2,0,0,1,NA,NA,NA,1
FBXO9,2,0,0,1,NA,NA,NA,1
FBXW11,2,0,0,1,NA,NA,NA,1
FBXW2,5,0,0,1,NA,NA,NA,1
FBXW7,4,0,0,1,NA,NA,NA,1
FBXW8,3,0,0,1,NA,NA,NA,1
FCF1,4,0,0,1,NA,NA,NA,1
FCHSD1,2,0,0,1,NA,NA,NA,1
FCHSD2,2,0,0,1,NA,NA,NA,1
FCRLB,2,0,0,1,NA,NA,NA,1
FDFT1,4,0,0,1,NA,NA,NA,1
FDX1,5,0,0,1,NA,NA,NA,1
FECH,5,0,0,1,NA,NA,NA,1
FEM1A,5,0,0,1,NA,NA,NA,1
FEM1B,4,0,0,1,NA,NA,NA,1
FEM1C,2,0,0,1,NA,NA,NA,1
FER,4,0,0,1,NA,NA,NA,1
FERMT2,3,0,0,1,NA,NA,NA,1
FERMT3,2,0,0,1,NA,NA,NA,1
FEZ2,4,0,0,1,NA,NA,NA,1
FGD1,2,0,0,1,NA,NA,NA,1
FGD4,7,0,0,1,NA,NA,NA,1
FGD5,4,0,0,1,NA,NA,NA,1
FGD6,2,0,0,1,NA,NA,NA,1
FGF2,3,0,0,1,NA,NA,NA,1
FGFR1,7,0,0,1,NA,NA,NA,1
FGFR1OP2,2,0,0,1,NA,NA,NA,1
FH,2,0,0,1,NA,NA,NA,1
FHIP2A,3,0,0,1,NA,NA,NA,1
FHL1,2,0,0,1,NA,NA,NA,1
FHL2,3,0,0,1,NA,NA,NA,1
FIBP,3,0,0,1,NA,NA,NA,1
FICD,3,0,0,1,NA,NA,NA,1
FIG4,2,0,0,1,NA,NA,NA,1
FIGN,2,0,0,1,NA,NA,NA,1
FIGNL1,3,0,0,1,NA,NA,NA,1
FIP1L1,2,0,0,1,NA,NA,NA,1
FITM2,2,0,0,1,NA,NA,NA,1
FJX1,2,0,0,1,NA,NA,NA,1
FKBP14,9,0,0,1,NA,NA,NA,1
FKBP15,2,0,0,1,NA,NA,NA,1
FKBP1A,4,0,0,1,NA,NA,NA,1
FKBP3,3,0,0,1,NA,NA,NA,1
FKBP4,2,0,0,1,NA,NA,NA,1
FKBP5,5,0,0,1,NA,NA,NA,1
FKBP7,2,0,0,1,NA,NA,NA,1
FKBP9,3,0,0,1,NA,NA,NA,1
FKRP,2,0,0,1,NA,NA,NA,1
FKTN,3,0,0,1,NA,NA,NA,1
FLNB,3,0,0,1,NA,NA,NA,1
FLRT2,5,0,0,1,NA,NA,NA,1
FLT1,6,0,0,1,NA,NA,NA,1
FLYWCH1,2,0,0,1,NA,NA,NA,1
FMNL3,4,0,0,1,NA,NA,NA,1
FMR1,3,0,0,1,NA,NA,NA,1
FN3KRP,2,0,0,1,NA,NA,NA,1
FNBP1L,2,0,0,1,NA,NA,NA,1
FNDC3A,5,0,0,1,NA,NA,NA,1
FNDC3B,6,0,0,1,NA,NA,NA,1
FNDC4,2,0,0,1,NA,NA,NA,1
FNIP2,3,0,0,1,NA,NA,NA,1
FOSL1,2,0,0,1,NA,NA,NA,1
FOSL2,7,0,0,1,NA,NA,NA,1
FOXC1,3,0,0,1,NA,NA,NA,1
FOXC2,3,0,0,1,NA,NA,NA,1
FOXJ3,2,0,0,1,NA,NA,NA,1
FOXK1,3,0,0,1,NA,NA,NA,1
FOXK2,5,0,0,1,NA,NA,NA,1
FOXN3,4,0,0,1,NA,NA,NA,1
FOXO1,5,0,0,1,NA,NA,NA,1
FOXO3,3,0,0,1,NA,NA,NA,1
FOXP1,6,0,0,1,NA,NA,NA,1
FOXP4,3,0,0,1,NA,NA,NA,1
FOXRED2,2,0,0,1,NA,NA,NA,1
FPGT,3,0,0,1,NA,NA,NA,1
FRA10AC1,2,0,0,1,NA,NA,NA,1
FRAT1,2,0,0,1,NA,NA,NA,1
FRAT2,2,0,0,1,NA,NA,NA,1
FRMD4A,3,0,0,1,NA,NA,NA,1
FRMD4B,6,0,0,1,NA,NA,NA,1
FRMD5,3,0,0,1,NA,NA,NA,1
FRMD6,3,0,0,1,NA,NA,NA,1
FRMD8,2,0,0,1,NA,NA,NA,1
FRS2,6,0,0,1,NA,NA,NA,1
FRYL,3,0,0,1,NA,NA,NA,1
FST,2,0,0,1,NA,NA,NA,1
FSTL1,5,0,0,1,NA,NA,NA,1
FSTL3,4,0,0,1,NA,NA,NA,1
FTH1,4,0,0,1,NA,NA,NA,1
FTSJ1,2,0,0,1,NA,NA,NA,1
FUBP1,2,0,0,1,NA,NA,NA,1
FUNDC1,2,0,0,1,NA,NA,NA,1
FUNDC2,3,0,0,1,NA,NA,NA,1
FURIN,2,0,0,1,NA,NA,NA,1
FUT11,2,0,0,1,NA,NA,NA,1
FUT4,2,0,0,1,NA,NA,NA,1
FUT8,3,0,0,1,NA,NA,NA,1
FXN,5,0,0,1,NA,NA,NA,1
FXR1,6,0,0,1,NA,NA,NA,1
FXR2,2,0,0,1,NA,NA,NA,1
FYN,2,0,0,1,NA,NA,NA,1
FYTTD1,5,0,0,1,NA,NA,NA,1
FZD3,3,0,0,1,NA,NA,NA,1
FZD4,2,0,0,1,NA,NA,NA,1
FZD6,2,0,0,1,NA,NA,NA,1
FZD8,3,0,0,1,NA,NA,NA,1
FZR1,4,0,0,1,NA,NA,NA,1
G2E3,7,0,0,1,NA,NA,NA,1
G3BP1,8,0,0,1,NA,NA,NA,1
G3BP2,5,0,0,1,NA,NA,NA,1
GAB1,2,0,0,1,NA,NA,NA,1
GAB2,2,0,0,1,NA,NA,NA,1
GABARAP,3,0,0,1,NA,NA,NA,1
GABARAPL1,2,0,0,1,NA,NA,NA,1
GABARAPL2,3,0,0,1,NA,NA,NA,1
GABBR2,2,0,0,1,NA,NA,NA,1
GABPA,2,0,0,1,NA,NA,NA,1
GABPB1,3,0,0,1,NA,NA,NA,1
GABPB2,2,0,0,1,NA,NA,NA,1
GADD45A,3,0,0,1,NA,NA,NA,1
GADD45B,2,0,0,1,NA,NA,NA,1
GALC,2,0,0,1,NA,NA,NA,1
GALK2,2,0,0,1,NA,NA,NA,1
GALM,3,0,0,1,NA,NA,NA,1
GALNT1,11,0,0,1,NA,NA,NA,1
GALNT10,3,0,0,1,NA,NA,NA,1
GALNT11,2,0,0,1,NA,NA,NA,1
GALNT12,2,0,0,1,NA,NA,NA,1
GALNT2,3,0,0,1,NA,NA,NA,1
GALNT4,2,0,0,1,NA,NA,NA,1
GALNT6,3,0,0,1,NA,NA,NA,1
GAN,3,0,0,1,NA,NA,NA,1
GAPVD1,2,0,0,1,NA,NA,NA,1
GAR1,2,0,0,1,NA,NA,NA,1
GAREM1,3,0,0,1,NA,NA,NA,1
GARS1,2,0,0,1,NA,NA,NA,1
GAS2L3,2,0,0,1,NA,NA,NA,1
GAS8,2,0,0,1,NA,NA,NA,1
GASK1B,5,0,0,1,NA,NA,NA,1
GATA2,2,0,0,1,NA,NA,NA,1
GATA3,4,0,0,1,NA,NA,NA,1
GATA6,6,0,0,1,NA,NA,NA,1
GATAD1,5,0,0,1,NA,NA,NA,1
GATAD2A,5,0,0,1,NA,NA,NA,1
GATC,5,0,0,1,NA,NA,NA,1
GATD1,2,0,0,1,NA,NA,NA,1
GBE1,3,0,0,1,NA,NA,NA,1
GBP1,2,0,0,1,NA,NA,NA,1
GBP2,2,0,0,1,NA,NA,NA,1
GBP3,2,0,0,1,NA,NA,NA,1
GBP4,2,0,0,1,NA,NA,NA,1
GCC2,2,0,0,1,NA,NA,NA,1
GCDH,2,0,0,1,NA,NA,NA,1
GCFC2,2,0,0,1,NA,NA,NA,1
GCLC,6,0,0,1,NA,NA,NA,1
GCLM,11,0,0,1,NA,NA,NA,1
GCN1,2,0,0,1,NA,NA,NA,1
GCNT1,5,0,0,1,NA,NA,NA,1
GDAP2,4,0,0,1,NA,NA,NA,1
GDE1,4,0,0,1,NA,NA,NA,1
GDF11,5,0,0,1,NA,NA,NA,1
GDF6,4,0,0,1,NA,NA,NA,1
GDF7,3,0,0,1,NA,NA,NA,1
GDI2,3,0,0,1,NA,NA,NA,1
GDPD1,2,0,0,1,NA,NA,NA,1
GEMIN4,3,0,0,1,NA,NA,NA,1
GEMIN5,2,0,0,1,NA,NA,NA,1
GEMIN6,2,0,0,1,NA,NA,NA,1
GEMIN8,5,0,0,1,NA,NA,NA,1
GET1,2,0,0,1,NA,NA,NA,1
GET4,2,0,0,1,NA,NA,NA,1
GFER,3,0,0,1,NA,NA,NA,1
GFM1,6,0,0,1,NA,NA,NA,1
GFM2,2,0,0,1,NA,NA,NA,1
GFOD1,2,0,0,1,NA,NA,NA,1
GFPT1,10,0,0,1,NA,NA,NA,1
GGA2,6,0,0,1,NA,NA,NA,1
GGACT,3,0,0,1,NA,NA,NA,1
GGCX,8,0,0,1,NA,NA,NA,1
GGPS1,3,0,0,1,NA,NA,NA,1
GHITM,2,0,0,1,NA,NA,NA,1
GID4,3,0,0,1,NA,NA,NA,1
GID8,4,0,0,1,NA,NA,NA,1
GIGYF2,2,0,0,1,NA,NA,NA,1
GIMAP1,4,0,0,1,NA,NA,NA,1
GIMAP4,2,0,0,1,NA,NA,NA,1
GIMAP6,2,0,0,1,NA,NA,NA,1
GIMAP7,2,0,0,1,NA,NA,NA,1
GINM1,4,0,0,1,NA,NA,NA,1
GINS2,2,0,0,1,NA,NA,NA,1
GINS4,2,0,0,1,NA,NA,NA,1
GIPC2,2,0,0,1,NA,NA,NA,1
GIT2,2,0,0,1,NA,NA,NA,1
GJA1,3,0,0,1,NA,NA,NA,1
GJA5,3,0,0,1,NA,NA,NA,1
GJC1,2,0,0,1,NA,NA,NA,1
GK5,4,0,0,1,NA,NA,NA,1
GLB1,2,0,0,1,NA,NA,NA,1
GLB1L,2,0,0,1,NA,NA,NA,1
GLCCI1,2,0,0,1,NA,NA,NA,1
GLCE,3,0,0,1,NA,NA,NA,1
GLE1,2,0,0,1,NA,NA,NA,1
GLG1,4,0,0,1,NA,NA,NA,1
GLI2,2,0,0,1,NA,NA,NA,1
GLI3,2,0,0,1,NA,NA,NA,1
GLIPR1,11,0,0,1,NA,NA,NA,1
GLIPR2,5,0,0,1,NA,NA,NA,1
GLO1,4,0,0,1,NA,NA,NA,1
GLOD4,2,0,0,1,NA,NA,NA,1
GLRX3,4,0,0,1,NA,NA,NA,1
GLRX5,5,0,0,1,NA,NA,NA,1
GLS,6,0,0,1,NA,NA,NA,1
GLTP,2,0,0,1,NA,NA,NA,1
GLUD1,6,0,0,1,NA,NA,NA,1
GLUL,2,0,0,1,NA,NA,NA,1
GLYR1,2,0,0,1,NA,NA,NA,1
GM2A,3,0,0,1,NA,NA,NA,1
GMCL1,4,0,0,1,NA,NA,NA,1
GMEB1,6,0,0,1,NA,NA,NA,1
GMFB,4,0,0,1,NA,NA,NA,1
GMNN,2,0,0,1,NA,NA,NA,1
GMPPB,3,0,0,1,NA,NA,NA,1
GMPS,2,0,0,1,NA,NA,NA,1
GNA11,2,0,0,1,NA,NA,NA,1
GNA12,4,0,0,1,NA,NA,NA,1
GNA13,3,0,0,1,NA,NA,NA,1
GNAI1,4,0,0,1,NA,NA,NA,1
GNAI2,2,0,0,1,NA,NA,NA,1
GNAI3,12,0,0,1,NA,NA,NA,1
GNAQ,6,0,0,1,NA,NA,NA,1
GNB1,3,0,0,1,NA,NA,NA,1
GNB4,5,0,0,1,NA,NA,NA,1
GNB5,4,0,0,1,NA,NA,NA,1
GNE,3,0,0,1,NA,NA,NA,1
GNG11,4,0,0,1,NA,NA,NA,1
GNG12,10,0,0,1,NA,NA,NA,1
GNL3,2,0,0,1,NA,NA,NA,1
GNL3L,7,0,0,1,NA,NA,NA,1
GNPDA2,2,0,0,1,NA,NA,NA,1
GNPNAT1,4,0,0,1,NA,NA,NA,1
GNPTG,2,0,0,1,NA,NA,NA,1
GNS,4,0,0,1,NA,NA,NA,1
GOLGA1,2,0,0,1,NA,NA,NA,1
GOLGA2,4,0,0,1,NA,NA,NA,1
GOLGA3,5,0,0,1,NA,NA,NA,1
GOLGA5,2,0,0,1,NA,NA,NA,1
GOLGA7,5,0,0,1,NA,NA,NA,1
GOLGB1,2,0,0,1,NA,NA,NA,1
GOLIM4,4,0,0,1,NA,NA,NA,1
GOLM1,2,0,0,1,NA,NA,NA,1
GOLPH3L,3,0,0,1,NA,NA,NA,1
GOLT1B,3,0,0,1,NA,NA,NA,1
GOPC,5,0,0,1,NA,NA,NA,1
GORAB,2,0,0,1,NA,NA,NA,1
GORASP2,4,0,0,1,NA,NA,NA,1
GOSR1,4,0,0,1,NA,NA,NA,1
GOSR2,9,0,0,1,NA,NA,NA,1
GOT1,3,0,0,1,NA,NA,NA,1
GPALPP1,2,0,0,1,NA,NA,NA,1
GPAT4,6,0,0,1,NA,NA,NA,1
GPATCH1,2,0,0,1,NA,NA,NA,1
GPATCH11,4,0,0,1,NA,NA,NA,1
GPATCH2,3,0,0,1,NA,NA,NA,1
GPATCH2L,6,0,0,1,NA,NA,NA,1
GPATCH8,2,0,0,1,NA,NA,NA,1
GPBP1,2,0,0,1,NA,NA,NA,1
GPBP1L1,4,0,0,1,NA,NA,NA,1
GPC1,2,0,0,1,NA,NA,NA,1
GPCPD1,3,0,0,1,NA,NA,NA,1
GPD2,3,0,0,1,NA,NA,NA,1
GPI,3,0,0,1,NA,NA,NA,1
GPN1,3,0,0,1,NA,NA,NA,1
GPN2,3,0,0,1,NA,NA,NA,1
GPN3,3,0,0,1,NA,NA,NA,1
GPR107,4,0,0,1,NA,NA,NA,1
GPR137B,3,0,0,1,NA,NA,NA,1
GPR155,5,0,0,1,NA,NA,NA,1
GPR157,3,0,0,1,NA,NA,NA,1
GPR161,5,0,0,1,NA,NA,NA,1
GPR176,2,0,0,1,NA,NA,NA,1
GPR180,5,0,0,1,NA,NA,NA,1
GPR37,4,0,0,1,NA,NA,NA,1
GPR4,3,0,0,1,NA,NA,NA,1
GPR89A,3,0,0,1,NA,NA,NA,1
GPRASP3,2,0,0,1,NA,NA,NA,1
GPRC5A,3,0,0,1,NA,NA,NA,1
GPRC5B,2,0,0,1,NA,NA,NA,1
GPT2,2,0,0,1,NA,NA,NA,1
GPX7,2,0,0,1,NA,NA,NA,1
GPX8,4,0,0,1,NA,NA,NA,1
GRB10,3,0,0,1,NA,NA,NA,1
GRB2,3,0,0,1,NA,NA,NA,1
GRK2,2,0,0,1,NA,NA,NA,1
GRK5,4,0,0,1,NA,NA,NA,1
GRK6,3,0,0,1,NA,NA,NA,1
GRPEL1,6,0,0,1,NA,NA,NA,1
GRPEL2,2,0,0,1,NA,NA,NA,1
GRSF1,7,0,0,1,NA,NA,NA,1
GRWD1,2,0,0,1,NA,NA,NA,1
GSE1,2,0,0,1,NA,NA,NA,1
GSK3B,6,0,0,1,NA,NA,NA,1
GSKIP,2,0,0,1,NA,NA,NA,1
GSPT1,6,0,0,1,NA,NA,NA,1
GSPT2,2,0,0,1,NA,NA,NA,1
GSR,3,0,0,1,NA,NA,NA,1
GSTA4,2,0,0,1,NA,NA,NA,1
GSTM3,5,0,0,1,NA,NA,NA,1
GSTZ1,2,0,0,1,NA,NA,NA,1
GTF2A1,6,0,0,1,NA,NA,NA,1
GTF2A2,4,0,0,1,NA,NA,NA,1
GTF2E2,2,0,0,1,NA,NA,NA,1
GTF2F1,4,0,0,1,NA,NA,NA,1
GTF2F2,4,0,0,1,NA,NA,NA,1
GTF2H3,4,0,0,1,NA,NA,NA,1
GTF2H5,2,0,0,1,NA,NA,NA,1
GTF3C1,2,0,0,1,NA,NA,NA,1
GTF3C2,2,0,0,1,NA,NA,NA,1
GTF3C3,5,0,0,1,NA,NA,NA,1
GTF3C4,5,0,0,1,NA,NA,NA,1
GTF3C6,2,0,0,1,NA,NA,NA,1
GTPBP1,3,0,0,1,NA,NA,NA,1
GTPBP10,3,0,0,1,NA,NA,NA,1
GTPBP3,2,0,0,1,NA,NA,NA,1
GTPBP4,7,0,0,1,NA,NA,NA,1
GTPBP8,3,0,0,1,NA,NA,NA,1
GTSE1,2,0,0,1,NA,NA,NA,1
GUF1,3,0,0,1,NA,NA,NA,1
GXYLT1,6,0,0,1,NA,NA,NA,1
GYG1,2,0,0,1,NA,NA,NA,1
GZF1,6,0,0,1,NA,NA,NA,1
H1-0,2,0,0,1,NA,NA,NA,1
H2AZ2,3,0,0,1,NA,NA,NA,1
H3-3B,6,0,0,1,NA,NA,NA,1
H3-5,2,0,0,1,NA,NA,NA,1
H6PD,3,0,0,1,NA,NA,NA,1
HABP4,2,0,0,1,NA,NA,NA,1
HACD1,2,0,0,1,NA,NA,NA,1
HACD3,4,0,0,1,NA,NA,NA,1
HACD4,2,0,0,1,NA,NA,NA,1
HACE1,3,0,0,1,NA,NA,NA,1
HADH,2,0,0,1,NA,NA,NA,1
HADHA,3,0,0,1,NA,NA,NA,1
HADHB,4,0,0,1,NA,NA,NA,1
HAPSTR1,4,0,0,1,NA,NA,NA,1
HARBI1,2,0,0,1,NA,NA,NA,1
HAT1,2,0,0,1,NA,NA,NA,1
HAUS1,2,0,0,1,NA,NA,NA,1
HAUS2,4,0,0,1,NA,NA,NA,1
HAUS3,2,0,0,1,NA,NA,NA,1
HAUS5,3,0,0,1,NA,NA,NA,1
HAUS6,3,0,0,1,NA,NA,NA,1
HBS1L,2,0,0,1,NA,NA,NA,1
HCCS,2,0,0,1,NA,NA,NA,1
HCFC1,2,0,0,1,NA,NA,NA,1
HCFC2,2,0,0,1,NA,NA,NA,1
HDAC2,4,0,0,1,NA,NA,NA,1
HDAC4,2,0,0,1,NA,NA,NA,1
HDDC3,2,0,0,1,NA,NA,NA,1
HDGFL3,13,0,0,1,NA,NA,NA,1
HDHD2,3,0,0,1,NA,NA,NA,1
HDLBP,3,0,0,1,NA,NA,NA,1
HDX,2,0,0,1,NA,NA,NA,1
HEATR1,5,0,0,1,NA,NA,NA,1
HEATR3,4,0,0,1,NA,NA,NA,1
HEATR5A,2,0,0,1,NA,NA,NA,1
HEATR6,2,0,0,1,NA,NA,NA,1
HEBP2,6,0,0,1,NA,NA,NA,1
HECW2,4,0,0,1,NA,NA,NA,1
HEG1,3,0,0,1,NA,NA,NA,1
HELZ,4,0,0,1,NA,NA,NA,1
HERC3,4,0,0,1,NA,NA,NA,1
HERC4,3,0,0,1,NA,NA,NA,1
HERPUD2,3,0,0,1,NA,NA,NA,1
HES1,2,0,0,1,NA,NA,NA,1
HES2,3,0,0,1,NA,NA,NA,1
HEXA,2,0,0,1,NA,NA,NA,1
HEXIM1,4,0,0,1,NA,NA,NA,1
HEY2,3,0,0,1,NA,NA,NA,1
HFE,2,0,0,1,NA,NA,NA,1
HGH1,2,0,0,1,NA,NA,NA,1
HGSNAT,5,0,0,1,NA,NA,NA,1
HHIP,7,0,0,1,NA,NA,NA,1
HIBCH,2,0,0,1,NA,NA,NA,1
HIC1,2,0,0,1,NA,NA,NA,1
HIC2,2,0,0,1,NA,NA,NA,1
HIF1AN,6,0,0,1,NA,NA,NA,1
HIGD1A,4,0,0,1,NA,NA,NA,1
HIKESHI,3,0,0,1,NA,NA,NA,1
HILPDA,2,0,0,1,NA,NA,NA,1
HINT3,3,0,0,1,NA,NA,NA,1
HIP1,3,0,0,1,NA,NA,NA,1
HIP1R,2,0,0,1,NA,NA,NA,1
HIPK1,2,0,0,1,NA,NA,NA,1
HIPK3,3,0,0,1,NA,NA,NA,1
HIVEP2,2,0,0,1,NA,NA,NA,1
HLA-A,2,0,0,1,NA,NA,NA,1
HLA-C,2,0,0,1,NA,NA,NA,1
HLCS,3,0,0,1,NA,NA,NA,1
HMBOX1,2,0,0,1,NA,NA,NA,1
HMCES,3,0,0,1,NA,NA,NA,1
HMG20A,4,0,0,1,NA,NA,NA,1
HMGA2,6,0,0,1,NA,NA,NA,1
HMGB1,8,0,0,1,NA,NA,NA,1
HMGB3,4,0,0,1,NA,NA,NA,1
HMGCR,5,0,0,1,NA,NA,NA,1
HMGCS1,2,0,0,1,NA,NA,NA,1
HMGN1,2,0,0,1,NA,NA,NA,1
HMGN2,2,0,0,1,NA,NA,NA,1
HMGN3,3,0,0,1,NA,NA,NA,1
HMGXB4,2,0,0,1,NA,NA,NA,1
HNMT,2,0,0,1,NA,NA,NA,1
HNRNPA0,5,0,0,1,NA,NA,NA,1
HNRNPA1,4,0,0,1,NA,NA,NA,1
HNRNPA2B1,5,0,0,1,NA,NA,NA,1
HNRNPA3,14,0,0,1,NA,NA,NA,1
HNRNPAB,4,0,0,1,NA,NA,NA,1
HNRNPC,5,0,0,1,NA,NA,NA,1
HNRNPD,5,0,0,1,NA,NA,NA,1
HNRNPDL,5,0,0,1,NA,NA,NA,1
HNRNPF,4,0,0,1,NA,NA,NA,1
HNRNPH3,3,0,0,1,NA,NA,NA,1
HNRNPK,4,0,0,1,NA,NA,NA,1
HNRNPLL,5,0,0,1,NA,NA,NA,1
HNRNPM,2,0,0,1,NA,NA,NA,1
HNRNPU,7,0,0,1,NA,NA,NA,1
HNRNPUL1,4,0,0,1,NA,NA,NA,1
HNRNPUL2,4,0,0,1,NA,NA,NA,1
HOMER1,4,0,0,1,NA,NA,NA,1
HOMEZ,2,0,0,1,NA,NA,NA,1
HOOK3,9,0,0,1,NA,NA,NA,1
HOXA10,2,0,0,1,NA,NA,NA,1
HOXA11,2,0,0,1,NA,NA,NA,1
HOXA3,2,0,0,1,NA,NA,NA,1
HOXA4,2,0,0,1,NA,NA,NA,1
HOXA5,2,0,0,1,NA,NA,NA,1
HOXA7,2,0,0,1,NA,NA,NA,1
HOXA9,4,0,0,1,NA,NA,NA,1
HOXB4,2,0,0,1,NA,NA,NA,1
HOXB5,2,0,0,1,NA,NA,NA,1
HOXB7,2,0,0,1,NA,NA,NA,1
HOXC9,4,0,0,1,NA,NA,NA,1
HOXD8,4,0,0,1,NA,NA,NA,1
HP1BP3,4,0,0,1,NA,NA,NA,1
HPCAL1,2,0,0,1,NA,NA,NA,1
HPRT1,3,0,0,1,NA,NA,NA,1
HPS1,3,0,0,1,NA,NA,NA,1
HPSE,2,0,0,1,NA,NA,NA,1
HRH1,4,0,0,1,NA,NA,NA,1
HS2ST1,9,0,0,1,NA,NA,NA,1
HSBP1,5,0,0,1,NA,NA,NA,1
HSCB,2,0,0,1,NA,NA,NA,1
HSD17B11,2,0,0,1,NA,NA,NA,1
HSD17B12,4,0,0,1,NA,NA,NA,1
HSD17B4,3,0,0,1,NA,NA,NA,1
HSDL1,4,0,0,1,NA,NA,NA,1
HSDL2,5,0,0,1,NA,NA,NA,1
HSP90AA1,2,0,0,1,NA,NA,NA,1
HSPA13,4,0,0,1,NA,NA,NA,1
HSPA14,2,0,0,1,NA,NA,NA,1
HSPA4,4,0,0,1,NA,NA,NA,1
HSPA4L,3,0,0,1,NA,NA,NA,1
HSPA5,3,0,0,1,NA,NA,NA,1
HSPA9,5,0,0,1,NA,NA,NA,1
HSPB1,2,0,0,1,NA,NA,NA,1
HSPBP1,2,0,0,1,NA,NA,NA,1
HSPD1,2,0,0,1,NA,NA,NA,1
HSPE1,2,0,0,1,NA,NA,NA,1
HSPE1-MOB4,2,0,0,1,NA,NA,NA,1
HSPG2,2,0,0,1,NA,NA,NA,1
HSPH1,7,0,0,1,NA,NA,NA,1
HTATIP2,2,0,0,1,NA,NA,NA,1
HTR1B,3,0,0,1,NA,NA,NA,1
HTR1D,2,0,0,1,NA,NA,NA,1
HTRA2,3,0,0,1,NA,NA,NA,1
HUS1,4,0,0,1,NA,NA,NA,1
HUWE1,4,0,0,1,NA,NA,NA,1
HYCC1,7,0,0,1,NA,NA,NA,1
HYCC2,4,0,0,1,NA,NA,NA,1
HYPK,3,0,0,1,NA,NA,NA,1
IAH1,2,0,0,1,NA,NA,NA,1
ICAM1,3,0,0,1,NA,NA,NA,1
ICE2,6,0,0,1,NA,NA,NA,1
ICMT,5,0,0,1,NA,NA,NA,1
ID1,3,0,0,1,NA,NA,NA,1
ID2,3,0,0,1,NA,NA,NA,1
IDE,7,0,0,1,NA,NA,NA,1
IDH1,2,0,0,1,NA,NA,NA,1
IDH2,4,0,0,1,NA,NA,NA,1
IDH3A,6,0,0,1,NA,NA,NA,1
IDI1,3,0,0,1,NA,NA,NA,1
IDS,9,0,0,1,NA,NA,NA,1
IER3IP1,3,0,0,1,NA,NA,NA,1
IER5L,2,0,0,1,NA,NA,NA,1
IFFO2,2,0,0,1,NA,NA,NA,1
IFIT5,2,0,0,1,NA,NA,NA,1
IFITM3,2,0,0,1,NA,NA,NA,1
IFNAR1,6,0,0,1,NA,NA,NA,1
IFRD1,2,0,0,1,NA,NA,NA,1
IFRD2,2,0,0,1,NA,NA,NA,1
IFT20,2,0,0,1,NA,NA,NA,1
IFT22,5,0,0,1,NA,NA,NA,1
IFT43,2,0,0,1,NA,NA,NA,1
IFT56,2,0,0,1,NA,NA,NA,1
IFT57,2,0,0,1,NA,NA,NA,1
IFT70A,2,0,0,1,NA,NA,NA,1
IFT74,2,0,0,1,NA,NA,NA,1
IFT80,2,0,0,1,NA,NA,NA,1
IGF1R,6,0,0,1,NA,NA,NA,1
IGF2,2,0,0,1,NA,NA,NA,1
IGF2BP1,6,0,0,1,NA,NA,NA,1
IGF2BP2,4,0,0,1,NA,NA,NA,1
IGF2BP3,4,0,0,1,NA,NA,NA,1
IGF2R,3,0,0,1,NA,NA,NA,1
IGFBP7,4,0,0,1,NA,NA,NA,1
IGHMBP2,2,0,0,1,NA,NA,NA,1
IK,2,0,0,1,NA,NA,NA,1
IKBIP,5,0,0,1,NA,NA,NA,1
IKBKB,4,0,0,1,NA,NA,NA,1
IKZF4,2,0,0,1,NA,NA,NA,1
IKZF5,2,0,0,1,NA,NA,NA,1
IL10RB,2,0,0,1,NA,NA,NA,1
IL11,2,0,0,1,NA,NA,NA,1
IL13RA1,9,0,0,1,NA,NA,NA,1
IL15,2,0,0,1,NA,NA,NA,1
IL17RA,8,0,0,1,NA,NA,NA,1
IL6R,2,0,0,1,NA,NA,NA,1
IL6ST,8,0,0,1,NA,NA,NA,1
IL7R,2,0,0,1,NA,NA,NA,1
ILF2,4,0,0,1,NA,NA,NA,1
ILF3,3,0,0,1,NA,NA,NA,1
ILRUN,2,0,0,1,NA,NA,NA,1
IMMP2L,2,0,0,1,NA,NA,NA,1
IMP3,2,0,0,1,NA,NA,NA,1
IMP4,3,0,0,1,NA,NA,NA,1
IMPA1,4,0,0,1,NA,NA,NA,1
IMPACT,2,0,0,1,NA,NA,NA,1
INF2,3,0,0,1,NA,NA,NA,1
ING1,5,0,0,1,NA,NA,NA,1
ING3,2,0,0,1,NA,NA,NA,1
ING5,3,0,0,1,NA,NA,NA,1
INHBA,10,0,0,1,NA,NA,NA,1
INIP,4,0,0,1,NA,NA,NA,1
INKA2,4,0,0,1,NA,NA,NA,1
INPP1,2,0,0,1,NA,NA,NA,1
INPP5A,2,0,0,1,NA,NA,NA,1
INPP5B,2,0,0,1,NA,NA,NA,1
INPP5K,3,0,0,1,NA,NA,NA,1
INPPL1,3,0,0,1,NA,NA,NA,1
INSIG1,2,0,0,1,NA,NA,NA,1
INSIG2,5,0,0,1,NA,NA,NA,1
INSR,3,0,0,1,NA,NA,NA,1
INTS6,5,0,0,1,NA,NA,NA,1
INTS7,3,0,0,1,NA,NA,NA,1
INTU,3,0,0,1,NA,NA,NA,1
INVS,3,0,0,1,NA,NA,NA,1
IP6K1,2,0,0,1,NA,NA,NA,1
IPO11,3,0,0,1,NA,NA,NA,1
IPO13,2,0,0,1,NA,NA,NA,1
IPO5,6,0,0,1,NA,NA,NA,1
IPO7,8,0,0,1,NA,NA,NA,1
IPO9,10,0,0,1,NA,NA,NA,1
IPPK,3,0,0,1,NA,NA,NA,1
IQCK,3,0,0,1,NA,NA,NA,1
IQGAP1,4,0,0,1,NA,NA,NA,1
IQSEC1,2,0,0,1,NA,NA,NA,1
IRAK2,2,0,0,1,NA,NA,NA,1
IRAK3,2,0,0,1,NA,NA,NA,1
IRAK4,3,0,0,1,NA,NA,NA,1
IREB2,5,0,0,1,NA,NA,NA,1
IRF1,2,0,0,1,NA,NA,NA,1
IRF2,2,0,0,1,NA,NA,NA,1
IRF2BP2,5,0,0,1,NA,NA,NA,1
IRF2BPL,3,0,0,1,NA,NA,NA,1
IRF6,5,0,0,1,NA,NA,NA,1
IRGQ,2,0,0,1,NA,NA,NA,1
IRS2,2,0,0,1,NA,NA,NA,1
ISCA1,2,0,0,1,NA,NA,NA,1
ISCA2,2,0,0,1,NA,NA,NA,1
ISCU,3,0,0,1,NA,NA,NA,1
ISG20L2,5,0,0,1,NA,NA,NA,1
ISOC1,3,0,0,1,NA,NA,NA,1
ISY1,3,0,0,1,NA,NA,NA,1
ISYNA1,2,0,0,1,NA,NA,NA,1
ITCH,4,0,0,1,NA,NA,NA,1
ITFG1,4,0,0,1,NA,NA,NA,1
ITGA1,2,0,0,1,NA,NA,NA,1
ITGA11,2,0,0,1,NA,NA,NA,1
ITGA2,4,0,0,1,NA,NA,NA,1
ITGA4,5,0,0,1,NA,NA,NA,1
ITGA6,3,0,0,1,NA,NA,NA,1
ITGAV,10,0,0,1,NA,NA,NA,1
ITGB1,3,0,0,1,NA,NA,NA,1
ITGB1BP1,3,0,0,1,NA,NA,NA,1
ITGB3,5,0,0,1,NA,NA,NA,1
ITGB5,3,0,0,1,NA,NA,NA,1
ITM2B,4,0,0,1,NA,NA,NA,1
ITPR1,2,0,0,1,NA,NA,NA,1
ITPR2,5,0,0,1,NA,NA,NA,1
ITPR3,2,0,0,1,NA,NA,NA,1
ITPRID2,2,0,0,1,NA,NA,NA,1
ITPRIP,2,0,0,1,NA,NA,NA,1
ITPRIPL2,6,0,0,1,NA,NA,NA,1
IVD,5,0,0,1,NA,NA,NA,1
IVNS1ABP,7,0,0,1,NA,NA,NA,1
JADE1,4,0,0,1,NA,NA,NA,1
JADE2,2,0,0,1,NA,NA,NA,1
JAG1,4,0,0,1,NA,NA,NA,1
JAG2,3,0,0,1,NA,NA,NA,1
JAGN1,2,0,0,1,NA,NA,NA,1
JAK1,3,0,0,1,NA,NA,NA,1
JAK2,3,0,0,1,NA,NA,NA,1
JAM3,3,0,0,1,NA,NA,NA,1
JARID2,3,0,0,1,NA,NA,NA,1
JAZF1,2,0,0,1,NA,NA,NA,1
JCAD,6,0,0,1,NA,NA,NA,1
JHY,2,0,0,1,NA,NA,NA,1
JKAMP,3,0,0,1,NA,NA,NA,1
JMJD1C,2,0,0,1,NA,NA,NA,1
JMJD4,3,0,0,1,NA,NA,NA,1
JOSD1,3,0,0,1,NA,NA,NA,1
JPT1,2,0,0,1,NA,NA,NA,1
JPT2,6,0,0,1,NA,NA,NA,1
JRK,3,0,0,1,NA,NA,NA,1
JRKL,2,0,0,1,NA,NA,NA,1
JTB,2,0,0,1,NA,NA,NA,1
JUN,4,0,0,1,NA,NA,NA,1
KANK2,2,0,0,1,NA,NA,NA,1
KANSL3,2,0,0,1,NA,NA,NA,1
KARS1,2,0,0,1,NA,NA,NA,1
KAT2B,2,0,0,1,NA,NA,NA,1
KAT6A,3,0,0,1,NA,NA,NA,1
KAT7,2,0,0,1,NA,NA,NA,1
KATNA1,2,0,0,1,NA,NA,NA,1
KATNAL1,6,0,0,1,NA,NA,NA,1
KATNBL1,4,0,0,1,NA,NA,NA,1
KBTBD2,3,0,0,1,NA,NA,NA,1
KBTBD6,2,0,0,1,NA,NA,NA,1
KBTBD7,2,0,0,1,NA,NA,NA,1
KCMF1,6,0,0,1,NA,NA,NA,1
KCNC4,2,0,0,1,NA,NA,NA,1
KCNK1,2,0,0,1,NA,NA,NA,1
KCNK3,3,0,0,1,NA,NA,NA,1
KCNK6,7,0,0,1,NA,NA,NA,1
KCNMB4,4,0,0,1,NA,NA,NA,1
KCTD1,3,0,0,1,NA,NA,NA,1
KCTD10,2,0,0,1,NA,NA,NA,1
KCTD12,12,0,0,1,NA,NA,NA,1
KCTD15,3,0,0,1,NA,NA,NA,1
KCTD20,3,0,0,1,NA,NA,NA,1
KCTD9,3,0,0,1,NA,NA,NA,1
KDELR1,2,0,0,1,NA,NA,NA,1
KDELR2,8,0,0,1,NA,NA,NA,1
KDELR3,3,0,0,1,NA,NA,NA,1
KDM2A,4,0,0,1,NA,NA,NA,1
KDM2B,4,0,0,1,NA,NA,NA,1
KDM3B,2,0,0,1,NA,NA,NA,1
KDM4A,2,0,0,1,NA,NA,NA,1
KDM4B,3,0,0,1,NA,NA,NA,1
KDM5A,5,0,0,1,NA,NA,NA,1
KDM5B,7,0,0,1,NA,NA,NA,1
KDM5C,2,0,0,1,NA,NA,NA,1
KDM6B,2,0,0,1,NA,NA,NA,1
KDM7A,2,0,0,1,NA,NA,NA,1
KDM8,2,0,0,1,NA,NA,NA,1
KDR,3,0,0,1,NA,NA,NA,1
KDSR,6,0,0,1,NA,NA,NA,1
KEAP1,2,0,0,1,NA,NA,NA,1
KGD4,2,0,0,1,NA,NA,NA,1
KHDRBS1,3,0,0,1,NA,NA,NA,1
KHDRBS3,3,0,0,1,NA,NA,NA,1
KHNYN,2,0,0,1,NA,NA,NA,1
KHSRP,3,0,0,1,NA,NA,NA,1
KIAA0040,2,0,0,1,NA,NA,NA,1
KIAA0319L,3,0,0,1,NA,NA,NA,1
KIAA0586,2,0,0,1,NA,NA,NA,1
KIAA0753,3,0,0,1,NA,NA,NA,1
KIAA0930,4,0,0,1,NA,NA,NA,1
KIAA1217,3,0,0,1,NA,NA,NA,1
KIAA1549,3,0,0,1,NA,NA,NA,1
KIAA1549L,4,0,0,1,NA,NA,NA,1
KIAA1671,3,0,0,1,NA,NA,NA,1
KIAA2013,2,0,0,1,NA,NA,NA,1
KIDINS220,2,0,0,1,NA,NA,NA,1
KIF14,2,0,0,1,NA,NA,NA,1
KIF1B,2,0,0,1,NA,NA,NA,1
KIF1C,7,0,0,1,NA,NA,NA,1
KIF20A,3,0,0,1,NA,NA,NA,1
KIF20B,2,0,0,1,NA,NA,NA,1
KIF2A,6,0,0,1,NA,NA,NA,1
KIF3A,3,0,0,1,NA,NA,NA,1
KIF3B,2,0,0,1,NA,NA,NA,1
KIF3C,2,0,0,1,NA,NA,NA,1
KIF7,2,0,0,1,NA,NA,NA,1
KIFBP,2,0,0,1,NA,NA,NA,1
KIN,2,0,0,1,NA,NA,NA,1
KIRREL1,2,0,0,1,NA,NA,NA,1
KITLG,2,0,0,1,NA,NA,NA,1
KLF10,2,0,0,1,NA,NA,NA,1
KLF12,3,0,0,1,NA,NA,NA,1
KLF2,2,0,0,1,NA,NA,NA,1
KLF3,4,0,0,1,NA,NA,NA,1
KLF4,2,0,0,1,NA,NA,NA,1
KLF6,5,0,0,1,NA,NA,NA,1
KLF7,4,0,0,1,NA,NA,NA,1
KLF9,2,0,0,1,NA,NA,NA,1
KLHDC10,5,0,0,1,NA,NA,NA,1
KLHDC2,2,0,0,1,NA,NA,NA,1
KLHL12,3,0,0,1,NA,NA,NA,1
KLHL13,2,0,0,1,NA,NA,NA,1
KLHL2,2,0,0,1,NA,NA,NA,1
KLHL20,2,0,0,1,NA,NA,NA,1
KLHL24,3,0,0,1,NA,NA,NA,1
KLHL26,2,0,0,1,NA,NA,NA,1
KLHL36,4,0,0,1,NA,NA,NA,1
KLHL4,2,0,0,1,NA,NA,NA,1
KLHL42,6,0,0,1,NA,NA,NA,1
KLHL5,8,0,0,1,NA,NA,NA,1
KLHL6,2,0,0,1,NA,NA,NA,1
KLHL7,2,0,0,1,NA,NA,NA,1
KLHL8,3,0,0,1,NA,NA,NA,1
KLHL9,2,0,0,1,NA,NA,NA,1
KLRG1,3,0,0,1,NA,NA,NA,1
KMT2C,2,0,0,1,NA,NA,NA,1
KMT2D,3,0,0,1,NA,NA,NA,1
KMT2E,2,0,0,1,NA,NA,NA,1
KMT5B,3,0,0,1,NA,NA,NA,1
KNL1,2,0,0,1,NA,NA,NA,1
KNOP1,3,0,0,1,NA,NA,NA,1
KNSTRN,4,0,0,1,NA,NA,NA,1
KPNA1,11,0,0,1,NA,NA,NA,1
KPNA2,2,0,0,1,NA,NA,NA,1
KPNA3,6,0,0,1,NA,NA,NA,1
KPNA4,9,0,0,1,NA,NA,NA,1
KPNA6,6,0,0,1,NA,NA,NA,1
KPNB1,7,0,0,1,NA,NA,NA,1
KRAS,3,0,0,1,NA,NA,NA,1
KRBA2,3,0,0,1,NA,NA,NA,1
KRBOX4,3,0,0,1,NA,NA,NA,1
KRI1,3,0,0,1,NA,NA,NA,1
KRIT1,3,0,0,1,NA,NA,NA,1
KRR1,9,0,0,1,NA,NA,NA,1
KRT80,2,0,0,1,NA,NA,NA,1
KSR1,3,0,0,1,NA,NA,NA,1
KSR2,2,0,0,1,NA,NA,NA,1
KTN1,4,0,0,1,NA,NA,NA,1
KYAT3,2,0,0,1,NA,NA,NA,1
L3HYPDH,4,0,0,1,NA,NA,NA,1
L3MBTL2,2,0,0,1,NA,NA,NA,1
L3MBTL3,2,0,0,1,NA,NA,NA,1
LACTB,2,0,0,1,NA,NA,NA,1
LACTB2,2,0,0,1,NA,NA,NA,1
LAMA4,3,0,0,1,NA,NA,NA,1
LAMA5,2,0,0,1,NA,NA,NA,1
LAMC1,5,0,0,1,NA,NA,NA,1
LAMC2,3,0,0,1,NA,NA,NA,1
LAMP1,3,0,0,1,NA,NA,NA,1
LAMP2,8,0,0,1,NA,NA,NA,1
LAMTOR1,2,0,0,1,NA,NA,NA,1
LAMTOR3,5,0,0,1,NA,NA,NA,1
LANCL1,3,0,0,1,NA,NA,NA,1
LANCL2,2,0,0,1,NA,NA,NA,1
LAP3,2,0,0,1,NA,NA,NA,1
LAPTM4A,2,0,0,1,NA,NA,NA,1
LAPTM5,2,0,0,1,NA,NA,NA,1
LARP1,2,0,0,1,NA,NA,NA,1
LARP4,8,0,0,1,NA,NA,NA,1
LARP4B,7,0,0,1,NA,NA,NA,1
LARS1,2,0,0,1,NA,NA,NA,1
LASP1,2,0,0,1,NA,NA,NA,1
LAT,2,0,0,1,NA,NA,NA,1
LATS2,5,0,0,1,NA,NA,NA,1
LBR,2,0,0,1,NA,NA,NA,1
LCOR,2,0,0,1,NA,NA,NA,1
LDAF1,2,0,0,1,NA,NA,NA,1
LDAH,2,0,0,1,NA,NA,NA,1
LDB1,2,0,0,1,NA,NA,NA,1
LDB2,2,0,0,1,NA,NA,NA,1
LDLR,2,0,0,1,NA,NA,NA,1
LDLRAD3,2,0,0,1,NA,NA,NA,1
LEMD2,2,0,0,1,NA,NA,NA,1
LEMD3,2,0,0,1,NA,NA,NA,1
LEPROT,3,0,0,1,NA,NA,NA,1
LEPROTL1,4,0,0,1,NA,NA,NA,1
LETM1,5,0,0,1,NA,NA,NA,1
LETM2,3,0,0,1,NA,NA,NA,1
LGALS3,2,0,0,1,NA,NA,NA,1
LGALS8,4,0,0,1,NA,NA,NA,1
LGALSL,2,0,0,1,NA,NA,NA,1
LGR4,4,0,0,1,NA,NA,NA,1
LHFPL2,2,0,0,1,NA,NA,NA,1
LHFPL6,3,0,0,1,NA,NA,NA,1
LIAS,2,0,0,1,NA,NA,NA,1
LIFR,3,0,0,1,NA,NA,NA,1
LIG3,3,0,0,1,NA,NA,NA,1
LIMA1,2,0,0,1,NA,NA,NA,1
LIMCH1,2,0,0,1,NA,NA,NA,1
LIMK1,2,0,0,1,NA,NA,NA,1
LIMK2,3,0,0,1,NA,NA,NA,1
LIMS1,7,0,0,1,NA,NA,NA,1
LIN52,2,0,0,1,NA,NA,NA,1
LIN54,2,0,0,1,NA,NA,NA,1
LIN7C,7,0,0,1,NA,NA,NA,1
LIPG,7,0,0,1,NA,NA,NA,1
LITAF,2,0,0,1,NA,NA,NA,1
LIX1L,5,0,0,1,NA,NA,NA,1
LLPH,4,0,0,1,NA,NA,NA,1
LMAN1,5,0,0,1,NA,NA,NA,1
LMAN2,2,0,0,1,NA,NA,NA,1
LMAN2L,2,0,0,1,NA,NA,NA,1
LMBR1,7,0,0,1,NA,NA,NA,1
LMBRD1,2,0,0,1,NA,NA,NA,1
LMBRD2,5,0,0,1,NA,NA,NA,1
LMCD1,3,0,0,1,NA,NA,NA,1
LMF1,2,0,0,1,NA,NA,NA,1
LMNB1,2,0,0,1,NA,NA,NA,1
LMNB2,3,0,0,1,NA,NA,NA,1
LMO4,2,0,0,1,NA,NA,NA,1
LMO7,2,0,0,1,NA,NA,NA,1
LMTK2,2,0,0,1,NA,NA,NA,1
LNPEP,4,0,0,1,NA,NA,NA,1
LNPK,6,0,0,1,NA,NA,NA,1
LOC107985567,3,0,0,1,NA,NA,NA,1
LOC124900275,7,0,0,1,NA,NA,NA,1
LOC124904077,3,0,0,1,NA,NA,NA,1
LOC124905135,2,0,0,1,NA,NA,NA,1
LOC128125822,8,0,0,1,NA,NA,NA,1
LOC728743,2,0,0,1,NA,NA,NA,1
LONP2,7,0,0,1,NA,NA,NA,1
LOX,12,0,0,1,NA,NA,NA,1
LOXL2,4,0,0,1,NA,NA,NA,1
LPAR1,2,0,0,1,NA,NA,NA,1
LPCAT2,7,0,0,1,NA,NA,NA,1
LPGAT1,6,0,0,1,NA,NA,NA,1
LPIN1,2,0,0,1,NA,NA,NA,1
LPP,3,0,0,1,NA,NA,NA,1
LPXN,2,0,0,1,NA,NA,NA,1
LRATD2,2,0,0,1,NA,NA,NA,1
LRBA,2,0,0,1,NA,NA,NA,1
LRCH2,2,0,0,1,NA,NA,NA,1
LRCH3,4,0,0,1,NA,NA,NA,1
LRCH4,2,0,0,1,NA,NA,NA,1
LRIF1,2,0,0,1,NA,NA,NA,1
LRIG2,4,0,0,1,NA,NA,NA,1
LRP10,7,0,0,1,NA,NA,NA,1
LRP11,2,0,0,1,NA,NA,NA,1
LRP12,3,0,0,1,NA,NA,NA,1
LRP5,2,0,0,1,NA,NA,NA,1
LRP8,4,0,0,1,NA,NA,NA,1
LRPAP1,6,0,0,1,NA,NA,NA,1
LRPPRC,3,0,0,1,NA,NA,NA,1
LRRC1,2,0,0,1,NA,NA,NA,1
LRRC14,3,0,0,1,NA,NA,NA,1
LRRC17,3,0,0,1,NA,NA,NA,1
LRRC3,2,0,0,1,NA,NA,NA,1
LRRC32,2,0,0,1,NA,NA,NA,1
LRRC37B,2,0,0,1,NA,NA,NA,1
LRRC40,3,0,0,1,NA,NA,NA,1
LRRC49,2,0,0,1,NA,NA,NA,1
LRRC57,5,0,0,1,NA,NA,NA,1
LRRC58,5,0,0,1,NA,NA,NA,1
LRRC59,2,0,0,1,NA,NA,NA,1
LRRC8A,2,0,0,1,NA,NA,NA,1
LRRC8B,3,0,0,1,NA,NA,NA,1
LRRC8C,3,0,0,1,NA,NA,NA,1
LRRC8E,2,0,0,1,NA,NA,NA,1
LRRFIP1,3,0,0,1,NA,NA,NA,1
LRRFIP2,4,0,0,1,NA,NA,NA,1
LRRK1,2,0,0,1,NA,NA,NA,1
LSG1,2,0,0,1,NA,NA,NA,1
LSM11,3,0,0,1,NA,NA,NA,1
LSM4,2,0,0,1,NA,NA,NA,1
LSM5,5,0,0,1,NA,NA,NA,1
LSM6,2,0,0,1,NA,NA,NA,1
LSM8,5,0,0,1,NA,NA,NA,1
LTA4H,2,0,0,1,NA,NA,NA,1
LTBP1,3,0,0,1,NA,NA,NA,1
LTBP2,5,0,0,1,NA,NA,NA,1
LTBP3,2,0,0,1,NA,NA,NA,1
LUC7L3,3,0,0,1,NA,NA,NA,1
LURAP1L,2,0,0,1,NA,NA,NA,1
LUZP1,3,0,0,1,NA,NA,NA,1
LY75-CD302,3,0,0,1,NA,NA,NA,1
LYN,2,0,0,1,NA,NA,NA,1
LYPD1,4,0,0,1,NA,NA,NA,1
LYPLAL1,2,0,0,1,NA,NA,NA,1
LYRM2,7,0,0,1,NA,NA,NA,1
LYRM4,3,0,0,1,NA,NA,NA,1
LYRM7,6,0,0,1,NA,NA,NA,1
LYSMD3,4,0,0,1,NA,NA,NA,1
LZIC,7,0,0,1,NA,NA,NA,1
LZTFL1,3,0,0,1,NA,NA,NA,1
LZTR1,2,0,0,1,NA,NA,NA,1
M6PR,3,0,0,1,NA,NA,NA,1
MACF1,6,0,0,1,NA,NA,NA,1
MACIR,4,0,0,1,NA,NA,NA,1
MACO1,6,0,0,1,NA,NA,NA,1
MACROH2A1,4,0,0,1,NA,NA,NA,1
MAD2L2,2,0,0,1,NA,NA,NA,1
MAFB,3,0,0,1,NA,NA,NA,1
MAFF,3,0,0,1,NA,NA,NA,1
MAFG,4,0,0,1,NA,NA,NA,1
MAFK,3,0,0,1,NA,NA,NA,1
MAGEH1,3,0,0,1,NA,NA,NA,1
MAGI1,4,0,0,1,NA,NA,NA,1
MAGOHB,2,0,0,1,NA,NA,NA,1
MAGT1,6,0,0,1,NA,NA,NA,1
MAIP1,2,0,0,1,NA,NA,NA,1
MAK16,3,0,0,1,NA,NA,NA,1
MALSU1,2,0,0,1,NA,NA,NA,1
MAML3,2,0,0,1,NA,NA,NA,1
MAMLD1,2,0,0,1,NA,NA,NA,1
MAN1A1,2,0,0,1,NA,NA,NA,1
MAN1A2,7,0,0,1,NA,NA,NA,1
MAN2A1,7,0,0,1,NA,NA,NA,1
MAN2A2,2,0,0,1,NA,NA,NA,1
MAN2B2,2,0,0,1,NA,NA,NA,1
MANEA,2,0,0,1,NA,NA,NA,1
MANF,3,0,0,1,NA,NA,NA,1
MAOA,3,0,0,1,NA,NA,NA,1
MAP1B,7,0,0,1,NA,NA,NA,1
MAP1LC3B,3,0,0,1,NA,NA,NA,1
MAP2K3,2,0,0,1,NA,NA,NA,1
MAP2K4,3,0,0,1,NA,NA,NA,1
MAP2K6,3,0,0,1,NA,NA,NA,1
MAP2K7,2,0,0,1,NA,NA,NA,1
MAP3K1,3,0,0,1,NA,NA,NA,1
MAP3K2,6,0,0,1,NA,NA,NA,1
MAP3K20,2,0,0,1,NA,NA,NA,1
MAP3K3,4,0,0,1,NA,NA,NA,1
MAP3K7,5,0,0,1,NA,NA,NA,1
MAP4,3,0,0,1,NA,NA,NA,1
MAP4K2,5,0,0,1,NA,NA,NA,1
MAP4K4,5,0,0,1,NA,NA,NA,1
MAP4K5,4,0,0,1,NA,NA,NA,1
MAP7D3,2,0,0,1,NA,NA,NA,1
MAPK1,7,0,0,1,NA,NA,NA,1
MAPK13,2,0,0,1,NA,NA,NA,1
MAPK14,7,0,0,1,NA,NA,NA,1
MAPK1IP1L,9,0,0,1,NA,NA,NA,1
MAPK6,3,0,0,1,NA,NA,NA,1
MAPK7,2,0,0,1,NA,NA,NA,1
MAPK8IP3,2,0,0,1,NA,NA,NA,1
MAPK9,3,0,0,1,NA,NA,NA,1
MAPKAP1,2,0,0,1,NA,NA,NA,1
MAPKAPK2,2,0,0,1,NA,NA,NA,1
MAPKAPK3,2,0,0,1,NA,NA,NA,1
MAPKAPK5,2,0,0,1,NA,NA,NA,1
MAPKBP1,2,0,0,1,NA,NA,NA,1
MAPRE1,5,0,0,1,NA,NA,NA,1
MAPRE2,5,0,0,1,NA,NA,NA,1
MARCHF3,4,0,0,1,NA,NA,NA,1
MARCHF5,9,0,0,1,NA,NA,NA,1
MARCHF6,8,0,0,1,NA,NA,NA,1
MARCHF7,4,0,0,1,NA,NA,NA,1
MARCHF9,2,0,0,1,NA,NA,NA,1
MARCKS,7,0,0,1,NA,NA,NA,1
MARCKSL1,2,0,0,1,NA,NA,NA,1
MARK1,2,0,0,1,NA,NA,NA,1
MARK2,2,0,0,1,NA,NA,NA,1
MARK3,4,0,0,1,NA,NA,NA,1
MARK4,3,0,0,1,NA,NA,NA,1
MARS1,2,0,0,1,NA,NA,NA,1
MARS2,3,0,0,1,NA,NA,NA,1
MAST4,2,0,0,1,NA,NA,NA,1
MASTL,3,0,0,1,NA,NA,NA,1
MAT2B,3,0,0,1,NA,NA,NA,1
MATCAP1,2,0,0,1,NA,NA,NA,1
MATN2,2,0,0,1,NA,NA,NA,1
MATN3,2,0,0,1,NA,NA,NA,1
MATR3,4,0,0,1,NA,NA,NA,1
MAU2,3,0,0,1,NA,NA,NA,1
MAVS,10,0,0,1,NA,NA,NA,1
MAX,4,0,0,1,NA,NA,NA,1
MB21D2,3,0,0,1,NA,NA,NA,1
MBD1,4,0,0,1,NA,NA,NA,1
MBD2,3,0,0,1,NA,NA,NA,1
MBD3,3,0,0,1,NA,NA,NA,1
MBD4,2,0,0,1,NA,NA,NA,1
MBLAC2,3,0,0,1,NA,NA,NA,1
MBNL1,2,0,0,1,NA,NA,NA,1
MBNL2,3,0,0,1,NA,NA,NA,1
MBOAT2,3,0,0,1,NA,NA,NA,1
MCAM,2,0,0,1,NA,NA,NA,1
MCAT,2,0,0,1,NA,NA,NA,1
MCC,4,0,0,1,NA,NA,NA,1
MCCC2,2,0,0,1,NA,NA,NA,1
MCFD2,6,0,0,1,NA,NA,NA,1
MCL1,4,0,0,1,NA,NA,NA,1
MCM10,2,0,0,1,NA,NA,NA,1
MCM4,4,0,0,1,NA,NA,NA,1
MCM7,2,0,0,1,NA,NA,NA,1
MCM8,5,0,0,1,NA,NA,NA,1
MCMBP,5,0,0,1,NA,NA,NA,1
MCPH1,3,0,0,1,NA,NA,NA,1
MCTP1,12,0,0,1,NA,NA,NA,1
MCUB,3,0,0,1,NA,NA,NA,1
MCUR1,3,0,0,1,NA,NA,NA,1
MDH2,2,0,0,1,NA,NA,NA,1
MDM2,8,0,0,1,NA,NA,NA,1
MDM4,2,0,0,1,NA,NA,NA,1
ME1,3,0,0,1,NA,NA,NA,1
ME2,5,0,0,1,NA,NA,NA,1
ME3,2,0,0,1,NA,NA,NA,1
MEA1,2,0,0,1,NA,NA,NA,1
MEAF6,4,0,0,1,NA,NA,NA,1
MECOM,2,0,0,1,NA,NA,NA,1
MECP2,5,0,0,1,NA,NA,NA,1
MECR,2,0,0,1,NA,NA,NA,1
MED1,3,0,0,1,NA,NA,NA,1
MED13,5,0,0,1,NA,NA,NA,1
MED13L,4,0,0,1,NA,NA,NA,1
MED14,4,0,0,1,NA,NA,NA,1
MED17,2,0,0,1,NA,NA,NA,1
MED21,4,0,0,1,NA,NA,NA,1
MED28,6,0,0,1,NA,NA,NA,1
MED29,3,0,0,1,NA,NA,NA,1
MED4,3,0,0,1,NA,NA,NA,1
MED6,2,0,0,1,NA,NA,NA,1
MED7,3,0,0,1,NA,NA,NA,1
MED8,3,0,0,1,NA,NA,NA,1
MEDAG,2,0,0,1,NA,NA,NA,1
MEF2A,9,0,0,1,NA,NA,NA,1
MEF2C,2,0,0,1,NA,NA,NA,1
MEGF6,2,0,0,1,NA,NA,NA,1
MEGF9,4,0,0,1,NA,NA,NA,1
MEIS1,3,0,0,1,NA,NA,NA,1
MEIS2,3,0,0,1,NA,NA,NA,1
MESD,5,0,0,1,NA,NA,NA,1
METAP2,4,0,0,1,NA,NA,NA,1
METRN,2,0,0,1,NA,NA,NA,1
METRNL,2,0,0,1,NA,NA,NA,1
METTL1,2,0,0,1,NA,NA,NA,1
METTL13,2,0,0,1,NA,NA,NA,1
METTL14,6,0,0,1,NA,NA,NA,1
METTL15,3,0,0,1,NA,NA,NA,1
METTL16,2,0,0,1,NA,NA,NA,1
METTL21A,2,0,0,1,NA,NA,NA,1
METTL25,2,0,0,1,NA,NA,NA,1
METTL2A,6,0,0,1,NA,NA,NA,1
METTL2B,5,0,0,1,NA,NA,NA,1
METTL4,2,0,0,1,NA,NA,NA,1
METTL6,2,0,0,1,NA,NA,NA,1
METTL8,6,0,0,1,NA,NA,NA,1
METTL9,3,0,0,1,NA,NA,NA,1
MEX3A,4,0,0,1,NA,NA,NA,1
MEX3B,2,0,0,1,NA,NA,NA,1
MEX3D,3,0,0,1,NA,NA,NA,1
MFAP1,2,0,0,1,NA,NA,NA,1
MFAP3,7,0,0,1,NA,NA,NA,1
MFF,3,0,0,1,NA,NA,NA,1
MFHAS1,2,0,0,1,NA,NA,NA,1
MFN1,5,0,0,1,NA,NA,NA,1
MFN2,2,0,0,1,NA,NA,NA,1
MFSD1,3,0,0,1,NA,NA,NA,1
MFSD11,4,0,0,1,NA,NA,NA,1
MFSD4B,3,0,0,1,NA,NA,NA,1
MFSD6,2,0,0,1,NA,NA,NA,1
MFSD8,3,0,0,1,NA,NA,NA,1
MFSD9,2,0,0,1,NA,NA,NA,1
MGA,2,0,0,1,NA,NA,NA,1
MGARP,4,0,0,1,NA,NA,NA,1
MGAT2,4,0,0,1,NA,NA,NA,1
MGAT4A,6,0,0,1,NA,NA,NA,1
MGLL,4,0,0,1,NA,NA,NA,1
MGP,5,0,0,1,NA,NA,NA,1
MGST3,2,0,0,1,NA,NA,NA,1
MIA2,3,0,0,1,NA,NA,NA,1
MIA3,5,0,0,1,NA,NA,NA,1
MIB1,5,0,0,1,NA,NA,NA,1
MICALL1,3,0,0,1,NA,NA,NA,1
MICOS10,3,0,0,1,NA,NA,NA,1
MICU2,2,0,0,1,NA,NA,NA,1
MID1,3,0,0,1,NA,NA,NA,1
MID1IP1,2,0,0,1,NA,NA,NA,1
MID2,6,0,0,1,NA,NA,NA,1
MIDN,3,0,0,1,NA,NA,NA,1
MIEF1,6,0,0,1,NA,NA,NA,1
MIER1,6,0,0,1,NA,NA,NA,1
MIGA1,3,0,0,1,NA,NA,NA,1
MILR1,2,0,0,1,NA,NA,NA,1
MINDY2,4,0,0,1,NA,NA,NA,1
MINDY3,2,0,0,1,NA,NA,NA,1
MIOS,2,0,0,1,NA,NA,NA,1
MIPOL1,2,0,0,1,NA,NA,NA,1
MIS18A,2,0,0,1,NA,NA,NA,1
MIS18BP1,2,0,0,1,NA,NA,NA,1
MKI67,3,0,0,1,NA,NA,NA,1
MKLN1,5,0,0,1,NA,NA,NA,1
MKNK2,2,0,0,1,NA,NA,NA,1
MKRN2,4,0,0,1,NA,NA,NA,1
MLEC,5,0,0,1,NA,NA,NA,1
MLF1,2,0,0,1,NA,NA,NA,1
MLLT1,3,0,0,1,NA,NA,NA,1
MLLT11,2,0,0,1,NA,NA,NA,1
MLLT3,3,0,0,1,NA,NA,NA,1
MLX,4,0,0,1,NA,NA,NA,1
MMAA,4,0,0,1,NA,NA,NA,1
MMADHC,2,0,0,1,NA,NA,NA,1
MMGT1,2,0,0,1,NA,NA,NA,1
MMP1,3,0,0,1,NA,NA,NA,1
MMP10,2,0,0,1,NA,NA,NA,1
MMP14,3,0,0,1,NA,NA,NA,1
MMP16,3,0,0,1,NA,NA,NA,1
MMP2,4,0,0,1,NA,NA,NA,1
MMP24OS,3,0,0,1,NA,NA,NA,1
MMRN1,2,0,0,1,NA,NA,NA,1
MMRN2,3,0,0,1,NA,NA,NA,1
MMS22L,3,0,0,1,NA,NA,NA,1
MMUT,4,0,0,1,NA,NA,NA,1
MNT,2,0,0,1,NA,NA,NA,1
MOB1A,7,0,0,1,NA,NA,NA,1
MOB3A,2,0,0,1,NA,NA,NA,1
MOB4,2,0,0,1,NA,NA,NA,1
MOCS1,2,0,0,1,NA,NA,NA,1
MOCS2,2,0,0,1,NA,NA,NA,1
MOCS3,2,0,0,1,NA,NA,NA,1
MON1B,6,0,0,1,NA,NA,NA,1
MON2,4,0,0,1,NA,NA,NA,1
MORC2,2,0,0,1,NA,NA,NA,1
MORF4L1,3,0,0,1,NA,NA,NA,1
MORN2,2,0,0,1,NA,NA,NA,1
MORN3,2,0,0,1,NA,NA,NA,1
MOSMO,4,0,0,1,NA,NA,NA,1
MOSPD1,3,0,0,1,NA,NA,NA,1
MOSPD2,4,0,0,1,NA,NA,NA,1
MPC2,3,0,0,1,NA,NA,NA,1
MPDZ,2,0,0,1,NA,NA,NA,1
MPHOSPH10,2,0,0,1,NA,NA,NA,1
MPHOSPH6,3,0,0,1,NA,NA,NA,1
MPHOSPH8,3,0,0,1,NA,NA,NA,1
MPHOSPH9,3,0,0,1,NA,NA,NA,1
MPI,2,0,0,1,NA,NA,NA,1
MPP2,2,0,0,1,NA,NA,NA,1
MPP4,2,0,0,1,NA,NA,NA,1
MPPE1,4,0,0,1,NA,NA,NA,1
MPRIP,4,0,0,1,NA,NA,NA,1
MPZL1,8,0,0,1,NA,NA,NA,1
MPZL2,4,0,0,1,NA,NA,NA,1
MRAS,2,0,0,1,NA,NA,NA,1
MRE11,3,0,0,1,NA,NA,NA,1
MRFAP1,2,0,0,1,NA,NA,NA,1
MRFAP1L1,2,0,0,1,NA,NA,NA,1
MRGBP,3,0,0,1,NA,NA,NA,1
MRI1,2,0,0,1,NA,NA,NA,1
MRM2,2,0,0,1,NA,NA,NA,1
MRPL17,3,0,0,1,NA,NA,NA,1
MRPL19,7,0,0,1,NA,NA,NA,1
MRPL20,3,0,0,1,NA,NA,NA,1
MRPL22,2,0,0,1,NA,NA,NA,1
MRPL3,2,0,0,1,NA,NA,NA,1
MRPL30,8,0,0,1,NA,NA,NA,1
MRPL32,2,0,0,1,NA,NA,NA,1
MRPL33,2,0,0,1,NA,NA,NA,1
MRPL34,2,0,0,1,NA,NA,NA,1
MRPL35,4,0,0,1,NA,NA,NA,1
MRPL36,2,0,0,1,NA,NA,NA,1
MRPL42,11,0,0,1,NA,NA,NA,1
MRPL44,2,0,0,1,NA,NA,NA,1
MRPL47,4,0,0,1,NA,NA,NA,1
MRPL50,2,0,0,1,NA,NA,NA,1
MRPL51,2,0,0,1,NA,NA,NA,1
MRPL52,3,0,0,1,NA,NA,NA,1
MRPL57,4,0,0,1,NA,NA,NA,1
MRPS10,6,0,0,1,NA,NA,NA,1
MRPS11,4,0,0,1,NA,NA,NA,1
MRPS14,4,0,0,1,NA,NA,NA,1
MRPS16,3,0,0,1,NA,NA,NA,1
MRPS17,3,0,0,1,NA,NA,NA,1
MRPS18A,2,0,0,1,NA,NA,NA,1
MRPS18C,2,0,0,1,NA,NA,NA,1
MRPS21,3,0,0,1,NA,NA,NA,1
MRPS22,2,0,0,1,NA,NA,NA,1
MRPS23,5,0,0,1,NA,NA,NA,1
MRPS25,3,0,0,1,NA,NA,NA,1
MRPS26,2,0,0,1,NA,NA,NA,1
MRPS27,2,0,0,1,NA,NA,NA,1
MRPS35,3,0,0,1,NA,NA,NA,1
MRPS5,2,0,0,1,NA,NA,NA,1
MRPS6,2,0,0,1,NA,NA,NA,1
MRPS7,3,0,0,1,NA,NA,NA,1
MRRF,3,0,0,1,NA,NA,NA,1
MRS2,3,0,0,1,NA,NA,NA,1
MRTO4,6,0,0,1,NA,NA,NA,1
MSANTD2,3,0,0,1,NA,NA,NA,1
MSANTD3,3,0,0,1,NA,NA,NA,1
MSANTD7,2,0,0,1,NA,NA,NA,1
MSH3,3,0,0,1,NA,NA,NA,1
MSI2,6,0,0,1,NA,NA,NA,1
MSL1,4,0,0,1,NA,NA,NA,1
MSL2,2,0,0,1,NA,NA,NA,1
MSMO1,3,0,0,1,NA,NA,NA,1
MSRA,2,0,0,1,NA,NA,NA,1
MSRB2,3,0,0,1,NA,NA,NA,1
MSRB3,3,0,0,1,NA,NA,NA,1
MSX1,3,0,0,1,NA,NA,NA,1
MTA2,2,0,0,1,NA,NA,NA,1
MTA3,3,0,0,1,NA,NA,NA,1
MTAP,8,0,0,1,NA,NA,NA,1
MTARC2,2,0,0,1,NA,NA,NA,1
MTCL2,4,0,0,1,NA,NA,NA,1
MTDH,12,0,0,1,NA,NA,NA,1
MTERF1,2,0,0,1,NA,NA,NA,1
MTF1,5,0,0,1,NA,NA,NA,1
MTF2,4,0,0,1,NA,NA,NA,1
MTFMT,2,0,0,1,NA,NA,NA,1
MTFR1,4,0,0,1,NA,NA,NA,1
MTG1,3,0,0,1,NA,NA,NA,1
MTG2,3,0,0,1,NA,NA,NA,1
MTHFD2,4,0,0,1,NA,NA,NA,1
MTHFR,4,0,0,1,NA,NA,NA,1
MTMR12,3,0,0,1,NA,NA,NA,1
MTMR2,6,0,0,1,NA,NA,NA,1
MTMR3,5,0,0,1,NA,NA,NA,1
MTMR6,6,0,0,1,NA,NA,NA,1
MTMR9,3,0,0,1,NA,NA,NA,1
MTOR,2,0,0,1,NA,NA,NA,1
MTPAP,2,0,0,1,NA,NA,NA,1
MTPN,4,0,0,1,NA,NA,NA,1
MTR,3,0,0,1,NA,NA,NA,1
MTREX,2,0,0,1,NA,NA,NA,1
MTRF1L,3,0,0,1,NA,NA,NA,1
MTRR,2,0,0,1,NA,NA,NA,1
MTSS1,2,0,0,1,NA,NA,NA,1
MTSS2,2,0,0,1,NA,NA,NA,1
MTURN,8,0,0,1,NA,NA,NA,1
MTUS1,2,0,0,1,NA,NA,NA,1
MTX2,3,0,0,1,NA,NA,NA,1
MUS81,2,0,0,1,NA,NA,NA,1
MXD1,3,0,0,1,NA,NA,NA,1
MXD4,2,0,0,1,NA,NA,NA,1
MXI1,2,0,0,1,NA,NA,NA,1
MXRA7,2,0,0,1,NA,NA,NA,1
MYADM,5,0,0,1,NA,NA,NA,1
MYBBP1A,2,0,0,1,NA,NA,NA,1
MYC,2,0,0,1,NA,NA,NA,1
MYCBP,5,0,0,1,NA,NA,NA,1
MYCBP2,2,0,0,1,NA,NA,NA,1
MYCT1,4,0,0,1,NA,NA,NA,1
MYD88,2,0,0,1,NA,NA,NA,1
MYEF2,3,0,0,1,NA,NA,NA,1
MYH10,2,0,0,1,NA,NA,NA,1
MYL12A,2,0,0,1,NA,NA,NA,1
MYL12B,2,0,0,1,NA,NA,NA,1
MYL9,2,0,0,1,NA,NA,NA,1
MYLIP,2,0,0,1,NA,NA,NA,1
MYNN,2,0,0,1,NA,NA,NA,1
MYO10,6,0,0,1,NA,NA,NA,1
MYO1B,3,0,0,1,NA,NA,NA,1
MYO1C,3,0,0,1,NA,NA,NA,1
MYO1D,2,0,0,1,NA,NA,NA,1
MYO1E,4,0,0,1,NA,NA,NA,1
MYO5A,4,0,0,1,NA,NA,NA,1
MYO6,7,0,0,1,NA,NA,NA,1
MYO9A,3,0,0,1,NA,NA,NA,1
MYO9B,2,0,0,1,NA,NA,NA,1
MYOF,2,0,0,1,NA,NA,NA,1
MYORG,3,0,0,1,NA,NA,NA,1
MYSM1,2,0,0,1,NA,NA,NA,1
MZT1,3,0,0,1,NA,NA,NA,1
N4BP1,2,0,0,1,NA,NA,NA,1
N4BP2,2,0,0,1,NA,NA,NA,1
N4BP2L2,3,0,0,1,NA,NA,NA,1
N6AMT1,4,0,0,1,NA,NA,NA,1
NAA15,5,0,0,1,NA,NA,NA,1
NAA25,5,0,0,1,NA,NA,NA,1
NAA30,6,0,0,1,NA,NA,NA,1
NAA40,3,0,0,1,NA,NA,NA,1
NAA50,7,0,0,1,NA,NA,NA,1
NAB1,2,0,0,1,NA,NA,NA,1
NABP1,2,0,0,1,NA,NA,NA,1
NABP2,2,0,0,1,NA,NA,NA,1
NACC2,3,0,0,1,NA,NA,NA,1
NADK2,4,0,0,1,NA,NA,NA,1
NAGA,2,0,0,1,NA,NA,NA,1
NAIF1,2,0,0,1,NA,NA,NA,1
NALF1,3,0,0,1,NA,NA,NA,1
NAMPT,7,0,0,1,NA,NA,NA,1
NAP1L1,7,0,0,1,NA,NA,NA,1
NAP1L5,2,0,0,1,NA,NA,NA,1
NAPG,5,0,0,1,NA,NA,NA,1
NARF,2,0,0,1,NA,NA,NA,1
NARS1,5,0,0,1,NA,NA,NA,1
NARS2,2,0,0,1,NA,NA,NA,1
NASP,2,0,0,1,NA,NA,NA,1
NAT1,2,0,0,1,NA,NA,NA,1
NAV1,4,0,0,1,NA,NA,NA,1
NAV2,3,0,0,1,NA,NA,NA,1
NAXE,2,0,0,1,NA,NA,NA,1
NBDY,3,0,0,1,NA,NA,NA,1
NBEA,2,0,0,1,NA,NA,NA,1
NBN,3,0,0,1,NA,NA,NA,1
NBR1,3,0,0,1,NA,NA,NA,1
NCAPD2,3,0,0,1,NA,NA,NA,1
NCAPG,2,0,0,1,NA,NA,NA,1
NCAPH2,2,0,0,1,NA,NA,NA,1
NCBP1,7,0,0,1,NA,NA,NA,1
NCBP2,2,0,0,1,NA,NA,NA,1
NCBP3,6,0,0,1,NA,NA,NA,1
NCEH1,3,0,0,1,NA,NA,NA,1
NCK1,5,0,0,1,NA,NA,NA,1
NCKAP1,3,0,0,1,NA,NA,NA,1
NCLN,2,0,0,1,NA,NA,NA,1
NCOA1,4,0,0,1,NA,NA,NA,1
NCOA3,2,0,0,1,NA,NA,NA,1
NCOA4,4,0,0,1,NA,NA,NA,1
NCOA5,2,0,0,1,NA,NA,NA,1
NCOA6,2,0,0,1,NA,NA,NA,1
NCOA7,4,0,0,1,NA,NA,NA,1
NCOR1,6,0,0,1,NA,NA,NA,1
NCOR2,2,0,0,1,NA,NA,NA,1
NCS1,7,0,0,1,NA,NA,NA,1
NDC1,2,0,0,1,NA,NA,NA,1
NDFIP1,5,0,0,1,NA,NA,NA,1
NDFIP2,6,0,0,1,NA,NA,NA,1
NDN,2,0,0,1,NA,NA,NA,1
NDRG3,4,0,0,1,NA,NA,NA,1
NDRG4,3,0,0,1,NA,NA,NA,1
NDST1,3,0,0,1,NA,NA,NA,1
NDUFA10,3,0,0,1,NA,NA,NA,1
NDUFA2,2,0,0,1,NA,NA,NA,1
NDUFA5,2,0,0,1,NA,NA,NA,1
NDUFA7,2,0,0,1,NA,NA,NA,1
NDUFA9,2,0,0,1,NA,NA,NA,1
NDUFAF3,2,0,0,1,NA,NA,NA,1
NDUFAF4,3,0,0,1,NA,NA,NA,1
NDUFAF6,2,0,0,1,NA,NA,NA,1
NDUFAF7,2,0,0,1,NA,NA,NA,1
NDUFAF8,2,0,0,1,NA,NA,NA,1
NDUFB3,2,0,0,1,NA,NA,NA,1
NDUFB5,4,0,0,1,NA,NA,NA,1
NDUFC2,5,0,0,1,NA,NA,NA,1
NDUFS4,2,0,0,1,NA,NA,NA,1
NDUFV3,6,0,0,1,NA,NA,NA,1
NECTIN3,6,0,0,1,NA,NA,NA,1
NEDD1,4,0,0,1,NA,NA,NA,1
NEDD4,2,0,0,1,NA,NA,NA,1
NEDD4L,5,0,0,1,NA,NA,NA,1
NEDD9,3,0,0,1,NA,NA,NA,1
NEGR1,8,0,0,1,NA,NA,NA,1
NEK6,6,0,0,1,NA,NA,NA,1
NEK7,2,0,0,1,NA,NA,NA,1
NEK9,2,0,0,1,NA,NA,NA,1
NELFA,2,0,0,1,NA,NA,NA,1
NENF,2,0,0,1,NA,NA,NA,1
NEPRO,3,0,0,1,NA,NA,NA,1
NET1,3,0,0,1,NA,NA,NA,1
NETO2,4,0,0,1,NA,NA,NA,1
NEXN,5,0,0,1,NA,NA,NA,1
NF2,2,0,0,1,NA,NA,NA,1
NFAT5,2,0,0,1,NA,NA,NA,1
NFATC2IP,6,0,0,1,NA,NA,NA,1
NFATC3,5,0,0,1,NA,NA,NA,1
NFE2L1,6,0,0,1,NA,NA,NA,1
NFE2L3,2,0,0,1,NA,NA,NA,1
NFIA,6,0,0,1,NA,NA,NA,1
NFIB,4,0,0,1,NA,NA,NA,1
NFIC,5,0,0,1,NA,NA,NA,1
NFIX,5,0,0,1,NA,NA,NA,1
NFKBIA,2,0,0,1,NA,NA,NA,1
NFKBIE,2,0,0,1,NA,NA,NA,1
NFKBIZ,2,0,0,1,NA,NA,NA,1
NFRKB,3,0,0,1,NA,NA,NA,1
NFX1,2,0,0,1,NA,NA,NA,1
NFXL1,3,0,0,1,NA,NA,NA,1
NFYA,4,0,0,1,NA,NA,NA,1
NFYB,5,0,0,1,NA,NA,NA,1
NFYC,2,0,0,1,NA,NA,NA,1
NGRN,2,0,0,1,NA,NA,NA,1
NHEJ1,4,0,0,1,NA,NA,NA,1
NHERF2,3,0,0,1,NA,NA,NA,1
NHLRC2,5,0,0,1,NA,NA,NA,1
NHSL1,4,0,0,1,NA,NA,NA,1
NIBAN1,2,0,0,1,NA,NA,NA,1
NIFK,5,0,0,1,NA,NA,NA,1
NIN,3,0,0,1,NA,NA,NA,1
NIP7,6,0,0,1,NA,NA,NA,1
NIPA1,3,0,0,1,NA,NA,NA,1
NIPA2,6,0,0,1,NA,NA,NA,1
NIPAL2,2,0,0,1,NA,NA,NA,1
NIPAL3,2,0,0,1,NA,NA,NA,1
NIPBL,6,0,0,1,NA,NA,NA,1
NIPSNAP2,2,0,0,1,NA,NA,NA,1
NIPSNAP3A,4,0,0,1,NA,NA,NA,1
NIT1,2,0,0,1,NA,NA,NA,1
NIT2,2,0,0,1,NA,NA,NA,1
NKAP,4,0,0,1,NA,NA,NA,1
NKAPD1,4,0,0,1,NA,NA,NA,1
NKIRAS1,2,0,0,1,NA,NA,NA,1
NKIRAS2,2,0,0,1,NA,NA,NA,1
NKTR,2,0,0,1,NA,NA,NA,1
NLE1,3,0,0,1,NA,NA,NA,1
NLK,4,0,0,1,NA,NA,NA,1
NLN,6,0,0,1,NA,NA,NA,1
NMD3,2,0,0,1,NA,NA,NA,1
NME4,3,0,0,1,NA,NA,NA,1
NME5,2,0,0,1,NA,NA,NA,1
NME6,4,0,0,1,NA,NA,NA,1
NMNAT1,5,0,0,1,NA,NA,NA,1
NMRK1,2,0,0,1,NA,NA,NA,1
NMT1,2,0,0,1,NA,NA,NA,1
NMT2,8,0,0,1,NA,NA,NA,1
NNAT,2,0,0,1,NA,NA,NA,1
NNMT,3,0,0,1,NA,NA,NA,1
NNT,4,0,0,1,NA,NA,NA,1
NOC4L,2,0,0,1,NA,NA,NA,1
NOL10,2,0,0,1,NA,NA,NA,1
NOL11,2,0,0,1,NA,NA,NA,1
NOL12,2,0,0,1,NA,NA,NA,1
NOL3,2,0,0,1,NA,NA,NA,1
NOL4L,3,0,0,1,NA,NA,NA,1
NOL6,3,0,0,1,NA,NA,NA,1
NOL7,3,0,0,1,NA,NA,NA,1
NOL9,3,0,0,1,NA,NA,NA,1
NOLC1,3,0,0,1,NA,NA,NA,1
NOM1,4,0,0,1,NA,NA,NA,1
NONO,2,0,0,1,NA,NA,NA,1
NOP14,3,0,0,1,NA,NA,NA,1
NOS3,2,0,0,1,NA,NA,NA,1
NOTCH1,2,0,0,1,NA,NA,NA,1
NOTCH2,4,0,0,1,NA,NA,NA,1
NOX4,3,0,0,1,NA,NA,NA,1
NPAS2,4,0,0,1,NA,NA,NA,1
NPAT,3,0,0,1,NA,NA,NA,1
NPC1,2,0,0,1,NA,NA,NA,1
NPC2,2,0,0,1,NA,NA,NA,1
NPEPL1,2,0,0,1,NA,NA,NA,1
NPEPPS,5,0,0,1,NA,NA,NA,1
NPHP1,2,0,0,1,NA,NA,NA,1
NPHP3,4,0,0,1,NA,NA,NA,1
NPLOC4,3,0,0,1,NA,NA,NA,1
NPM1,2,0,0,1,NA,NA,NA,1
NPRL3,2,0,0,1,NA,NA,NA,1
NQO1,2,0,0,1,NA,NA,NA,1
NR1D1,2,0,0,1,NA,NA,NA,1
NR2C1,2,0,0,1,NA,NA,NA,1
NR2F1,3,0,0,1,NA,NA,NA,1
NR2F2,7,0,0,1,NA,NA,NA,1
NR3C1,5,0,0,1,NA,NA,NA,1
NR5A2,2,0,0,1,NA,NA,NA,1
NRARP,5,0,0,1,NA,NA,NA,1
NRAS,5,0,0,1,NA,NA,NA,1
NRBP2,2,0,0,1,NA,NA,NA,1
NRCAM,6,0,0,1,NA,NA,NA,1
NREP,5,0,0,1,NA,NA,NA,1
NRF1,3,0,0,1,NA,NA,NA,1
NRG1,4,0,0,1,NA,NA,NA,1
NRIP1,3,0,0,1,NA,NA,NA,1
NRIP3,3,0,0,1,NA,NA,NA,1
NRN1,2,0,0,1,NA,NA,NA,1
NRP1,3,0,0,1,NA,NA,NA,1
NRP2,2,0,0,1,NA,NA,NA,1
NSD1,3,0,0,1,NA,NA,NA,1
NSD2,3,0,0,1,NA,NA,NA,1
NSFL1C,2,0,0,1,NA,NA,NA,1
NSG1,6,0,0,1,NA,NA,NA,1
NSL1,4,0,0,1,NA,NA,NA,1
NSMAF,2,0,0,1,NA,NA,NA,1
NSMF,2,0,0,1,NA,NA,NA,1
NSUN2,2,0,0,1,NA,NA,NA,1
NSUN3,4,0,0,1,NA,NA,NA,1
NSUN4,4,0,0,1,NA,NA,NA,1
NT5C3A,2,0,0,1,NA,NA,NA,1
NT5DC1,4,0,0,1,NA,NA,NA,1
NT5E,2,0,0,1,NA,NA,NA,1
NTN4,3,0,0,1,NA,NA,NA,1
NTPCR,3,0,0,1,NA,NA,NA,1
NUAK1,3,0,0,1,NA,NA,NA,1
NUB1,2,0,0,1,NA,NA,NA,1
NUCB2,3,0,0,1,NA,NA,NA,1
NUCKS1,9,0,0,1,NA,NA,NA,1
NUDC,2,0,0,1,NA,NA,NA,1
NUDCD1,3,0,0,1,NA,NA,NA,1
NUDCD2,2,0,0,1,NA,NA,NA,1
NUDT11,4,0,0,1,NA,NA,NA,1
NUDT15,2,0,0,1,NA,NA,NA,1
NUDT16,5,0,0,1,NA,NA,NA,1
NUDT21,5,0,0,1,NA,NA,NA,1
NUDT3,6,0,0,1,NA,NA,NA,1
NUDT4,6,0,0,1,NA,NA,NA,1
NUDT5,3,0,0,1,NA,NA,NA,1
NUFIP1,2,0,0,1,NA,NA,NA,1
NUFIP2,10,0,0,1,NA,NA,NA,1
NUMB,4,0,0,1,NA,NA,NA,1
NUMBL,3,0,0,1,NA,NA,NA,1
NUP107,3,0,0,1,NA,NA,NA,1
NUP133,4,0,0,1,NA,NA,NA,1
NUP153,2,0,0,1,NA,NA,NA,1
NUP155,3,0,0,1,NA,NA,NA,1
NUP160,3,0,0,1,NA,NA,NA,1
NUP214,2,0,0,1,NA,NA,NA,1
NUP37,2,0,0,1,NA,NA,NA,1
NUP50,4,0,0,1,NA,NA,NA,1
NUP54,2,0,0,1,NA,NA,NA,1
NUP62,3,0,0,1,NA,NA,NA,1
NUP88,2,0,0,1,NA,NA,NA,1
NUS1,2,0,0,1,NA,NA,NA,1
NUSAP1,2,0,0,1,NA,NA,NA,1
NUTF2,2,0,0,1,NA,NA,NA,1
NXF1,2,0,0,1,NA,NA,NA,1
NXN,3,0,0,1,NA,NA,NA,1
NXPE3,6,0,0,1,NA,NA,NA,1
NXT1,2,0,0,1,NA,NA,NA,1
OAT,2,0,0,1,NA,NA,NA,1
OAZ1,3,0,0,1,NA,NA,NA,1
OAZ2,3,0,0,1,NA,NA,NA,1
OCIAD1,4,0,0,1,NA,NA,NA,1
OCRL,2,0,0,1,NA,NA,NA,1
ODR4,3,0,0,1,NA,NA,NA,1
OGA,3,0,0,1,NA,NA,NA,1
OGDH,2,0,0,1,NA,NA,NA,1
OGFOD1,5,0,0,1,NA,NA,NA,1
OGFOD2,2,0,0,1,NA,NA,NA,1
OGFOD3,5,0,0,1,NA,NA,NA,1
OGFRL1,6,0,0,1,NA,NA,NA,1
OGT,4,0,0,1,NA,NA,NA,1
OPA1,6,0,0,1,NA,NA,NA,1
OPA3,4,0,0,1,NA,NA,NA,1
OPN3,3,0,0,1,NA,NA,NA,1
OPTN,3,0,0,1,NA,NA,NA,1
ORAI2,9,0,0,1,NA,NA,NA,1
ORAI3,2,0,0,1,NA,NA,NA,1
ORC2,5,0,0,1,NA,NA,NA,1
ORC3,2,0,0,1,NA,NA,NA,1
ORC4,3,0,0,1,NA,NA,NA,1
ORMDL1,3,0,0,1,NA,NA,NA,1
ORMDL2,4,0,0,1,NA,NA,NA,1
OSBP,3,0,0,1,NA,NA,NA,1
OSBPL11,2,0,0,1,NA,NA,NA,1
OSBPL2,4,0,0,1,NA,NA,NA,1
OSBPL3,3,0,0,1,NA,NA,NA,1
OSBPL5,3,0,0,1,NA,NA,NA,1
OSBPL6,3,0,0,1,NA,NA,NA,1
OSBPL8,5,0,0,1,NA,NA,NA,1
OSBPL9,4,0,0,1,NA,NA,NA,1
OSER1,3,0,0,1,NA,NA,NA,1
OSGIN2,7,0,0,1,NA,NA,NA,1
OSTC,5,0,0,1,NA,NA,NA,1
OSTF1,2,0,0,1,NA,NA,NA,1
OSTM1,5,0,0,1,NA,NA,NA,1
OTOGL,2,0,0,1,NA,NA,NA,1
OTUB1,2,0,0,1,NA,NA,NA,1
OTUD4,2,0,0,1,NA,NA,NA,1
OTUD7B,7,0,0,1,NA,NA,NA,1
OTULIN,7,0,0,1,NA,NA,NA,1
OTULINL,2,0,0,1,NA,NA,NA,1
OXA1L,5,0,0,1,NA,NA,NA,1
OXCT1,2,0,0,1,NA,NA,NA,1
OXNAD1,2,0,0,1,NA,NA,NA,1
OXR1,3,0,0,1,NA,NA,NA,1
P3H2,2,0,0,1,NA,NA,NA,1
P3H4,3,0,0,1,NA,NA,NA,1
P4HA1,3,0,0,1,NA,NA,NA,1
P4HA2,5,0,0,1,NA,NA,NA,1
PA2G4,3,0,0,1,NA,NA,NA,1
PABIR1,6,0,0,1,NA,NA,NA,1
PABIR2,4,0,0,1,NA,NA,NA,1
PABPC1,5,0,0,1,NA,NA,NA,1
PACC1,2,0,0,1,NA,NA,NA,1
PACS2,3,0,0,1,NA,NA,NA,1
PACSIN2,3,0,0,1,NA,NA,NA,1
PAFAH1B1,8,0,0,1,NA,NA,NA,1
PAFAH1B2,8,0,0,1,NA,NA,NA,1
PAFAH2,2,0,0,1,NA,NA,NA,1
PAGR1,4,0,0,1,NA,NA,NA,1
PAICS,4,0,0,1,NA,NA,NA,1
PAIP1,2,0,0,1,NA,NA,NA,1
PAIP2,3,0,0,1,NA,NA,NA,1
PAK1,2,0,0,1,NA,NA,NA,1
PAK2,7,0,0,1,NA,NA,NA,1
PALLD,3,0,0,1,NA,NA,NA,1
PALM2AKAP2,5,0,0,1,NA,NA,NA,1
PALMD,4,0,0,1,NA,NA,NA,1
PALS1,5,0,0,1,NA,NA,NA,1
PALS2,2,0,0,1,NA,NA,NA,1
PAM,2,0,0,1,NA,NA,NA,1
PANK2,5,0,0,1,NA,NA,NA,1
PANK3,10,0,0,1,NA,NA,NA,1
PANX1,2,0,0,1,NA,NA,NA,1
PAPOLA,2,0,0,1,NA,NA,NA,1
PAPPA,4,0,0,1,NA,NA,NA,1
PAPSS1,4,0,0,1,NA,NA,NA,1
PAPSS2,3,0,0,1,NA,NA,NA,1
PAQR8,3,0,0,1,NA,NA,NA,1
PARG,2,0,0,1,NA,NA,NA,1
PARK7,2,0,0,1,NA,NA,NA,1
PARP1,5,0,0,1,NA,NA,NA,1
PARVA,14,0,0,1,NA,NA,NA,1
PARVB,3,0,0,1,NA,NA,NA,1
PATL1,4,0,0,1,NA,NA,NA,1
PAWR,12,0,0,1,NA,NA,NA,1
PAXBP1,2,0,0,1,NA,NA,NA,1
PBK,2,0,0,1,NA,NA,NA,1
PBRM1,5,0,0,1,NA,NA,NA,1
PBX1,4,0,0,1,NA,NA,NA,1
PBX3,5,0,0,1,NA,NA,NA,1
PBXIP1,2,0,0,1,NA,NA,NA,1
PCBD1,2,0,0,1,NA,NA,NA,1
PCBD2,3,0,0,1,NA,NA,NA,1
PCBP2,5,0,0,1,NA,NA,NA,1
PCDH1,2,0,0,1,NA,NA,NA,1
PCDH10,12,0,0,1,NA,NA,NA,1
PCDH7,3,0,0,1,NA,NA,NA,1
PCF11,2,0,0,1,NA,NA,NA,1
PCGF3,4,0,0,1,NA,NA,NA,1
PCGF5,2,0,0,1,NA,NA,NA,1
PCLAF,4,0,0,1,NA,NA,NA,1
PCM1,3,0,0,1,NA,NA,NA,1
PCMT1,3,0,0,1,NA,NA,NA,1
PCMTD1,2,0,0,1,NA,NA,NA,1
PCMTD2,4,0,0,1,NA,NA,NA,1
PCNA,2,0,0,1,NA,NA,NA,1
PCNP,5,0,0,1,NA,NA,NA,1
PCNX1,5,0,0,1,NA,NA,NA,1
PCNX2,2,0,0,1,NA,NA,NA,1
PCNX4,4,0,0,1,NA,NA,NA,1
PCYOX1,8,0,0,1,NA,NA,NA,1
PCYT1A,5,0,0,1,NA,NA,NA,1
PCYT2,4,0,0,1,NA,NA,NA,1
PDAP1,3,0,0,1,NA,NA,NA,1
PDCD10,3,0,0,1,NA,NA,NA,1
PDCD11,2,0,0,1,NA,NA,NA,1
PDCD2,3,0,0,1,NA,NA,NA,1
PDCD4,7,0,0,1,NA,NA,NA,1
PDCD5,2,0,0,1,NA,NA,NA,1
PDCD6,2,0,0,1,NA,NA,NA,1
PDCD6IP,6,0,0,1,NA,NA,NA,1
PDCD7,2,0,0,1,NA,NA,NA,1
PDCL,2,0,0,1,NA,NA,NA,1
PDCL3,3,0,0,1,NA,NA,NA,1
PDE10A,5,0,0,1,NA,NA,NA,1
PDE12,9,0,0,1,NA,NA,NA,1
PDE3A,6,0,0,1,NA,NA,NA,1
PDE4A,3,0,0,1,NA,NA,NA,1
PDE4B,2,0,0,1,NA,NA,NA,1
PDE4D,3,0,0,1,NA,NA,NA,1
PDE5A,2,0,0,1,NA,NA,NA,1
PDE7B,4,0,0,1,NA,NA,NA,1
PDE8A,3,0,0,1,NA,NA,NA,1
PDF,3,0,0,1,NA,NA,NA,1
PDGFA,2,0,0,1,NA,NA,NA,1
PDGFB,3,0,0,1,NA,NA,NA,1
PDGFD,2,0,0,1,NA,NA,NA,1
PDHA1,2,0,0,1,NA,NA,NA,1
PDHB,3,0,0,1,NA,NA,NA,1
PDIA3,5,0,0,1,NA,NA,NA,1
PDIA4,3,0,0,1,NA,NA,NA,1
PDIA6,3,0,0,1,NA,NA,NA,1
PDK1,2,0,0,1,NA,NA,NA,1
PDK2,2,0,0,1,NA,NA,NA,1
PDK4,2,0,0,1,NA,NA,NA,1
PDLIM1,2,0,0,1,NA,NA,NA,1
PDLIM3,3,0,0,1,NA,NA,NA,1
PDLIM4,3,0,0,1,NA,NA,NA,1
PDLIM5,10,0,0,1,NA,NA,NA,1
PDP1,3,0,0,1,NA,NA,NA,1
PDP2,4,0,0,1,NA,NA,NA,1
PDPK1,4,0,0,1,NA,NA,NA,1
PDPR,2,0,0,1,NA,NA,NA,1
PDS5A,2,0,0,1,NA,NA,NA,1
PDS5B,5,0,0,1,NA,NA,NA,1
PDSS2,2,0,0,1,NA,NA,NA,1
PDXK,6,0,0,1,NA,NA,NA,1
PDZD8,4,0,0,1,NA,NA,NA,1
PEA15,3,0,0,1,NA,NA,NA,1
PEAK1,2,0,0,1,NA,NA,NA,1
PEBP1,2,0,0,1,NA,NA,NA,1
PECAM1,7,0,0,1,NA,NA,NA,1
PECR,2,0,0,1,NA,NA,NA,1
PEDS1,6,0,0,1,NA,NA,NA,1
PEDS1-UBE2V1,3,0,0,1,NA,NA,NA,1
PELI1,2,0,0,1,NA,NA,NA,1
PELO,2,0,0,1,NA,NA,NA,1
PEPD,2,0,0,1,NA,NA,NA,1
PERP,4,0,0,1,NA,NA,NA,1
PET117,2,0,0,1,NA,NA,NA,1
PEX10,2,0,0,1,NA,NA,NA,1
PEX11A,2,0,0,1,NA,NA,NA,1
PEX13,6,0,0,1,NA,NA,NA,1
PEX16,2,0,0,1,NA,NA,NA,1
PEX19,4,0,0,1,NA,NA,NA,1
PEX2,4,0,0,1,NA,NA,NA,1
PEX26,5,0,0,1,NA,NA,NA,1
PEX3,3,0,0,1,NA,NA,NA,1
PEX7,2,0,0,1,NA,NA,NA,1
PFAS,3,0,0,1,NA,NA,NA,1
PFDN1,2,0,0,1,NA,NA,NA,1
PFDN4,4,0,0,1,NA,NA,NA,1
PFN2,2,0,0,1,NA,NA,NA,1
PGAM1,2,0,0,1,NA,NA,NA,1
PGAM5,4,0,0,1,NA,NA,NA,1
PGAP1,3,0,0,1,NA,NA,NA,1
PGAP6,3,0,0,1,NA,NA,NA,1
PGBD2,2,0,0,1,NA,NA,NA,1
PGD,2,0,0,1,NA,NA,NA,1
PGGT1B,5,0,0,1,NA,NA,NA,1
PGK1,4,0,0,1,NA,NA,NA,1
PGM2,3,0,0,1,NA,NA,NA,1
PGM2L1,8,0,0,1,NA,NA,NA,1
PGM3,9,0,0,1,NA,NA,NA,1
PGP,2,0,0,1,NA,NA,NA,1
PGPEP1,5,0,0,1,NA,NA,NA,1
PGRMC1,2,0,0,1,NA,NA,NA,1
PGRMC2,8,0,0,1,NA,NA,NA,1
PGS1,3,0,0,1,NA,NA,NA,1
PHACTR2,7,0,0,1,NA,NA,NA,1
PHACTR4,5,0,0,1,NA,NA,NA,1
PHAF1,3,0,0,1,NA,NA,NA,1
PHAX,8,0,0,1,NA,NA,NA,1
PHB1,2,0,0,1,NA,NA,NA,1
PHC3,4,0,0,1,NA,NA,NA,1
PHETA1,2,0,0,1,NA,NA,NA,1
PHEX,2,0,0,1,NA,NA,NA,1
PHF12,2,0,0,1,NA,NA,NA,1
PHF2,2,0,0,1,NA,NA,NA,1
PHF20,8,0,0,1,NA,NA,NA,1
PHF20L1,6,0,0,1,NA,NA,NA,1
PHF21A,3,0,0,1,NA,NA,NA,1
PHF23,3,0,0,1,NA,NA,NA,1
PHF3,4,0,0,1,NA,NA,NA,1
PHF5A,2,0,0,1,NA,NA,NA,1
PHF8,2,0,0,1,NA,NA,NA,1
PHIP,2,0,0,1,NA,NA,NA,1
PHKA2,2,0,0,1,NA,NA,NA,1
PHKB,7,0,0,1,NA,NA,NA,1
PHLDA1,8,0,0,1,NA,NA,NA,1
PHLDA3,3,0,0,1,NA,NA,NA,1
PHLDB2,4,0,0,1,NA,NA,NA,1
PHTF1,2,0,0,1,NA,NA,NA,1
PHYH,3,0,0,1,NA,NA,NA,1
PHYKPL,2,0,0,1,NA,NA,NA,1
PI4K2A,3,0,0,1,NA,NA,NA,1
PI4K2B,2,0,0,1,NA,NA,NA,1
PI4KB,2,0,0,1,NA,NA,NA,1
PIAS1,7,0,0,1,NA,NA,NA,1
PIAS2,7,0,0,1,NA,NA,NA,1
PIAS4,2,0,0,1,NA,NA,NA,1
PIBF1,2,0,0,1,NA,NA,NA,1
PICALM,5,0,0,1,NA,NA,NA,1
PIEZO2,4,0,0,1,NA,NA,NA,1
PIGG,2,0,0,1,NA,NA,NA,1
PIGH,2,0,0,1,NA,NA,NA,1
PIGK,4,0,0,1,NA,NA,NA,1
PIGM,10,0,0,1,NA,NA,NA,1
PIGN,2,0,0,1,NA,NA,NA,1
PIGV,2,0,0,1,NA,NA,NA,1
PIGX,5,0,0,1,NA,NA,NA,1
PIGZ,2,0,0,1,NA,NA,NA,1
PIK3C2A,4,0,0,1,NA,NA,NA,1
PIK3C3,4,0,0,1,NA,NA,NA,1
PIK3CA,8,0,0,1,NA,NA,NA,1
PIK3CB,3,0,0,1,NA,NA,NA,1
PIK3IP1,3,0,0,1,NA,NA,NA,1
PIK3R1,2,0,0,1,NA,NA,NA,1
PIK3R3,2,0,0,1,NA,NA,NA,1
PILRB,2,0,0,1,NA,NA,NA,1
PIN4,3,0,0,1,NA,NA,NA,1
PINK1,3,0,0,1,NA,NA,NA,1
PINX1,2,0,0,1,NA,NA,NA,1
PIP4K2A,3,0,0,1,NA,NA,NA,1
PIP4K2C,2,0,0,1,NA,NA,NA,1
PIP4P2,2,0,0,1,NA,NA,NA,1
PIP5K1C,2,0,0,1,NA,NA,NA,1
PISD,2,0,0,1,NA,NA,NA,1
PITHD1,2,0,0,1,NA,NA,NA,1
PITPNA,3,0,0,1,NA,NA,NA,1
PITPNB,4,0,0,1,NA,NA,NA,1
PITX1,2,0,0,1,NA,NA,NA,1
PJA1,2,0,0,1,NA,NA,NA,1
PJA2,4,0,0,1,NA,NA,NA,1
PKD2,3,0,0,1,NA,NA,NA,1
PKIA,7,0,0,1,NA,NA,NA,1
PKN2,2,0,0,1,NA,NA,NA,1
PKN3,2,0,0,1,NA,NA,NA,1
PKNOX1,3,0,0,1,NA,NA,NA,1
PLA2G12A,6,0,0,1,NA,NA,NA,1
PLA2G4A,2,0,0,1,NA,NA,NA,1
PLA2R1,5,0,0,1,NA,NA,NA,1
PLAA,4,0,0,1,NA,NA,NA,1
PLAAT3,2,0,0,1,NA,NA,NA,1
PLAC9,2,0,0,1,NA,NA,NA,1
PLAG1,3,0,0,1,NA,NA,NA,1
PLAGL1,2,0,0,1,NA,NA,NA,1
PLAGL2,3,0,0,1,NA,NA,NA,1
PLBD2,2,0,0,1,NA,NA,NA,1
PLD1,3,0,0,1,NA,NA,NA,1
PLD6,2,0,0,1,NA,NA,NA,1
PLEKHA1,4,0,0,1,NA,NA,NA,1
PLEKHA3,3,0,0,1,NA,NA,NA,1
PLEKHA5,2,0,0,1,NA,NA,NA,1
PLEKHA6,2,0,0,1,NA,NA,NA,1
PLEKHB2,4,0,0,1,NA,NA,NA,1
PLEKHG1,3,0,0,1,NA,NA,NA,1
PLEKHG2,6,0,0,1,NA,NA,NA,1
PLEKHH3,2,0,0,1,NA,NA,NA,1
PLEKHO1,2,0,0,1,NA,NA,NA,1
PLGRKT,2,0,0,1,NA,NA,NA,1
PLIN2,3,0,0,1,NA,NA,NA,1
PLIN3,3,0,0,1,NA,NA,NA,1
PLK2,2,0,0,1,NA,NA,NA,1
PLK4,2,0,0,1,NA,NA,NA,1
PLOD2,5,0,0,1,NA,NA,NA,1
PLP2,2,0,0,1,NA,NA,NA,1
PLPBP,3,0,0,1,NA,NA,NA,1
PLPP1,2,0,0,1,NA,NA,NA,1
PLPP3,2,0,0,1,NA,NA,NA,1
PLPP5,2,0,0,1,NA,NA,NA,1
PLRG1,4,0,0,1,NA,NA,NA,1
PLS3,7,0,0,1,NA,NA,NA,1
PLSCR1,3,0,0,1,NA,NA,NA,1
PLSCR4,4,0,0,1,NA,NA,NA,1
PLTP,3,0,0,1,NA,NA,NA,1
PLXNA1,3,0,0,1,NA,NA,NA,1
PLXNA2,3,0,0,1,NA,NA,NA,1
PLXNA3,4,0,0,1,NA,NA,NA,1
PLXND1,2,0,0,1,NA,NA,NA,1
PM20D2,2,0,0,1,NA,NA,NA,1
PMAIP1,2,0,0,1,NA,NA,NA,1
PMEPA1,5,0,0,1,NA,NA,NA,1
PML,2,0,0,1,NA,NA,NA,1
PMP22,2,0,0,1,NA,NA,NA,1
PMPCA,2,0,0,1,NA,NA,NA,1
PMPCB,3,0,0,1,NA,NA,NA,1
PNN,3,0,0,1,NA,NA,NA,1
PNO1,6,0,0,1,NA,NA,NA,1
PNPLA2,3,0,0,1,NA,NA,NA,1
PNPLA4,2,0,0,1,NA,NA,NA,1
PNPLA8,3,0,0,1,NA,NA,NA,1
PNPO,2,0,0,1,NA,NA,NA,1
PNPT1,5,0,0,1,NA,NA,NA,1
PNRC1,2,0,0,1,NA,NA,NA,1
PNRC2,2,0,0,1,NA,NA,NA,1
POC1A,2,0,0,1,NA,NA,NA,1
POC1B-GALNT4,2,0,0,1,NA,NA,NA,1
PODXL,5,0,0,1,NA,NA,NA,1
POFUT1,7,0,0,1,NA,NA,NA,1
POGK,2,0,0,1,NA,NA,NA,1
POGLUT1,3,0,0,1,NA,NA,NA,1
POGZ,3,0,0,1,NA,NA,NA,1
POLDIP2,5,0,0,1,NA,NA,NA,1
POLDIP3,2,0,0,1,NA,NA,NA,1
POLH,6,0,0,1,NA,NA,NA,1
POLI,2,0,0,1,NA,NA,NA,1
POLK,5,0,0,1,NA,NA,NA,1
POLR1A,8,0,0,1,NA,NA,NA,1
POLR1B,6,0,0,1,NA,NA,NA,1
POLR1C,2,0,0,1,NA,NA,NA,1
POLR1G,2,0,0,1,NA,NA,NA,1
POLR2B,2,0,0,1,NA,NA,NA,1
POLR2C,2,0,0,1,NA,NA,NA,1
POLR2D,4,0,0,1,NA,NA,NA,1
POLR2E,4,0,0,1,NA,NA,NA,1
POLR2J,2,0,0,1,NA,NA,NA,1
POLR2K,3,0,0,1,NA,NA,NA,1
POLR2L,3,0,0,1,NA,NA,NA,1
POLR2M,4,0,0,1,NA,NA,NA,1
POLR3A,7,0,0,1,NA,NA,NA,1
POLR3B,2,0,0,1,NA,NA,NA,1
POLR3C,3,0,0,1,NA,NA,NA,1
POLR3D,2,0,0,1,NA,NA,NA,1
POLR3E,3,0,0,1,NA,NA,NA,1
POLR3G,2,0,0,1,NA,NA,NA,1
POLR3H,2,0,0,1,NA,NA,NA,1
POLR3K,3,0,0,1,NA,NA,NA,1
POM121,2,0,0,1,NA,NA,NA,1
POMP,7,0,0,1,NA,NA,NA,1
POMT1,2,0,0,1,NA,NA,NA,1
POMT2,3,0,0,1,NA,NA,NA,1
POP1,3,0,0,1,NA,NA,NA,1
POP4,2,0,0,1,NA,NA,NA,1
POP5,2,0,0,1,NA,NA,NA,1
POSTN,2,0,0,1,NA,NA,NA,1
POT1,2,0,0,1,NA,NA,NA,1
POU2F1,2,0,0,1,NA,NA,NA,1
POU2F2,3,0,0,1,NA,NA,NA,1
POU4F1,2,0,0,1,NA,NA,NA,1
POU6F1,3,0,0,1,NA,NA,NA,1
PPA1,2,0,0,1,NA,NA,NA,1
PPA2,3,0,0,1,NA,NA,NA,1
PPAN,2,0,0,1,NA,NA,NA,1
PPARA,2,0,0,1,NA,NA,NA,1
PPAT,4,0,0,1,NA,NA,NA,1
PPCS,2,0,0,1,NA,NA,NA,1
PPDPF,2,0,0,1,NA,NA,NA,1
PPFIBP1,5,0,0,1,NA,NA,NA,1
PPIA,2,0,0,1,NA,NA,NA,1
PPIC,4,0,0,1,NA,NA,NA,1
PPID,2,0,0,1,NA,NA,NA,1
PPIE,3,0,0,1,NA,NA,NA,1
PPIF,2,0,0,1,NA,NA,NA,1
PPIG,2,0,0,1,NA,NA,NA,1
PPIH,2,0,0,1,NA,NA,NA,1
PPIL4,3,0,0,1,NA,NA,NA,1
PPM1A,2,0,0,1,NA,NA,NA,1
PPM1D,4,0,0,1,NA,NA,NA,1
PPM1F,4,0,0,1,NA,NA,NA,1
PPM1K,3,0,0,1,NA,NA,NA,1
PPP1CB,6,0,0,1,NA,NA,NA,1
PPP1CC,4,0,0,1,NA,NA,NA,1
PPP1R12A,2,0,0,1,NA,NA,NA,1
PPP1R14B,2,0,0,1,NA,NA,NA,1
PPP1R15B,2,0,0,1,NA,NA,NA,1
PPP1R2,3,0,0,1,NA,NA,NA,1
PPP1R21,2,0,0,1,NA,NA,NA,1
PPP1R3B,3,0,0,1,NA,NA,NA,1
PPP1R3D,2,0,0,1,NA,NA,NA,1
PPP1R7,3,0,0,1,NA,NA,NA,1
PPP1R8,2,0,0,1,NA,NA,NA,1
PPP2CA,11,0,0,1,NA,NA,NA,1
PPP2CB,2,0,0,1,NA,NA,NA,1
PPP2R1B,7,0,0,1,NA,NA,NA,1
PPP2R2A,4,0,0,1,NA,NA,NA,1
PPP2R2D,2,0,0,1,NA,NA,NA,1
PPP2R3A,2,0,0,1,NA,NA,NA,1
PPP2R5C,6,0,0,1,NA,NA,NA,1
PPP2R5E,8,0,0,1,NA,NA,NA,1
PPP3CA,6,0,0,1,NA,NA,NA,1
PPP3CB,2,0,0,1,NA,NA,NA,1
PPP3CC,3,0,0,1,NA,NA,NA,1
PPP3R1,2,0,0,1,NA,NA,NA,1
PPP4R1,2,0,0,1,NA,NA,NA,1
PPP4R2,4,0,0,1,NA,NA,NA,1
PPP4R3A,3,0,0,1,NA,NA,NA,1
PPP4R3B,4,0,0,1,NA,NA,NA,1
PPP6C,7,0,0,1,NA,NA,NA,1
PPP6R1,2,0,0,1,NA,NA,NA,1
PPP6R2,2,0,0,1,NA,NA,NA,1
PPP6R3,2,0,0,1,NA,NA,NA,1
PPRC1,2,0,0,1,NA,NA,NA,1
PPTC7,2,0,0,1,NA,NA,NA,1
PRCP,5,0,0,1,NA,NA,NA,1
PRDM1,2,0,0,1,NA,NA,NA,1
PRDM2,2,0,0,1,NA,NA,NA,1
PRDM4,3,0,0,1,NA,NA,NA,1
PRDX1,2,0,0,1,NA,NA,NA,1
PRDX3,3,0,0,1,NA,NA,NA,1
PRDX6,2,0,0,1,NA,NA,NA,1
PRELID1,2,0,0,1,NA,NA,NA,1
PRELID2,2,0,0,1,NA,NA,NA,1
PRELID3B,6,0,0,1,NA,NA,NA,1
PREP,3,0,0,1,NA,NA,NA,1
PREPL,6,0,0,1,NA,NA,NA,1
PREX1,2,0,0,1,NA,NA,NA,1
PREX2,2,0,0,1,NA,NA,NA,1
PRICKLE1,7,0,0,1,NA,NA,NA,1
PRICKLE3,3,0,0,1,NA,NA,NA,1
PRIM2,2,0,0,1,NA,NA,NA,1
PRKAA1,7,0,0,1,NA,NA,NA,1
PRKAB2,2,0,0,1,NA,NA,NA,1
PRKACB,3,0,0,1,NA,NA,NA,1
PRKAG1,2,0,0,1,NA,NA,NA,1
PRKAG2,4,0,0,1,NA,NA,NA,1
PRKAR1A,6,0,0,1,NA,NA,NA,1
PRKAR1B,2,0,0,1,NA,NA,NA,1
PRKAR2A,8,0,0,1,NA,NA,NA,1
PRKAR2B,3,0,0,1,NA,NA,NA,1
PRKCA,2,0,0,1,NA,NA,NA,1
PRKCD,3,0,0,1,NA,NA,NA,1
PRKCE,3,0,0,1,NA,NA,NA,1
PRKCI,2,0,0,1,NA,NA,NA,1
PRKD1,2,0,0,1,NA,NA,NA,1
PRKD3,3,0,0,1,NA,NA,NA,1
PRKRA,3,0,0,1,NA,NA,NA,1
PRKRIP1,2,0,0,1,NA,NA,NA,1
PRKX,8,0,0,1,NA,NA,NA,1
PRMT2,2,0,0,1,NA,NA,NA,1
PRMT6,2,0,0,1,NA,NA,NA,1
PROCR,2,0,0,1,NA,NA,NA,1
PRORP,3,0,0,1,NA,NA,NA,1
PROS1,2,0,0,1,NA,NA,NA,1
PROSER1,3,0,0,1,NA,NA,NA,1
PROSER2,2,0,0,1,NA,NA,NA,1
PROSER3,3,0,0,1,NA,NA,NA,1
PRPF18,4,0,0,1,NA,NA,NA,1
PRPF19,2,0,0,1,NA,NA,NA,1
PRPF3,2,0,0,1,NA,NA,NA,1
PRPF38A,6,0,0,1,NA,NA,NA,1
PRPF38B,7,0,0,1,NA,NA,NA,1
PRPF4,4,0,0,1,NA,NA,NA,1
PRPF40A,8,0,0,1,NA,NA,NA,1
PRPF4B,2,0,0,1,NA,NA,NA,1
PRPS1,2,0,0,1,NA,NA,NA,1
PRPSAP1,5,0,0,1,NA,NA,NA,1
PRPSAP2,3,0,0,1,NA,NA,NA,1
PRR11,8,0,0,1,NA,NA,NA,1
PRR12,2,0,0,1,NA,NA,NA,1
PRR13,4,0,0,1,NA,NA,NA,1
PRR5L,2,0,0,1,NA,NA,NA,1
PRRC1,6,0,0,1,NA,NA,NA,1
PRRC2B,4,0,0,1,NA,NA,NA,1
PRRT3,2,0,0,1,NA,NA,NA,1
PRSS23,4,0,0,1,NA,NA,NA,1
PRUNE1,2,0,0,1,NA,NA,NA,1
PRUNE2,3,0,0,1,NA,NA,NA,1
PRXL2A,7,0,0,1,NA,NA,NA,1
PRXL2C,2,0,0,1,NA,NA,NA,1
PSAP,2,0,0,1,NA,NA,NA,1
PSAT1,2,0,0,1,NA,NA,NA,1
PSD3,3,0,0,1,NA,NA,NA,1
PSEN1,2,0,0,1,NA,NA,NA,1
PSEN2,2,0,0,1,NA,NA,NA,1
PSENEN,2,0,0,1,NA,NA,NA,1
PSIP1,2,0,0,1,NA,NA,NA,1
PSMA2,3,0,0,1,NA,NA,NA,1
PSMA5,2,0,0,1,NA,NA,NA,1
PSMA7,2,0,0,1,NA,NA,NA,1
PSMB2,6,0,0,1,NA,NA,NA,1
PSMB5,2,0,0,1,NA,NA,NA,1
PSMC2,3,0,0,1,NA,NA,NA,1
PSMC6,4,0,0,1,NA,NA,NA,1
PSMD1,2,0,0,1,NA,NA,NA,1
PSMD11,4,0,0,1,NA,NA,NA,1
PSMD12,5,0,0,1,NA,NA,NA,1
PSMD14,2,0,0,1,NA,NA,NA,1
PSMD5,2,0,0,1,NA,NA,NA,1
PSMD7,2,0,0,1,NA,NA,NA,1
PSMD8,2,0,0,1,NA,NA,NA,1
PSMD9,2,0,0,1,NA,NA,NA,1
PSME3,4,0,0,1,NA,NA,NA,1
PSME3IP1,6,0,0,1,NA,NA,NA,1
PSME4,3,0,0,1,NA,NA,NA,1
PSMF1,5,0,0,1,NA,NA,NA,1
PSMG2,2,0,0,1,NA,NA,NA,1
PSMG4,2,0,0,1,NA,NA,NA,1
PSPH,2,0,0,1,NA,NA,NA,1
PTAR1,2,0,0,1,NA,NA,NA,1
PTBP1,4,0,0,1,NA,NA,NA,1
PTBP3,8,0,0,1,NA,NA,NA,1
PTCD3,8,0,0,1,NA,NA,NA,1
PTCHD4,3,0,0,1,NA,NA,NA,1
PTGER4,2,0,0,1,NA,NA,NA,1
PTGES3,4,0,0,1,NA,NA,NA,1
PTGFRN,2,0,0,1,NA,NA,NA,1
PTGR1,4,0,0,1,NA,NA,NA,1
PTGR3,6,0,0,1,NA,NA,NA,1
PTGS1,2,0,0,1,NA,NA,NA,1
PTGS2,6,0,0,1,NA,NA,NA,1
PTHLH,2,0,0,1,NA,NA,NA,1
PTK2,2,0,0,1,NA,NA,NA,1
PTMA,3,0,0,1,NA,NA,NA,1
PTP4A1,3,0,0,1,NA,NA,NA,1
PTP4A2,3,0,0,1,NA,NA,NA,1
PTPMT1,6,0,0,1,NA,NA,NA,1
PTPN1,5,0,0,1,NA,NA,NA,1
PTPN11,4,0,0,1,NA,NA,NA,1
PTPN14,5,0,0,1,NA,NA,NA,1
PTPN18,2,0,0,1,NA,NA,NA,1
PTPN21,3,0,0,1,NA,NA,NA,1
PTPN4,3,0,0,1,NA,NA,NA,1
PTPN9,4,0,0,1,NA,NA,NA,1
PTPRA,3,0,0,1,NA,NA,NA,1
PTPRB,5,0,0,1,NA,NA,NA,1
PTPRD,2,0,0,1,NA,NA,NA,1
PTPRE,3,0,0,1,NA,NA,NA,1
PTPRF,3,0,0,1,NA,NA,NA,1
PTPRG,5,0,0,1,NA,NA,NA,1
PTPRM,2,0,0,1,NA,NA,NA,1
PTRH1,2,0,0,1,NA,NA,NA,1
PTRHD1,3,0,0,1,NA,NA,NA,1
PTS,3,0,0,1,NA,NA,NA,1
PTTG1IP,8,0,0,1,NA,NA,NA,1
PTX3,4,0,0,1,NA,NA,NA,1
PUDP,2,0,0,1,NA,NA,NA,1
PUM1,5,0,0,1,NA,NA,NA,1
PUM2,7,0,0,1,NA,NA,NA,1
PURA,6,0,0,1,NA,NA,NA,1
PURB,3,0,0,1,NA,NA,NA,1
PUS1,2,0,0,1,NA,NA,NA,1
PUS10,2,0,0,1,NA,NA,NA,1
PUS3,3,0,0,1,NA,NA,NA,1
PUS7,3,0,0,1,NA,NA,NA,1
PUS7L,3,0,0,1,NA,NA,NA,1
PVR,7,0,0,1,NA,NA,NA,1
PWP1,3,0,0,1,NA,NA,NA,1
PWP2,2,0,0,1,NA,NA,NA,1
PWWP2A,2,0,0,1,NA,NA,NA,1
PWWP3A,2,0,0,1,NA,NA,NA,1
PXDN,5,0,0,1,NA,NA,NA,1
PXK,2,0,0,1,NA,NA,NA,1
PXMP4,3,0,0,1,NA,NA,NA,1
PXYLP1,2,0,0,1,NA,NA,NA,1
PYGB,3,0,0,1,NA,NA,NA,1
PYGO1,4,0,0,1,NA,NA,NA,1
PYROXD1,2,0,0,1,NA,NA,NA,1
QDPR,4,0,0,1,NA,NA,NA,1
QKI,9,0,0,1,NA,NA,NA,1
QRICH1,4,0,0,1,NA,NA,NA,1
QRSL1,3,0,0,1,NA,NA,NA,1
QSER1,2,0,0,1,NA,NA,NA,1
QSOX1,3,0,0,1,NA,NA,NA,1
QSOX2,2,0,0,1,NA,NA,NA,1
R3HDM2,2,0,0,1,NA,NA,NA,1
RAB10,8,0,0,1,NA,NA,NA,1
RAB11A,10,0,0,1,NA,NA,NA,1
RAB11B,3,0,0,1,NA,NA,NA,1
RAB11FIP1,3,0,0,1,NA,NA,NA,1
RAB11FIP2,2,0,0,1,NA,NA,NA,1
RAB11FIP5,2,0,0,1,NA,NA,NA,1
RAB12,2,0,0,1,NA,NA,NA,1
RAB13,2,0,0,1,NA,NA,NA,1
RAB14,5,0,0,1,NA,NA,NA,1
RAB18,7,0,0,1,NA,NA,NA,1
RAB1A,3,0,0,1,NA,NA,NA,1
RAB21,10,0,0,1,NA,NA,NA,1
RAB22A,4,0,0,1,NA,NA,NA,1
RAB23,3,0,0,1,NA,NA,NA,1
RAB27A,6,0,0,1,NA,NA,NA,1
RAB29,3,0,0,1,NA,NA,NA,1
RAB2A,5,0,0,1,NA,NA,NA,1
RAB30,8,0,0,1,NA,NA,NA,1
RAB31,5,0,0,1,NA,NA,NA,1
RAB33B,2,0,0,1,NA,NA,NA,1
RAB35,3,0,0,1,NA,NA,NA,1
RAB36,2,0,0,1,NA,NA,NA,1
RAB3B,8,0,0,1,NA,NA,NA,1
RAB3GAP1,6,0,0,1,NA,NA,NA,1
RAB3GAP2,5,0,0,1,NA,NA,NA,1
RAB3IP,3,0,0,1,NA,NA,NA,1
RAB40B,2,0,0,1,NA,NA,NA,1
RAB4A,6,0,0,1,NA,NA,NA,1
RAB5A,3,0,0,1,NA,NA,NA,1
RAB5B,3,0,0,1,NA,NA,NA,1
RAB5C,2,0,0,1,NA,NA,NA,1
RAB5IF,2,0,0,1,NA,NA,NA,1
RAB6A,4,0,0,1,NA,NA,NA,1
RAB6B,2,0,0,1,NA,NA,NA,1
RAB7A,3,0,0,1,NA,NA,NA,1
RAB8A,3,0,0,1,NA,NA,NA,1
RAB8B,4,0,0,1,NA,NA,NA,1
RAB9A,2,0,0,1,NA,NA,NA,1
RABEP1,4,0,0,1,NA,NA,NA,1
RABGAP1,4,0,0,1,NA,NA,NA,1
RABGAP1L,2,0,0,1,NA,NA,NA,1
RABGEF1,4,0,0,1,NA,NA,NA,1
RABGGTB,2,0,0,1,NA,NA,NA,1
RABIF,5,0,0,1,NA,NA,NA,1
RABL3,3,0,0,1,NA,NA,NA,1
RAC1,3,0,0,1,NA,NA,NA,1
RAD1,5,0,0,1,NA,NA,NA,1
RAD18,3,0,0,1,NA,NA,NA,1
RAD21,2,0,0,1,NA,NA,NA,1
RAD23A,2,0,0,1,NA,NA,NA,1
RAD23B,7,0,0,1,NA,NA,NA,1
RAD50,9,0,0,1,NA,NA,NA,1
RAD51,2,0,0,1,NA,NA,NA,1
RAD51D,5,0,0,1,NA,NA,NA,1
RAD54L2,2,0,0,1,NA,NA,NA,1
RAI1,2,0,0,1,NA,NA,NA,1
RAI14,5,0,0,1,NA,NA,NA,1
RAI2,2,0,0,1,NA,NA,NA,1
RALA,7,0,0,1,NA,NA,NA,1
RALBP1,3,0,0,1,NA,NA,NA,1
RALGAPA2,3,0,0,1,NA,NA,NA,1
RALGAPB,7,0,0,1,NA,NA,NA,1
RALGPS2,2,0,0,1,NA,NA,NA,1
RALY,3,0,0,1,NA,NA,NA,1
RAN,6,0,0,1,NA,NA,NA,1
RANBP1,4,0,0,1,NA,NA,NA,1
RANBP10,2,0,0,1,NA,NA,NA,1
RANBP2,4,0,0,1,NA,NA,NA,1
RANBP3,3,0,0,1,NA,NA,NA,1
RANBP9,2,0,0,1,NA,NA,NA,1
RANGAP1,3,0,0,1,NA,NA,NA,1
RAP1A,5,0,0,1,NA,NA,NA,1
RAP1B,2,0,0,1,NA,NA,NA,1
RAP1GDS1,2,0,0,1,NA,NA,NA,1
RAP2A,6,0,0,1,NA,NA,NA,1
RAP2B,7,0,0,1,NA,NA,NA,1
RAP2C,4,0,0,1,NA,NA,NA,1
RAPGEF2,2,0,0,1,NA,NA,NA,1
RAPGEF3,2,0,0,1,NA,NA,NA,1
RAPGEF6,2,0,0,1,NA,NA,NA,1
RAPH1,3,0,0,1,NA,NA,NA,1
RARA,2,0,0,1,NA,NA,NA,1
RARS1,2,0,0,1,NA,NA,NA,1
RARS2,2,0,0,1,NA,NA,NA,1
RASA1,2,0,0,1,NA,NA,NA,1
RASAL2,3,0,0,1,NA,NA,NA,1
RASGRP3,2,0,0,1,NA,NA,NA,1
RASIP1,2,0,0,1,NA,NA,NA,1
RASSF2,2,0,0,1,NA,NA,NA,1
RASSF3,2,0,0,1,NA,NA,NA,1
RAVER1,2,0,0,1,NA,NA,NA,1
RAVER2,2,0,0,1,NA,NA,NA,1
RB1CC1,4,0,0,1,NA,NA,NA,1
RBAK,2,0,0,1,NA,NA,NA,1
RBBP4,4,0,0,1,NA,NA,NA,1
RBBP5,4,0,0,1,NA,NA,NA,1
RBBP7,3,0,0,1,NA,NA,NA,1
RBBP9,4,0,0,1,NA,NA,NA,1
RBIS,2,0,0,1,NA,NA,NA,1
RBL1,2,0,0,1,NA,NA,NA,1
RBL2,2,0,0,1,NA,NA,NA,1
RBM12,4,0,0,1,NA,NA,NA,1
RBM12B,5,0,0,1,NA,NA,NA,1
RBM15B,3,0,0,1,NA,NA,NA,1
RBM17,3,0,0,1,NA,NA,NA,1
RBM18,7,0,0,1,NA,NA,NA,1
RBM19,2,0,0,1,NA,NA,NA,1
RBM22,2,0,0,1,NA,NA,NA,1
RBM23,3,0,0,1,NA,NA,NA,1
RBM24,3,0,0,1,NA,NA,NA,1
RBM25,4,0,0,1,NA,NA,NA,1
RBM26,5,0,0,1,NA,NA,NA,1
RBM27,8,0,0,1,NA,NA,NA,1
RBM28,3,0,0,1,NA,NA,NA,1
RBM3,5,0,0,1,NA,NA,NA,1
RBM33,4,0,0,1,NA,NA,NA,1
RBM34,2,0,0,1,NA,NA,NA,1
RBM39,3,0,0,1,NA,NA,NA,1
RBM41,5,0,0,1,NA,NA,NA,1
RBM4B,2,0,0,1,NA,NA,NA,1
RBM7,5,0,0,1,NA,NA,NA,1
RBM8A,6,0,0,1,NA,NA,NA,1
RBMS1,5,0,0,1,NA,NA,NA,1
RBMS2,11,0,0,1,NA,NA,NA,1
RBMS3,6,0,0,1,NA,NA,NA,1
RBMX,3,0,0,1,NA,NA,NA,1
RBMXL1,3,0,0,1,NA,NA,NA,1
RBPJ,2,0,0,1,NA,NA,NA,1
RBPMS,2,0,0,1,NA,NA,NA,1
RC3H2,4,0,0,1,NA,NA,NA,1
RCAN1,2,0,0,1,NA,NA,NA,1
RCAN3,2,0,0,1,NA,NA,NA,1
RCC1,3,0,0,1,NA,NA,NA,1
RCCD1,3,0,0,1,NA,NA,NA,1
RCHY1,3,0,0,1,NA,NA,NA,1
RCL1,3,0,0,1,NA,NA,NA,1
RCN1,4,0,0,1,NA,NA,NA,1
RCN2,3,0,0,1,NA,NA,NA,1
RCOR1,3,0,0,1,NA,NA,NA,1
RCOR3,4,0,0,1,NA,NA,NA,1
RDH10,3,0,0,1,NA,NA,NA,1
RDH11,3,0,0,1,NA,NA,NA,1
RDX,2,0,0,1,NA,NA,NA,1
RECK,2,0,0,1,NA,NA,NA,1
RECQL,4,0,0,1,NA,NA,NA,1
REEP3,8,0,0,1,NA,NA,NA,1
REEP5,4,0,0,1,NA,NA,NA,1
REL,4,0,0,1,NA,NA,NA,1
RELA,2,0,0,1,NA,NA,NA,1
RELCH,3,0,0,1,NA,NA,NA,1
RELT,2,0,0,1,NA,NA,NA,1
REPS1,2,0,0,1,NA,NA,NA,1
RER1,4,0,0,1,NA,NA,NA,1
RERE,3,0,0,1,NA,NA,NA,1
REST,2,0,0,1,NA,NA,NA,1
RETREG2,5,0,0,1,NA,NA,NA,1
RETSAT,2,0,0,1,NA,NA,NA,1
REV1,2,0,0,1,NA,NA,NA,1
REXO1,2,0,0,1,NA,NA,NA,1
REXO2,2,0,0,1,NA,NA,NA,1
RFC1,3,0,0,1,NA,NA,NA,1
RFC2,2,0,0,1,NA,NA,NA,1
RFC5,2,0,0,1,NA,NA,NA,1
RFK,3,0,0,1,NA,NA,NA,1
RFLNB,5,0,0,1,NA,NA,NA,1
RFT1,2,0,0,1,NA,NA,NA,1
RFTN2,2,0,0,1,NA,NA,NA,1
RFWD3,2,0,0,1,NA,NA,NA,1
RFX2,2,0,0,1,NA,NA,NA,1
RFX5,2,0,0,1,NA,NA,NA,1
RFX7,2,0,0,1,NA,NA,NA,1
RGL1,4,0,0,1,NA,NA,NA,1
RGMB,2,0,0,1,NA,NA,NA,1
RGP1,3,0,0,1,NA,NA,NA,1
RGS10,3,0,0,1,NA,NA,NA,1
RGS19,2,0,0,1,NA,NA,NA,1
RGS4,5,0,0,1,NA,NA,NA,1
RGS5,11,0,0,1,NA,NA,NA,1
RHBDD1,3,0,0,1,NA,NA,NA,1
RHBDD2,2,0,0,1,NA,NA,NA,1
RHBDF1,2,0,0,1,NA,NA,NA,1
RHEB,2,0,0,1,NA,NA,NA,1
RHNO1,4,0,0,1,NA,NA,NA,1
RHOA,3,0,0,1,NA,NA,NA,1
RHOB,4,0,0,1,NA,NA,NA,1
RHOBTB2,2,0,0,1,NA,NA,NA,1
RHOBTB3,2,0,0,1,NA,NA,NA,1
RHOF,2,0,0,1,NA,NA,NA,1
RHOJ,8,0,0,1,NA,NA,NA,1
RHOQ,6,0,0,1,NA,NA,NA,1
RHOT1,4,0,0,1,NA,NA,NA,1
RHOT2,2,0,0,1,NA,NA,NA,1
RIC1,4,0,0,1,NA,NA,NA,1
RIC8A,2,0,0,1,NA,NA,NA,1
RIC8B,2,0,0,1,NA,NA,NA,1
RIDA,2,0,0,1,NA,NA,NA,1
RIF1,6,0,0,1,NA,NA,NA,1
RIGI,3,0,0,1,NA,NA,NA,1
RILPL1,3,0,0,1,NA,NA,NA,1
RILPL2,2,0,0,1,NA,NA,NA,1
RIMKLB,4,0,0,1,NA,NA,NA,1
RIN2,2,0,0,1,NA,NA,NA,1
RIOK1,3,0,0,1,NA,NA,NA,1
RIOK2,2,0,0,1,NA,NA,NA,1
RIOK3,3,0,0,1,NA,NA,NA,1
RIOX2,7,0,0,1,NA,NA,NA,1
RIPK1,2,0,0,1,NA,NA,NA,1
RIPK2,6,0,0,1,NA,NA,NA,1
RIT1,5,0,0,1,NA,NA,NA,1
RITA1,2,0,0,1,NA,NA,NA,1
RLIG1,3,0,0,1,NA,NA,NA,1
RLIM,5,0,0,1,NA,NA,NA,1
RMDN1,3,0,0,1,NA,NA,NA,1
RMND1,2,0,0,1,NA,NA,NA,1
RMND5A,4,0,0,1,NA,NA,NA,1
RMND5B,2,0,0,1,NA,NA,NA,1
RNASE1,2,0,0,1,NA,NA,NA,1
RNASEH1,3,0,0,1,NA,NA,NA,1
RNASEH2A,2,0,0,1,NA,NA,NA,1
RNASEH2C,2,0,0,1,NA,NA,NA,1
RND3,3,0,0,1,NA,NA,NA,1
RNF10,3,0,0,1,NA,NA,NA,1
RNF103-CHMP3,2,0,0,1,NA,NA,NA,1
RNF11,8,0,0,1,NA,NA,NA,1
RNF111,3,0,0,1,NA,NA,NA,1
RNF114,2,0,0,1,NA,NA,NA,1
RNF115,7,0,0,1,NA,NA,NA,1
RNF121,2,0,0,1,NA,NA,NA,1
RNF126,3,0,0,1,NA,NA,NA,1
RNF13,2,0,0,1,NA,NA,NA,1
RNF138,2,0,0,1,NA,NA,NA,1
RNF14,4,0,0,1,NA,NA,NA,1
RNF141,4,0,0,1,NA,NA,NA,1
RNF144A,2,0,0,1,NA,NA,NA,1
RNF144B,5,0,0,1,NA,NA,NA,1
RNF145,3,0,0,1,NA,NA,NA,1
RNF149,3,0,0,1,NA,NA,NA,1
RNF150,2,0,0,1,NA,NA,NA,1
RNF152,2,0,0,1,NA,NA,NA,1
RNF168,3,0,0,1,NA,NA,NA,1
RNF170,3,0,0,1,NA,NA,NA,1
RNF181,2,0,0,1,NA,NA,NA,1
RNF2,4,0,0,1,NA,NA,NA,1
RNF20,4,0,0,1,NA,NA,NA,1
RNF213,5,0,0,1,NA,NA,NA,1
RNF214,3,0,0,1,NA,NA,NA,1
RNF216,3,0,0,1,NA,NA,NA,1
RNF217,4,0,0,1,NA,NA,NA,1
RNF24,5,0,0,1,NA,NA,NA,1
RNF38,2,0,0,1,NA,NA,NA,1
RNF4,2,0,0,1,NA,NA,NA,1
RNF40,3,0,0,1,NA,NA,NA,1
RNF41,10,0,0,1,NA,NA,NA,1
RNF44,3,0,0,1,NA,NA,NA,1
RNF7,8,0,0,1,NA,NA,NA,1
RNFT2,2,0,0,1,NA,NA,NA,1
RNGTT,4,0,0,1,NA,NA,NA,1
RNMT,2,0,0,1,NA,NA,NA,1
RNPS1,2,0,0,1,NA,NA,NA,1
RO60,4,0,0,1,NA,NA,NA,1
ROBO4,2,0,0,1,NA,NA,NA,1
ROCK1,3,0,0,1,NA,NA,NA,1
ROCK2,5,0,0,1,NA,NA,NA,1
ROR1,2,0,0,1,NA,NA,NA,1
RORA,5,0,0,1,NA,NA,NA,1
RPA3,3,0,0,1,NA,NA,NA,1
RPAIN,2,0,0,1,NA,NA,NA,1
RPAP2,4,0,0,1,NA,NA,NA,1
RPAP3,3,0,0,1,NA,NA,NA,1
RPE,7,0,0,1,NA,NA,NA,1
RPF2,4,0,0,1,NA,NA,NA,1
RPGRIP1L,2,0,0,1,NA,NA,NA,1
RPL13,4,0,0,1,NA,NA,NA,1
RPL14,6,0,0,1,NA,NA,NA,1
RPL15,7,0,0,1,NA,NA,NA,1
RPL19,2,0,0,1,NA,NA,NA,1
RPL22,5,0,0,1,NA,NA,NA,1
RPL23,5,0,0,1,NA,NA,NA,1
RPL23A,2,0,0,1,NA,NA,NA,1
RPL26L1,3,0,0,1,NA,NA,NA,1
RPL28,4,0,0,1,NA,NA,NA,1
RPL31,4,0,0,1,NA,NA,NA,1
RPL32,2,0,0,1,NA,NA,NA,1
RPL35A,4,0,0,1,NA,NA,NA,1
RPL36A,2,0,0,1,NA,NA,NA,1
RPL37,5,0,0,1,NA,NA,NA,1
RPL37A,7,0,0,1,NA,NA,NA,1
RPL38,2,0,0,1,NA,NA,NA,1
RPL4,3,0,0,1,NA,NA,NA,1
RPL7,3,0,0,1,NA,NA,NA,1
RPL7A,2,0,0,1,NA,NA,NA,1
RPL7L1,5,0,0,1,NA,NA,NA,1
RPLP1,2,0,0,1,NA,NA,NA,1
RPN1,2,0,0,1,NA,NA,NA,1
RPP14,8,0,0,1,NA,NA,NA,1
RPP25,2,0,0,1,NA,NA,NA,1
RPP30,2,0,0,1,NA,NA,NA,1
RPRD1A,2,0,0,1,NA,NA,NA,1
RPRD2,4,0,0,1,NA,NA,NA,1
RPS14,2,0,0,1,NA,NA,NA,1
RPS15A,2,0,0,1,NA,NA,NA,1
RPS19,3,0,0,1,NA,NA,NA,1
RPS23,4,0,0,1,NA,NA,NA,1
RPS26,2,0,0,1,NA,NA,NA,1
RPS27A,2,0,0,1,NA,NA,NA,1
RPS27L,6,0,0,1,NA,NA,NA,1
RPS28,2,0,0,1,NA,NA,NA,1
RPS3,4,0,0,1,NA,NA,NA,1
RPS4X,2,0,0,1,NA,NA,NA,1
RPS6KA2,4,0,0,1,NA,NA,NA,1
RPS6KA3,4,0,0,1,NA,NA,NA,1
RPS6KA4,2,0,0,1,NA,NA,NA,1
RPS6KB1,5,0,0,1,NA,NA,NA,1
RPS6KC1,3,0,0,1,NA,NA,NA,1
RPS8,3,0,0,1,NA,NA,NA,1
RPSA,2,0,0,1,NA,NA,NA,1
RPTOR,3,0,0,1,NA,NA,NA,1
RPUSD4,2,0,0,1,NA,NA,NA,1
RRAGA,2,0,0,1,NA,NA,NA,1
RRAGC,4,0,0,1,NA,NA,NA,1
RRAS2,4,0,0,1,NA,NA,NA,1
RRBP1,4,0,0,1,NA,NA,NA,1
RRM1,2,0,0,1,NA,NA,NA,1
RRM2,5,0,0,1,NA,NA,NA,1
RRM2B,7,0,0,1,NA,NA,NA,1
RRP1,2,0,0,1,NA,NA,NA,1
RRP15,4,0,0,1,NA,NA,NA,1
RRP1B,2,0,0,1,NA,NA,NA,1
RRP7A,4,0,0,1,NA,NA,NA,1
RSBN1,2,0,0,1,NA,NA,NA,1
RSBN1L,3,0,0,1,NA,NA,NA,1
RSF1,4,0,0,1,NA,NA,NA,1
RSL1D1,4,0,0,1,NA,NA,NA,1
RSL24D1,4,0,0,1,NA,NA,NA,1
RSPH3,3,0,0,1,NA,NA,NA,1
RSPO3,4,0,0,1,NA,NA,NA,1
RSPRY1,5,0,0,1,NA,NA,NA,1
RSRC1,3,0,0,1,NA,NA,NA,1
RSRC2,2,0,0,1,NA,NA,NA,1
RSU1,7,0,0,1,NA,NA,NA,1
RTCA,3,0,0,1,NA,NA,NA,1
RTF1,4,0,0,1,NA,NA,NA,1
RTF2,2,0,0,1,NA,NA,NA,1
RTL10,4,0,0,1,NA,NA,NA,1
RTL8B,2,0,0,1,NA,NA,NA,1
RTL8C,2,0,0,1,NA,NA,NA,1
RTN1,2,0,0,1,NA,NA,NA,1
RTN3,4,0,0,1,NA,NA,NA,1
RTN4,4,0,0,1,NA,NA,NA,1
RUBCN,2,0,0,1,NA,NA,NA,1
RUFY2,3,0,0,1,NA,NA,NA,1
RUFY3,3,0,0,1,NA,NA,NA,1
RUNDC1,3,0,0,1,NA,NA,NA,1
RUNDC3B,2,0,0,1,NA,NA,NA,1
RUNX1,3,0,0,1,NA,NA,NA,1
RUNX1T1,4,0,0,1,NA,NA,NA,1
RUSC1,2,0,0,1,NA,NA,NA,1
RUVBL2,2,0,0,1,NA,NA,NA,1
RWDD2A,3,0,0,1,NA,NA,NA,1
RWDD4,4,0,0,1,NA,NA,NA,1
RXRA,3,0,0,1,NA,NA,NA,1
RXYLT1,2,0,0,1,NA,NA,NA,1
RYBP,2,0,0,1,NA,NA,NA,1
S100A16,2,0,0,1,NA,NA,NA,1
S100PBP,3,0,0,1,NA,NA,NA,1
S1PR1,2,0,0,1,NA,NA,NA,1
S1PR3,2,0,0,1,NA,NA,NA,1
SAE1,2,0,0,1,NA,NA,NA,1
SAFB2,2,0,0,1,NA,NA,NA,1
SAMD1,2,0,0,1,NA,NA,NA,1
SAMD14,2,0,0,1,NA,NA,NA,1
SAMD4A,2,0,0,1,NA,NA,NA,1
SAMD4B,5,0,0,1,NA,NA,NA,1
SAMD8,5,0,0,1,NA,NA,NA,1
SAMD9L,2,0,0,1,NA,NA,NA,1
SAMHD1,4,0,0,1,NA,NA,NA,1
SAP130,2,0,0,1,NA,NA,NA,1
SAP18,7,0,0,1,NA,NA,NA,1
SAP30BP,4,0,0,1,NA,NA,NA,1
SAP30L,3,0,0,1,NA,NA,NA,1
SAPCD2,2,0,0,1,NA,NA,NA,1
SAR1A,7,0,0,1,NA,NA,NA,1
SAR1B,5,0,0,1,NA,NA,NA,1
SARAF,2,0,0,1,NA,NA,NA,1
SARM1,2,0,0,1,NA,NA,NA,1
SARS1,2,0,0,1,NA,NA,NA,1
SART3,3,0,0,1,NA,NA,NA,1
SASH1,2,0,0,1,NA,NA,NA,1
SAT1,4,0,0,1,NA,NA,NA,1
SATB1,3,0,0,1,NA,NA,NA,1
SAV1,4,0,0,1,NA,NA,NA,1
SAYSD1,3,0,0,1,NA,NA,NA,1
SBDS,3,0,0,1,NA,NA,NA,1
SBF1,2,0,0,1,NA,NA,NA,1
SBF2,2,0,0,1,NA,NA,NA,1
SBNO1,4,0,0,1,NA,NA,NA,1
SC5D,3,0,0,1,NA,NA,NA,1
SCAF11,7,0,0,1,NA,NA,NA,1
SCAF4,2,0,0,1,NA,NA,NA,1
SCAF8,2,0,0,1,NA,NA,NA,1
SCAMP1,4,0,0,1,NA,NA,NA,1
SCAMP2,3,0,0,1,NA,NA,NA,1
SCARB2,3,0,0,1,NA,NA,NA,1
SCCPDH,4,0,0,1,NA,NA,NA,1
SCD,3,0,0,1,NA,NA,NA,1
SCD5,3,0,0,1,NA,NA,NA,1
SCFD2,2,0,0,1,NA,NA,NA,1
SCN8A,5,0,0,1,NA,NA,NA,1
SCO1,5,0,0,1,NA,NA,NA,1
SCP2,5,0,0,1,NA,NA,NA,1
SCPEP1,2,0,0,1,NA,NA,NA,1
SCRN1,3,0,0,1,NA,NA,NA,1
SCUBE3,2,0,0,1,NA,NA,NA,1
SCYL2,5,0,0,1,NA,NA,NA,1
SCYL3,3,0,0,1,NA,NA,NA,1
SDAD1,2,0,0,1,NA,NA,NA,1
SDC1,2,0,0,1,NA,NA,NA,1
SDC2,5,0,0,1,NA,NA,NA,1
SDC4,3,0,0,1,NA,NA,NA,1
SDCBP,3,0,0,1,NA,NA,NA,1
SDE2,4,0,0,1,NA,NA,NA,1
SDHA,3,0,0,1,NA,NA,NA,1
SDHAF2,2,0,0,1,NA,NA,NA,1
SDHAF4,2,0,0,1,NA,NA,NA,1
SDHD,2,0,0,1,NA,NA,NA,1
SDK1,2,0,0,1,NA,NA,NA,1
SEC11A,2,0,0,1,NA,NA,NA,1
SEC11C,2,0,0,1,NA,NA,NA,1
SEC14L1,4,0,0,1,NA,NA,NA,1
SEC14L2,5,0,0,1,NA,NA,NA,1
SEC16A,2,0,0,1,NA,NA,NA,1
SEC22A,3,0,0,1,NA,NA,NA,1
SEC22B,3,0,0,1,NA,NA,NA,1
SEC22C,4,0,0,1,NA,NA,NA,1
SEC23A,4,0,0,1,NA,NA,NA,1
SEC23B,5,0,0,1,NA,NA,NA,1
SEC23IP,3,0,0,1,NA,NA,NA,1
SEC24A,5,0,0,1,NA,NA,NA,1
SEC24B,2,0,0,1,NA,NA,NA,1
SEC31A,3,0,0,1,NA,NA,NA,1
SEC61A1,5,0,0,1,NA,NA,NA,1
SEC61A2,2,0,0,1,NA,NA,NA,1
SEC62,10,0,0,1,NA,NA,NA,1
SEC63,4,0,0,1,NA,NA,NA,1
SECISBP2,2,0,0,1,NA,NA,NA,1
SECISBP2L,3,0,0,1,NA,NA,NA,1
SEL1L,4,0,0,1,NA,NA,NA,1
SEL1L3,3,0,0,1,NA,NA,NA,1
SELENOF,2,0,0,1,NA,NA,NA,1
SELENOH,2,0,0,1,NA,NA,NA,1
SELENOK,5,0,0,1,NA,NA,NA,1
SELENON,2,0,0,1,NA,NA,NA,1
SELENOS,2,0,0,1,NA,NA,NA,1
SELENOT,5,0,0,1,NA,NA,NA,1
SEMA3A,3,0,0,1,NA,NA,NA,1
SEMA3D,3,0,0,1,NA,NA,NA,1
SEMA3G,3,0,0,1,NA,NA,NA,1
SEMA4F,2,0,0,1,NA,NA,NA,1
SEMA5A,2,0,0,1,NA,NA,NA,1
SEMA6C,2,0,0,1,NA,NA,NA,1
SENP1,3,0,0,1,NA,NA,NA,1
SENP2,5,0,0,1,NA,NA,NA,1
SENP5,3,0,0,1,NA,NA,NA,1
SENP6,4,0,0,1,NA,NA,NA,1
SENP8,2,0,0,1,NA,NA,NA,1
SEPHS1,4,0,0,1,NA,NA,NA,1
SEPHS2,2,0,0,1,NA,NA,NA,1
SEPTIN10,3,0,0,1,NA,NA,NA,1
SEPTIN11,10,0,0,1,NA,NA,NA,1
SEPTIN2,3,0,0,1,NA,NA,NA,1
SEPTIN6,4,0,0,1,NA,NA,NA,1
SEPTIN7,4,0,0,1,NA,NA,NA,1
SEPTIN8,2,0,0,1,NA,NA,NA,1
SERAC1,3,0,0,1,NA,NA,NA,1
SERBP1,15,0,0,1,NA,NA,NA,1
SERF2,3,0,0,1,NA,NA,NA,1
SERINC1,4,0,0,1,NA,NA,NA,1
SERINC3,8,0,0,1,NA,NA,NA,1
SERINC5,2,0,0,1,NA,NA,NA,1
SERP1,7,0,0,1,NA,NA,NA,1
SERPINB1,3,0,0,1,NA,NA,NA,1
SERPINB2,2,0,0,1,NA,NA,NA,1
SERPINB8,2,0,0,1,NA,NA,NA,1
SERPINB9,4,0,0,1,NA,NA,NA,1
SERPINE1,7,0,0,1,NA,NA,NA,1
SERPINE2,3,0,0,1,NA,NA,NA,1
SERTAD2,3,0,0,1,NA,NA,NA,1
SESTD1,7,0,0,1,NA,NA,NA,1
SET,4,0,0,1,NA,NA,NA,1
SETD1B,2,0,0,1,NA,NA,NA,1
SETD3,3,0,0,1,NA,NA,NA,1
SETD4,2,0,0,1,NA,NA,NA,1
SETD5,3,0,0,1,NA,NA,NA,1
SETD6,2,0,0,1,NA,NA,NA,1
SETD7,6,0,0,1,NA,NA,NA,1
SETDB2,3,0,0,1,NA,NA,NA,1
SETX,3,0,0,1,NA,NA,NA,1
SEZ6L2,2,0,0,1,NA,NA,NA,1
SF1,2,0,0,1,NA,NA,NA,1
SF3A1,3,0,0,1,NA,NA,NA,1
SF3A3,4,0,0,1,NA,NA,NA,1
SF3B1,4,0,0,1,NA,NA,NA,1
SF3B3,4,0,0,1,NA,NA,NA,1
SFPQ,6,0,0,1,NA,NA,NA,1
SFT2D1,3,0,0,1,NA,NA,NA,1
SFT2D2,4,0,0,1,NA,NA,NA,1
SFT2D3,3,0,0,1,NA,NA,NA,1
SFXN1,6,0,0,1,NA,NA,NA,1
SGCB,5,0,0,1,NA,NA,NA,1
SGK3,3,0,0,1,NA,NA,NA,1
SGMS1,3,0,0,1,NA,NA,NA,1
SGMS2,4,0,0,1,NA,NA,NA,1
SGO2,2,0,0,1,NA,NA,NA,1
SGPL1,4,0,0,1,NA,NA,NA,1
SGSM3,2,0,0,1,NA,NA,NA,1
SGTB,4,0,0,1,NA,NA,NA,1
SH2B3,2,0,0,1,NA,NA,NA,1
SH3BGRL,3,0,0,1,NA,NA,NA,1
SH3BGRL2,5,0,0,1,NA,NA,NA,1
SH3BGRL3,2,0,0,1,NA,NA,NA,1
SH3BP1,2,0,0,1,NA,NA,NA,1
SH3BP2,2,0,0,1,NA,NA,NA,1
SH3BP4,3,0,0,1,NA,NA,NA,1
SH3BP5,2,0,0,1,NA,NA,NA,1
SH3D19,2,0,0,1,NA,NA,NA,1
SH3GLB1,11,0,0,1,NA,NA,NA,1
SH3KBP1,3,0,0,1,NA,NA,NA,1
SH3PXD2A,2,0,0,1,NA,NA,NA,1
SH3RF1,3,0,0,1,NA,NA,NA,1
SH3YL1,2,0,0,1,NA,NA,NA,1
SHB,3,0,0,1,NA,NA,NA,1
SHC1,5,0,0,1,NA,NA,NA,1
SHC3,3,0,0,1,NA,NA,NA,1
SHCBP1,3,0,0,1,NA,NA,NA,1
SHE,2,0,0,1,NA,NA,NA,1
SHISA2,2,0,0,1,NA,NA,NA,1
SHMT2,3,0,0,1,NA,NA,NA,1
SHPK,2,0,0,1,NA,NA,NA,1
SHQ1,2,0,0,1,NA,NA,NA,1
SHROOM1,2,0,0,1,NA,NA,NA,1
SHROOM2,2,0,0,1,NA,NA,NA,1
SHROOM3,3,0,0,1,NA,NA,NA,1
SHROOM4,3,0,0,1,NA,NA,NA,1
SHTN1,2,0,0,1,NA,NA,NA,1
SIAE,2,0,0,1,NA,NA,NA,1
SIAH1,2,0,0,1,NA,NA,NA,1
SIK2,3,0,0,1,NA,NA,NA,1
SIK3,2,0,0,1,NA,NA,NA,1
SIKE1,4,0,0,1,NA,NA,NA,1
SIL1,2,0,0,1,NA,NA,NA,1
SIMC1,3,0,0,1,NA,NA,NA,1
SIN3A,3,0,0,1,NA,NA,NA,1
SIPA1L2,4,0,0,1,NA,NA,NA,1
SIRPA,4,0,0,1,NA,NA,NA,1
SIRT1,2,0,0,1,NA,NA,NA,1
SIRT3,2,0,0,1,NA,NA,NA,1
SIRT5,3,0,0,1,NA,NA,NA,1
SKA2,9,0,0,1,NA,NA,NA,1
SKAP2,4,0,0,1,NA,NA,NA,1
SKI,3,0,0,1,NA,NA,NA,1
SKIC3,3,0,0,1,NA,NA,NA,1
SKIL,6,0,0,1,NA,NA,NA,1
SKP1,8,0,0,1,NA,NA,NA,1
SLAIN2,4,0,0,1,NA,NA,NA,1
SLBP,2,0,0,1,NA,NA,NA,1
SLC10A7,4,0,0,1,NA,NA,NA,1
SLC11A2,2,0,0,1,NA,NA,NA,1
SLC12A2,3,0,0,1,NA,NA,NA,1
SLC12A4,2,0,0,1,NA,NA,NA,1
SLC12A6,3,0,0,1,NA,NA,NA,1
SLC15A4,2,0,0,1,NA,NA,NA,1
SLC16A7,2,0,0,1,NA,NA,NA,1
SLC17A5,3,0,0,1,NA,NA,NA,1
SLC17A9,2,0,0,1,NA,NA,NA,1
SLC1A1,2,0,0,1,NA,NA,NA,1
SLC1A4,3,0,0,1,NA,NA,NA,1
SLC20A2,4,0,0,1,NA,NA,NA,1
SLC22A23,3,0,0,1,NA,NA,NA,1
SLC23A2,2,0,0,1,NA,NA,NA,1
SLC25A11,4,0,0,1,NA,NA,NA,1
SLC25A12,2,0,0,1,NA,NA,NA,1
SLC25A13,3,0,0,1,NA,NA,NA,1
SLC25A15,2,0,0,1,NA,NA,NA,1
SLC25A16,4,0,0,1,NA,NA,NA,1
SLC25A17,5,0,0,1,NA,NA,NA,1
SLC25A25,2,0,0,1,NA,NA,NA,1
SLC25A3,4,0,0,1,NA,NA,NA,1
SLC25A32,7,0,0,1,NA,NA,NA,1
SLC25A33,3,0,0,1,NA,NA,NA,1
SLC25A36,5,0,0,1,NA,NA,NA,1
SLC25A37,2,0,0,1,NA,NA,NA,1
SLC25A38,4,0,0,1,NA,NA,NA,1
SLC25A4,2,0,0,1,NA,NA,NA,1
SLC25A46,5,0,0,1,NA,NA,NA,1
SLC27A4,2,0,0,1,NA,NA,NA,1
SLC29A1,2,0,0,1,NA,NA,NA,1
SLC2A1,4,0,0,1,NA,NA,NA,1
SLC2A10,2,0,0,1,NA,NA,NA,1
SLC2A13,2,0,0,1,NA,NA,NA,1
SLC2A3,3,0,0,1,NA,NA,NA,1
SLC2A4RG,3,0,0,1,NA,NA,NA,1
SLC2A8,2,0,0,1,NA,NA,NA,1
SLC30A1,4,0,0,1,NA,NA,NA,1
SLC30A4,3,0,0,1,NA,NA,NA,1
SLC30A5,5,0,0,1,NA,NA,NA,1
SLC30A6,4,0,0,1,NA,NA,NA,1
SLC30A7,9,0,0,1,NA,NA,NA,1
SLC31A1,6,0,0,1,NA,NA,NA,1
SLC33A1,6,0,0,1,NA,NA,NA,1
SLC35A1,2,0,0,1,NA,NA,NA,1
SLC35A3,4,0,0,1,NA,NA,NA,1
SLC35A5,2,0,0,1,NA,NA,NA,1
SLC35B1,3,0,0,1,NA,NA,NA,1
SLC35B3,3,0,0,1,NA,NA,NA,1
SLC35B4,8,0,0,1,NA,NA,NA,1
SLC35C1,2,0,0,1,NA,NA,NA,1
SLC35C2,4,0,0,1,NA,NA,NA,1
SLC35D1,3,0,0,1,NA,NA,NA,1
SLC35D2,2,0,0,1,NA,NA,NA,1
SLC35E1,6,0,0,1,NA,NA,NA,1
SLC35E3,6,0,0,1,NA,NA,NA,1
SLC35E4,2,0,0,1,NA,NA,NA,1
SLC35F5,9,0,0,1,NA,NA,NA,1
SLC35F6,2,0,0,1,NA,NA,NA,1
SLC35G2,2,0,0,1,NA,NA,NA,1
SLC36A4,4,0,0,1,NA,NA,NA,1
SLC37A2,2,0,0,1,NA,NA,NA,1
SLC37A3,3,0,0,1,NA,NA,NA,1
SLC38A1,8,0,0,1,NA,NA,NA,1
SLC38A10,2,0,0,1,NA,NA,NA,1
SLC38A2,8,0,0,1,NA,NA,NA,1
SLC38A6,3,0,0,1,NA,NA,NA,1
SLC38A7,3,0,0,1,NA,NA,NA,1
SLC38A9,3,0,0,1,NA,NA,NA,1
SLC39A13,2,0,0,1,NA,NA,NA,1
SLC39A6,2,0,0,1,NA,NA,NA,1
SLC39A9,3,0,0,1,NA,NA,NA,1
SLC40A1,2,0,0,1,NA,NA,NA,1
SLC41A2,2,0,0,1,NA,NA,NA,1
SLC44A1,3,0,0,1,NA,NA,NA,1
SLC44A2,2,0,0,1,NA,NA,NA,1
SLC44A5,2,0,0,1,NA,NA,NA,1
SLC45A4,3,0,0,1,NA,NA,NA,1
SLC46A3,2,0,0,1,NA,NA,NA,1
SLC48A1,2,0,0,1,NA,NA,NA,1
SLC49A4,3,0,0,1,NA,NA,NA,1
SLC4A7,4,0,0,1,NA,NA,NA,1
SLC4A8,2,0,0,1,NA,NA,NA,1
SLC5A3,2,0,0,1,NA,NA,NA,1
SLC66A1,2,0,0,1,NA,NA,NA,1
SLC66A2,3,0,0,1,NA,NA,NA,1
SLC6A6,2,0,0,1,NA,NA,NA,1
SLC6A8,2,0,0,1,NA,NA,NA,1
SLC7A1,4,0,0,1,NA,NA,NA,1
SLC7A11,6,0,0,1,NA,NA,NA,1
SLC7A2,6,0,0,1,NA,NA,NA,1
SLC7A6,6,0,0,1,NA,NA,NA,1
SLC7A6OS,4,0,0,1,NA,NA,NA,1
SLC8B1,2,0,0,1,NA,NA,NA,1
SLC9A6,2,0,0,1,NA,NA,NA,1
SLC9A7,8,0,0,1,NA,NA,NA,1
SLC9A8,2,0,0,1,NA,NA,NA,1
SLF2,4,0,0,1,NA,NA,NA,1
SLFN11,2,0,0,1,NA,NA,NA,1
SLFN5,6,0,0,1,NA,NA,NA,1
SLIT2,3,0,0,1,NA,NA,NA,1
SLIT3,2,0,0,1,NA,NA,NA,1
SLK,6,0,0,1,NA,NA,NA,1
SLMAP,4,0,0,1,NA,NA,NA,1
SLTM,2,0,0,1,NA,NA,NA,1
SLU7,2,0,0,1,NA,NA,NA,1
SMAD1,2,0,0,1,NA,NA,NA,1
SMAD2,10,0,0,1,NA,NA,NA,1
SMAD3,2,0,0,1,NA,NA,NA,1
SMAD4,4,0,0,1,NA,NA,NA,1
SMAD5,5,0,0,1,NA,NA,NA,1
SMAD6,4,0,0,1,NA,NA,NA,1
SMAD9,3,0,0,1,NA,NA,NA,1
SMAGP,2,0,0,1,NA,NA,NA,1
SMAP1,2,0,0,1,NA,NA,NA,1
SMAP2,2,0,0,1,NA,NA,NA,1
SMARCA1,2,0,0,1,NA,NA,NA,1
SMARCA2,2,0,0,1,NA,NA,NA,1
SMARCA4,3,0,0,1,NA,NA,NA,1
SMARCA5,3,0,0,1,NA,NA,NA,1
SMARCAD1,2,0,0,1,NA,NA,NA,1
SMARCC1,5,0,0,1,NA,NA,NA,1
SMARCC2,2,0,0,1,NA,NA,NA,1
SMARCD1,2,0,0,1,NA,NA,NA,1
SMARCE1,4,0,0,1,NA,NA,NA,1
SMC1A,3,0,0,1,NA,NA,NA,1
SMC2,3,0,0,1,NA,NA,NA,1
SMC4,3,0,0,1,NA,NA,NA,1
SMC5,3,0,0,1,NA,NA,NA,1
SMC6,3,0,0,1,NA,NA,NA,1
SMCHD1,3,0,0,1,NA,NA,NA,1
SMCO4,2,0,0,1,NA,NA,NA,1
SMG1,3,0,0,1,NA,NA,NA,1
SMG6,2,0,0,1,NA,NA,NA,1
SMIM12,3,0,0,1,NA,NA,NA,1
SMIM13,3,0,0,1,NA,NA,NA,1
SMIM14,9,0,0,1,NA,NA,NA,1
SMIM15,3,0,0,1,NA,NA,NA,1
SMIM30,2,0,0,1,NA,NA,NA,1
SMIM7,3,0,0,1,NA,NA,NA,1
SMIM8,2,0,0,1,NA,NA,NA,1
SMNDC1,3,0,0,1,NA,NA,NA,1
SMTN,2,0,0,1,NA,NA,NA,1
SMU1,7,0,0,1,NA,NA,NA,1
SMUG1,2,0,0,1,NA,NA,NA,1
SMURF1,2,0,0,1,NA,NA,NA,1
SMURF2,10,0,0,1,NA,NA,NA,1
SMYD3,2,0,0,1,NA,NA,NA,1
SMYD4,2,0,0,1,NA,NA,NA,1
SNAP23,7,0,0,1,NA,NA,NA,1
SNAP29,4,0,0,1,NA,NA,NA,1
SNAPC1,4,0,0,1,NA,NA,NA,1
SNAPC3,3,0,0,1,NA,NA,NA,1
SNAPC5,4,0,0,1,NA,NA,NA,1
SNAPIN,2,0,0,1,NA,NA,NA,1
SNCA,6,0,0,1,NA,NA,NA,1
SND1,2,0,0,1,NA,NA,NA,1
SNED1,2,0,0,1,NA,NA,NA,1
SNF8,3,0,0,1,NA,NA,NA,1
SNIP1,3,0,0,1,NA,NA,NA,1
SNN,3,0,0,1,NA,NA,NA,1
SNRK,2,0,0,1,NA,NA,NA,1
SNRNP200,2,0,0,1,NA,NA,NA,1
SNRNP25,2,0,0,1,NA,NA,NA,1
SNRNP27,4,0,0,1,NA,NA,NA,1
SNRNP40,2,0,0,1,NA,NA,NA,1
SNRNP48,3,0,0,1,NA,NA,NA,1
SNRPB2,3,0,0,1,NA,NA,NA,1
SNRPC,2,0,0,1,NA,NA,NA,1
SNRPD1,3,0,0,1,NA,NA,NA,1
SNRPD3,5,0,0,1,NA,NA,NA,1
SNRPE,2,0,0,1,NA,NA,NA,1
SNTB2,8,0,0,1,NA,NA,NA,1
SNU13,2,0,0,1,NA,NA,NA,1
SNX1,2,0,0,1,NA,NA,NA,1
SNX11,2,0,0,1,NA,NA,NA,1
SNX12,2,0,0,1,NA,NA,NA,1
SNX13,5,0,0,1,NA,NA,NA,1
SNX16,2,0,0,1,NA,NA,NA,1
SNX17,2,0,0,1,NA,NA,NA,1
SNX18,4,0,0,1,NA,NA,NA,1
SNX19,4,0,0,1,NA,NA,NA,1
SNX2,3,0,0,1,NA,NA,NA,1
SNX21,3,0,0,1,NA,NA,NA,1
SNX24,2,0,0,1,NA,NA,NA,1
SNX25,2,0,0,1,NA,NA,NA,1
SNX29,3,0,0,1,NA,NA,NA,1
SNX3,3,0,0,1,NA,NA,NA,1
SNX33,3,0,0,1,NA,NA,NA,1
SNX4,2,0,0,1,NA,NA,NA,1
SNX5,3,0,0,1,NA,NA,NA,1
SNX6,2,0,0,1,NA,NA,NA,1
SNX8,2,0,0,1,NA,NA,NA,1
SNX9,3,0,0,1,NA,NA,NA,1
SOAT1,8,0,0,1,NA,NA,NA,1
SOBP,3,0,0,1,NA,NA,NA,1
SOCS4,2,0,0,1,NA,NA,NA,1
SOCS5,2,0,0,1,NA,NA,NA,1
SOCS6,2,0,0,1,NA,NA,NA,1
SOD1,6,0,0,1,NA,NA,NA,1
SOD2,5,0,0,1,NA,NA,NA,1
SON,3,0,0,1,NA,NA,NA,1
SORBS2,2,0,0,1,NA,NA,NA,1
SOS1,3,0,0,1,NA,NA,NA,1
SOS2,3,0,0,1,NA,NA,NA,1
SOWAHC,2,0,0,1,NA,NA,NA,1
SOX12,3,0,0,1,NA,NA,NA,1
SOX13,2,0,0,1,NA,NA,NA,1
SOX17,3,0,0,1,NA,NA,NA,1
SOX18,2,0,0,1,NA,NA,NA,1
SOX4,4,0,0,1,NA,NA,NA,1
SOX7,4,0,0,1,NA,NA,NA,1
SP1,4,0,0,1,NA,NA,NA,1
SP100,2,0,0,1,NA,NA,NA,1
SP2,2,0,0,1,NA,NA,NA,1
SP3,4,0,0,1,NA,NA,NA,1
SP4,3,0,0,1,NA,NA,NA,1
SPA17,3,0,0,1,NA,NA,NA,1
SPAAR,4,0,0,1,NA,NA,NA,1
SPAG9,4,0,0,1,NA,NA,NA,1
SPARC,8,0,0,1,NA,NA,NA,1
SPART,6,0,0,1,NA,NA,NA,1
SPATA13,2,0,0,1,NA,NA,NA,1
SPATA2,2,0,0,1,NA,NA,NA,1
SPATA33,2,0,0,1,NA,NA,NA,1
SPATA6,3,0,0,1,NA,NA,NA,1
SPATS2,3,0,0,1,NA,NA,NA,1
SPATS2L,3,0,0,1,NA,NA,NA,1
SPC24,2,0,0,1,NA,NA,NA,1
SPCS1,2,0,0,1,NA,NA,NA,1
SPCS2,3,0,0,1,NA,NA,NA,1
SPCS3,7,0,0,1,NA,NA,NA,1
SPECC1,2,0,0,1,NA,NA,NA,1
SPECC1L,2,0,0,1,NA,NA,NA,1
SPICE1,2,0,0,1,NA,NA,NA,1
SPIDR,2,0,0,1,NA,NA,NA,1
SPIN1,2,0,0,1,NA,NA,NA,1
SPIRE1,4,0,0,1,NA,NA,NA,1
SPOCK1,7,0,0,1,NA,NA,NA,1
SPOP,4,0,0,1,NA,NA,NA,1
SPOPL,4,0,0,1,NA,NA,NA,1
SPOUT1,2,0,0,1,NA,NA,NA,1
SPPL2A,5,0,0,1,NA,NA,NA,1
SPPL2B,2,0,0,1,NA,NA,NA,1
SPPL3,8,0,0,1,NA,NA,NA,1
SPRED1,4,0,0,1,NA,NA,NA,1
SPRING1,10,0,0,1,NA,NA,NA,1
SPRTN,4,0,0,1,NA,NA,NA,1
SPRY2,2,0,0,1,NA,NA,NA,1
SPRY4,2,0,0,1,NA,NA,NA,1
SPRYD3,2,0,0,1,NA,NA,NA,1
SPRYD4,2,0,0,1,NA,NA,NA,1
SPRYD7,7,0,0,1,NA,NA,NA,1
SPSB1,2,0,0,1,NA,NA,NA,1
SPTBN1,3,0,0,1,NA,NA,NA,1
SPTBN2,3,0,0,1,NA,NA,NA,1
SPTLC1,3,0,0,1,NA,NA,NA,1
SPTLC2,4,0,0,1,NA,NA,NA,1
SPTSSA,3,0,0,1,NA,NA,NA,1
SPTY2D1,4,0,0,1,NA,NA,NA,1
SQSTM1,3,0,0,1,NA,NA,NA,1
SRA1,3,0,0,1,NA,NA,NA,1
SRBD1,2,0,0,1,NA,NA,NA,1
SRD5A1,4,0,0,1,NA,NA,NA,1
SRD5A3,2,0,0,1,NA,NA,NA,1
SREBF1,2,0,0,1,NA,NA,NA,1
SREBF2,2,0,0,1,NA,NA,NA,1
SREK1,2,0,0,1,NA,NA,NA,1
SREK1IP1,9,0,0,1,NA,NA,NA,1
SRF,3,0,0,1,NA,NA,NA,1
SRFBP1,2,0,0,1,NA,NA,NA,1
SRGAP1,2,0,0,1,NA,NA,NA,1
SRGAP2,3,0,0,1,NA,NA,NA,1
SRGAP2C,3,0,0,1,NA,NA,NA,1
SRGN,3,0,0,1,NA,NA,NA,1
SRI,3,0,0,1,NA,NA,NA,1
SRM,2,0,0,1,NA,NA,NA,1
SRP14,3,0,0,1,NA,NA,NA,1
SRP54,3,0,0,1,NA,NA,NA,1
SRP68,3,0,0,1,NA,NA,NA,1
SRP72,7,0,0,1,NA,NA,NA,1
SRP9,3,0,0,1,NA,NA,NA,1
SRPK1,5,0,0,1,NA,NA,NA,1
SRPK2,3,0,0,1,NA,NA,NA,1
SRPRA,2,0,0,1,NA,NA,NA,1
SRPRB,6,0,0,1,NA,NA,NA,1
SRPX,2,0,0,1,NA,NA,NA,1
SRPX2,4,0,0,1,NA,NA,NA,1
SRR,2,0,0,1,NA,NA,NA,1
SRRD,3,0,0,1,NA,NA,NA,1
SRSF1,5,0,0,1,NA,NA,NA,1
SRSF10,10,0,0,1,NA,NA,NA,1
SRSF11,6,0,0,1,NA,NA,NA,1
SRSF2,3,0,0,1,NA,NA,NA,1
SRSF3,6,0,0,1,NA,NA,NA,1
SRSF4,2,0,0,1,NA,NA,NA,1
SRSF5,3,0,0,1,NA,NA,NA,1
SRSF6,5,0,0,1,NA,NA,NA,1
SRSF7,4,0,0,1,NA,NA,NA,1
SRSF8,4,0,0,1,NA,NA,NA,1
SS18,3,0,0,1,NA,NA,NA,1
SS18L2,2,0,0,1,NA,NA,NA,1
SSBP3,4,0,0,1,NA,NA,NA,1
SSBP4,2,0,0,1,NA,NA,NA,1
SSH1,3,0,0,1,NA,NA,NA,1
SSH2,2,0,0,1,NA,NA,NA,1
SSPN,2,0,0,1,NA,NA,NA,1
SSR1,12,0,0,1,NA,NA,NA,1
SSR3,16,0,0,1,NA,NA,NA,1
SSU72,3,0,0,1,NA,NA,NA,1
SSX2IP,4,0,0,1,NA,NA,NA,1
ST13,9,0,0,1,NA,NA,NA,1
ST3GAL1,3,0,0,1,NA,NA,NA,1
ST3GAL2,7,0,0,1,NA,NA,NA,1
ST3GAL5,2,0,0,1,NA,NA,NA,1
ST3GAL6,6,0,0,1,NA,NA,NA,1
ST7,2,0,0,1,NA,NA,NA,1
ST7L,5,0,0,1,NA,NA,NA,1
ST8SIA4,3,0,0,1,NA,NA,NA,1
STAG1,2,0,0,1,NA,NA,NA,1
STAG2,3,0,0,1,NA,NA,NA,1
STAM,4,0,0,1,NA,NA,NA,1
STAM2,6,0,0,1,NA,NA,NA,1
STARD13,5,0,0,1,NA,NA,NA,1
STARD3,2,0,0,1,NA,NA,NA,1
STARD3NL,3,0,0,1,NA,NA,NA,1
STARD4,4,0,0,1,NA,NA,NA,1
STAT1,4,0,0,1,NA,NA,NA,1
STAT3,4,0,0,1,NA,NA,NA,1
STAT5A,2,0,0,1,NA,NA,NA,1
STAT5B,3,0,0,1,NA,NA,NA,1
STAT6,3,0,0,1,NA,NA,NA,1
STAU1,4,0,0,1,NA,NA,NA,1
STAU2,2,0,0,1,NA,NA,NA,1
STC2,4,0,0,1,NA,NA,NA,1
STEAP3,2,0,0,1,NA,NA,NA,1
STEEP1,2,0,0,1,NA,NA,NA,1
STIM2,2,0,0,1,NA,NA,NA,1
STIMATE,4,0,0,1,NA,NA,NA,1
STING1,2,0,0,1,NA,NA,NA,1
STK10,3,0,0,1,NA,NA,NA,1
STK11,2,0,0,1,NA,NA,NA,1
STK16,2,0,0,1,NA,NA,NA,1
STK17A,7,0,0,1,NA,NA,NA,1
STK17B,5,0,0,1,NA,NA,NA,1
STK24,6,0,0,1,NA,NA,NA,1
STK25,5,0,0,1,NA,NA,NA,1
STK3,2,0,0,1,NA,NA,NA,1
STK36,2,0,0,1,NA,NA,NA,1
STK38L,8,0,0,1,NA,NA,NA,1
STK39,2,0,0,1,NA,NA,NA,1
STK4,2,0,0,1,NA,NA,NA,1
STK40,2,0,0,1,NA,NA,NA,1
STMN1,3,0,0,1,NA,NA,NA,1
STMP1,7,0,0,1,NA,NA,NA,1
STN1,3,0,0,1,NA,NA,NA,1
STOM,3,0,0,1,NA,NA,NA,1
STPG1,2,0,0,1,NA,NA,NA,1
STRADB,2,0,0,1,NA,NA,NA,1
STRBP,4,0,0,1,NA,NA,NA,1
STRN,5,0,0,1,NA,NA,NA,1
STRN3,4,0,0,1,NA,NA,NA,1
STS,2,0,0,1,NA,NA,NA,1
STT3A,7,0,0,1,NA,NA,NA,1
STT3B,3,0,0,1,NA,NA,NA,1
STX12,5,0,0,1,NA,NA,NA,1
STX16,6,0,0,1,NA,NA,NA,1
STX17,4,0,0,1,NA,NA,NA,1
STX18,2,0,0,1,NA,NA,NA,1
STX2,3,0,0,1,NA,NA,NA,1
STX3,2,0,0,1,NA,NA,NA,1
STX6,5,0,0,1,NA,NA,NA,1
STX7,9,0,0,1,NA,NA,NA,1
STXBP1,3,0,0,1,NA,NA,NA,1
STXBP4,2,0,0,1,NA,NA,NA,1
STXBP5,8,0,0,1,NA,NA,NA,1
STYK1,3,0,0,1,NA,NA,NA,1
STYX,7,0,0,1,NA,NA,NA,1
SUB1,5,0,0,1,NA,NA,NA,1
SUCLA2,2,0,0,1,NA,NA,NA,1
SUCLG1,2,0,0,1,NA,NA,NA,1
SUDS3,3,0,0,1,NA,NA,NA,1
SUFU,2,0,0,1,NA,NA,NA,1
SUGP1,2,0,0,1,NA,NA,NA,1
SUGP2,3,0,0,1,NA,NA,NA,1
SUGT1,6,0,0,1,NA,NA,NA,1
SULF1,3,0,0,1,NA,NA,NA,1
SULF2,2,0,0,1,NA,NA,NA,1
SULT1B1,5,0,0,1,NA,NA,NA,1
SULT1E1,2,0,0,1,NA,NA,NA,1
SUMO1,4,0,0,1,NA,NA,NA,1
SUMO2,3,0,0,1,NA,NA,NA,1
SUMO3,8,0,0,1,NA,NA,NA,1
SUOX,2,0,0,1,NA,NA,NA,1
SUPT16H,2,0,0,1,NA,NA,NA,1
SUPT20H,2,0,0,1,NA,NA,NA,1
SUPT4H1,3,0,0,1,NA,NA,NA,1
SUPT6H,3,0,0,1,NA,NA,NA,1
SUPT7L,6,0,0,1,NA,NA,NA,1
SURF4,4,0,0,1,NA,NA,NA,1
SUSD1,2,0,0,1,NA,NA,NA,1
SUSD5,2,0,0,1,NA,NA,NA,1
SUSD6,2,0,0,1,NA,NA,NA,1
SUZ12,3,0,0,1,NA,NA,NA,1
SVBP,3,0,0,1,NA,NA,NA,1
SVIP,7,0,0,1,NA,NA,NA,1
SWAP70,5,0,0,1,NA,NA,NA,1
SYAP1,11,0,0,1,NA,NA,NA,1
SYF2,3,0,0,1,NA,NA,NA,1
SYNC,5,0,0,1,NA,NA,NA,1
SYNCRIP,3,0,0,1,NA,NA,NA,1
SYNE3,2,0,0,1,NA,NA,NA,1
SYNJ2,8,0,0,1,NA,NA,NA,1
SYNJ2BP,6,0,0,1,NA,NA,NA,1
SYPL1,2,0,0,1,NA,NA,NA,1
SYS1,5,0,0,1,NA,NA,NA,1
SYT1,2,0,0,1,NA,NA,NA,1
SYT11,5,0,0,1,NA,NA,NA,1
SYT14,2,0,0,1,NA,NA,NA,1
SYTL4,2,0,0,1,NA,NA,NA,1
TAB2,4,0,0,1,NA,NA,NA,1
TACC1,5,0,0,1,NA,NA,NA,1
TACC2,2,0,0,1,NA,NA,NA,1
TADA2B,4,0,0,1,NA,NA,NA,1
TAF1,2,0,0,1,NA,NA,NA,1
TAF12,2,0,0,1,NA,NA,NA,1
TAF1B,2,0,0,1,NA,NA,NA,1
TAF1C,3,0,0,1,NA,NA,NA,1
TAF3,3,0,0,1,NA,NA,NA,1
TAGLN,4,0,0,1,NA,NA,NA,1
TAL1,5,0,0,1,NA,NA,NA,1
TANK,2,0,0,1,NA,NA,NA,1
TAOK1,4,0,0,1,NA,NA,NA,1
TAOK2,2,0,0,1,NA,NA,NA,1
TAOK3,4,0,0,1,NA,NA,NA,1
TAPT1,4,0,0,1,NA,NA,NA,1
TARDBP,4,0,0,1,NA,NA,NA,1
TARS3,2,0,0,1,NA,NA,NA,1
TASOR,2,0,0,1,NA,NA,NA,1
TASOR2,3,0,0,1,NA,NA,NA,1
TASP1,3,0,0,1,NA,NA,NA,1
TATDN2,4,0,0,1,NA,NA,NA,1
TATDN3,2,0,0,1,NA,NA,NA,1
TAX1BP1,5,0,0,1,NA,NA,NA,1
TBC1D1,3,0,0,1,NA,NA,NA,1
TBC1D16,5,0,0,1,NA,NA,NA,1
TBC1D19,2,0,0,1,NA,NA,NA,1
TBC1D20,3,0,0,1,NA,NA,NA,1
TBC1D22A,2,0,0,1,NA,NA,NA,1
TBC1D22B,2,0,0,1,NA,NA,NA,1
TBC1D24,4,0,0,1,NA,NA,NA,1
TBC1D25,2,0,0,1,NA,NA,NA,1
TBC1D30,2,0,0,1,NA,NA,NA,1
TBC1D4,2,0,0,1,NA,NA,NA,1
TBC1D5,3,0,0,1,NA,NA,NA,1
TBC1D8B,2,0,0,1,NA,NA,NA,1
TBC1D9,4,0,0,1,NA,NA,NA,1
TBC1D9B,2,0,0,1,NA,NA,NA,1
TBCA,3,0,0,1,NA,NA,NA,1
TBCC,2,0,0,1,NA,NA,NA,1
TBCCD1,2,0,0,1,NA,NA,NA,1
TBCD,2,0,0,1,NA,NA,NA,1
TBCE,2,0,0,1,NA,NA,NA,1
TBCEL,3,0,0,1,NA,NA,NA,1
TBCK,3,0,0,1,NA,NA,NA,1
TBK1,3,0,0,1,NA,NA,NA,1
TBL1X,4,0,0,1,NA,NA,NA,1
TBL1XR1,5,0,0,1,NA,NA,NA,1
TBL2,3,0,0,1,NA,NA,NA,1
TBL3,2,0,0,1,NA,NA,NA,1
TBP,2,0,0,1,NA,NA,NA,1
TBPL1,2,0,0,1,NA,NA,NA,1
TBRG1,4,0,0,1,NA,NA,NA,1
TBX18,6,0,0,1,NA,NA,NA,1
TBXA2R,2,0,0,1,NA,NA,NA,1
TCAF1,2,0,0,1,NA,NA,NA,1
TCAF2,2,0,0,1,NA,NA,NA,1
TCEA1,2,0,0,1,NA,NA,NA,1
TCEAL4,2,0,0,1,NA,NA,NA,1
TCEAL7,2,0,0,1,NA,NA,NA,1
TCEAL8,3,0,0,1,NA,NA,NA,1
TCEAL9,2,0,0,1,NA,NA,NA,1
TCEANC2,2,0,0,1,NA,NA,NA,1
TCF12,2,0,0,1,NA,NA,NA,1
TCF3,6,0,0,1,NA,NA,NA,1
TCF4,12,0,0,1,NA,NA,NA,1
TCF7,2,0,0,1,NA,NA,NA,1
TCF7L2,3,0,0,1,NA,NA,NA,1
TCHP,3,0,0,1,NA,NA,NA,1
TCIM,3,0,0,1,NA,NA,NA,1
TCP1,2,0,0,1,NA,NA,NA,1
TCTA,2,0,0,1,NA,NA,NA,1
TCTN3,2,0,0,1,NA,NA,NA,1
TDG,3,0,0,1,NA,NA,NA,1
TDP1,2,0,0,1,NA,NA,NA,1
TDP2,2,0,0,1,NA,NA,NA,1
TDRP,2,0,0,1,NA,NA,NA,1
TEAD1,4,0,0,1,NA,NA,NA,1
TEAD2,2,0,0,1,NA,NA,NA,1
TECPR1,4,0,0,1,NA,NA,NA,1
TECPR2,2,0,0,1,NA,NA,NA,1
TEK,3,0,0,1,NA,NA,NA,1
TENM3,2,0,0,1,NA,NA,NA,1
TENT2,2,0,0,1,NA,NA,NA,1
TENT4B,3,0,0,1,NA,NA,NA,1
TENT5A,3,0,0,1,NA,NA,NA,1
TERF2,3,0,0,1,NA,NA,NA,1
TERF2IP,3,0,0,1,NA,NA,NA,1
TES,3,0,0,1,NA,NA,NA,1
TEX2,2,0,0,1,NA,NA,NA,1
TEX261,2,0,0,1,NA,NA,NA,1
TEX30,3,0,0,1,NA,NA,NA,1
TFAM,6,0,0,1,NA,NA,NA,1
TFAP2A,4,0,0,1,NA,NA,NA,1
TFB1M,2,0,0,1,NA,NA,NA,1
TFB2M,2,0,0,1,NA,NA,NA,1
TFCP2,3,0,0,1,NA,NA,NA,1
TFDP1,4,0,0,1,NA,NA,NA,1
TFDP2,5,0,0,1,NA,NA,NA,1
TFEC,3,0,0,1,NA,NA,NA,1
TFPI,11,0,0,1,NA,NA,NA,1
TFPI2,9,0,0,1,NA,NA,NA,1
TFRC,3,0,0,1,NA,NA,NA,1
TGFB2,7,0,0,1,NA,NA,NA,1
TGFBR1,7,0,0,1,NA,NA,NA,1
TGFBR2,2,0,0,1,NA,NA,NA,1
TGFBRAP1,5,0,0,1,NA,NA,NA,1
TGIF1,2,0,0,1,NA,NA,NA,1
TGIF2,2,0,0,1,NA,NA,NA,1
TGOLN2,5,0,0,1,NA,NA,NA,1
THAP1,3,0,0,1,NA,NA,NA,1
THAP10,2,0,0,1,NA,NA,NA,1
THAP5,2,0,0,1,NA,NA,NA,1
THBD,2,0,0,1,NA,NA,NA,1
THBS1,18,0,0,1,NA,NA,NA,1
THBS2,3,0,0,1,NA,NA,NA,1
THEM4,5,0,0,1,NA,NA,NA,1
THG1L,3,0,0,1,NA,NA,NA,1
THOC2,5,0,0,1,NA,NA,NA,1
THOC5,2,0,0,1,NA,NA,NA,1
THOC7,2,0,0,1,NA,NA,NA,1
THRA,2,0,0,1,NA,NA,NA,1
THRAP3,2,0,0,1,NA,NA,NA,1
THSD1,2,0,0,1,NA,NA,NA,1
THSD7A,3,0,0,1,NA,NA,NA,1
THUMPD1,4,0,0,1,NA,NA,NA,1
THUMPD3,5,0,0,1,NA,NA,NA,1
THY1,2,0,0,1,NA,NA,NA,1
TIA1,9,0,0,1,NA,NA,NA,1
TIAL1,4,0,0,1,NA,NA,NA,1
TIAM2,3,0,0,1,NA,NA,NA,1
TICAM2,2,0,0,1,NA,NA,NA,1
TIGAR,5,0,0,1,NA,NA,NA,1
TIGD6,2,0,0,1,NA,NA,NA,1
TIMM10,2,0,0,1,NA,NA,NA,1
TIMM10B,2,0,0,1,NA,NA,NA,1
TIMM13,2,0,0,1,NA,NA,NA,1
TIMM17A,3,0,0,1,NA,NA,NA,1
TIMM21,2,0,0,1,NA,NA,NA,1
TIMM50,4,0,0,1,NA,NA,NA,1
TIMM8A,2,0,0,1,NA,NA,NA,1
TIMM8B,2,0,0,1,NA,NA,NA,1
TIMM9,2,0,0,1,NA,NA,NA,1
TIMMDC1,2,0,0,1,NA,NA,NA,1
TIMP2,4,0,0,1,NA,NA,NA,1
TIMP3,2,0,0,1,NA,NA,NA,1
TIPARP,2,0,0,1,NA,NA,NA,1
TIPIN,2,0,0,1,NA,NA,NA,1
TIPRL,3,0,0,1,NA,NA,NA,1
TJP2,2,0,0,1,NA,NA,NA,1
TK2,3,0,0,1,NA,NA,NA,1
TKT,2,0,0,1,NA,NA,NA,1
TLCD3A,4,0,0,1,NA,NA,NA,1
TLCD5,2,0,0,1,NA,NA,NA,1
TLE3,4,0,0,1,NA,NA,NA,1
TLE4,2,0,0,1,NA,NA,NA,1
TLE5,2,0,0,1,NA,NA,NA,1
TLK1,5,0,0,1,NA,NA,NA,1
TLK2,5,0,0,1,NA,NA,NA,1
TLL1,3,0,0,1,NA,NA,NA,1
TLN1,2,0,0,1,NA,NA,NA,1
TLR4,11,0,0,1,NA,NA,NA,1
TM2D2,6,0,0,1,NA,NA,NA,1
TM2D3,3,0,0,1,NA,NA,NA,1
TM4SF1,5,0,0,1,NA,NA,NA,1
TM4SF18,3,0,0,1,NA,NA,NA,1
TM6SF1,2,0,0,1,NA,NA,NA,1
TM7SF3,5,0,0,1,NA,NA,NA,1
TM9SF2,4,0,0,1,NA,NA,NA,1
TM9SF3,13,0,0,1,NA,NA,NA,1
TM9SF4,2,0,0,1,NA,NA,NA,1
TMA16,2,0,0,1,NA,NA,NA,1
TMA7,3,0,0,1,NA,NA,NA,1
TMA7B,2,0,0,1,NA,NA,NA,1
TMBIM1,2,0,0,1,NA,NA,NA,1
TMBIM4,5,0,0,1,NA,NA,NA,1
TMBIM6,4,0,0,1,NA,NA,NA,1
TMC7,4,0,0,1,NA,NA,NA,1
TMCC1,3,0,0,1,NA,NA,NA,1
TMCC3,4,0,0,1,NA,NA,NA,1
TMCO1,4,0,0,1,NA,NA,NA,1
TMED10,3,0,0,1,NA,NA,NA,1
TMED2,2,0,0,1,NA,NA,NA,1
TMED4,3,0,0,1,NA,NA,NA,1
TMED5,9,0,0,1,NA,NA,NA,1
TMED7,7,0,0,1,NA,NA,NA,1
TMED7-TICAM2,10,0,0,1,NA,NA,NA,1
TMED8,2,0,0,1,NA,NA,NA,1
TMED9,2,0,0,1,NA,NA,NA,1
TMEM101,3,0,0,1,NA,NA,NA,1
TMEM104,2,0,0,1,NA,NA,NA,1
TMEM106A,4,0,0,1,NA,NA,NA,1
TMEM106B,5,0,0,1,NA,NA,NA,1
TMEM106C,3,0,0,1,NA,NA,NA,1
TMEM107,3,0,0,1,NA,NA,NA,1
TMEM109,2,0,0,1,NA,NA,NA,1
TMEM120B,4,0,0,1,NA,NA,NA,1
TMEM123,4,0,0,1,NA,NA,NA,1
TMEM126B,2,0,0,1,NA,NA,NA,1
TMEM127,6,0,0,1,NA,NA,NA,1
TMEM128,2,0,0,1,NA,NA,NA,1
TMEM131L,2,0,0,1,NA,NA,NA,1
TMEM135,5,0,0,1,NA,NA,NA,1
TMEM143,2,0,0,1,NA,NA,NA,1
TMEM14A,2,0,0,1,NA,NA,NA,1
TMEM150C,2,0,0,1,NA,NA,NA,1
TMEM154,3,0,0,1,NA,NA,NA,1
TMEM163,2,0,0,1,NA,NA,NA,1
TMEM164,2,0,0,1,NA,NA,NA,1
TMEM165,2,0,0,1,NA,NA,NA,1
TMEM167A,7,0,0,1,NA,NA,NA,1
TMEM167B,2,0,0,1,NA,NA,NA,1
TMEM170A,3,0,0,1,NA,NA,NA,1
TMEM179B,2,0,0,1,NA,NA,NA,1
TMEM18,2,0,0,1,NA,NA,NA,1
TMEM181,2,0,0,1,NA,NA,NA,1
TMEM183A,4,0,0,1,NA,NA,NA,1
TMEM185B,5,0,0,1,NA,NA,NA,1
TMEM186,2,0,0,1,NA,NA,NA,1
TMEM187,2,0,0,1,NA,NA,NA,1
TMEM19,4,0,0,1,NA,NA,NA,1
TMEM192,8,0,0,1,NA,NA,NA,1
TMEM199,4,0,0,1,NA,NA,NA,1
TMEM209,2,0,0,1,NA,NA,NA,1
TMEM214,2,0,0,1,NA,NA,NA,1
TMEM223,2,0,0,1,NA,NA,NA,1
TMEM237,6,0,0,1,NA,NA,NA,1
TMEM241,2,0,0,1,NA,NA,NA,1
TMEM242,5,0,0,1,NA,NA,NA,1
TMEM245,6,0,0,1,NA,NA,NA,1
TMEM248,3,0,0,1,NA,NA,NA,1
TMEM254,2,0,0,1,NA,NA,NA,1
TMEM255B,3,0,0,1,NA,NA,NA,1
TMEM260,3,0,0,1,NA,NA,NA,1
TMEM263,4,0,0,1,NA,NA,NA,1
TMEM265,2,0,0,1,NA,NA,NA,1
TMEM267,4,0,0,1,NA,NA,NA,1
TMEM268,3,0,0,1,NA,NA,NA,1
TMEM276-ZFTRAF1,2,0,0,1,NA,NA,NA,1
TMEM30A,11,0,0,1,NA,NA,NA,1
TMEM33,7,0,0,1,NA,NA,NA,1
TMEM37,4,0,0,1,NA,NA,NA,1
TMEM38A,2,0,0,1,NA,NA,NA,1
TMEM38B,3,0,0,1,NA,NA,NA,1
TMEM39A,7,0,0,1,NA,NA,NA,1
TMEM41A,3,0,0,1,NA,NA,NA,1
TMEM41B,3,0,0,1,NA,NA,NA,1
TMEM43,5,0,0,1,NA,NA,NA,1
TMEM47,2,0,0,1,NA,NA,NA,1
TMEM50A,6,0,0,1,NA,NA,NA,1
TMEM51,2,0,0,1,NA,NA,NA,1
TMEM53,2,0,0,1,NA,NA,NA,1
TMEM54,2,0,0,1,NA,NA,NA,1
TMEM59,3,0,0,1,NA,NA,NA,1
TMEM63A,2,0,0,1,NA,NA,NA,1
TMEM64,5,0,0,1,NA,NA,NA,1
TMEM65,7,0,0,1,NA,NA,NA,1
TMEM68,3,0,0,1,NA,NA,NA,1
TMEM69,2,0,0,1,NA,NA,NA,1
TMEM70,3,0,0,1,NA,NA,NA,1
TMEM87A,3,0,0,1,NA,NA,NA,1
TMEM87B,8,0,0,1,NA,NA,NA,1
TMEM8B,2,0,0,1,NA,NA,NA,1
TMEM9,2,0,0,1,NA,NA,NA,1
TMEM94,3,0,0,1,NA,NA,NA,1
TMEM97,2,0,0,1,NA,NA,NA,1
TMEM9B,4,0,0,1,NA,NA,NA,1
TMF1,6,0,0,1,NA,NA,NA,1
TMOD1,2,0,0,1,NA,NA,NA,1
TMOD2,2,0,0,1,NA,NA,NA,1
TMOD3,12,0,0,1,NA,NA,NA,1
TMPO,3,0,0,1,NA,NA,NA,1
TMSB10,2,0,0,1,NA,NA,NA,1
TMTC1,4,0,0,1,NA,NA,NA,1
TMTC3,4,0,0,1,NA,NA,NA,1
TMTC4,4,0,0,1,NA,NA,NA,1
TMX1,6,0,0,1,NA,NA,NA,1
TMX3,4,0,0,1,NA,NA,NA,1
TMX4,7,0,0,1,NA,NA,NA,1
TNFAIP1,3,0,0,1,NA,NA,NA,1
TNFAIP3,2,0,0,1,NA,NA,NA,1
TNFAIP8,2,0,0,1,NA,NA,NA,1
TNFAIP8L1,4,0,0,1,NA,NA,NA,1
TNFAIP8L3,3,0,0,1,NA,NA,NA,1
TNFRSF10A,3,0,0,1,NA,NA,NA,1
TNFRSF10B,4,0,0,1,NA,NA,NA,1
TNFRSF11A,3,0,0,1,NA,NA,NA,1
TNFRSF1B,2,0,0,1,NA,NA,NA,1
TNFRSF21,4,0,0,1,NA,NA,NA,1
TNFSF10,3,0,0,1,NA,NA,NA,1
TNFSF15,3,0,0,1,NA,NA,NA,1
TNFSF4,3,0,0,1,NA,NA,NA,1
TNIK,4,0,0,1,NA,NA,NA,1
TNKS,3,0,0,1,NA,NA,NA,1
TNKS2,3,0,0,1,NA,NA,NA,1
TNPO1,7,0,0,1,NA,NA,NA,1
TNPO2,2,0,0,1,NA,NA,NA,1
TNPO3,2,0,0,1,NA,NA,NA,1
TNRC6A,3,0,0,1,NA,NA,NA,1
TNRC6B,5,0,0,1,NA,NA,NA,1
TNRC6C,3,0,0,1,NA,NA,NA,1
TNS1,3,0,0,1,NA,NA,NA,1
TOB2,3,0,0,1,NA,NA,NA,1
TOM1L2,2,0,0,1,NA,NA,NA,1
TOMM20,5,0,0,1,NA,NA,NA,1
TOMM22,5,0,0,1,NA,NA,NA,1
TOMM34,2,0,0,1,NA,NA,NA,1
TOMM40L,2,0,0,1,NA,NA,NA,1
TOMM5,3,0,0,1,NA,NA,NA,1
TOMM70,3,0,0,1,NA,NA,NA,1
TONSL,2,0,0,1,NA,NA,NA,1
TOP1,3,0,0,1,NA,NA,NA,1
TOPBP1,4,0,0,1,NA,NA,NA,1
TOPORS,2,0,0,1,NA,NA,NA,1
TOR1A,3,0,0,1,NA,NA,NA,1
TOR1AIP1,3,0,0,1,NA,NA,NA,1
TOR1AIP2,8,0,0,1,NA,NA,NA,1
TOR1B,3,0,0,1,NA,NA,NA,1
TOX,5,0,0,1,NA,NA,NA,1
TOX4,4,0,0,1,NA,NA,NA,1
TP53BP1,2,0,0,1,NA,NA,NA,1
TP53I11,2,0,0,1,NA,NA,NA,1
TP53RK,3,0,0,1,NA,NA,NA,1
TPCN1,2,0,0,1,NA,NA,NA,1
TPCN2,2,0,0,1,NA,NA,NA,1
TPD52L2,3,0,0,1,NA,NA,NA,1
TPGS2,3,0,0,1,NA,NA,NA,1
TPI1,2,0,0,1,NA,NA,NA,1
TPM4,7,0,0,1,NA,NA,NA,1
TPMT,4,0,0,1,NA,NA,NA,1
TPP1,6,0,0,1,NA,NA,NA,1
TPP2,3,0,0,1,NA,NA,NA,1
TPR,2,0,0,1,NA,NA,NA,1
TPRG1L,2,0,0,1,NA,NA,NA,1
TPST1,2,0,0,1,NA,NA,NA,1
TPST2,3,0,0,1,NA,NA,NA,1
TPT1,5,0,0,1,NA,NA,NA,1
TPTEP2-CSNK1E,3,0,0,1,NA,NA,NA,1
TPX2,2,0,0,1,NA,NA,NA,1
TRA2A,2,0,0,1,NA,NA,NA,1
TRA2B,4,0,0,1,NA,NA,NA,1
TRABD,2,0,0,1,NA,NA,NA,1
TRAF1,2,0,0,1,NA,NA,NA,1
TRAF3,2,0,0,1,NA,NA,NA,1
TRAF3IP1,3,0,0,1,NA,NA,NA,1
TRAF3IP2,2,0,0,1,NA,NA,NA,1
TRAF5,2,0,0,1,NA,NA,NA,1
TRAF6,4,0,0,1,NA,NA,NA,1
TRAF7,3,0,0,1,NA,NA,NA,1
TRAK1,3,0,0,1,NA,NA,NA,1
TRAK2,6,0,0,1,NA,NA,NA,1
TRAM1,8,0,0,1,NA,NA,NA,1
TRAM2,3,0,0,1,NA,NA,NA,1
TRAPPC11,2,0,0,1,NA,NA,NA,1
TRAPPC13,2,0,0,1,NA,NA,NA,1
TRAPPC2,3,0,0,1,NA,NA,NA,1
TRAPPC2L,2,0,0,1,NA,NA,NA,1
TRAPPC3,2,0,0,1,NA,NA,NA,1
TRAPPC6B,2,0,0,1,NA,NA,NA,1
TRDMT1,3,0,0,1,NA,NA,NA,1
TRIM13,4,0,0,1,NA,NA,NA,1
TRIM2,2,0,0,1,NA,NA,NA,1
TRIM22,2,0,0,1,NA,NA,NA,1
TRIM23,4,0,0,1,NA,NA,NA,1
TRIM25,2,0,0,1,NA,NA,NA,1
TRIM32,3,0,0,1,NA,NA,NA,1
TRIM33,3,0,0,1,NA,NA,NA,1
TRIM35,3,0,0,1,NA,NA,NA,1
TRIM38,8,0,0,1,NA,NA,NA,1
TRIM4,4,0,0,1,NA,NA,NA,1
TRIM44,6,0,0,1,NA,NA,NA,1
TRIM5,3,0,0,1,NA,NA,NA,1
TRIM52,2,0,0,1,NA,NA,NA,1
TRIM56,5,0,0,1,NA,NA,NA,1
TRIM65,2,0,0,1,NA,NA,NA,1
TRIM8,2,0,0,1,NA,NA,NA,1
TRIO,3,0,0,1,NA,NA,NA,1
TRIOBP,4,0,0,1,NA,NA,NA,1
TRIP11,7,0,0,1,NA,NA,NA,1
TRIP12,3,0,0,1,NA,NA,NA,1
TRIP13,3,0,0,1,NA,NA,NA,1
TRIQK,4,0,0,1,NA,NA,NA,1
TRMO,2,0,0,1,NA,NA,NA,1
TRMT10A,4,0,0,1,NA,NA,NA,1
TRMT10C,2,0,0,1,NA,NA,NA,1
TRMT112,3,0,0,1,NA,NA,NA,1
TRMT1L,3,0,0,1,NA,NA,NA,1
TRMT2A,2,0,0,1,NA,NA,NA,1
TRMT5,2,0,0,1,NA,NA,NA,1
TRMT6,2,0,0,1,NA,NA,NA,1
TRMT61A,2,0,0,1,NA,NA,NA,1
TRNAU1AP,2,0,0,1,NA,NA,NA,1
TRNP1,5,0,0,1,NA,NA,NA,1
TRNT1,2,0,0,1,NA,NA,NA,1
TRPS1,3,0,0,1,NA,NA,NA,1
TRUB2,5,0,0,1,NA,NA,NA,1
TSC1,3,0,0,1,NA,NA,NA,1
TSC22D2,5,0,0,1,NA,NA,NA,1
TSEN15,2,0,0,1,NA,NA,NA,1
TSHZ1,2,0,0,1,NA,NA,NA,1
TSHZ3,3,0,0,1,NA,NA,NA,1
TSKU,3,0,0,1,NA,NA,NA,1
TSN,8,0,0,1,NA,NA,NA,1
TSNAX,2,0,0,1,NA,NA,NA,1
TSPAN13,3,0,0,1,NA,NA,NA,1
TSPAN14,6,0,0,1,NA,NA,NA,1
TSPAN18,3,0,0,1,NA,NA,NA,1
TSPAN31,2,0,0,1,NA,NA,NA,1
TSPAN5,2,0,0,1,NA,NA,NA,1
TSPAN6,6,0,0,1,NA,NA,NA,1
TSPAN9,2,0,0,1,NA,NA,NA,1
TSPYL1,3,0,0,1,NA,NA,NA,1
TSPYL4,3,0,0,1,NA,NA,NA,1
TSR1,6,0,0,1,NA,NA,NA,1
TSR2,3,0,0,1,NA,NA,NA,1
TSTD3,2,0,0,1,NA,NA,NA,1
TTBK2,2,0,0,1,NA,NA,NA,1
TTC1,2,0,0,1,NA,NA,NA,1
TTC17,2,0,0,1,NA,NA,NA,1
TTC19,4,0,0,1,NA,NA,NA,1
TTC21B,2,0,0,1,NA,NA,NA,1
TTC28,2,0,0,1,NA,NA,NA,1
TTC3,3,0,0,1,NA,NA,NA,1
TTC33,2,0,0,1,NA,NA,NA,1
TTC39B,3,0,0,1,NA,NA,NA,1
TTC39C,2,0,0,1,NA,NA,NA,1
TTC4,2,0,0,1,NA,NA,NA,1
TTC7A,4,0,0,1,NA,NA,NA,1
TTC9C,2,0,0,1,NA,NA,NA,1
TTF1,2,0,0,1,NA,NA,NA,1
TTF2,6,0,0,1,NA,NA,NA,1
TTI2,2,0,0,1,NA,NA,NA,1
TTL,3,0,0,1,NA,NA,NA,1
TTLL11,4,0,0,1,NA,NA,NA,1
TTLL12,2,0,0,1,NA,NA,NA,1
TTLL4,2,0,0,1,NA,NA,NA,1
TTLL5,2,0,0,1,NA,NA,NA,1
TTLL7,2,0,0,1,NA,NA,NA,1
TTPAL,4,0,0,1,NA,NA,NA,1
TTYH3,3,0,0,1,NA,NA,NA,1
TUB,2,0,0,1,NA,NA,NA,1
TUBA1A,2,0,0,1,NA,NA,NA,1
TUBA1C,2,0,0,1,NA,NA,NA,1
TUBA4A,2,0,0,1,NA,NA,NA,1
TUBD1,2,0,0,1,NA,NA,NA,1
TUBE1,2,0,0,1,NA,NA,NA,1
TUBGCP4,4,0,0,1,NA,NA,NA,1
TUFM,2,0,0,1,NA,NA,NA,1
TUG1,4,0,0,1,NA,NA,NA,1
TULP3,3,0,0,1,NA,NA,NA,1
TUSC2,3,0,0,1,NA,NA,NA,1
TUSC3,4,0,0,1,NA,NA,NA,1
TUT4,2,0,0,1,NA,NA,NA,1
TUT7,2,0,0,1,NA,NA,NA,1
TWIST2,3,0,0,1,NA,NA,NA,1
TWSG1,4,0,0,1,NA,NA,NA,1
TXLNG,2,0,0,1,NA,NA,NA,1
TXN,3,0,0,1,NA,NA,NA,1
TXN2,2,0,0,1,NA,NA,NA,1
TXNDC12,2,0,0,1,NA,NA,NA,1
TXNDC15,6,0,0,1,NA,NA,NA,1
TXNDC17,4,0,0,1,NA,NA,NA,1
TXNDC5,6,0,0,1,NA,NA,NA,1
TXNDC9,5,0,0,1,NA,NA,NA,1
TXNIP,2,0,0,1,NA,NA,NA,1
TXNL1,2,0,0,1,NA,NA,NA,1
TXNL4A,3,0,0,1,NA,NA,NA,1
TXNL4B,2,0,0,1,NA,NA,NA,1
TXNRD1,3,0,0,1,NA,NA,NA,1
TXNRD3,2,0,0,1,NA,NA,NA,1
TYMS,2,0,0,1,NA,NA,NA,1
TYRO3,2,0,0,1,NA,NA,NA,1
TYW3,2,0,0,1,NA,NA,NA,1
TYW5,5,0,0,1,NA,NA,NA,1
U2SURP,5,0,0,1,NA,NA,NA,1
UACA,4,0,0,1,NA,NA,NA,1
UAP1,4,0,0,1,NA,NA,NA,1
UBA3,3,0,0,1,NA,NA,NA,1
UBA5,8,0,0,1,NA,NA,NA,1
UBA52,4,0,0,1,NA,NA,NA,1
UBA6,7,0,0,1,NA,NA,NA,1
UBAC2,2,0,0,1,NA,NA,NA,1
UBALD2,2,0,0,1,NA,NA,NA,1
UBAP1,3,0,0,1,NA,NA,NA,1
UBAP2,3,0,0,1,NA,NA,NA,1
UBAP2L,3,0,0,1,NA,NA,NA,1
UBASH3B,6,0,0,1,NA,NA,NA,1
UBE2A,2,0,0,1,NA,NA,NA,1
UBE2B,4,0,0,1,NA,NA,NA,1
UBE2D1,2,0,0,1,NA,NA,NA,1
UBE2D2,5,0,0,1,NA,NA,NA,1
UBE2D3,7,0,0,1,NA,NA,NA,1
UBE2E2,2,0,0,1,NA,NA,NA,1
UBE2F,5,0,0,1,NA,NA,NA,1
UBE2G1,5,0,0,1,NA,NA,NA,1
UBE2G2,3,0,0,1,NA,NA,NA,1
UBE2H,7,0,0,1,NA,NA,NA,1
UBE2I,2,0,0,1,NA,NA,NA,1
UBE2J1,8,0,0,1,NA,NA,NA,1
UBE2J2,2,0,0,1,NA,NA,NA,1
UBE2K,7,0,0,1,NA,NA,NA,1
UBE2L3,4,0,0,1,NA,NA,NA,1
UBE2N,6,0,0,1,NA,NA,NA,1
UBE2O,2,0,0,1,NA,NA,NA,1
UBE2Q1,2,0,0,1,NA,NA,NA,1
UBE2Q2,2,0,0,1,NA,NA,NA,1
UBE2R2,4,0,0,1,NA,NA,NA,1
UBE2T,2,0,0,1,NA,NA,NA,1
UBE2V2,7,0,0,1,NA,NA,NA,1
UBE2W,5,0,0,1,NA,NA,NA,1
UBE2Z,3,0,0,1,NA,NA,NA,1
UBE3A,8,0,0,1,NA,NA,NA,1
UBE3B,2,0,0,1,NA,NA,NA,1
UBE3C,3,0,0,1,NA,NA,NA,1
UBE4A,2,0,0,1,NA,NA,NA,1
UBE4B,3,0,0,1,NA,NA,NA,1
UBFD1,3,0,0,1,NA,NA,NA,1
UBIAD1,3,0,0,1,NA,NA,NA,1
UBL3,4,0,0,1,NA,NA,NA,1
UBL4A,2,0,0,1,NA,NA,NA,1
UBLCP1,2,0,0,1,NA,NA,NA,1
UBOX5,2,0,0,1,NA,NA,NA,1
UBP1,3,0,0,1,NA,NA,NA,1
UBQLN1,4,0,0,1,NA,NA,NA,1
UBQLN2,2,0,0,1,NA,NA,NA,1
UBR1,2,0,0,1,NA,NA,NA,1
UBR2,2,0,0,1,NA,NA,NA,1
UBR3,5,0,0,1,NA,NA,NA,1
UBR5,3,0,0,1,NA,NA,NA,1
UBTD2,4,0,0,1,NA,NA,NA,1
UBTF,3,0,0,1,NA,NA,NA,1
UBXN2A,7,0,0,1,NA,NA,NA,1
UBXN4,5,0,0,1,NA,NA,NA,1
UBXN6,2,0,0,1,NA,NA,NA,1
UBXN7,3,0,0,1,NA,NA,NA,1
UBXN8,3,0,0,1,NA,NA,NA,1
UCHL5,7,0,0,1,NA,NA,NA,1
UCK1,2,0,0,1,NA,NA,NA,1
UCK2,4,0,0,1,NA,NA,NA,1
UEVLD,3,0,0,1,NA,NA,NA,1
UFD1,3,0,0,1,NA,NA,NA,1
UFL1,4,0,0,1,NA,NA,NA,1
UFM1,3,0,0,1,NA,NA,NA,1
UFSP2,2,0,0,1,NA,NA,NA,1
UGCG,2,0,0,1,NA,NA,NA,1
UGDH,6,0,0,1,NA,NA,NA,1
UGGT1,8,0,0,1,NA,NA,NA,1
UHMK1,4,0,0,1,NA,NA,NA,1
ULBP3,2,0,0,1,NA,NA,NA,1
ULK2,5,0,0,1,NA,NA,NA,1
UNC50,3,0,0,1,NA,NA,NA,1
UNC5B,2,0,0,1,NA,NA,NA,1
UNKL,3,0,0,1,NA,NA,NA,1
UPF1,2,0,0,1,NA,NA,NA,1
UPP1,2,0,0,1,NA,NA,NA,1
UPRT,2,0,0,1,NA,NA,NA,1
UQCC1,2,0,0,1,NA,NA,NA,1
UQCC2,2,0,0,1,NA,NA,NA,1
UQCC5,2,0,0,1,NA,NA,NA,1
UQCC6,3,0,0,1,NA,NA,NA,1
UQCR10,2,0,0,1,NA,NA,NA,1
UQCR11,4,0,0,1,NA,NA,NA,1
UQCRB,6,0,0,1,NA,NA,NA,1
UQCRC2,2,0,0,1,NA,NA,NA,1
UQCRFS1,2,0,0,1,NA,NA,NA,1
UQCRQ,3,0,0,1,NA,NA,NA,1
URB1,5,0,0,1,NA,NA,NA,1
URB2,3,0,0,1,NA,NA,NA,1
URI1,2,0,0,1,NA,NA,NA,1
USF3,2,0,0,1,NA,NA,NA,1
USO1,4,0,0,1,NA,NA,NA,1
USP11,3,0,0,1,NA,NA,NA,1
USP12,2,0,0,1,NA,NA,NA,1
USP13,5,0,0,1,NA,NA,NA,1
USP14,6,0,0,1,NA,NA,NA,1
USP15,2,0,0,1,NA,NA,NA,1
USP19,2,0,0,1,NA,NA,NA,1
USP22,3,0,0,1,NA,NA,NA,1
USP24,3,0,0,1,NA,NA,NA,1
USP25,3,0,0,1,NA,NA,NA,1
USP28,2,0,0,1,NA,NA,NA,1
USP3,3,0,0,1,NA,NA,NA,1
USP30,2,0,0,1,NA,NA,NA,1
USP31,3,0,0,1,NA,NA,NA,1
USP36,2,0,0,1,NA,NA,NA,1
USP38,5,0,0,1,NA,NA,NA,1
USP4,3,0,0,1,NA,NA,NA,1
USP42,2,0,0,1,NA,NA,NA,1
USP46,4,0,0,1,NA,NA,NA,1
USP47,8,0,0,1,NA,NA,NA,1
USP48,3,0,0,1,NA,NA,NA,1
USP53,4,0,0,1,NA,NA,NA,1
USP6NL,4,0,0,1,NA,NA,NA,1
USP7,6,0,0,1,NA,NA,NA,1
USP8,3,0,0,1,NA,NA,NA,1
USP9X,6,0,0,1,NA,NA,NA,1
USPL1,2,0,0,1,NA,NA,NA,1
UTP11,2,0,0,1,NA,NA,NA,1
UTP14C,2,0,0,1,NA,NA,NA,1
UTP15,6,0,0,1,NA,NA,NA,1
UTP23,5,0,0,1,NA,NA,NA,1
UTP25,5,0,0,1,NA,NA,NA,1
UTP3,3,0,0,1,NA,NA,NA,1
UTP6,2,0,0,1,NA,NA,NA,1
UTRN,3,0,0,1,NA,NA,NA,1
UVRAG,4,0,0,1,NA,NA,NA,1
UVSSA,3,0,0,1,NA,NA,NA,1
UXS1,3,0,0,1,NA,NA,NA,1
VAMP2,3,0,0,1,NA,NA,NA,1
VAMP3,5,0,0,1,NA,NA,NA,1
VAMP4,5,0,0,1,NA,NA,NA,1
VANGL1,4,0,0,1,NA,NA,NA,1
VAPA,5,0,0,1,NA,NA,NA,1
VAPB,5,0,0,1,NA,NA,NA,1
VASP,4,0,0,1,NA,NA,NA,1
VAV2,3,0,0,1,NA,NA,NA,1
VBP1,3,0,0,1,NA,NA,NA,1
VCAN,3,0,0,1,NA,NA,NA,1
VCF1,5,0,0,1,NA,NA,NA,1
VCF2,3,0,0,1,NA,NA,NA,1
VCL,6,0,0,1,NA,NA,NA,1
VCP,3,0,0,1,NA,NA,NA,1
VCPIP1,5,0,0,1,NA,NA,NA,1
VDAC2,2,0,0,1,NA,NA,NA,1
VDAC3,3,0,0,1,NA,NA,NA,1
VDR,2,0,0,1,NA,NA,NA,1
VEGFA,3,0,0,1,NA,NA,NA,1
VEGFC,2,0,0,1,NA,NA,NA,1
VEZF1,3,0,0,1,NA,NA,NA,1
VEZT,5,0,0,1,NA,NA,NA,1
VGLL3,5,0,0,1,NA,NA,NA,1
VGLL4,3,0,0,1,NA,NA,NA,1
VHL,6,0,0,1,NA,NA,NA,1
VIRMA,2,0,0,1,NA,NA,NA,1
VKORC1L1,9,0,0,1,NA,NA,NA,1
VMA21,2,0,0,1,NA,NA,NA,1
VMP1,5,0,0,1,NA,NA,NA,1
VOPP1,2,0,0,1,NA,NA,NA,1
VPS13A,3,0,0,1,NA,NA,NA,1
VPS13D,4,0,0,1,NA,NA,NA,1
VPS25,2,0,0,1,NA,NA,NA,1
VPS26A,5,0,0,1,NA,NA,NA,1
VPS26B,3,0,0,1,NA,NA,NA,1
VPS26C,4,0,0,1,NA,NA,NA,1
VPS29,5,0,0,1,NA,NA,NA,1
VPS33A,3,0,0,1,NA,NA,NA,1
VPS35,4,0,0,1,NA,NA,NA,1
VPS35L,2,0,0,1,NA,NA,NA,1
VPS36,5,0,0,1,NA,NA,NA,1
VPS37A,7,0,0,1,NA,NA,NA,1
VPS39,3,0,0,1,NA,NA,NA,1
VPS41,6,0,0,1,NA,NA,NA,1
VPS4A,6,0,0,1,NA,NA,NA,1
VPS4B,3,0,0,1,NA,NA,NA,1
VPS54,3,0,0,1,NA,NA,NA,1
VPS72,3,0,0,1,NA,NA,NA,1
VRK1,2,0,0,1,NA,NA,NA,1
VSIG10,4,0,0,1,NA,NA,NA,1
VSIG10L,2,0,0,1,NA,NA,NA,1
VTA1,6,0,0,1,NA,NA,NA,1
VTI1A,7,0,0,1,NA,NA,NA,1
VTI1B,3,0,0,1,NA,NA,NA,1
VWA5A,2,0,0,1,NA,NA,NA,1
VWA8,2,0,0,1,NA,NA,NA,1
WAC,4,0,0,1,NA,NA,NA,1
WAPL,2,0,0,1,NA,NA,NA,1
WARS1,5,0,0,1,NA,NA,NA,1
WARS2,2,0,0,1,NA,NA,NA,1
WASF2,3,0,0,1,NA,NA,NA,1
WASHC2A,2,0,0,1,NA,NA,NA,1
WASHC2C,2,0,0,1,NA,NA,NA,1
WASHC4,4,0,0,1,NA,NA,NA,1
WBP11,3,0,0,1,NA,NA,NA,1
WBP2,2,0,0,1,NA,NA,NA,1
WBP4,2,0,0,1,NA,NA,NA,1
WDFY1,3,0,0,1,NA,NA,NA,1
WDFY2,3,0,0,1,NA,NA,NA,1
WDFY3,3,0,0,1,NA,NA,NA,1
WDFY4,2,0,0,1,NA,NA,NA,1
WDHD1,3,0,0,1,NA,NA,NA,1
WDR1,4,0,0,1,NA,NA,NA,1
WDR12,9,0,0,1,NA,NA,NA,1
WDR13,3,0,0,1,NA,NA,NA,1
WDR26,6,0,0,1,NA,NA,NA,1
WDR3,4,0,0,1,NA,NA,NA,1
WDR33,3,0,0,1,NA,NA,NA,1
WDR35,2,0,0,1,NA,NA,NA,1
WDR36,5,0,0,1,NA,NA,NA,1
WDR37,3,0,0,1,NA,NA,NA,1
WDR4,2,0,0,1,NA,NA,NA,1
WDR41,7,0,0,1,NA,NA,NA,1
WDR43,2,0,0,1,NA,NA,NA,1
WDR44,3,0,0,1,NA,NA,NA,1
WDR48,2,0,0,1,NA,NA,NA,1
WDR5,3,0,0,1,NA,NA,NA,1
WDR55,2,0,0,1,NA,NA,NA,1
WDR77,4,0,0,1,NA,NA,NA,1
WDR82,4,0,0,1,NA,NA,NA,1
WDR89,3,0,0,1,NA,NA,NA,1
WDR91,3,0,0,1,NA,NA,NA,1
WDTC1,2,0,0,1,NA,NA,NA,1
WEE1,2,0,0,1,NA,NA,NA,1
WFS1,2,0,0,1,NA,NA,NA,1
WHAMM,2,0,0,1,NA,NA,NA,1
WIPF1,3,0,0,1,NA,NA,NA,1
WIPF2,7,0,0,1,NA,NA,NA,1
WIPI2,6,0,0,1,NA,NA,NA,1
WIZ,3,0,0,1,NA,NA,NA,1
WLS,5,0,0,1,NA,NA,NA,1
WNK1,2,0,0,1,NA,NA,NA,1
WNK3,2,0,0,1,NA,NA,NA,1
WNT5A,3,0,0,1,NA,NA,NA,1
WNT5B,2,0,0,1,NA,NA,NA,1
WRN,3,0,0,1,NA,NA,NA,1
WSB1,6,0,0,1,NA,NA,NA,1
WSB2,5,0,0,1,NA,NA,NA,1
WSCD1,2,0,0,1,NA,NA,NA,1
WWC2,6,0,0,1,NA,NA,NA,1
WWC3,2,0,0,1,NA,NA,NA,1
WWP1,6,0,0,1,NA,NA,NA,1
WWTR1,5,0,0,1,NA,NA,NA,1
XBP1,4,0,0,1,NA,NA,NA,1
XIAP,5,0,0,1,NA,NA,NA,1
XPA,2,0,0,1,NA,NA,NA,1
XPC,2,0,0,1,NA,NA,NA,1
XPNPEP3,2,0,0,1,NA,NA,NA,1
XPO1,2,0,0,1,NA,NA,NA,1
XPO4,4,0,0,1,NA,NA,NA,1
XPO5,3,0,0,1,NA,NA,NA,1
XPO7,4,0,0,1,NA,NA,NA,1
XPOT,3,0,0,1,NA,NA,NA,1
XPR1,3,0,0,1,NA,NA,NA,1
XRCC5,4,0,0,1,NA,NA,NA,1
XRN1,3,0,0,1,NA,NA,NA,1
XRRA1,2,0,0,1,NA,NA,NA,1
XXYLT1,2,0,0,1,NA,NA,NA,1
YAF2,6,0,0,1,NA,NA,NA,1
YAP1,4,0,0,1,NA,NA,NA,1
YARS1,2,0,0,1,NA,NA,NA,1
YARS2,3,0,0,1,NA,NA,NA,1
YBX1,2,0,0,1,NA,NA,NA,1
YBX3,2,0,0,1,NA,NA,NA,1
YEATS2,2,0,0,1,NA,NA,NA,1
YES1,5,0,0,1,NA,NA,NA,1
YIPF1,2,0,0,1,NA,NA,NA,1
YIPF2,3,0,0,1,NA,NA,NA,1
YIPF3,2,0,0,1,NA,NA,NA,1
YIPF4,13,0,0,1,NA,NA,NA,1
YIPF5,4,0,0,1,NA,NA,NA,1
YIPF6,10,0,0,1,NA,NA,NA,1
YKT6,2,0,0,1,NA,NA,NA,1
YME1L1,9,0,0,1,NA,NA,NA,1
YPEL1,3,0,0,1,NA,NA,NA,1
YPEL5,4,0,0,1,NA,NA,NA,1
YRDC,2,0,0,1,NA,NA,NA,1
YTHDC2,3,0,0,1,NA,NA,NA,1
YTHDF1,2,0,0,1,NA,NA,NA,1
YTHDF2,2,0,0,1,NA,NA,NA,1
YTHDF3,7,0,0,1,NA,NA,NA,1
YWHAB,7,0,0,1,NA,NA,NA,1
YWHAG,2,0,0,1,NA,NA,NA,1
YWHAH,2,0,0,1,NA,NA,NA,1
YWHAQ,5,0,0,1,NA,NA,NA,1
YWHAZ,7,0,0,1,NA,NA,NA,1
YY1,9,0,0,1,NA,NA,NA,1
ZBED3,4,0,0,1,NA,NA,NA,1
ZBED4,3,0,0,1,NA,NA,NA,1
ZBED5,2,0,0,1,NA,NA,NA,1
ZBED6,3,0,0,1,NA,NA,NA,1
ZBTB1,4,0,0,1,NA,NA,NA,1
ZBTB10,5,0,0,1,NA,NA,NA,1
ZBTB14,3,0,0,1,NA,NA,NA,1
ZBTB16,4,0,0,1,NA,NA,NA,1
ZBTB20,4,0,0,1,NA,NA,NA,1
ZBTB21,3,0,0,1,NA,NA,NA,1
ZBTB24,2,0,0,1,NA,NA,NA,1
ZBTB25,2,0,0,1,NA,NA,NA,1
ZBTB33,2,0,0,1,NA,NA,NA,1
ZBTB38,3,0,0,1,NA,NA,NA,1
ZBTB39,2,0,0,1,NA,NA,NA,1
ZBTB40,2,0,0,1,NA,NA,NA,1
ZBTB42,2,0,0,1,NA,NA,NA,1
ZBTB43,2,0,0,1,NA,NA,NA,1
ZBTB44,6,0,0,1,NA,NA,NA,1
ZBTB47,2,0,0,1,NA,NA,NA,1
ZBTB7A,6,0,0,1,NA,NA,NA,1
ZBTB8A,6,0,0,1,NA,NA,NA,1
ZBTB8OS,2,0,0,1,NA,NA,NA,1
ZC2HC1A,3,0,0,1,NA,NA,NA,1
ZC3H12C,3,0,0,1,NA,NA,NA,1
ZC3H13,3,0,0,1,NA,NA,NA,1
ZC3H14,3,0,0,1,NA,NA,NA,1
ZC3H6,2,0,0,1,NA,NA,NA,1
ZC3H7B,4,0,0,1,NA,NA,NA,1
ZC3H8,2,0,0,1,NA,NA,NA,1
ZC3HAV1,2,0,0,1,NA,NA,NA,1
ZC4H2,2,0,0,1,NA,NA,NA,1
ZCCHC10,4,0,0,1,NA,NA,NA,1
ZCCHC2,2,0,0,1,NA,NA,NA,1
ZCCHC24,2,0,0,1,NA,NA,NA,1
ZCCHC7,2,0,0,1,NA,NA,NA,1
ZCCHC8,3,0,0,1,NA,NA,NA,1
ZCRB1,4,0,0,1,NA,NA,NA,1
ZDHHC13,2,0,0,1,NA,NA,NA,1
ZDHHC14,3,0,0,1,NA,NA,NA,1
ZDHHC2,8,0,0,1,NA,NA,NA,1
ZDHHC20,2,0,0,1,NA,NA,NA,1
ZDHHC21,4,0,0,1,NA,NA,NA,1
ZDHHC24,4,0,0,1,NA,NA,NA,1
ZDHHC3,6,0,0,1,NA,NA,NA,1
ZDHHC5,2,0,0,1,NA,NA,NA,1
ZDHHC6,2,0,0,1,NA,NA,NA,1
ZDHHC7,2,0,0,1,NA,NA,NA,1
ZDHHC9,4,0,0,1,NA,NA,NA,1
ZEB1,3,0,0,1,NA,NA,NA,1
ZFAND1,2,0,0,1,NA,NA,NA,1
ZFAND3,4,0,0,1,NA,NA,NA,1
ZFAND5,8,0,0,1,NA,NA,NA,1
ZFC3H1,2,0,0,1,NA,NA,NA,1
ZFHX3,3,0,0,1,NA,NA,NA,1
ZFP14,3,0,0,1,NA,NA,NA,1
ZFP36L1,5,0,0,1,NA,NA,NA,1
ZFP36L2,4,0,0,1,NA,NA,NA,1
ZFP41,3,0,0,1,NA,NA,NA,1
ZFP64,3,0,0,1,NA,NA,NA,1
ZFP82,4,0,0,1,NA,NA,NA,1
ZFP91,4,0,0,1,NA,NA,NA,1
ZFPM2,2,0,0,1,NA,NA,NA,1
ZFR,4,0,0,1,NA,NA,NA,1
ZFTA,2,0,0,1,NA,NA,NA,1
ZFX,3,0,0,1,NA,NA,NA,1
ZFYVE1,3,0,0,1,NA,NA,NA,1
ZFYVE16,4,0,0,1,NA,NA,NA,1
ZFYVE26,4,0,0,1,NA,NA,NA,1
ZFYVE9,2,0,0,1,NA,NA,NA,1
ZHX1,4,0,0,1,NA,NA,NA,1
ZHX2,2,0,0,1,NA,NA,NA,1
ZHX3,5,0,0,1,NA,NA,NA,1
ZKSCAN1,7,0,0,1,NA,NA,NA,1
ZKSCAN3,2,0,0,1,NA,NA,NA,1
ZKSCAN4,2,0,0,1,NA,NA,NA,1
ZKSCAN5,3,0,0,1,NA,NA,NA,1
ZMAT2,4,0,0,1,NA,NA,NA,1
ZMAT3,4,0,0,1,NA,NA,NA,1
ZMIZ1,3,0,0,1,NA,NA,NA,1
ZMIZ2,3,0,0,1,NA,NA,NA,1
ZMPSTE24,4,0,0,1,NA,NA,NA,1
ZMYM2,3,0,0,1,NA,NA,NA,1
ZMYM4,5,0,0,1,NA,NA,NA,1
ZMYND11,3,0,0,1,NA,NA,NA,1
ZMYND8,4,0,0,1,NA,NA,NA,1
ZNF106,3,0,0,1,NA,NA,NA,1
ZNF12,2,0,0,1,NA,NA,NA,1
ZNF121,2,0,0,1,NA,NA,NA,1
ZNF131,2,0,0,1,NA,NA,NA,1
ZNF134,4,0,0,1,NA,NA,NA,1
ZNF136,2,0,0,1,NA,NA,NA,1
ZNF142,3,0,0,1,NA,NA,NA,1
ZNF143,4,0,0,1,NA,NA,NA,1
ZNF148,8,0,0,1,NA,NA,NA,1
ZNF175,4,0,0,1,NA,NA,NA,1
ZNF180,3,0,0,1,NA,NA,NA,1
ZNF181,2,0,0,1,NA,NA,NA,1
ZNF184,2,0,0,1,NA,NA,NA,1
ZNF195,5,0,0,1,NA,NA,NA,1
ZNF200,2,0,0,1,NA,NA,NA,1
ZNF202,2,0,0,1,NA,NA,NA,1
ZNF207,6,0,0,1,NA,NA,NA,1
ZNF211,2,0,0,1,NA,NA,NA,1
ZNF22,3,0,0,1,NA,NA,NA,1
ZNF224,2,0,0,1,NA,NA,NA,1
ZNF229,2,0,0,1,NA,NA,NA,1
ZNF234,2,0,0,1,NA,NA,NA,1
ZNF236,2,0,0,1,NA,NA,NA,1
ZNF24,3,0,0,1,NA,NA,NA,1
ZNF250,3,0,0,1,NA,NA,NA,1
ZNF254,3,0,0,1,NA,NA,NA,1
ZNF260,3,0,0,1,NA,NA,NA,1
ZNF264,3,0,0,1,NA,NA,NA,1
ZNF266,2,0,0,1,NA,NA,NA,1
ZNF268,2,0,0,1,NA,NA,NA,1
ZNF276,4,0,0,1,NA,NA,NA,1
ZNF277,3,0,0,1,NA,NA,NA,1
ZNF281,5,0,0,1,NA,NA,NA,1
ZNF282,2,0,0,1,NA,NA,NA,1
ZNF283,3,0,0,1,NA,NA,NA,1
ZNF284,2,0,0,1,NA,NA,NA,1
ZNF292,4,0,0,1,NA,NA,NA,1
ZNF3,2,0,0,1,NA,NA,NA,1
ZNF302,2,0,0,1,NA,NA,NA,1
ZNF316,2,0,0,1,NA,NA,NA,1
ZNF318,2,0,0,1,NA,NA,NA,1
ZNF320,5,0,0,1,NA,NA,NA,1
ZNF326,4,0,0,1,NA,NA,NA,1
ZNF329,2,0,0,1,NA,NA,NA,1
ZNF330,2,0,0,1,NA,NA,NA,1
ZNF331,3,0,0,1,NA,NA,NA,1
ZNF33A,2,0,0,1,NA,NA,NA,1
ZNF347,2,0,0,1,NA,NA,NA,1
ZNF354A,2,0,0,1,NA,NA,NA,1
ZNF354C,2,0,0,1,NA,NA,NA,1
ZNF362,2,0,0,1,NA,NA,NA,1
ZNF365,2,0,0,1,NA,NA,NA,1
ZNF367,2,0,0,1,NA,NA,NA,1
ZNF37A,3,0,0,1,NA,NA,NA,1
ZNF383,3,0,0,1,NA,NA,NA,1
ZNF384,2,0,0,1,NA,NA,NA,1
ZNF385A,2,0,0,1,NA,NA,NA,1
ZNF395,3,0,0,1,NA,NA,NA,1
ZNF398,3,0,0,1,NA,NA,NA,1
ZNF410,2,0,0,1,NA,NA,NA,1
ZNF420,3,0,0,1,NA,NA,NA,1
ZNF423,3,0,0,1,NA,NA,NA,1
ZNF426,3,0,0,1,NA,NA,NA,1
ZNF428,2,0,0,1,NA,NA,NA,1
ZNF429,2,0,0,1,NA,NA,NA,1
ZNF430,3,0,0,1,NA,NA,NA,1
ZNF431,3,0,0,1,NA,NA,NA,1
ZNF432,2,0,0,1,NA,NA,NA,1
ZNF438,2,0,0,1,NA,NA,NA,1
ZNF44,2,0,0,1,NA,NA,NA,1
ZNF445,3,0,0,1,NA,NA,NA,1
ZNF451,2,0,0,1,NA,NA,NA,1
ZNF461,2,0,0,1,NA,NA,NA,1
ZNF467,2,0,0,1,NA,NA,NA,1
ZNF468,2,0,0,1,NA,NA,NA,1
ZNF473,2,0,0,1,NA,NA,NA,1
ZNF48,2,0,0,1,NA,NA,NA,1
ZNF484,2,0,0,1,NA,NA,NA,1
ZNF500,3,0,0,1,NA,NA,NA,1
ZNF503,3,0,0,1,NA,NA,NA,1
ZNF507,2,0,0,1,NA,NA,NA,1
ZNF512B,2,0,0,1,NA,NA,NA,1
ZNF514,2,0,0,1,NA,NA,NA,1
ZNF516,3,0,0,1,NA,NA,NA,1
ZNF518A,2,0,0,1,NA,NA,NA,1
ZNF518B,2,0,0,1,NA,NA,NA,1
ZNF521,2,0,0,1,NA,NA,NA,1
ZNF526,2,0,0,1,NA,NA,NA,1
ZNF527,2,0,0,1,NA,NA,NA,1
ZNF529,2,0,0,1,NA,NA,NA,1
ZNF532,2,0,0,1,NA,NA,NA,1
ZNF544,2,0,0,1,NA,NA,NA,1
ZNF548,3,0,0,1,NA,NA,NA,1
ZNF549,2,0,0,1,NA,NA,NA,1
ZNF552,2,0,0,1,NA,NA,NA,1
ZNF555,2,0,0,1,NA,NA,NA,1
ZNF557,3,0,0,1,NA,NA,NA,1
ZNF561,4,0,0,1,NA,NA,NA,1
ZNF562,6,0,0,1,NA,NA,NA,1
ZNF566,3,0,0,1,NA,NA,NA,1
ZNF570,2,0,0,1,NA,NA,NA,1
ZNF576,3,0,0,1,NA,NA,NA,1
ZNF578,2,0,0,1,NA,NA,NA,1
ZNF583,3,0,0,1,NA,NA,NA,1
ZNF585B,2,0,0,1,NA,NA,NA,1
ZNF592,4,0,0,1,NA,NA,NA,1
ZNF614,2,0,0,1,NA,NA,NA,1
ZNF616,2,0,0,1,NA,NA,NA,1
ZNF618,3,0,0,1,NA,NA,NA,1
ZNF621,2,0,0,1,NA,NA,NA,1
ZNF626,2,0,0,1,NA,NA,NA,1
ZNF639,4,0,0,1,NA,NA,NA,1
ZNF644,3,0,0,1,NA,NA,NA,1
ZNF649,2,0,0,1,NA,NA,NA,1
ZNF652,2,0,0,1,NA,NA,NA,1
ZNF654,4,0,0,1,NA,NA,NA,1
ZNF655,2,0,0,1,NA,NA,NA,1
ZNF670,2,0,0,1,NA,NA,NA,1
ZNF689,2,0,0,1,NA,NA,NA,1
ZNF696,4,0,0,1,NA,NA,NA,1
ZNF7,3,0,0,1,NA,NA,NA,1
ZNF70,3,0,0,1,NA,NA,NA,1
ZNF701,2,0,0,1,NA,NA,NA,1
ZNF703,3,0,0,1,NA,NA,NA,1
ZNF704,2,0,0,1,NA,NA,NA,1
ZNF706,2,0,0,1,NA,NA,NA,1
ZNF71,2,0,0,1,NA,NA,NA,1
ZNF721,3,0,0,1,NA,NA,NA,1
ZNF74,2,0,0,1,NA,NA,NA,1
ZNF740,2,0,0,1,NA,NA,NA,1
ZNF746,2,0,0,1,NA,NA,NA,1
ZNF747,4,0,0,1,NA,NA,NA,1
ZNF765,2,0,0,1,NA,NA,NA,1
ZNF766,3,0,0,1,NA,NA,NA,1
ZNF770,3,0,0,1,NA,NA,NA,1
ZNF772,2,0,0,1,NA,NA,NA,1
ZNF773,2,0,0,1,NA,NA,NA,1
ZNF778,2,0,0,1,NA,NA,NA,1
ZNF790,2,0,0,1,NA,NA,NA,1
ZNF791,6,0,0,1,NA,NA,NA,1
ZNF792,2,0,0,1,NA,NA,NA,1
ZNF8,4,0,0,1,NA,NA,NA,1
ZNF800,3,0,0,1,NA,NA,NA,1
ZNF805,5,0,0,1,NA,NA,NA,1
ZNF813,2,0,0,1,NA,NA,NA,1
ZNF827,3,0,0,1,NA,NA,NA,1
ZNF830,2,0,0,1,NA,NA,NA,1
ZNF84,3,0,0,1,NA,NA,NA,1
ZNF845,2,0,0,1,NA,NA,NA,1
ZNF91,2,0,0,1,NA,NA,NA,1
ZNF92,2,0,0,1,NA,NA,NA,1
ZNFX1,2,0,0,1,NA,NA,NA,1
ZNHIT6,4,0,0,1,NA,NA,NA,1
ZNRF1,5,0,0,1,NA,NA,NA,1
ZNRF3,3,0,0,1,NA,NA,NA,1
ZPR1,6,0,0,1,NA,NA,NA,1
ZRANB1,5,0,0,1,NA,NA,NA,1
ZRANB2,4,0,0,1,NA,NA,NA,1
ZSCAN20,2,0,0,1,NA,NA,NA,1
ZSCAN25,2,0,0,1,NA,NA,NA,1
ZSCAN26,2,0,0,1,NA,NA,NA,1
ZSCAN29,3,0,0,1,NA,NA,NA,1
ZSCAN30,2,0,0,1,NA,NA,NA,1
ZSCAN31,2,0,0,1,NA,NA,NA,1
ZSWIM6,2,0,0,1,NA,NA,NA,1
ZSWIM7,2,0,0,1,NA,NA,NA,1
ZWINT,3,0,0,1,NA,NA,NA,1
ZXDA,2,0,0,1,NA,NA,NA,1
ZYG11B,3,0,0,1,NA,NA,NA,1
ZZEF1,2,0,0,1,NA,NA,NA,1
ZZZ3,2,0,0,1,NA,NA,NA,1
