Installing package into ‘/home/cnobrega/R/x86_64-pc-linux-gnu-library/4.5’
(as ‘lib’ is unspecified)
trying URL 'https://cloud.r-project.org/src/contrib/BiocManager_1.30.27.tar.gz'
Content type 'application/x-gzip' length 752490 bytes (734 KB)
==================================================
downloaded 734 KB

* installing *source* package ‘BiocManager’ ...
** this is package ‘BiocManager’ version ‘1.30.27’
** package ‘BiocManager’ successfully unpacked and MD5 sums checked
** using staged installation
** R
** inst
** byte-compile and prepare package for lazy loading
** help
*** installing help indices
*** copying figures
** building package indices
** installing vignettes
** testing if installed package can be loaded from temporary location
** testing if installed package can be loaded from final location
** testing if installed package keeps a record of temporary installation path
* DONE (BiocManager)

The downloaded source packages are in
	‘/tmp/RtmpnoWgZy/downloaded_packages’
'getOption("repos")' replaces Bioconductor standard repositories, see
'help("repositories", package = "BiocManager")' for details.
Replacement repositories:
    CRAN: https://cloud.r-project.org
Bioconductor version 3.22 (BiocManager 1.30.27), R 4.5.1 (2025-06-13)
Installing package(s) 'DEXSeq', 'DESeq2', 'GenomicRanges',
  'SummarizedExperiment', 'limma', 'dplyr'
also installing the dependencies ‘filelock’, ‘KEGGREST’, ‘BiocFileCache’, ‘Biostrings’, ‘Rhtslib’, ‘annotate’, ‘AnnotationDbi’, ‘biomaRt’, ‘hwriter’, ‘Rsamtools’, ‘geneplotter’, ‘genefilter’, ‘Seqinfo’

trying URL 'https://cloud.r-project.org/src/contrib/filelock_1.0.3.tar.gz'
trying URL 'https://bioconductor.org/packages/3.22/bioc/src/contrib/KEGGREST_1.50.0.tar.gz'
trying URL 'https://bioconductor.org/packages/3.22/bioc/src/contrib/BiocFileCache_3.0.0.tar.gz'
trying URL 'https://bioconductor.org/packages/3.22/bioc/src/contrib/Biostrings_2.78.0.tar.gz'
trying URL 'https://bioconductor.org/packages/3.22/bioc/src/contrib/Rhtslib_3.6.0.tar.gz'
trying URL 'https://bioconductor.org/packages/3.22/bioc/src/contrib/annotate_1.88.0.tar.gz'
trying URL 'https://bioconductor.org/packages/3.22/bioc/src/contrib/AnnotationDbi_1.72.0.tar.gz'
trying URL 'https://bioconductor.org/packages/3.22/bioc/src/contrib/biomaRt_2.66.2.tar.gz'
trying URL 'https://cloud.r-project.org/src/contrib/hwriter_1.3.2.1.tar.gz'
trying URL 'https://bioconductor.org/packages/3.22/bioc/src/contrib/Rsamtools_2.26.0.tar.gz'
trying URL 'https://bioconductor.org/packages/3.22/bioc/src/contrib/geneplotter_1.88.0.tar.gz'
trying URL 'https://bioconductor.org/packages/3.22/bioc/src/contrib/genefilter_1.92.0.tar.gz'
trying URL 'https://bioconductor.org/packages/3.22/bioc/src/contrib/Seqinfo_1.0.0.tar.gz'
trying URL 'https://bioconductor.org/packages/3.22/bioc/src/contrib/DEXSeq_1.56.0.tar.gz'
trying URL 'https://bioconductor.org/packages/3.22/bioc/src/contrib/DESeq2_1.50.2.tar.gz'
trying URL 'https://bioconductor.org/packages/3.22/bioc/src/contrib/GenomicRanges_1.62.1.tar.gz'
trying URL 'https://bioconductor.org/packages/3.22/bioc/src/contrib/SummarizedExperiment_1.40.0.tar.gz'
trying URL 'https://bioconductor.org/packages/3.22/bioc/src/contrib/limma_3.66.0.tar.gz'
trying URL 'https://cloud.r-project.org/src/contrib/dplyr_1.2.1.tar.gz'
* installing *source* package ‘filelock’ ...
** this is package ‘filelock’ version ‘1.0.3’
** package ‘filelock’ successfully unpacked and MD5 sums checked
** using staged installation
** libs
using C compiler: ‘gcc (Ubuntu 13.3.0-6ubuntu2~24.04.1) 13.3.0’
rm -f filelock.so init.o filelock-unix.o locklist.o
gcc -std=gnu2x -I"/usr/share/R/include" -DNDEBUG       -fpic  -g -O2 -fno-omit-frame-pointer -mno-omit-leaf-frame-pointer -ffile-prefix-map=/build/r-base-wwoKA3/r-base-4.5.1=. -fstack-protector-strong -fstack-clash-protection -Wformat -Werror=format-security -fcf-protection -fdebug-prefix-map=/build/r-base-wwoKA3/r-base-4.5.1=/usr/src/r-base-4.5.1-1.2404.0 -Wdate-time -D_FORTIFY_SOURCE=3  -c init.c -o init.o
gcc -std=gnu2x -I"/usr/share/R/include" -DNDEBUG       -fpic  -g -O2 -fno-omit-frame-pointer -mno-omit-leaf-frame-pointer -ffile-prefix-map=/build/r-base-wwoKA3/r-base-4.5.1=. -fstack-protector-strong -fstack-clash-protection -Wformat -Werror=format-security -fcf-protection -fdebug-prefix-map=/build/r-base-wwoKA3/r-base-4.5.1=/usr/src/r-base-4.5.1-1.2404.0 -Wdate-time -D_FORTIFY_SOURCE=3  -c filelock-unix.c -o filelock-unix.o
gcc -std=gnu2x -I"/usr/share/R/include" -DNDEBUG       -fpic  -g -O2 -fno-omit-frame-pointer -mno-omit-leaf-frame-pointer -ffile-prefix-map=/build/r-base-wwoKA3/r-base-4.5.1=. -fstack-protector-strong -fstack-clash-protection -Wformat -Werror=format-security -fcf-protection -fdebug-prefix-map=/build/r-base-wwoKA3/r-base-4.5.1=/usr/src/r-base-4.5.1-1.2404.0 -Wdate-time -D_FORTIFY_SOURCE=3  -c locklist.c -o locklist.o
gcc -std=gnu2x -shared -L/usr/lib/R/lib -Wl,-Bsymbolic-functions -flto=auto -ffat-lto-objects -Wl,-z,relro -o filelock.so init.o filelock-unix.o locklist.o -L/usr/lib/R/lib -lR
installing to /home/cnobrega/R/x86_64-pc-linux-gnu-library/4.5/00LOCK-filelock/00new/filelock/libs
** R
** inst
** byte-compile and prepare package for lazy loading
** help
*** installing help indices
** building package indices
** testing if installed package can be loaded from temporary location
** checking absolute paths in shared objects and dynamic libraries
** testing if installed package can be loaded from final location
** testing if installed package keeps a record of temporary installation path
* DONE (filelock)
* installing *source* package ‘Rhtslib’ ...
** this is package ‘Rhtslib’ version ‘3.6.0’
** package ‘Rhtslib’ successfully unpacked and MD5 sums checked
** using non-staged installation via StagedInstall field
** libs
using C compiler: ‘gcc (Ubuntu 13.3.0-6ubuntu2~24.04.1) 13.3.0’
cd "htslib-1.18" && make -f "Makefile.Rhtslib"
make[1]: Entering directory '/tmp/RtmpKnY3cX/R.INSTALL1ca46543379d12/Rhtslib/src/htslib-1.18'
gcc -std=gnu2x -g -O2 -fno-omit-frame-pointer -mno-omit-leaf-frame-pointer -ffile-prefix-map=/build/r-base-wwoKA3/r-base-4.5.1=. -fstack-protector-strong -fstack-clash-protection -Wformat -Werror=format-security -fcf-protection -fdebug-prefix-map=/build/r-base-wwoKA3/r-base-4.5.1=/usr/src/r-base-4.5.1-1.2404.0 -Wdate-time -D_FORTIFY_SOURCE=3 -fpic -fvisibility=hidden  -I. -D_FILE_OFFSET_BITS=64 -c -o kfunc.o kfunc.c
gcc -std=gnu2x -g -O2 -fno-omit-frame-pointer -mno-omit-leaf-frame-pointer -ffile-prefix-map=/build/r-base-wwoKA3/r-base-4.5.1=. -fstack-protector-strong -fstack-clash-protection -Wformat -Werror=format-security -fcf-protection -fdebug-prefix-map=/build/r-base-wwoKA3/r-base-4.5.1=/usr/src/r-base-4.5.1-1.2404.0 -Wdate-time -D_FORTIFY_SOURCE=3 -fpic -fvisibility=hidden  -I. -D_FILE_OFFSET_BITS=64 -c -o kstring.o kstring.c
gcc -std=gnu2x -g -O2 -fno-omit-frame-pointer -mno-omit-leaf-frame-pointer -ffile-prefix-map=/build/r-base-wwoKA3/r-base-4.5.1=. -fstack-protector-strong -fstack-clash-protection -Wformat -Werror=format-security -fcf-protection -fdebug-prefix-map=/build/r-base-wwoKA3/r-base-4.5.1=/usr/src/r-base-4.5.1-1.2404.0 -Wdate-time -D_FORTIFY_SOURCE=3 -fpic -fvisibility=hidden  -I. -D_FILE_OFFSET_BITS=64 -c -o bcf_sr_sort.o bcf_sr_sort.c
gcc -std=gnu2x -g -O2 -fno-omit-frame-pointer -mno-omit-leaf-frame-pointer -ffile-prefix-map=/build/r-base-wwoKA3/r-base-4.5.1=. -fstack-protector-strong -fstack-clash-protection -Wformat -Werror=format-security -fcf-protection -fdebug-prefix-map=/build/r-base-wwoKA3/r-base-4.5.1=/usr/src/r-base-4.5.1-1.2404.0 -Wdate-time -D_FORTIFY_SOURCE=3 -fpic -fvisibility=hidden  -I. -D_FILE_OFFSET_BITS=64 -c -o bgzf.o bgzf.c
gcc -std=gnu2x -g -O2 -fno-omit-frame-pointer -mno-omit-leaf-frame-pointer -ffile-prefix-map=/build/r-base-wwoKA3/r-base-4.5.1=. -fstack-protector-strong -fstack-clash-protection -Wformat -Werror=format-security -fcf-protection -fdebug-prefix-map=/build/r-base-wwoKA3/r-base-4.5.1=/usr/src/r-base-4.5.1-1.2404.0 -Wdate-time -D_FORTIFY_SOURCE=3 -fpic -fvisibility=hidden  -I. -D_FILE_OFFSET_BITS=64 -c -o errmod.o errmod.c
gcc -std=gnu2x -g -O2 -fno-omit-frame-pointer -mno-omit-leaf-frame-pointer -ffile-prefix-map=/build/r-base-wwoKA3/r-base-4.5.1=. -fstack-protector-strong -fstack-clash-protection -Wformat -Werror=format-security -fcf-protection -fdebug-prefix-map=/build/r-base-wwoKA3/r-base-4.5.1=/usr/src/r-base-4.5.1-1.2404.0 -Wdate-time -D_FORTIFY_SOURCE=3 -fpic -fvisibility=hidden  -I. -D_FILE_OFFSET_BITS=64 -c -o faidx.o faidx.c
gcc -std=gnu2x -g -O2 -fno-omit-frame-pointer -mno-omit-leaf-frame-pointer -ffile-prefix-map=/build/r-base-wwoKA3/r-base-4.5.1=. -fstack-protector-strong -fstack-clash-protection -Wformat -Werror=format-security -fcf-protection -fdebug-prefix-map=/build/r-base-wwoKA3/r-base-4.5.1=/usr/src/r-base-4.5.1-1.2404.0 -Wdate-time -D_FORTIFY_SOURCE=3 -fpic -fvisibility=hidden  -I. -D_FILE_OFFSET_BITS=64 -c -o header.o header.c
gcc -std=gnu2x -g -O2 -fno-omit-frame-pointer -mno-omit-leaf-frame-pointer -ffile-prefix-map=/build/r-base-wwoKA3/r-base-4.5.1=. -fstack-protector-strong -fstack-clash-protection -Wformat -Werror=format-security -fcf-protection -fdebug-prefix-map=/build/r-base-wwoKA3/r-base-4.5.1=/usr/src/r-base-4.5.1-1.2404.0 -Wdate-time -D_FORTIFY_SOURCE=3 -fpic -fvisibility=hidden  -I. -D_FILE_OFFSET_BITS=64 -c -o hfile.o hfile.c
echo '#define HTS_VERSION_TEXT "1.18"' > version.h
printf '#define HTS_CC "%s"\n#define HTS_CPPFLAGS "%s"\n#define HTS_CFLAGS "%s"\n#define HTS_LDFLAGS "%s"\n#define HTS_LIBS "%s"\n' \
'gcc -std=gnu2x' \
'-D_FILE_OFFSET_BITS=64' \
'-g -O2 -fno-omit-frame-pointer -mno-omit-leaf-frame-pointer -ffile-prefix-map=/build/r-base-wwoKA3/r-base-4.5.1=. -fstack-protector-strong -fstack-clash-protection -Wformat -Werror=format-security -fcf-protection -fdebug-prefix-map=/build/r-base-wwoKA3/r-base-4.5.1=/usr/src/r-base-4.5.1-1.2404.0 -Wdate-time -D_FORTIFY_SOURCE=3 -fpic -fvisibility=hidden' \
'-Wl,-Bsymbolic-functions -flto=auto -ffat-lto-objects -Wl,-z,relro -fvisibility=hidden' \
'-lz -lm -lbz2 -llzma -lcurl' > config_vars.h
gcc -std=gnu2x -g -O2 -fno-omit-frame-pointer -mno-omit-leaf-frame-pointer -ffile-prefix-map=/build/r-base-wwoKA3/r-base-4.5.1=. -fstack-protector-strong -fstack-clash-protection -Wformat -Werror=format-security -fcf-protection -fdebug-prefix-map=/build/r-base-wwoKA3/r-base-4.5.1=/usr/src/r-base-4.5.1-1.2404.0 -Wdate-time -D_FORTIFY_SOURCE=3 -fpic -fvisibility=hidden  -I. -D_FILE_OFFSET_BITS=64 -c -o hts.o hts.c
gcc -std=gnu2x -g -O2 -fno-omit-frame-pointer -mno-omit-leaf-frame-pointer -ffile-prefix-map=/build/r-base-wwoKA3/r-base-4.5.1=. -fstack-protector-strong -fstack-clash-protection -Wformat -Werror=format-security -fcf-protection -fdebug-prefix-map=/build/r-base-wwoKA3/r-base-4.5.1=/usr/src/r-base-4.5.1-1.2404.0 -Wdate-time -D_FORTIFY_SOURCE=3 -fpic -fvisibility=hidden  -I. -D_FILE_OFFSET_BITS=64 -c -o hts_expr.o hts_expr.c
gcc -std=gnu2x -g -O2 -fno-omit-frame-pointer -mno-omit-leaf-frame-pointer -ffile-prefix-map=/build/r-base-wwoKA3/r-base-4.5.1=. -fstack-protector-strong -fstack-clash-protection -Wformat -Werror=format-security -fcf-protection -fdebug-prefix-map=/build/r-base-wwoKA3/r-base-4.5.1=/usr/src/r-base-4.5.1-1.2404.0 -Wdate-time -D_FORTIFY_SOURCE=3 -fpic -fvisibility=hidden  -I. -D_FILE_OFFSET_BITS=64 -c -o hts_os.o hts_os.c
gcc -std=gnu2x -g -O2 -fno-omit-frame-pointer -mno-omit-leaf-frame-pointer -ffile-prefix-map=/build/r-base-wwoKA3/r-base-4.5.1=. -fstack-protector-strong -fstack-clash-protection -Wformat -Werror=format-security -fcf-protection -fdebug-prefix-map=/build/r-base-wwoKA3/r-base-4.5.1=/usr/src/r-base-4.5.1-1.2404.0 -Wdate-time -D_FORTIFY_SOURCE=3 -fpic -fvisibility=hidden  -I. -D_FILE_OFFSET_BITS=64 -c -o md5.o md5.c
gcc -std=gnu2x -g -O2 -fno-omit-frame-pointer -mno-omit-leaf-frame-pointer -ffile-prefix-map=/build/r-base-wwoKA3/r-base-4.5.1=. -fstack-protector-strong -fstack-clash-protection -Wformat -Werror=format-security -fcf-protection -fdebug-prefix-map=/build/r-base-wwoKA3/r-base-4.5.1=/usr/src/r-base-4.5.1-1.2404.0 -Wdate-time -D_FORTIFY_SOURCE=3 -fpic -fvisibility=hidden  -I. -D_FILE_OFFSET_BITS=64 -c -o multipart.o multipart.c
gcc -std=gnu2x -g -O2 -fno-omit-frame-pointer -mno-omit-leaf-frame-pointer -ffile-prefix-map=/build/r-base-wwoKA3/r-base-4.5.1=. -fstack-protector-strong -fstack-clash-protection -Wformat -Werror=format-security -fcf-protection -fdebug-prefix-map=/build/r-base-wwoKA3/r-base-4.5.1=/usr/src/r-base-4.5.1-1.2404.0 -Wdate-time -D_FORTIFY_SOURCE=3 -fpic -fvisibility=hidden  -I. -D_FILE_OFFSET_BITS=64 -c -o probaln.o probaln.c
gcc -std=gnu2x -g -O2 -fno-omit-frame-pointer -mno-omit-leaf-frame-pointer -ffile-prefix-map=/build/r-base-wwoKA3/r-base-4.5.1=. -fstack-protector-strong -fstack-clash-protection -Wformat -Werror=format-security -fcf-protection -fdebug-prefix-map=/build/r-base-wwoKA3/r-base-4.5.1=/usr/src/r-base-4.5.1-1.2404.0 -Wdate-time -D_FORTIFY_SOURCE=3 -fpic -fvisibility=hidden  -I. -D_FILE_OFFSET_BITS=64 -c -o realn.o realn.c
gcc -std=gnu2x -g -O2 -fno-omit-frame-pointer -mno-omit-leaf-frame-pointer -ffile-prefix-map=/build/r-base-wwoKA3/r-base-4.5.1=. -fstack-protector-strong -fstack-clash-protection -Wformat -Werror=format-security -fcf-protection -fdebug-prefix-map=/build/r-base-wwoKA3/r-base-4.5.1=/usr/src/r-base-4.5.1-1.2404.0 -Wdate-time -D_FORTIFY_SOURCE=3 -fpic -fvisibility=hidden  -I. -D_FILE_OFFSET_BITS=64 -c -o regidx.o regidx.c
gcc -std=gnu2x -g -O2 -fno-omit-frame-pointer -mno-omit-leaf-frame-pointer -ffile-prefix-map=/build/r-base-wwoKA3/r-base-4.5.1=. -fstack-protector-strong -fstack-clash-protection -Wformat -Werror=format-security -fcf-protection -fdebug-prefix-map=/build/r-base-wwoKA3/r-base-4.5.1=/usr/src/r-base-4.5.1-1.2404.0 -Wdate-time -D_FORTIFY_SOURCE=3 -fpic -fvisibility=hidden  -I. -D_FILE_OFFSET_BITS=64 -c -o region.o region.c
gcc -std=gnu2x -g -O2 -fno-omit-frame-pointer -mno-omit-leaf-frame-pointer -ffile-prefix-map=/build/r-base-wwoKA3/r-base-4.5.1=. -fstack-protector-strong -fstack-clash-protection -Wformat -Werror=format-security -fcf-protection -fdebug-prefix-map=/build/r-base-wwoKA3/r-base-4.5.1=/usr/src/r-base-4.5.1-1.2404.0 -Wdate-time -D_FORTIFY_SOURCE=3 -fpic -fvisibility=hidden  -I. -D_FILE_OFFSET_BITS=64 -c -o sam.o sam.c
gcc -std=gnu2x -g -O2 -fno-omit-frame-pointer -mno-omit-leaf-frame-pointer -ffile-prefix-map=/build/r-base-wwoKA3/r-base-4.5.1=. -fstack-protector-strong -fstack-clash-protection -Wformat -Werror=format-security -fcf-protection -fdebug-prefix-map=/build/r-base-wwoKA3/r-base-4.5.1=/usr/src/r-base-4.5.1-1.2404.0 -Wdate-time -D_FORTIFY_SOURCE=3 -fpic -fvisibility=hidden  -I. -D_FILE_OFFSET_BITS=64 -c -o sam_mods.o sam_mods.c
gcc -std=gnu2x -g -O2 -fno-omit-frame-pointer -mno-omit-leaf-frame-pointer -ffile-prefix-map=/build/r-base-wwoKA3/r-base-4.5.1=. -fstack-protector-strong -fstack-clash-protection -Wformat -Werror=format-security -fcf-protection -fdebug-prefix-map=/build/r-base-wwoKA3/r-base-4.5.1=/usr/src/r-base-4.5.1-1.2404.0 -Wdate-time -D_FORTIFY_SOURCE=3 -fpic -fvisibility=hidden  -I. -D_FILE_OFFSET_BITS=64 -c -o synced_bcf_reader.o synced_bcf_reader.c
gcc -std=gnu2x -g -O2 -fno-omit-frame-pointer -mno-omit-leaf-frame-pointer -ffile-prefix-map=/build/r-base-wwoKA3/r-base-4.5.1=. -fstack-protector-strong -fstack-clash-protection -Wformat -Werror=format-security -fcf-protection -fdebug-prefix-map=/build/r-base-wwoKA3/r-base-4.5.1=/usr/src/r-base-4.5.1-1.2404.0 -Wdate-time -D_FORTIFY_SOURCE=3 -fpic -fvisibility=hidden  -I. -D_FILE_OFFSET_BITS=64 -c -o vcf_sweep.o vcf_sweep.c
gcc -std=gnu2x -g -O2 -fno-omit-frame-pointer -mno-omit-leaf-frame-pointer -ffile-prefix-map=/build/r-base-wwoKA3/r-base-4.5.1=. -fstack-protector-strong -fstack-clash-protection -Wformat -Werror=format-security -fcf-protection -fdebug-prefix-map=/build/r-base-wwoKA3/r-base-4.5.1=/usr/src/r-base-4.5.1-1.2404.0 -Wdate-time -D_FORTIFY_SOURCE=3 -fpic -fvisibility=hidden  -I. -D_FILE_OFFSET_BITS=64 -c -o tbx.o tbx.c
gcc -std=gnu2x -g -O2 -fno-omit-frame-pointer -mno-omit-leaf-frame-pointer -ffile-prefix-map=/build/r-base-wwoKA3/r-base-4.5.1=. -fstack-protector-strong -fstack-clash-protection -Wformat -Werror=format-security -fcf-protection -fdebug-prefix-map=/build/r-base-wwoKA3/r-base-4.5.1=/usr/src/r-base-4.5.1-1.2404.0 -Wdate-time -D_FORTIFY_SOURCE=3 -fpic -fvisibility=hidden  -I. -D_FILE_OFFSET_BITS=64 -c -o textutils.o textutils.c
gcc -std=gnu2x -g -O2 -fno-omit-frame-pointer -mno-omit-leaf-frame-pointer -ffile-prefix-map=/build/r-base-wwoKA3/r-base-4.5.1=. -fstack-protector-strong -fstack-clash-protection -Wformat -Werror=format-security -fcf-protection -fdebug-prefix-map=/build/r-base-wwoKA3/r-base-4.5.1=/usr/src/r-base-4.5.1-1.2404.0 -Wdate-time -D_FORTIFY_SOURCE=3 -fpic -fvisibility=hidden  -I. -D_FILE_OFFSET_BITS=64 -c -o thread_pool.o thread_pool.c
gcc -std=gnu2x -g -O2 -fno-omit-frame-pointer -mno-omit-leaf-frame-pointer -ffile-prefix-map=/build/r-base-wwoKA3/r-base-4.5.1=. -fstack-protector-strong -fstack-clash-protection -Wformat -Werror=format-security -fcf-protection -fdebug-prefix-map=/build/r-base-wwoKA3/r-base-4.5.1=/usr/src/r-base-4.5.1-1.2404.0 -Wdate-time -D_FORTIFY_SOURCE=3 -fpic -fvisibility=hidden  -I. -D_FILE_OFFSET_BITS=64 -c -o vcf.o vcf.c
gcc -std=gnu2x -g -O2 -fno-omit-frame-pointer -mno-omit-leaf-frame-pointer -ffile-prefix-map=/build/r-base-wwoKA3/r-base-4.5.1=. -fstack-protector-strong -fstack-clash-protection -Wformat -Werror=format-security -fcf-protection -fdebug-prefix-map=/build/r-base-wwoKA3/r-base-4.5.1=/usr/src/r-base-4.5.1-1.2404.0 -Wdate-time -D_FORTIFY_SOURCE=3 -fpic -fvisibility=hidden  -I. -D_FILE_OFFSET_BITS=64 -c -o vcfutils.o vcfutils.c
gcc -std=gnu2x -g -O2 -fno-omit-frame-pointer -mno-omit-leaf-frame-pointer -ffile-prefix-map=/build/r-base-wwoKA3/r-base-4.5.1=. -fstack-protector-strong -fstack-clash-protection -Wformat -Werror=format-security -fcf-protection -fdebug-prefix-map=/build/r-base-wwoKA3/r-base-4.5.1=/usr/src/r-base-4.5.1-1.2404.0 -Wdate-time -D_FORTIFY_SOURCE=3 -fpic -fvisibility=hidden  -I. -D_FILE_OFFSET_BITS=64 -c -o cram/cram_codecs.o cram/cram_codecs.c
gcc -std=gnu2x -g -O2 -fno-omit-frame-pointer -mno-omit-leaf-frame-pointer -ffile-prefix-map=/build/r-base-wwoKA3/r-base-4.5.1=. -fstack-protector-strong -fstack-clash-protection -Wformat -Werror=format-security -fcf-protection -fdebug-prefix-map=/build/r-base-wwoKA3/r-base-4.5.1=/usr/src/r-base-4.5.1-1.2404.0 -Wdate-time -D_FORTIFY_SOURCE=3 -fpic -fvisibility=hidden  -I. -D_FILE_OFFSET_BITS=64 -c -o cram/cram_decode.o cram/cram_decode.c
gcc -std=gnu2x -g -O2 -fno-omit-frame-pointer -mno-omit-leaf-frame-pointer -ffile-prefix-map=/build/r-base-wwoKA3/r-base-4.5.1=. -fstack-protector-strong -fstack-clash-protection -Wformat -Werror=format-security -fcf-protection -fdebug-prefix-map=/build/r-base-wwoKA3/r-base-4.5.1=/usr/src/r-base-4.5.1-1.2404.0 -Wdate-time -D_FORTIFY_SOURCE=3 -fpic -fvisibility=hidden  -I. -D_FILE_OFFSET_BITS=64 -c -o cram/cram_encode.o cram/cram_encode.c
gcc -std=gnu2x -g -O2 -fno-omit-frame-pointer -mno-omit-leaf-frame-pointer -ffile-prefix-map=/build/r-base-wwoKA3/r-base-4.5.1=. -fstack-protector-strong -fstack-clash-protection -Wformat -Werror=format-security -fcf-protection -fdebug-prefix-map=/build/r-base-wwoKA3/r-base-4.5.1=/usr/src/r-base-4.5.1-1.2404.0 -Wdate-time -D_FORTIFY_SOURCE=3 -fpic -fvisibility=hidden  -I. -D_FILE_OFFSET_BITS=64 -c -o cram/cram_external.o cram/cram_external.c
gcc -std=gnu2x -g -O2 -fno-omit-frame-pointer -mno-omit-leaf-frame-pointer -ffile-prefix-map=/build/r-base-wwoKA3/r-base-4.5.1=. -fstack-protector-strong -fstack-clash-protection -Wformat -Werror=format-security -fcf-protection -fdebug-prefix-map=/build/r-base-wwoKA3/r-base-4.5.1=/usr/src/r-base-4.5.1-1.2404.0 -Wdate-time -D_FORTIFY_SOURCE=3 -fpic -fvisibility=hidden  -I. -D_FILE_OFFSET_BITS=64 -c -o cram/cram_index.o cram/cram_index.c
gcc -std=gnu2x -g -O2 -fno-omit-frame-pointer -mno-omit-leaf-frame-pointer -ffile-prefix-map=/build/r-base-wwoKA3/r-base-4.5.1=. -fstack-protector-strong -fstack-clash-protection -Wformat -Werror=format-security -fcf-protection -fdebug-prefix-map=/build/r-base-wwoKA3/r-base-4.5.1=/usr/src/r-base-4.5.1-1.2404.0 -Wdate-time -D_FORTIFY_SOURCE=3 -fpic -fvisibility=hidden  -I. -D_FILE_OFFSET_BITS=64 -c -o cram/cram_io.o cram/cram_io.c
gcc -std=gnu2x -g -O2 -fno-omit-frame-pointer -mno-omit-leaf-frame-pointer -ffile-prefix-map=/build/r-base-wwoKA3/r-base-4.5.1=. -fstack-protector-strong -fstack-clash-protection -Wformat -Werror=format-security -fcf-protection -fdebug-prefix-map=/build/r-base-wwoKA3/r-base-4.5.1=/usr/src/r-base-4.5.1-1.2404.0 -Wdate-time -D_FORTIFY_SOURCE=3 -fpic -fvisibility=hidden  -I. -D_FILE_OFFSET_BITS=64 -c -o cram/cram_stats.o cram/cram_stats.c
gcc -std=gnu2x -g -O2 -fno-omit-frame-pointer -mno-omit-leaf-frame-pointer -ffile-prefix-map=/build/r-base-wwoKA3/r-base-4.5.1=. -fstack-protector-strong -fstack-clash-protection -Wformat -Werror=format-security -fcf-protection -fdebug-prefix-map=/build/r-base-wwoKA3/r-base-4.5.1=/usr/src/r-base-4.5.1-1.2404.0 -Wdate-time -D_FORTIFY_SOURCE=3 -fpic -fvisibility=hidden  -I. -D_FILE_OFFSET_BITS=64 -c -o cram/mFILE.o cram/mFILE.c
gcc -std=gnu2x -g -O2 -fno-omit-frame-pointer -mno-omit-leaf-frame-pointer -ffile-prefix-map=/build/r-base-wwoKA3/r-base-4.5.1=. -fstack-protector-strong -fstack-clash-protection -Wformat -Werror=format-security -fcf-protection -fdebug-prefix-map=/build/r-base-wwoKA3/r-base-4.5.1=/usr/src/r-base-4.5.1-1.2404.0 -Wdate-time -D_FORTIFY_SOURCE=3 -fpic -fvisibility=hidden  -I. -D_FILE_OFFSET_BITS=64 -c -o cram/open_trace_file.o cram/open_trace_file.c
gcc -std=gnu2x -g -O2 -fno-omit-frame-pointer -mno-omit-leaf-frame-pointer -ffile-prefix-map=/build/r-base-wwoKA3/r-base-4.5.1=. -fstack-protector-strong -fstack-clash-protection -Wformat -Werror=format-security -fcf-protection -fdebug-prefix-map=/build/r-base-wwoKA3/r-base-4.5.1=/usr/src/r-base-4.5.1-1.2404.0 -Wdate-time -D_FORTIFY_SOURCE=3 -fpic -fvisibility=hidden  -I. -D_FILE_OFFSET_BITS=64 -c -o cram/pooled_alloc.o cram/pooled_alloc.c
gcc -std=gnu2x -g -O2 -fno-omit-frame-pointer -mno-omit-leaf-frame-pointer -ffile-prefix-map=/build/r-base-wwoKA3/r-base-4.5.1=. -fstack-protector-strong -fstack-clash-protection -Wformat -Werror=format-security -fcf-protection -fdebug-prefix-map=/build/r-base-wwoKA3/r-base-4.5.1=/usr/src/r-base-4.5.1-1.2404.0 -Wdate-time -D_FORTIFY_SOURCE=3 -fpic -fvisibility=hidden  -I. -D_FILE_OFFSET_BITS=64 -c -o cram/string_alloc.o cram/string_alloc.c
gcc -std=gnu2x -g -O2 -fno-omit-frame-pointer -mno-omit-leaf-frame-pointer -ffile-prefix-map=/build/r-base-wwoKA3/r-base-4.5.1=. -fstack-protector-strong -fstack-clash-protection -Wformat -Werror=format-security -fcf-protection -fdebug-prefix-map=/build/r-base-wwoKA3/r-base-4.5.1=/usr/src/r-base-4.5.1-1.2404.0 -Wdate-time -D_FORTIFY_SOURCE=3 -fpic -fvisibility=hidden  -I. -D_FILE_OFFSET_BITS=64 -c -o htscodecs/htscodecs/arith_dynamic.o htscodecs/htscodecs/arith_dynamic.c
gcc -std=gnu2x -g -O2 -fno-omit-frame-pointer -mno-omit-leaf-frame-pointer -ffile-prefix-map=/build/r-base-wwoKA3/r-base-4.5.1=. -fstack-protector-strong -fstack-clash-protection -Wformat -Werror=format-security -fcf-protection -fdebug-prefix-map=/build/r-base-wwoKA3/r-base-4.5.1=/usr/src/r-base-4.5.1-1.2404.0 -Wdate-time -D_FORTIFY_SOURCE=3 -fpic -fvisibility=hidden  -I. -D_FILE_OFFSET_BITS=64 -c -o htscodecs/htscodecs/fqzcomp_qual.o htscodecs/htscodecs/fqzcomp_qual.c
gcc -std=gnu2x -g -O2 -fno-omit-frame-pointer -mno-omit-leaf-frame-pointer -ffile-prefix-map=/build/r-base-wwoKA3/r-base-4.5.1=. -fstack-protector-strong -fstack-clash-protection -Wformat -Werror=format-security -fcf-protection -fdebug-prefix-map=/build/r-base-wwoKA3/r-base-4.5.1=/usr/src/r-base-4.5.1-1.2404.0 -Wdate-time -D_FORTIFY_SOURCE=3 -fpic -fvisibility=hidden  -I. -D_FILE_OFFSET_BITS=64 -c -o htscodecs/htscodecs/htscodecs.o htscodecs/htscodecs/htscodecs.c
gcc -std=gnu2x -g -O2 -fno-omit-frame-pointer -mno-omit-leaf-frame-pointer -ffile-prefix-map=/build/r-base-wwoKA3/r-base-4.5.1=. -fstack-protector-strong -fstack-clash-protection -Wformat -Werror=format-security -fcf-protection -fdebug-prefix-map=/build/r-base-wwoKA3/r-base-4.5.1=/usr/src/r-base-4.5.1-1.2404.0 -Wdate-time -D_FORTIFY_SOURCE=3 -fpic -fvisibility=hidden  -I. -D_FILE_OFFSET_BITS=64 -c -o htscodecs/htscodecs/pack.o htscodecs/htscodecs/pack.c
gcc -std=gnu2x -g -O2 -fno-omit-frame-pointer -mno-omit-leaf-frame-pointer -ffile-prefix-map=/build/r-base-wwoKA3/r-base-4.5.1=. -fstack-protector-strong -fstack-clash-protection -Wformat -Werror=format-security -fcf-protection -fdebug-prefix-map=/build/r-base-wwoKA3/r-base-4.5.1=/usr/src/r-base-4.5.1-1.2404.0 -Wdate-time -D_FORTIFY_SOURCE=3 -fpic -fvisibility=hidden  -I. -D_FILE_OFFSET_BITS=64 -c -o htscodecs/htscodecs/rANS_static4x16pr.o htscodecs/htscodecs/rANS_static4x16pr.c
gcc -std=gnu2x -g -O2 -fno-omit-frame-pointer -mno-omit-leaf-frame-pointer -ffile-prefix-map=/build/r-base-wwoKA3/r-base-4.5.1=. -fstack-protector-strong -fstack-clash-protection -Wformat -Werror=format-security -fcf-protection -fdebug-prefix-map=/build/r-base-wwoKA3/r-base-4.5.1=/usr/src/r-base-4.5.1-1.2404.0 -Wdate-time -D_FORTIFY_SOURCE=3 -fpic -fvisibility=hidden  -I. -D_FILE_OFFSET_BITS=64 -c -o htscodecs/htscodecs/rANS_static32x16pr_avx2.o htscodecs/htscodecs/rANS_static32x16pr_avx2.c
gcc -std=gnu2x -g -O2 -fno-omit-frame-pointer -mno-omit-leaf-frame-pointer -ffile-prefix-map=/build/r-base-wwoKA3/r-base-4.5.1=. -fstack-protector-strong -fstack-clash-protection -Wformat -Werror=format-security -fcf-protection -fdebug-prefix-map=/build/r-base-wwoKA3/r-base-4.5.1=/usr/src/r-base-4.5.1-1.2404.0 -Wdate-time -D_FORTIFY_SOURCE=3 -fpic -fvisibility=hidden  -I. -D_FILE_OFFSET_BITS=64 -c -o htscodecs/htscodecs/rANS_static32x16pr_avx512.o htscodecs/htscodecs/rANS_static32x16pr_avx512.c
gcc -std=gnu2x -g -O2 -fno-omit-frame-pointer -mno-omit-leaf-frame-pointer -ffile-prefix-map=/build/r-base-wwoKA3/r-base-4.5.1=. -fstack-protector-strong -fstack-clash-protection -Wformat -Werror=format-security -fcf-protection -fdebug-prefix-map=/build/r-base-wwoKA3/r-base-4.5.1=/usr/src/r-base-4.5.1-1.2404.0 -Wdate-time -D_FORTIFY_SOURCE=3 -fpic -fvisibility=hidden  -I. -D_FILE_OFFSET_BITS=64 -c -o htscodecs/htscodecs/rANS_static32x16pr_sse4.o htscodecs/htscodecs/rANS_static32x16pr_sse4.c
gcc -std=gnu2x -g -O2 -fno-omit-frame-pointer -mno-omit-leaf-frame-pointer -ffile-prefix-map=/build/r-base-wwoKA3/r-base-4.5.1=. -fstack-protector-strong -fstack-clash-protection -Wformat -Werror=format-security -fcf-protection -fdebug-prefix-map=/build/r-base-wwoKA3/r-base-4.5.1=/usr/src/r-base-4.5.1-1.2404.0 -Wdate-time -D_FORTIFY_SOURCE=3 -fpic -fvisibility=hidden  -I. -D_FILE_OFFSET_BITS=64 -c -o htscodecs/htscodecs/rANS_static32x16pr_neon.o htscodecs/htscodecs/rANS_static32x16pr_neon.c
gcc -std=gnu2x -g -O2 -fno-omit-frame-pointer -mno-omit-leaf-frame-pointer -ffile-prefix-map=/build/r-base-wwoKA3/r-base-4.5.1=. -fstack-protector-strong -fstack-clash-protection -Wformat -Werror=format-security -fcf-protection -fdebug-prefix-map=/build/r-base-wwoKA3/r-base-4.5.1=/usr/src/r-base-4.5.1-1.2404.0 -Wdate-time -D_FORTIFY_SOURCE=3 -fpic -fvisibility=hidden  -I. -D_FILE_OFFSET_BITS=64 -c -o htscodecs/htscodecs/rANS_static32x16pr.o htscodecs/htscodecs/rANS_static32x16pr.c
gcc -std=gnu2x -g -O2 -fno-omit-frame-pointer -mno-omit-leaf-frame-pointer -ffile-prefix-map=/build/r-base-wwoKA3/r-base-4.5.1=. -fstack-protector-strong -fstack-clash-protection -Wformat -Werror=format-security -fcf-protection -fdebug-prefix-map=/build/r-base-wwoKA3/r-base-4.5.1=/usr/src/r-base-4.5.1-1.2404.0 -Wdate-time -D_FORTIFY_SOURCE=3 -fpic -fvisibility=hidden  -I. -D_FILE_OFFSET_BITS=64 -c -o htscodecs/htscodecs/rANS_static.o htscodecs/htscodecs/rANS_static.c
gcc -std=gnu2x -g -O2 -fno-omit-frame-pointer -mno-omit-leaf-frame-pointer -ffile-prefix-map=/build/r-base-wwoKA3/r-base-4.5.1=. -fstack-protector-strong -fstack-clash-protection -Wformat -Werror=format-security -fcf-protection -fdebug-prefix-map=/build/r-base-wwoKA3/r-base-4.5.1=/usr/src/r-base-4.5.1-1.2404.0 -Wdate-time -D_FORTIFY_SOURCE=3 -fpic -fvisibility=hidden  -I. -D_FILE_OFFSET_BITS=64 -c -o htscodecs/htscodecs/rle.o htscodecs/htscodecs/rle.c
gcc -std=gnu2x -g -O2 -fno-omit-frame-pointer -mno-omit-leaf-frame-pointer -ffile-prefix-map=/build/r-base-wwoKA3/r-base-4.5.1=. -fstack-protector-strong -fstack-clash-protection -Wformat -Werror=format-security -fcf-protection -fdebug-prefix-map=/build/r-base-wwoKA3/r-base-4.5.1=/usr/src/r-base-4.5.1-1.2404.0 -Wdate-time -D_FORTIFY_SOURCE=3 -fpic -fvisibility=hidden  -I. -D_FILE_OFFSET_BITS=64 -c -o htscodecs/htscodecs/tokenise_name3.o htscodecs/htscodecs/tokenise_name3.c
gcc -std=gnu2x -g -O2 -fno-omit-frame-pointer -mno-omit-leaf-frame-pointer -ffile-prefix-map=/build/r-base-wwoKA3/r-base-4.5.1=. -fstack-protector-strong -fstack-clash-protection -Wformat -Werror=format-security -fcf-protection -fdebug-prefix-map=/build/r-base-wwoKA3/r-base-4.5.1=/usr/src/r-base-4.5.1-1.2404.0 -Wdate-time -D_FORTIFY_SOURCE=3 -fpic -fvisibility=hidden  -I. -D_FILE_OFFSET_BITS=64 -c -o htscodecs/htscodecs/utils.o htscodecs/htscodecs/utils.c
gcc -std=gnu2x -g -O2 -fno-omit-frame-pointer -mno-omit-leaf-frame-pointer -ffile-prefix-map=/build/r-base-wwoKA3/r-base-4.5.1=. -fstack-protector-strong -fstack-clash-protection -Wformat -Werror=format-security -fcf-protection -fdebug-prefix-map=/build/r-base-wwoKA3/r-base-4.5.1=/usr/src/r-base-4.5.1-1.2404.0 -Wdate-time -D_FORTIFY_SOURCE=3 -fpic -fvisibility=hidden  -I. -D_FILE_OFFSET_BITS=64 -c -o hfile_libcurl.o hfile_libcurl.c
ar -rc libhts.a kfunc.o kstring.o bcf_sr_sort.o bgzf.o errmod.o faidx.o header.o hfile.o hts.o hts_expr.o hts_os.o md5.o multipart.o probaln.o realn.o regidx.o region.o sam.o sam_mods.o synced_bcf_reader.o vcf_sweep.o tbx.o textutils.o thread_pool.o vcf.o vcfutils.o cram/cram_codecs.o cram/cram_decode.o cram/cram_encode.o cram/cram_external.o cram/cram_index.o cram/cram_io.o cram/cram_stats.o cram/mFILE.o cram/open_trace_file.o cram/pooled_alloc.o cram/string_alloc.o htscodecs/htscodecs/arith_dynamic.o htscodecs/htscodecs/fqzcomp_qual.o htscodecs/htscodecs/htscodecs.o htscodecs/htscodecs/pack.o htscodecs/htscodecs/rANS_static4x16pr.o htscodecs/htscodecs/rANS_static32x16pr_avx2.o htscodecs/htscodecs/rANS_static32x16pr_avx512.o htscodecs/htscodecs/rANS_static32x16pr_sse4.o htscodecs/htscodecs/rANS_static32x16pr_neon.o htscodecs/htscodecs/rANS_static32x16pr.o htscodecs/htscodecs/rANS_static.o htscodecs/htscodecs/rle.o htscodecs/htscodecs/tokenise_name3.o htscodecs/htscodecs/utils.o hfile_libcurl.o
ranlib libhts.a
gcc -std=gnu2x -g -O2 -fno-omit-frame-pointer -mno-omit-leaf-frame-pointer -ffile-prefix-map=/build/r-base-wwoKA3/r-base-4.5.1=. -fstack-protector-strong -fstack-clash-protection -Wformat -Werror=format-security -fcf-protection -fdebug-prefix-map=/build/r-base-wwoKA3/r-base-4.5.1=/usr/src/r-base-4.5.1-1.2404.0 -Wdate-time -D_FORTIFY_SOURCE=3 -fpic -fvisibility=hidden  -I. -D_FILE_OFFSET_BITS=64  -c -o kfunc.pico kfunc.c
gcc -std=gnu2x -g -O2 -fno-omit-frame-pointer -mno-omit-leaf-frame-pointer -ffile-prefix-map=/build/r-base-wwoKA3/r-base-4.5.1=. -fstack-protector-strong -fstack-clash-protection -Wformat -Werror=format-security -fcf-protection -fdebug-prefix-map=/build/r-base-wwoKA3/r-base-4.5.1=/usr/src/r-base-4.5.1-1.2404.0 -Wdate-time -D_FORTIFY_SOURCE=3 -fpic -fvisibility=hidden  -I. -D_FILE_OFFSET_BITS=64  -c -o kstring.pico kstring.c
gcc -std=gnu2x -g -O2 -fno-omit-frame-pointer -mno-omit-leaf-frame-pointer -ffile-prefix-map=/build/r-base-wwoKA3/r-base-4.5.1=. -fstack-protector-strong -fstack-clash-protection -Wformat -Werror=format-security -fcf-protection -fdebug-prefix-map=/build/r-base-wwoKA3/r-base-4.5.1=/usr/src/r-base-4.5.1-1.2404.0 -Wdate-time -D_FORTIFY_SOURCE=3 -fpic -fvisibility=hidden  -I. -D_FILE_OFFSET_BITS=64  -c -o bcf_sr_sort.pico bcf_sr_sort.c
gcc -std=gnu2x -g -O2 -fno-omit-frame-pointer -mno-omit-leaf-frame-pointer -ffile-prefix-map=/build/r-base-wwoKA3/r-base-4.5.1=. -fstack-protector-strong -fstack-clash-protection -Wformat -Werror=format-security -fcf-protection -fdebug-prefix-map=/build/r-base-wwoKA3/r-base-4.5.1=/usr/src/r-base-4.5.1-1.2404.0 -Wdate-time -D_FORTIFY_SOURCE=3 -fpic -fvisibility=hidden  -I. -D_FILE_OFFSET_BITS=64  -c -o bgzf.pico bgzf.c
gcc -std=gnu2x -g -O2 -fno-omit-frame-pointer -mno-omit-leaf-frame-pointer -ffile-prefix-map=/build/r-base-wwoKA3/r-base-4.5.1=. -fstack-protector-strong -fstack-clash-protection -Wformat -Werror=format-security -fcf-protection -fdebug-prefix-map=/build/r-base-wwoKA3/r-base-4.5.1=/usr/src/r-base-4.5.1-1.2404.0 -Wdate-time -D_FORTIFY_SOURCE=3 -fpic -fvisibility=hidden  -I. -D_FILE_OFFSET_BITS=64  -c -o errmod.pico errmod.c
gcc -std=gnu2x -g -O2 -fno-omit-frame-pointer -mno-omit-leaf-frame-pointer -ffile-prefix-map=/build/r-base-wwoKA3/r-base-4.5.1=. -fstack-protector-strong -fstack-clash-protection -Wformat -Werror=format-security -fcf-protection -fdebug-prefix-map=/build/r-base-wwoKA3/r-base-4.5.1=/usr/src/r-base-4.5.1-1.2404.0 -Wdate-time -D_FORTIFY_SOURCE=3 -fpic -fvisibility=hidden  -I. -D_FILE_OFFSET_BITS=64  -c -o faidx.pico faidx.c
gcc -std=gnu2x -g -O2 -fno-omit-frame-pointer -mno-omit-leaf-frame-pointer -ffile-prefix-map=/build/r-base-wwoKA3/r-base-4.5.1=. -fstack-protector-strong -fstack-clash-protection -Wformat -Werror=format-security -fcf-protection -fdebug-prefix-map=/build/r-base-wwoKA3/r-base-4.5.1=/usr/src/r-base-4.5.1-1.2404.0 -Wdate-time -D_FORTIFY_SOURCE=3 -fpic -fvisibility=hidden  -I. -D_FILE_OFFSET_BITS=64  -c -o header.pico header.c
gcc -std=gnu2x -g -O2 -fno-omit-frame-pointer -mno-omit-leaf-frame-pointer -ffile-prefix-map=/build/r-base-wwoKA3/r-base-4.5.1=. -fstack-protector-strong -fstack-clash-protection -Wformat -Werror=format-security -fcf-protection -fdebug-prefix-map=/build/r-base-wwoKA3/r-base-4.5.1=/usr/src/r-base-4.5.1-1.2404.0 -Wdate-time -D_FORTIFY_SOURCE=3 -fpic -fvisibility=hidden  -I. -D_FILE_OFFSET_BITS=64  -c -o hfile.pico hfile.c
gcc -std=gnu2x -g -O2 -fno-omit-frame-pointer -mno-omit-leaf-frame-pointer -ffile-prefix-map=/build/r-base-wwoKA3/r-base-4.5.1=. -fstack-protector-strong -fstack-clash-protection -Wformat -Werror=format-security -fcf-protection -fdebug-prefix-map=/build/r-base-wwoKA3/r-base-4.5.1=/usr/src/r-base-4.5.1-1.2404.0 -Wdate-time -D_FORTIFY_SOURCE=3 -fpic -fvisibility=hidden  -I. -D_FILE_OFFSET_BITS=64  -c -o hts.pico hts.c
gcc -std=gnu2x -g -O2 -fno-omit-frame-pointer -mno-omit-leaf-frame-pointer -ffile-prefix-map=/build/r-base-wwoKA3/r-base-4.5.1=. -fstack-protector-strong -fstack-clash-protection -Wformat -Werror=format-security -fcf-protection -fdebug-prefix-map=/build/r-base-wwoKA3/r-base-4.5.1=/usr/src/r-base-4.5.1-1.2404.0 -Wdate-time -D_FORTIFY_SOURCE=3 -fpic -fvisibility=hidden  -I. -D_FILE_OFFSET_BITS=64  -c -o hts_expr.pico hts_expr.c
gcc -std=gnu2x -g -O2 -fno-omit-frame-pointer -mno-omit-leaf-frame-pointer -ffile-prefix-map=/build/r-base-wwoKA3/r-base-4.5.1=. -fstack-protector-strong -fstack-clash-protection -Wformat -Werror=format-security -fcf-protection -fdebug-prefix-map=/build/r-base-wwoKA3/r-base-4.5.1=/usr/src/r-base-4.5.1-1.2404.0 -Wdate-time -D_FORTIFY_SOURCE=3 -fpic -fvisibility=hidden  -I. -D_FILE_OFFSET_BITS=64  -c -o hts_os.pico hts_os.c
gcc -std=gnu2x -g -O2 -fno-omit-frame-pointer -mno-omit-leaf-frame-pointer -ffile-prefix-map=/build/r-base-wwoKA3/r-base-4.5.1=. -fstack-protector-strong -fstack-clash-protection -Wformat -Werror=format-security -fcf-protection -fdebug-prefix-map=/build/r-base-wwoKA3/r-base-4.5.1=/usr/src/r-base-4.5.1-1.2404.0 -Wdate-time -D_FORTIFY_SOURCE=3 -fpic -fvisibility=hidden  -I. -D_FILE_OFFSET_BITS=64  -c -o md5.pico md5.c
gcc -std=gnu2x -g -O2 -fno-omit-frame-pointer -mno-omit-leaf-frame-pointer -ffile-prefix-map=/build/r-base-wwoKA3/r-base-4.5.1=. -fstack-protector-strong -fstack-clash-protection -Wformat -Werror=format-security -fcf-protection -fdebug-prefix-map=/build/r-base-wwoKA3/r-base-4.5.1=/usr/src/r-base-4.5.1-1.2404.0 -Wdate-time -D_FORTIFY_SOURCE=3 -fpic -fvisibility=hidden  -I. -D_FILE_OFFSET_BITS=64  -c -o multipart.pico multipart.c
gcc -std=gnu2x -g -O2 -fno-omit-frame-pointer -mno-omit-leaf-frame-pointer -ffile-prefix-map=/build/r-base-wwoKA3/r-base-4.5.1=. -fstack-protector-strong -fstack-clash-protection -Wformat -Werror=format-security -fcf-protection -fdebug-prefix-map=/build/r-base-wwoKA3/r-base-4.5.1=/usr/src/r-base-4.5.1-1.2404.0 -Wdate-time -D_FORTIFY_SOURCE=3 -fpic -fvisibility=hidden  -I. -D_FILE_OFFSET_BITS=64  -c -o probaln.pico probaln.c
gcc -std=gnu2x -g -O2 -fno-omit-frame-pointer -mno-omit-leaf-frame-pointer -ffile-prefix-map=/build/r-base-wwoKA3/r-base-4.5.1=. -fstack-protector-strong -fstack-clash-protection -Wformat -Werror=format-security -fcf-protection -fdebug-prefix-map=/build/r-base-wwoKA3/r-base-4.5.1=/usr/src/r-base-4.5.1-1.2404.0 -Wdate-time -D_FORTIFY_SOURCE=3 -fpic -fvisibility=hidden  -I. -D_FILE_OFFSET_BITS=64  -c -o realn.pico realn.c
gcc -std=gnu2x -g -O2 -fno-omit-frame-pointer -mno-omit-leaf-frame-pointer -ffile-prefix-map=/build/r-base-wwoKA3/r-base-4.5.1=. -fstack-protector-strong -fstack-clash-protection -Wformat -Werror=format-security -fcf-protection -fdebug-prefix-map=/build/r-base-wwoKA3/r-base-4.5.1=/usr/src/r-base-4.5.1-1.2404.0 -Wdate-time -D_FORTIFY_SOURCE=3 -fpic -fvisibility=hidden  -I. -D_FILE_OFFSET_BITS=64  -c -o regidx.pico regidx.c
gcc -std=gnu2x -g -O2 -fno-omit-frame-pointer -mno-omit-leaf-frame-pointer -ffile-prefix-map=/build/r-base-wwoKA3/r-base-4.5.1=. -fstack-protector-strong -fstack-clash-protection -Wformat -Werror=format-security -fcf-protection -fdebug-prefix-map=/build/r-base-wwoKA3/r-base-4.5.1=/usr/src/r-base-4.5.1-1.2404.0 -Wdate-time -D_FORTIFY_SOURCE=3 -fpic -fvisibility=hidden  -I. -D_FILE_OFFSET_BITS=64  -c -o region.pico region.c
gcc -std=gnu2x -g -O2 -fno-omit-frame-pointer -mno-omit-leaf-frame-pointer -ffile-prefix-map=/build/r-base-wwoKA3/r-base-4.5.1=. -fstack-protector-strong -fstack-clash-protection -Wformat -Werror=format-security -fcf-protection -fdebug-prefix-map=/build/r-base-wwoKA3/r-base-4.5.1=/usr/src/r-base-4.5.1-1.2404.0 -Wdate-time -D_FORTIFY_SOURCE=3 -fpic -fvisibility=hidden  -I. -D_FILE_OFFSET_BITS=64  -c -o sam.pico sam.c
gcc -std=gnu2x -g -O2 -fno-omit-frame-pointer -mno-omit-leaf-frame-pointer -ffile-prefix-map=/build/r-base-wwoKA3/r-base-4.5.1=. -fstack-protector-strong -fstack-clash-protection -Wformat -Werror=format-security -fcf-protection -fdebug-prefix-map=/build/r-base-wwoKA3/r-base-4.5.1=/usr/src/r-base-4.5.1-1.2404.0 -Wdate-time -D_FORTIFY_SOURCE=3 -fpic -fvisibility=hidden  -I. -D_FILE_OFFSET_BITS=64  -c -o sam_mods.pico sam_mods.c
gcc -std=gnu2x -g -O2 -fno-omit-frame-pointer -mno-omit-leaf-frame-pointer -ffile-prefix-map=/build/r-base-wwoKA3/r-base-4.5.1=. -fstack-protector-strong -fstack-clash-protection -Wformat -Werror=format-security -fcf-protection -fdebug-prefix-map=/build/r-base-wwoKA3/r-base-4.5.1=/usr/src/r-base-4.5.1-1.2404.0 -Wdate-time -D_FORTIFY_SOURCE=3 -fpic -fvisibility=hidden  -I. -D_FILE_OFFSET_BITS=64  -c -o synced_bcf_reader.pico synced_bcf_reader.c
gcc -std=gnu2x -g -O2 -fno-omit-frame-pointer -mno-omit-leaf-frame-pointer -ffile-prefix-map=/build/r-base-wwoKA3/r-base-4.5.1=. -fstack-protector-strong -fstack-clash-protection -Wformat -Werror=format-security -fcf-protection -fdebug-prefix-map=/build/r-base-wwoKA3/r-base-4.5.1=/usr/src/r-base-4.5.1-1.2404.0 -Wdate-time -D_FORTIFY_SOURCE=3 -fpic -fvisibility=hidden  -I. -D_FILE_OFFSET_BITS=64  -c -o vcf_sweep.pico vcf_sweep.c
gcc -std=gnu2x -g -O2 -fno-omit-frame-pointer -mno-omit-leaf-frame-pointer -ffile-prefix-map=/build/r-base-wwoKA3/r-base-4.5.1=. -fstack-protector-strong -fstack-clash-protection -Wformat -Werror=format-security -fcf-protection -fdebug-prefix-map=/build/r-base-wwoKA3/r-base-4.5.1=/usr/src/r-base-4.5.1-1.2404.0 -Wdate-time -D_FORTIFY_SOURCE=3 -fpic -fvisibility=hidden  -I. -D_FILE_OFFSET_BITS=64  -c -o tbx.pico tbx.c
gcc -std=gnu2x -g -O2 -fno-omit-frame-pointer -mno-omit-leaf-frame-pointer -ffile-prefix-map=/build/r-base-wwoKA3/r-base-4.5.1=. -fstack-protector-strong -fstack-clash-protection -Wformat -Werror=format-security -fcf-protection -fdebug-prefix-map=/build/r-base-wwoKA3/r-base-4.5.1=/usr/src/r-base-4.5.1-1.2404.0 -Wdate-time -D_FORTIFY_SOURCE=3 -fpic -fvisibility=hidden  -I. -D_FILE_OFFSET_BITS=64  -c -o textutils.pico textutils.c
gcc -std=gnu2x -g -O2 -fno-omit-frame-pointer -mno-omit-leaf-frame-pointer -ffile-prefix-map=/build/r-base-wwoKA3/r-base-4.5.1=. -fstack-protector-strong -fstack-clash-protection -Wformat -Werror=format-security -fcf-protection -fdebug-prefix-map=/build/r-base-wwoKA3/r-base-4.5.1=/usr/src/r-base-4.5.1-1.2404.0 -Wdate-time -D_FORTIFY_SOURCE=3 -fpic -fvisibility=hidden  -I. -D_FILE_OFFSET_BITS=64  -c -o thread_pool.pico thread_pool.c
gcc -std=gnu2x -g -O2 -fno-omit-frame-pointer -mno-omit-leaf-frame-pointer -ffile-prefix-map=/build/r-base-wwoKA3/r-base-4.5.1=. -fstack-protector-strong -fstack-clash-protection -Wformat -Werror=format-security -fcf-protection -fdebug-prefix-map=/build/r-base-wwoKA3/r-base-4.5.1=/usr/src/r-base-4.5.1-1.2404.0 -Wdate-time -D_FORTIFY_SOURCE=3 -fpic -fvisibility=hidden  -I. -D_FILE_OFFSET_BITS=64  -c -o vcf.pico vcf.c
gcc -std=gnu2x -g -O2 -fno-omit-frame-pointer -mno-omit-leaf-frame-pointer -ffile-prefix-map=/build/r-base-wwoKA3/r-base-4.5.1=. -fstack-protector-strong -fstack-clash-protection -Wformat -Werror=format-security -fcf-protection -fdebug-prefix-map=/build/r-base-wwoKA3/r-base-4.5.1=/usr/src/r-base-4.5.1-1.2404.0 -Wdate-time -D_FORTIFY_SOURCE=3 -fpic -fvisibility=hidden  -I. -D_FILE_OFFSET_BITS=64  -c -o vcfutils.pico vcfutils.c
gcc -std=gnu2x -g -O2 -fno-omit-frame-pointer -mno-omit-leaf-frame-pointer -ffile-prefix-map=/build/r-base-wwoKA3/r-base-4.5.1=. -fstack-protector-strong -fstack-clash-protection -Wformat -Werror=format-security -fcf-protection -fdebug-prefix-map=/build/r-base-wwoKA3/r-base-4.5.1=/usr/src/r-base-4.5.1-1.2404.0 -Wdate-time -D_FORTIFY_SOURCE=3 -fpic -fvisibility=hidden  -I. -D_FILE_OFFSET_BITS=64  -c -o cram/cram_codecs.pico cram/cram_codecs.c
gcc -std=gnu2x -g -O2 -fno-omit-frame-pointer -mno-omit-leaf-frame-pointer -ffile-prefix-map=/build/r-base-wwoKA3/r-base-4.5.1=. -fstack-protector-strong -fstack-clash-protection -Wformat -Werror=format-security -fcf-protection -fdebug-prefix-map=/build/r-base-wwoKA3/r-base-4.5.1=/usr/src/r-base-4.5.1-1.2404.0 -Wdate-time -D_FORTIFY_SOURCE=3 -fpic -fvisibility=hidden  -I. -D_FILE_OFFSET_BITS=64  -c -o cram/cram_decode.pico cram/cram_decode.c
gcc -std=gnu2x -g -O2 -fno-omit-frame-pointer -mno-omit-leaf-frame-pointer -ffile-prefix-map=/build/r-base-wwoKA3/r-base-4.5.1=. -fstack-protector-strong -fstack-clash-protection -Wformat -Werror=format-security -fcf-protection -fdebug-prefix-map=/build/r-base-wwoKA3/r-base-4.5.1=/usr/src/r-base-4.5.1-1.2404.0 -Wdate-time -D_FORTIFY_SOURCE=3 -fpic -fvisibility=hidden  -I. -D_FILE_OFFSET_BITS=64  -c -o cram/cram_encode.pico cram/cram_encode.c
gcc -std=gnu2x -g -O2 -fno-omit-frame-pointer -mno-omit-leaf-frame-pointer -ffile-prefix-map=/build/r-base-wwoKA3/r-base-4.5.1=. -fstack-protector-strong -fstack-clash-protection -Wformat -Werror=format-security -fcf-protection -fdebug-prefix-map=/build/r-base-wwoKA3/r-base-4.5.1=/usr/src/r-base-4.5.1-1.2404.0 -Wdate-time -D_FORTIFY_SOURCE=3 -fpic -fvisibility=hidden  -I. -D_FILE_OFFSET_BITS=64  -c -o cram/cram_external.pico cram/cram_external.c
gcc -std=gnu2x -g -O2 -fno-omit-frame-pointer -mno-omit-leaf-frame-pointer -ffile-prefix-map=/build/r-base-wwoKA3/r-base-4.5.1=. -fstack-protector-strong -fstack-clash-protection -Wformat -Werror=format-security -fcf-protection -fdebug-prefix-map=/build/r-base-wwoKA3/r-base-4.5.1=/usr/src/r-base-4.5.1-1.2404.0 -Wdate-time -D_FORTIFY_SOURCE=3 -fpic -fvisibility=hidden  -I. -D_FILE_OFFSET_BITS=64  -c -o cram/cram_index.pico cram/cram_index.c
gcc -std=gnu2x -g -O2 -fno-omit-frame-pointer -mno-omit-leaf-frame-pointer -ffile-prefix-map=/build/r-base-wwoKA3/r-base-4.5.1=. -fstack-protector-strong -fstack-clash-protection -Wformat -Werror=format-security -fcf-protection -fdebug-prefix-map=/build/r-base-wwoKA3/r-base-4.5.1=/usr/src/r-base-4.5.1-1.2404.0 -Wdate-time -D_FORTIFY_SOURCE=3 -fpic -fvisibility=hidden  -I. -D_FILE_OFFSET_BITS=64  -c -o cram/cram_io.pico cram/cram_io.c
gcc -std=gnu2x -g -O2 -fno-omit-frame-pointer -mno-omit-leaf-frame-pointer -ffile-prefix-map=/build/r-base-wwoKA3/r-base-4.5.1=. -fstack-protector-strong -fstack-clash-protection -Wformat -Werror=format-security -fcf-protection -fdebug-prefix-map=/build/r-base-wwoKA3/r-base-4.5.1=/usr/src/r-base-4.5.1-1.2404.0 -Wdate-time -D_FORTIFY_SOURCE=3 -fpic -fvisibility=hidden  -I. -D_FILE_OFFSET_BITS=64  -c -o cram/cram_stats.pico cram/cram_stats.c
gcc -std=gnu2x -g -O2 -fno-omit-frame-pointer -mno-omit-leaf-frame-pointer -ffile-prefix-map=/build/r-base-wwoKA3/r-base-4.5.1=. -fstack-protector-strong -fstack-clash-protection -Wformat -Werror=format-security -fcf-protection -fdebug-prefix-map=/build/r-base-wwoKA3/r-base-4.5.1=/usr/src/r-base-4.5.1-1.2404.0 -Wdate-time -D_FORTIFY_SOURCE=3 -fpic -fvisibility=hidden  -I. -D_FILE_OFFSET_BITS=64  -c -o cram/mFILE.pico cram/mFILE.c
gcc -std=gnu2x -g -O2 -fno-omit-frame-pointer -mno-omit-leaf-frame-pointer -ffile-prefix-map=/build/r-base-wwoKA3/r-base-4.5.1=. -fstack-protector-strong -fstack-clash-protection -Wformat -Werror=format-security -fcf-protection -fdebug-prefix-map=/build/r-base-wwoKA3/r-base-4.5.1=/usr/src/r-base-4.5.1-1.2404.0 -Wdate-time -D_FORTIFY_SOURCE=3 -fpic -fvisibility=hidden  -I. -D_FILE_OFFSET_BITS=64  -c -o cram/open_trace_file.pico cram/open_trace_file.c
gcc -std=gnu2x -g -O2 -fno-omit-frame-pointer -mno-omit-leaf-frame-pointer -ffile-prefix-map=/build/r-base-wwoKA3/r-base-4.5.1=. -fstack-protector-strong -fstack-clash-protection -Wformat -Werror=format-security -fcf-protection -fdebug-prefix-map=/build/r-base-wwoKA3/r-base-4.5.1=/usr/src/r-base-4.5.1-1.2404.0 -Wdate-time -D_FORTIFY_SOURCE=3 -fpic -fvisibility=hidden  -I. -D_FILE_OFFSET_BITS=64  -c -o cram/pooled_alloc.pico cram/pooled_alloc.c
gcc -std=gnu2x -g -O2 -fno-omit-frame-pointer -mno-omit-leaf-frame-pointer -ffile-prefix-map=/build/r-base-wwoKA3/r-base-4.5.1=. -fstack-protector-strong -fstack-clash-protection -Wformat -Werror=format-security -fcf-protection -fdebug-prefix-map=/build/r-base-wwoKA3/r-base-4.5.1=/usr/src/r-base-4.5.1-1.2404.0 -Wdate-time -D_FORTIFY_SOURCE=3 -fpic -fvisibility=hidden  -I. -D_FILE_OFFSET_BITS=64  -c -o cram/string_alloc.pico cram/string_alloc.c
gcc -std=gnu2x -g -O2 -fno-omit-frame-pointer -mno-omit-leaf-frame-pointer -ffile-prefix-map=/build/r-base-wwoKA3/r-base-4.5.1=. -fstack-protector-strong -fstack-clash-protection -Wformat -Werror=format-security -fcf-protection -fdebug-prefix-map=/build/r-base-wwoKA3/r-base-4.5.1=/usr/src/r-base-4.5.1-1.2404.0 -Wdate-time -D_FORTIFY_SOURCE=3 -fpic -fvisibility=hidden  -I. -D_FILE_OFFSET_BITS=64  -c -o htscodecs/htscodecs/arith_dynamic.pico htscodecs/htscodecs/arith_dynamic.c
gcc -std=gnu2x -g -O2 -fno-omit-frame-pointer -mno-omit-leaf-frame-pointer -ffile-prefix-map=/build/r-base-wwoKA3/r-base-4.5.1=. -fstack-protector-strong -fstack-clash-protection -Wformat -Werror=format-security -fcf-protection -fdebug-prefix-map=/build/r-base-wwoKA3/r-base-4.5.1=/usr/src/r-base-4.5.1-1.2404.0 -Wdate-time -D_FORTIFY_SOURCE=3 -fpic -fvisibility=hidden  -I. -D_FILE_OFFSET_BITS=64  -c -o htscodecs/htscodecs/fqzcomp_qual.pico htscodecs/htscodecs/fqzcomp_qual.c
gcc -std=gnu2x -g -O2 -fno-omit-frame-pointer -mno-omit-leaf-frame-pointer -ffile-prefix-map=/build/r-base-wwoKA3/r-base-4.5.1=. -fstack-protector-strong -fstack-clash-protection -Wformat -Werror=format-security -fcf-protection -fdebug-prefix-map=/build/r-base-wwoKA3/r-base-4.5.1=/usr/src/r-base-4.5.1-1.2404.0 -Wdate-time -D_FORTIFY_SOURCE=3 -fpic -fvisibility=hidden  -I. -D_FILE_OFFSET_BITS=64  -c -o htscodecs/htscodecs/htscodecs.pico htscodecs/htscodecs/htscodecs.c
gcc -std=gnu2x -g -O2 -fno-omit-frame-pointer -mno-omit-leaf-frame-pointer -ffile-prefix-map=/build/r-base-wwoKA3/r-base-4.5.1=. -fstack-protector-strong -fstack-clash-protection -Wformat -Werror=format-security -fcf-protection -fdebug-prefix-map=/build/r-base-wwoKA3/r-base-4.5.1=/usr/src/r-base-4.5.1-1.2404.0 -Wdate-time -D_FORTIFY_SOURCE=3 -fpic -fvisibility=hidden  -I. -D_FILE_OFFSET_BITS=64  -c -o htscodecs/htscodecs/pack.pico htscodecs/htscodecs/pack.c
gcc -std=gnu2x -g -O2 -fno-omit-frame-pointer -mno-omit-leaf-frame-pointer -ffile-prefix-map=/build/r-base-wwoKA3/r-base-4.5.1=. -fstack-protector-strong -fstack-clash-protection -Wformat -Werror=format-security -fcf-protection -fdebug-prefix-map=/build/r-base-wwoKA3/r-base-4.5.1=/usr/src/r-base-4.5.1-1.2404.0 -Wdate-time -D_FORTIFY_SOURCE=3 -fpic -fvisibility=hidden  -I. -D_FILE_OFFSET_BITS=64  -c -o htscodecs/htscodecs/rANS_static4x16pr.pico htscodecs/htscodecs/rANS_static4x16pr.c
gcc -std=gnu2x -g -O2 -fno-omit-frame-pointer -mno-omit-leaf-frame-pointer -ffile-prefix-map=/build/r-base-wwoKA3/r-base-4.5.1=. -fstack-protector-strong -fstack-clash-protection -Wformat -Werror=format-security -fcf-protection -fdebug-prefix-map=/build/r-base-wwoKA3/r-base-4.5.1=/usr/src/r-base-4.5.1-1.2404.0 -Wdate-time -D_FORTIFY_SOURCE=3 -fpic -fvisibility=hidden  -I. -D_FILE_OFFSET_BITS=64  -c -o htscodecs/htscodecs/rANS_static32x16pr_avx2.pico htscodecs/htscodecs/rANS_static32x16pr_avx2.c
gcc -std=gnu2x -g -O2 -fno-omit-frame-pointer -mno-omit-leaf-frame-pointer -ffile-prefix-map=/build/r-base-wwoKA3/r-base-4.5.1=. -fstack-protector-strong -fstack-clash-protection -Wformat -Werror=format-security -fcf-protection -fdebug-prefix-map=/build/r-base-wwoKA3/r-base-4.5.1=/usr/src/r-base-4.5.1-1.2404.0 -Wdate-time -D_FORTIFY_SOURCE=3 -fpic -fvisibility=hidden  -I. -D_FILE_OFFSET_BITS=64  -c -o htscodecs/htscodecs/rANS_static32x16pr_avx512.pico htscodecs/htscodecs/rANS_static32x16pr_avx512.c
gcc -std=gnu2x -g -O2 -fno-omit-frame-pointer -mno-omit-leaf-frame-pointer -ffile-prefix-map=/build/r-base-wwoKA3/r-base-4.5.1=. -fstack-protector-strong -fstack-clash-protection -Wformat -Werror=format-security -fcf-protection -fdebug-prefix-map=/build/r-base-wwoKA3/r-base-4.5.1=/usr/src/r-base-4.5.1-1.2404.0 -Wdate-time -D_FORTIFY_SOURCE=3 -fpic -fvisibility=hidden  -I. -D_FILE_OFFSET_BITS=64  -c -o htscodecs/htscodecs/rANS_static32x16pr_sse4.pico htscodecs/htscodecs/rANS_static32x16pr_sse4.c
gcc -std=gnu2x -g -O2 -fno-omit-frame-pointer -mno-omit-leaf-frame-pointer -ffile-prefix-map=/build/r-base-wwoKA3/r-base-4.5.1=. -fstack-protector-strong -fstack-clash-protection -Wformat -Werror=format-security -fcf-protection -fdebug-prefix-map=/build/r-base-wwoKA3/r-base-4.5.1=/usr/src/r-base-4.5.1-1.2404.0 -Wdate-time -D_FORTIFY_SOURCE=3 -fpic -fvisibility=hidden  -I. -D_FILE_OFFSET_BITS=64  -c -o htscodecs/htscodecs/rANS_static32x16pr_neon.pico htscodecs/htscodecs/rANS_static32x16pr_neon.c
gcc -std=gnu2x -g -O2 -fno-omit-frame-pointer -mno-omit-leaf-frame-pointer -ffile-prefix-map=/build/r-base-wwoKA3/r-base-4.5.1=. -fstack-protector-strong -fstack-clash-protection -Wformat -Werror=format-security -fcf-protection -fdebug-prefix-map=/build/r-base-wwoKA3/r-base-4.5.1=/usr/src/r-base-4.5.1-1.2404.0 -Wdate-time -D_FORTIFY_SOURCE=3 -fpic -fvisibility=hidden  -I. -D_FILE_OFFSET_BITS=64  -c -o htscodecs/htscodecs/rANS_static32x16pr.pico htscodecs/htscodecs/rANS_static32x16pr.c
gcc -std=gnu2x -g -O2 -fno-omit-frame-pointer -mno-omit-leaf-frame-pointer -ffile-prefix-map=/build/r-base-wwoKA3/r-base-4.5.1=. -fstack-protector-strong -fstack-clash-protection -Wformat -Werror=format-security -fcf-protection -fdebug-prefix-map=/build/r-base-wwoKA3/r-base-4.5.1=/usr/src/r-base-4.5.1-1.2404.0 -Wdate-time -D_FORTIFY_SOURCE=3 -fpic -fvisibility=hidden  -I. -D_FILE_OFFSET_BITS=64  -c -o htscodecs/htscodecs/rANS_static.pico htscodecs/htscodecs/rANS_static.c
gcc -std=gnu2x -g -O2 -fno-omit-frame-pointer -mno-omit-leaf-frame-pointer -ffile-prefix-map=/build/r-base-wwoKA3/r-base-4.5.1=. -fstack-protector-strong -fstack-clash-protection -Wformat -Werror=format-security -fcf-protection -fdebug-prefix-map=/build/r-base-wwoKA3/r-base-4.5.1=/usr/src/r-base-4.5.1-1.2404.0 -Wdate-time -D_FORTIFY_SOURCE=3 -fpic -fvisibility=hidden  -I. -D_FILE_OFFSET_BITS=64  -c -o htscodecs/htscodecs/rle.pico htscodecs/htscodecs/rle.c
gcc -std=gnu2x -g -O2 -fno-omit-frame-pointer -mno-omit-leaf-frame-pointer -ffile-prefix-map=/build/r-base-wwoKA3/r-base-4.5.1=. -fstack-protector-strong -fstack-clash-protection -Wformat -Werror=format-security -fcf-protection -fdebug-prefix-map=/build/r-base-wwoKA3/r-base-4.5.1=/usr/src/r-base-4.5.1-1.2404.0 -Wdate-time -D_FORTIFY_SOURCE=3 -fpic -fvisibility=hidden  -I. -D_FILE_OFFSET_BITS=64  -c -o htscodecs/htscodecs/tokenise_name3.pico htscodecs/htscodecs/tokenise_name3.c
gcc -std=gnu2x -g -O2 -fno-omit-frame-pointer -mno-omit-leaf-frame-pointer -ffile-prefix-map=/build/r-base-wwoKA3/r-base-4.5.1=. -fstack-protector-strong -fstack-clash-protection -Wformat -Werror=format-security -fcf-protection -fdebug-prefix-map=/build/r-base-wwoKA3/r-base-4.5.1=/usr/src/r-base-4.5.1-1.2404.0 -Wdate-time -D_FORTIFY_SOURCE=3 -fpic -fvisibility=hidden  -I. -D_FILE_OFFSET_BITS=64  -c -o htscodecs/htscodecs/utils.pico htscodecs/htscodecs/utils.c
gcc -std=gnu2x -g -O2 -fno-omit-frame-pointer -mno-omit-leaf-frame-pointer -ffile-prefix-map=/build/r-base-wwoKA3/r-base-4.5.1=. -fstack-protector-strong -fstack-clash-protection -Wformat -Werror=format-security -fcf-protection -fdebug-prefix-map=/build/r-base-wwoKA3/r-base-4.5.1=/usr/src/r-base-4.5.1-1.2404.0 -Wdate-time -D_FORTIFY_SOURCE=3 -fpic -fvisibility=hidden  -I. -D_FILE_OFFSET_BITS=64  -c -o hfile_libcurl.pico hfile_libcurl.c
gcc -std=gnu2x -shared -Wl,-soname,libhts.so.3 -Wl,-version-script,htslib.map -Wl,-Bsymbolic-functions -flto=auto -ffat-lto-objects -Wl,-z,relro -fvisibility=hidden -o libhts.so kfunc.pico kstring.pico bcf_sr_sort.pico bgzf.pico errmod.pico faidx.pico header.pico hfile.pico hts.pico hts_expr.pico hts_os.pico md5.pico multipart.pico probaln.pico realn.pico regidx.pico region.pico sam.pico sam_mods.pico synced_bcf_reader.pico vcf_sweep.pico tbx.pico textutils.pico thread_pool.pico vcf.pico vcfutils.pico cram/cram_codecs.pico cram/cram_decode.pico cram/cram_encode.pico cram/cram_external.pico cram/cram_index.pico cram/cram_io.pico cram/cram_stats.pico cram/mFILE.pico cram/open_trace_file.pico cram/pooled_alloc.pico cram/string_alloc.pico htscodecs/htscodecs/arith_dynamic.pico htscodecs/htscodecs/fqzcomp_qual.pico htscodecs/htscodecs/htscodecs.pico htscodecs/htscodecs/pack.pico htscodecs/htscodecs/rANS_static4x16pr.pico htscodecs/htscodecs/rANS_static32x16pr_avx2.pico htscodecs/htscodecs/rANS_static32x16pr_avx512.pico htscodecs/htscodecs/rANS_static32x16pr_sse4.pico htscodecs/htscodecs/rANS_static32x16pr_neon.pico htscodecs/htscodecs/rANS_static32x16pr.pico htscodecs/htscodecs/rANS_static.pico htscodecs/htscodecs/rle.pico htscodecs/htscodecs/tokenise_name3.pico htscodecs/htscodecs/utils.pico hfile_libcurl.pico -lz -lm -lbz2 -llzma -lcurl -lpthread
ln -sf libhts.so libhts.so.3
make[1]: Leaving directory '/tmp/RtmpKnY3cX/R.INSTALL1ca46543379d12/Rhtslib/src/htslib-1.18'
mkdir -p "/home/cnobrega/R/x86_64-pc-linux-gnu-library/4.5/Rhtslib/include/htslib"
cd "htslib-1.18/htslib" && cp * "/home/cnobrega/R/x86_64-pc-linux-gnu-library/4.5/Rhtslib/include/htslib"
gcc -std=gnu2x -I"/usr/share/R/include" -DNDEBUG -D_FILE_OFFSET_BITS=64 -I"/home/cnobrega/R/x86_64-pc-linux-gnu-library/4.5/Rhtslib/include"      -fpic  -g -O2 -fno-omit-frame-pointer -mno-omit-leaf-frame-pointer -ffile-prefix-map=/build/r-base-wwoKA3/r-base-4.5.1=. -fstack-protector-strong -fstack-clash-protection -Wformat -Werror=format-security -fcf-protection -fdebug-prefix-map=/build/r-base-wwoKA3/r-base-4.5.1=/usr/src/r-base-4.5.1-1.2404.0 -Wdate-time -D_FORTIFY_SOURCE=3  -c R_init_Rhtslib.c -o R_init_Rhtslib.o
mkdir -p "/home/cnobrega/R/x86_64-pc-linux-gnu-library/4.5/Rhtslib/usrlib"
cd "htslib-1.18" && cp libhts.so libhts.a "/home/cnobrega/R/x86_64-pc-linux-gnu-library/4.5/Rhtslib/usrlib"
cd "/home/cnobrega/R/x86_64-pc-linux-gnu-library/4.5/Rhtslib/usrlib" && ln -s libhts.so libhts.so.2
gcc -std=gnu2x -shared -L/usr/lib/R/lib -Wl,-Bsymbolic-functions -flto=auto -ffat-lto-objects -Wl,-z,relro -o Rhtslib.so R_init_Rhtslib.o /home/cnobrega/R/x86_64-pc-linux-gnu-library/4.5/Rhtslib/usrlib/libhts.a -lcurl -lbz2 -llzma -lz -L/usr/lib/R/lib -lR
mkdir -p "/home/cnobrega/R/x86_64-pc-linux-gnu-library/4.5/Rhtslib/testdata/tabix"
cd "htslib-1.18/test" && (cp *.sam *.bam *.vcf *.bcf *.cram *.fa *.fa.fai *.gff *.bed "/home/cnobrega/R/x86_64-pc-linux-gnu-library/4.5/Rhtslib/testdata" 2>/dev/null || true) && cd tabix && (cp *.sam *.bam *.vcf *.bcf *.cram *.fa *.fa.fai *.gff *.bed "/home/cnobrega/R/x86_64-pc-linux-gnu-library/4.5/Rhtslib/testdata/tabix" 2>/dev/null || true)
installing to /home/cnobrega/R/x86_64-pc-linux-gnu-library/4.5/Rhtslib/libs
** R
** inst
** byte-compile and prepare package for lazy loading
** help
*** installing help indices
** building package indices
** installing vignettes
** testing if installed package can be loaded
* DONE (Rhtslib)
* installing *source* package ‘hwriter’ ...
** this is package ‘hwriter’ version ‘1.3.2.1’
** package ‘hwriter’ successfully unpacked and MD5 sums checked
** using staged installation
** R
** inst
** byte-compile and prepare package for lazy loading
** help
*** installing help indices
** building package indices
** installing vignettes
** testing if installed package can be loaded from temporary location
** testing if installed package can be loaded from final location
** testing if installed package keeps a record of temporary installation path
* DONE (hwriter)
* installing *source* package ‘Seqinfo’ ...
** this is package ‘Seqinfo’ version ‘1.0.0’
** package ‘Seqinfo’ successfully unpacked and MD5 sums checked
** using staged installation
** R
** inst
** byte-compile and prepare package for lazy loading
** help
*** installing help indices
** building package indices
** installing vignettes
** testing if installed package can be loaded from temporary location
** testing if installed package can be loaded from final location
** testing if installed package keeps a record of temporary installation path
* DONE (Seqinfo)
* installing *source* package ‘limma’ ...
** this is package ‘limma’ version ‘3.66.0’
** package ‘limma’ successfully unpacked and MD5 sums checked
** using staged installation
** libs
using C compiler: ‘gcc (Ubuntu 13.3.0-6ubuntu2~24.04.1) 13.3.0’
gcc -std=gnu2x -I"/usr/share/R/include" -DNDEBUG       -fpic  -g -O2 -fno-omit-frame-pointer -mno-omit-leaf-frame-pointer -ffile-prefix-map=/build/r-base-wwoKA3/r-base-4.5.1=. -fstack-protector-strong -fstack-clash-protection -Wformat -Werror=format-security -fcf-protection -fdebug-prefix-map=/build/r-base-wwoKA3/r-base-4.5.1=/usr/src/r-base-4.5.1-1.2404.0 -Wdate-time -D_FORTIFY_SOURCE=3  -c init.c -o init.o
gcc -std=gnu2x -I"/usr/share/R/include" -DNDEBUG       -fpic  -g -O2 -fno-omit-frame-pointer -mno-omit-leaf-frame-pointer -ffile-prefix-map=/build/r-base-wwoKA3/r-base-4.5.1=. -fstack-protector-strong -fstack-clash-protection -Wformat -Werror=format-security -fcf-protection -fdebug-prefix-map=/build/r-base-wwoKA3/r-base-4.5.1=/usr/src/r-base-4.5.1-1.2404.0 -Wdate-time -D_FORTIFY_SOURCE=3  -c normexp.c -o normexp.o
gcc -std=gnu2x -I"/usr/share/R/include" -DNDEBUG       -fpic  -g -O2 -fno-omit-frame-pointer -mno-omit-leaf-frame-pointer -ffile-prefix-map=/build/r-base-wwoKA3/r-base-4.5.1=. -fstack-protector-strong -fstack-clash-protection -Wformat -Werror=format-security -fcf-protection -fdebug-prefix-map=/build/r-base-wwoKA3/r-base-4.5.1=/usr/src/r-base-4.5.1-1.2404.0 -Wdate-time -D_FORTIFY_SOURCE=3  -c weighted_lowess.c -o weighted_lowess.o
gcc -std=gnu2x -shared -L/usr/lib/R/lib -Wl,-Bsymbolic-functions -flto=auto -ffat-lto-objects -Wl,-z,relro -o limma.so init.o normexp.o weighted_lowess.o -L/usr/lib/R/lib -lR
installing to /home/cnobrega/R/x86_64-pc-linux-gnu-library/4.5/00LOCK-limma/00new/limma/libs
** R
** inst
** byte-compile and prepare package for lazy loading
** help
*** installing help indices
** building package indices
** installing vignettes
** testing if installed package can be loaded from temporary location
** checking absolute paths in shared objects and dynamic libraries
** testing if installed package can be loaded from final location
** testing if installed package keeps a record of temporary installation path
* DONE (limma)
* installing *source* package ‘dplyr’ ...
** this is package ‘dplyr’ version ‘1.2.1’
** package ‘dplyr’ successfully unpacked and MD5 sums checked
** using staged installation
** libs
using C++ compiler: ‘g++ (Ubuntu 13.3.0-6ubuntu2~24.04.1) 13.3.0’
g++ -std=gnu++17 -I"/usr/share/R/include" -DNDEBUG       -fpic  -g -O2 -fno-omit-frame-pointer -mno-omit-leaf-frame-pointer -ffile-prefix-map=/build/r-base-wwoKA3/r-base-4.5.1=. -fstack-protector-strong -fstack-clash-protection -Wformat -Werror=format-security -fcf-protection -fdebug-prefix-map=/build/r-base-wwoKA3/r-base-4.5.1=/usr/src/r-base-4.5.1-1.2404.0 -Wdate-time -D_FORTIFY_SOURCE=3   -c chop.cpp -o chop.o
g++ -std=gnu++17 -I"/usr/share/R/include" -DNDEBUG       -fpic  -g -O2 -fno-omit-frame-pointer -mno-omit-leaf-frame-pointer -ffile-prefix-map=/build/r-base-wwoKA3/r-base-4.5.1=. -fstack-protector-strong -fstack-clash-protection -Wformat -Werror=format-security -fcf-protection -fdebug-prefix-map=/build/r-base-wwoKA3/r-base-4.5.1=/usr/src/r-base-4.5.1-1.2404.0 -Wdate-time -D_FORTIFY_SOURCE=3   -c filter.cpp -o filter.o
g++ -std=gnu++17 -I"/usr/share/R/include" -DNDEBUG       -fpic  -g -O2 -fno-omit-frame-pointer -mno-omit-leaf-frame-pointer -ffile-prefix-map=/build/r-base-wwoKA3/r-base-4.5.1=. -fstack-protector-strong -fstack-clash-protection -Wformat -Werror=format-security -fcf-protection -fdebug-prefix-map=/build/r-base-wwoKA3/r-base-4.5.1=/usr/src/r-base-4.5.1-1.2404.0 -Wdate-time -D_FORTIFY_SOURCE=3   -c funs.cpp -o funs.o
g++ -std=gnu++17 -I"/usr/share/R/include" -DNDEBUG       -fpic  -g -O2 -fno-omit-frame-pointer -mno-omit-leaf-frame-pointer -ffile-prefix-map=/build/r-base-wwoKA3/r-base-4.5.1=. -fstack-protector-strong -fstack-clash-protection -Wformat -Werror=format-security -fcf-protection -fdebug-prefix-map=/build/r-base-wwoKA3/r-base-4.5.1=/usr/src/r-base-4.5.1-1.2404.0 -Wdate-time -D_FORTIFY_SOURCE=3   -c group_by.cpp -o group_by.o
g++ -std=gnu++17 -I"/usr/share/R/include" -DNDEBUG       -fpic  -g -O2 -fno-omit-frame-pointer -mno-omit-leaf-frame-pointer -ffile-prefix-map=/build/r-base-wwoKA3/r-base-4.5.1=. -fstack-protector-strong -fstack-clash-protection -Wformat -Werror=format-security -fcf-protection -fdebug-prefix-map=/build/r-base-wwoKA3/r-base-4.5.1=/usr/src/r-base-4.5.1-1.2404.0 -Wdate-time -D_FORTIFY_SOURCE=3   -c group_data.cpp -o group_data.o
g++ -std=gnu++17 -I"/usr/share/R/include" -DNDEBUG       -fpic  -g -O2 -fno-omit-frame-pointer -mno-omit-leaf-frame-pointer -ffile-prefix-map=/build/r-base-wwoKA3/r-base-4.5.1=. -fstack-protector-strong -fstack-clash-protection -Wformat -Werror=format-security -fcf-protection -fdebug-prefix-map=/build/r-base-wwoKA3/r-base-4.5.1=/usr/src/r-base-4.5.1-1.2404.0 -Wdate-time -D_FORTIFY_SOURCE=3   -c imports.cpp -o imports.o
g++ -std=gnu++17 -I"/usr/share/R/include" -DNDEBUG       -fpic  -g -O2 -fno-omit-frame-pointer -mno-omit-leaf-frame-pointer -ffile-prefix-map=/build/r-base-wwoKA3/r-base-4.5.1=. -fstack-protector-strong -fstack-clash-protection -Wformat -Werror=format-security -fcf-protection -fdebug-prefix-map=/build/r-base-wwoKA3/r-base-4.5.1=/usr/src/r-base-4.5.1-1.2404.0 -Wdate-time -D_FORTIFY_SOURCE=3   -c init.cpp -o init.o
g++ -std=gnu++17 -I"/usr/share/R/include" -DNDEBUG       -fpic  -g -O2 -fno-omit-frame-pointer -mno-omit-leaf-frame-pointer -ffile-prefix-map=/build/r-base-wwoKA3/r-base-4.5.1=. -fstack-protector-strong -fstack-clash-protection -Wformat -Werror=format-security -fcf-protection -fdebug-prefix-map=/build/r-base-wwoKA3/r-base-4.5.1=/usr/src/r-base-4.5.1-1.2404.0 -Wdate-time -D_FORTIFY_SOURCE=3   -c mask.cpp -o mask.o
g++ -std=gnu++17 -I"/usr/share/R/include" -DNDEBUG       -fpic  -g -O2 -fno-omit-frame-pointer -mno-omit-leaf-frame-pointer -ffile-prefix-map=/build/r-base-wwoKA3/r-base-4.5.1=. -fstack-protector-strong -fstack-clash-protection -Wformat -Werror=format-security -fcf-protection -fdebug-prefix-map=/build/r-base-wwoKA3/r-base-4.5.1=/usr/src/r-base-4.5.1-1.2404.0 -Wdate-time -D_FORTIFY_SOURCE=3   -c mutate.cpp -o mutate.o
g++ -std=gnu++17 -I"/usr/share/R/include" -DNDEBUG       -fpic  -g -O2 -fno-omit-frame-pointer -mno-omit-leaf-frame-pointer -ffile-prefix-map=/build/r-base-wwoKA3/r-base-4.5.1=. -fstack-protector-strong -fstack-clash-protection -Wformat -Werror=format-security -fcf-protection -fdebug-prefix-map=/build/r-base-wwoKA3/r-base-4.5.1=/usr/src/r-base-4.5.1-1.2404.0 -Wdate-time -D_FORTIFY_SOURCE=3   -c reconstruct.cpp -o reconstruct.o
g++ -std=gnu++17 -I"/usr/share/R/include" -DNDEBUG       -fpic  -g -O2 -fno-omit-frame-pointer -mno-omit-leaf-frame-pointer -ffile-prefix-map=/build/r-base-wwoKA3/r-base-4.5.1=. -fstack-protector-strong -fstack-clash-protection -Wformat -Werror=format-security -fcf-protection -fdebug-prefix-map=/build/r-base-wwoKA3/r-base-4.5.1=/usr/src/r-base-4.5.1-1.2404.0 -Wdate-time -D_FORTIFY_SOURCE=3   -c slice.cpp -o slice.o
g++ -std=gnu++17 -I"/usr/share/R/include" -DNDEBUG       -fpic  -g -O2 -fno-omit-frame-pointer -mno-omit-leaf-frame-pointer -ffile-prefix-map=/build/r-base-wwoKA3/r-base-4.5.1=. -fstack-protector-strong -fstack-clash-protection -Wformat -Werror=format-security -fcf-protection -fdebug-prefix-map=/build/r-base-wwoKA3/r-base-4.5.1=/usr/src/r-base-4.5.1-1.2404.0 -Wdate-time -D_FORTIFY_SOURCE=3   -c summarise.cpp -o summarise.o
g++ -std=gnu++17 -shared -L/usr/lib/R/lib -Wl,-Bsymbolic-functions -flto=auto -ffat-lto-objects -Wl,-z,relro -o dplyr.so chop.o filter.o funs.o group_by.o group_data.o imports.o init.o mask.o mutate.o reconstruct.o slice.o summarise.o -L/usr/lib/R/lib -lR
installing to /home/cnobrega/R/x86_64-pc-linux-gnu-library/4.5/00LOCK-dplyr/00new/dplyr/libs
** R
** data
*** moving datasets to lazyload DB
** inst
** byte-compile and prepare package for lazy loading
** help
*** installing help indices
*** copying figures
** building package indices
** installing vignettes
** testing if installed package can be loaded from temporary location
** checking absolute paths in shared objects and dynamic libraries
** testing if installed package can be loaded from final location
** testing if installed package keeps a record of temporary installation path
* DONE (dplyr)
* installing *source* package ‘BiocFileCache’ ...
** this is package ‘BiocFileCache’ version ‘3.0.0’
** package ‘BiocFileCache’ successfully unpacked and MD5 sums checked
** using staged installation
** R
** inst
** byte-compile and prepare package for lazy loading
** help
*** installing help indices
** building package indices
** installing vignettes
** testing if installed package can be loaded from temporary location
** testing if installed package can be loaded from final location
** testing if installed package keeps a record of temporary installation path
* DONE (BiocFileCache)
* installing *source* package ‘Biostrings’ ...
** this is package ‘Biostrings’ version ‘2.78.0’
** package ‘Biostrings’ successfully unpacked and MD5 sums checked
** using staged installation
** libs
using C compiler: ‘gcc (Ubuntu 13.3.0-6ubuntu2~24.04.1) 13.3.0’
gcc -std=gnu2x -I"/usr/share/R/include" -DNDEBUG  -I'/usr/local/lib/R/site-library/S4Vectors/include' -I'/usr/local/lib/R/site-library/IRanges/include' -I'/usr/local/lib/R/site-library/XVector/include'     -fpic  -g -O2 -fno-omit-frame-pointer -mno-omit-leaf-frame-pointer -ffile-prefix-map=/build/r-base-wwoKA3/r-base-4.5.1=. -fstack-protector-strong -fstack-clash-protection -Wformat -Werror=format-security -fcf-protection -fdebug-prefix-map=/build/r-base-wwoKA3/r-base-4.5.1=/usr/src/r-base-4.5.1-1.2404.0 -Wdate-time -D_FORTIFY_SOURCE=3  -c BAB_class.c -o BAB_class.o
gcc -std=gnu2x -I"/usr/share/R/include" -DNDEBUG  -I'/usr/local/lib/R/site-library/S4Vectors/include' -I'/usr/local/lib/R/site-library/IRanges/include' -I'/usr/local/lib/R/site-library/XVector/include'     -fpic  -g -O2 -fno-omit-frame-pointer -mno-omit-leaf-frame-pointer -ffile-prefix-map=/build/r-base-wwoKA3/r-base-4.5.1=. -fstack-protector-strong -fstack-clash-protection -Wformat -Werror=format-security -fcf-protection -fdebug-prefix-map=/build/r-base-wwoKA3/r-base-4.5.1=/usr/src/r-base-4.5.1-1.2404.0 -Wdate-time -D_FORTIFY_SOURCE=3  -c BitMatrix.c -o BitMatrix.o
gcc -std=gnu2x -I"/usr/share/R/include" -DNDEBUG  -I'/usr/local/lib/R/site-library/S4Vectors/include' -I'/usr/local/lib/R/site-library/IRanges/include' -I'/usr/local/lib/R/site-library/XVector/include'     -fpic  -g -O2 -fno-omit-frame-pointer -mno-omit-leaf-frame-pointer -ffile-prefix-map=/build/r-base-wwoKA3/r-base-4.5.1=. -fstack-protector-strong -fstack-clash-protection -Wformat -Werror=format-security -fcf-protection -fdebug-prefix-map=/build/r-base-wwoKA3/r-base-4.5.1=/usr/src/r-base-4.5.1-1.2404.0 -Wdate-time -D_FORTIFY_SOURCE=3  -c IRanges_stubs.c -o IRanges_stubs.o
gcc -std=gnu2x -I"/usr/share/R/include" -DNDEBUG  -I'/usr/local/lib/R/site-library/S4Vectors/include' -I'/usr/local/lib/R/site-library/IRanges/include' -I'/usr/local/lib/R/site-library/XVector/include'     -fpic  -g -O2 -fno-omit-frame-pointer -mno-omit-leaf-frame-pointer -ffile-prefix-map=/build/r-base-wwoKA3/r-base-4.5.1=. -fstack-protector-strong -fstack-clash-protection -Wformat -Werror=format-security -fcf-protection -fdebug-prefix-map=/build/r-base-wwoKA3/r-base-4.5.1=/usr/src/r-base-4.5.1-1.2404.0 -Wdate-time -D_FORTIFY_SOURCE=3  -c MIndex_class.c -o MIndex_class.o
gcc -std=gnu2x -I"/usr/share/R/include" -DNDEBUG  -I'/usr/local/lib/R/site-library/S4Vectors/include' -I'/usr/local/lib/R/site-library/IRanges/include' -I'/usr/local/lib/R/site-library/XVector/include'     -fpic  -g -O2 -fno-omit-frame-pointer -mno-omit-leaf-frame-pointer -ffile-prefix-map=/build/r-base-wwoKA3/r-base-4.5.1=. -fstack-protector-strong -fstack-clash-protection -Wformat -Werror=format-security -fcf-protection -fdebug-prefix-map=/build/r-base-wwoKA3/r-base-4.5.1=/usr/src/r-base-4.5.1-1.2404.0 -Wdate-time -D_FORTIFY_SOURCE=3  -c PreprocessedTB_class.c -o PreprocessedTB_class.o
gcc -std=gnu2x -I"/usr/share/R/include" -DNDEBUG  -I'/usr/local/lib/R/site-library/S4Vectors/include' -I'/usr/local/lib/R/site-library/IRanges/include' -I'/usr/local/lib/R/site-library/XVector/include'     -fpic  -g -O2 -fno-omit-frame-pointer -mno-omit-leaf-frame-pointer -ffile-prefix-map=/build/r-base-wwoKA3/r-base-4.5.1=. -fstack-protector-strong -fstack-clash-protection -Wformat -Werror=format-security -fcf-protection -fdebug-prefix-map=/build/r-base-wwoKA3/r-base-4.5.1=/usr/src/r-base-4.5.1-1.2404.0 -Wdate-time -D_FORTIFY_SOURCE=3  -c R_init_Biostrings.c -o R_init_Biostrings.o
gcc -std=gnu2x -I"/usr/share/R/include" -DNDEBUG  -I'/usr/local/lib/R/site-library/S4Vectors/include' -I'/usr/local/lib/R/site-library/IRanges/include' -I'/usr/local/lib/R/site-library/XVector/include'     -fpic  -g -O2 -fno-omit-frame-pointer -mno-omit-leaf-frame-pointer -ffile-prefix-map=/build/r-base-wwoKA3/r-base-4.5.1=. -fstack-protector-strong -fstack-clash-protection -Wformat -Werror=format-security -fcf-protection -fdebug-prefix-map=/build/r-base-wwoKA3/r-base-4.5.1=/usr/src/r-base-4.5.1-1.2404.0 -Wdate-time -D_FORTIFY_SOURCE=3  -c RoSeqs_utils.c -o RoSeqs_utils.o
gcc -std=gnu2x -I"/usr/share/R/include" -DNDEBUG  -I'/usr/local/lib/R/site-library/S4Vectors/include' -I'/usr/local/lib/R/site-library/IRanges/include' -I'/usr/local/lib/R/site-library/XVector/include'     -fpic  -g -O2 -fno-omit-frame-pointer -mno-omit-leaf-frame-pointer -ffile-prefix-map=/build/r-base-wwoKA3/r-base-4.5.1=. -fstack-protector-strong -fstack-clash-protection -Wformat -Werror=format-security -fcf-protection -fdebug-prefix-map=/build/r-base-wwoKA3/r-base-4.5.1=/usr/src/r-base-4.5.1-1.2404.0 -Wdate-time -D_FORTIFY_SOURCE=3  -c S4Vectors_stubs.c -o S4Vectors_stubs.o
gcc -std=gnu2x -I"/usr/share/R/include" -DNDEBUG  -I'/usr/local/lib/R/site-library/S4Vectors/include' -I'/usr/local/lib/R/site-library/IRanges/include' -I'/usr/local/lib/R/site-library/XVector/include'     -fpic  -g -O2 -fno-omit-frame-pointer -mno-omit-leaf-frame-pointer -ffile-prefix-map=/build/r-base-wwoKA3/r-base-4.5.1=. -fstack-protector-strong -fstack-clash-protection -Wformat -Werror=format-security -fcf-protection -fdebug-prefix-map=/build/r-base-wwoKA3/r-base-4.5.1=/usr/src/r-base-4.5.1-1.2404.0 -Wdate-time -D_FORTIFY_SOURCE=3  -c SparseList_utils.c -o SparseList_utils.o
gcc -std=gnu2x -I"/usr/share/R/include" -DNDEBUG  -I'/usr/local/lib/R/site-library/S4Vectors/include' -I'/usr/local/lib/R/site-library/IRanges/include' -I'/usr/local/lib/R/site-library/XVector/include'     -fpic  -g -O2 -fno-omit-frame-pointer -mno-omit-leaf-frame-pointer -ffile-prefix-map=/build/r-base-wwoKA3/r-base-4.5.1=. -fstack-protector-strong -fstack-clash-protection -Wformat -Werror=format-security -fcf-protection -fdebug-prefix-map=/build/r-base-wwoKA3/r-base-4.5.1=/usr/src/r-base-4.5.1-1.2404.0 -Wdate-time -D_FORTIFY_SOURCE=3  -c XStringSetList_class.c -o XStringSetList_class.o
gcc -std=gnu2x -I"/usr/share/R/include" -DNDEBUG  -I'/usr/local/lib/R/site-library/S4Vectors/include' -I'/usr/local/lib/R/site-library/IRanges/include' -I'/usr/local/lib/R/site-library/XVector/include'     -fpic  -g -O2 -fno-omit-frame-pointer -mno-omit-leaf-frame-pointer -ffile-prefix-map=/build/r-base-wwoKA3/r-base-4.5.1=. -fstack-protector-strong -fstack-clash-protection -Wformat -Werror=format-security -fcf-protection -fdebug-prefix-map=/build/r-base-wwoKA3/r-base-4.5.1=/usr/src/r-base-4.5.1-1.2404.0 -Wdate-time -D_FORTIFY_SOURCE=3  -c XStringSet_class.c -o XStringSet_class.o
gcc -std=gnu2x -I"/usr/share/R/include" -DNDEBUG  -I'/usr/local/lib/R/site-library/S4Vectors/include' -I'/usr/local/lib/R/site-library/IRanges/include' -I'/usr/local/lib/R/site-library/XVector/include'     -fpic  -g -O2 -fno-omit-frame-pointer -mno-omit-leaf-frame-pointer -ffile-prefix-map=/build/r-base-wwoKA3/r-base-4.5.1=. -fstack-protector-strong -fstack-clash-protection -Wformat -Werror=format-security -fcf-protection -fdebug-prefix-map=/build/r-base-wwoKA3/r-base-4.5.1=/usr/src/r-base-4.5.1-1.2404.0 -Wdate-time -D_FORTIFY_SOURCE=3  -c XString_class.c -o XString_class.o
gcc -std=gnu2x -I"/usr/share/R/include" -DNDEBUG  -I'/usr/local/lib/R/site-library/S4Vectors/include' -I'/usr/local/lib/R/site-library/IRanges/include' -I'/usr/local/lib/R/site-library/XVector/include'     -fpic  -g -O2 -fno-omit-frame-pointer -mno-omit-leaf-frame-pointer -ffile-prefix-map=/build/r-base-wwoKA3/r-base-4.5.1=. -fstack-protector-strong -fstack-clash-protection -Wformat -Werror=format-security -fcf-protection -fdebug-prefix-map=/build/r-base-wwoKA3/r-base-4.5.1=/usr/src/r-base-4.5.1-1.2404.0 -Wdate-time -D_FORTIFY_SOURCE=3  -c XVector_stubs.c -o XVector_stubs.o
gcc -std=gnu2x -I"/usr/share/R/include" -DNDEBUG  -I'/usr/local/lib/R/site-library/S4Vectors/include' -I'/usr/local/lib/R/site-library/IRanges/include' -I'/usr/local/lib/R/site-library/XVector/include'     -fpic  -g -O2 -fno-omit-frame-pointer -mno-omit-leaf-frame-pointer -ffile-prefix-map=/build/r-base-wwoKA3/r-base-4.5.1=. -fstack-protector-strong -fstack-clash-protection -Wformat -Werror=format-security -fcf-protection -fdebug-prefix-map=/build/r-base-wwoKA3/r-base-4.5.1=/usr/src/r-base-4.5.1-1.2404.0 -Wdate-time -D_FORTIFY_SOURCE=3  -c find_palindromes.c -o find_palindromes.o
gcc -std=gnu2x -I"/usr/share/R/include" -DNDEBUG  -I'/usr/local/lib/R/site-library/S4Vectors/include' -I'/usr/local/lib/R/site-library/IRanges/include' -I'/usr/local/lib/R/site-library/XVector/include'     -fpic  -g -O2 -fno-omit-frame-pointer -mno-omit-leaf-frame-pointer -ffile-prefix-map=/build/r-base-wwoKA3/r-base-4.5.1=. -fstack-protector-strong -fstack-clash-protection -Wformat -Werror=format-security -fcf-protection -fdebug-prefix-map=/build/r-base-wwoKA3/r-base-4.5.1=/usr/src/r-base-4.5.1-1.2404.0 -Wdate-time -D_FORTIFY_SOURCE=3  -c gtestsim.c -o gtestsim.o
gcc -std=gnu2x -I"/usr/share/R/include" -DNDEBUG  -I'/usr/local/lib/R/site-library/S4Vectors/include' -I'/usr/local/lib/R/site-library/IRanges/include' -I'/usr/local/lib/R/site-library/XVector/include'     -fpic  -g -O2 -fno-omit-frame-pointer -mno-omit-leaf-frame-pointer -ffile-prefix-map=/build/r-base-wwoKA3/r-base-4.5.1=. -fstack-protector-strong -fstack-clash-protection -Wformat -Werror=format-security -fcf-protection -fdebug-prefix-map=/build/r-base-wwoKA3/r-base-4.5.1=/usr/src/r-base-4.5.1-1.2404.0 -Wdate-time -D_FORTIFY_SOURCE=3  -c inject_code.c -o inject_code.o
gcc -std=gnu2x -I"/usr/share/R/include" -DNDEBUG  -I'/usr/local/lib/R/site-library/S4Vectors/include' -I'/usr/local/lib/R/site-library/IRanges/include' -I'/usr/local/lib/R/site-library/XVector/include'     -fpic  -g -O2 -fno-omit-frame-pointer -mno-omit-leaf-frame-pointer -ffile-prefix-map=/build/r-base-wwoKA3/r-base-4.5.1=. -fstack-protector-strong -fstack-clash-protection -Wformat -Werror=format-security -fcf-protection -fdebug-prefix-map=/build/r-base-wwoKA3/r-base-4.5.1=/usr/src/r-base-4.5.1-1.2404.0 -Wdate-time -D_FORTIFY_SOURCE=3  -c letter_frequency.c -o letter_frequency.o
gcc -std=gnu2x -I"/usr/share/R/include" -DNDEBUG  -I'/usr/local/lib/R/site-library/S4Vectors/include' -I'/usr/local/lib/R/site-library/IRanges/include' -I'/usr/local/lib/R/site-library/XVector/include'     -fpic  -g -O2 -fno-omit-frame-pointer -mno-omit-leaf-frame-pointer -ffile-prefix-map=/build/r-base-wwoKA3/r-base-4.5.1=. -fstack-protector-strong -fstack-clash-protection -Wformat -Werror=format-security -fcf-protection -fdebug-prefix-map=/build/r-base-wwoKA3/r-base-4.5.1=/usr/src/r-base-4.5.1-1.2404.0 -Wdate-time -D_FORTIFY_SOURCE=3  -c lowlevel_matching.c -o lowlevel_matching.o
gcc -std=gnu2x -I"/usr/share/R/include" -DNDEBUG  -I'/usr/local/lib/R/site-library/S4Vectors/include' -I'/usr/local/lib/R/site-library/IRanges/include' -I'/usr/local/lib/R/site-library/XVector/include'     -fpic  -g -O2 -fno-omit-frame-pointer -mno-omit-leaf-frame-pointer -ffile-prefix-map=/build/r-base-wwoKA3/r-base-4.5.1=. -fstack-protector-strong -fstack-clash-protection -Wformat -Werror=format-security -fcf-protection -fdebug-prefix-map=/build/r-base-wwoKA3/r-base-4.5.1=/usr/src/r-base-4.5.1-1.2404.0 -Wdate-time -D_FORTIFY_SOURCE=3  -c match_PWM.c -o match_PWM.o
gcc -std=gnu2x -I"/usr/share/R/include" -DNDEBUG  -I'/usr/local/lib/R/site-library/S4Vectors/include' -I'/usr/local/lib/R/site-library/IRanges/include' -I'/usr/local/lib/R/site-library/XVector/include'     -fpic  -g -O2 -fno-omit-frame-pointer -mno-omit-leaf-frame-pointer -ffile-prefix-map=/build/r-base-wwoKA3/r-base-4.5.1=. -fstack-protector-strong -fstack-clash-protection -Wformat -Werror=format-security -fcf-protection -fdebug-prefix-map=/build/r-base-wwoKA3/r-base-4.5.1=/usr/src/r-base-4.5.1-1.2404.0 -Wdate-time -D_FORTIFY_SOURCE=3  -c match_pattern.c -o match_pattern.o
gcc -std=gnu2x -I"/usr/share/R/include" -DNDEBUG  -I'/usr/local/lib/R/site-library/S4Vectors/include' -I'/usr/local/lib/R/site-library/IRanges/include' -I'/usr/local/lib/R/site-library/XVector/include'     -fpic  -g -O2 -fno-omit-frame-pointer -mno-omit-leaf-frame-pointer -ffile-prefix-map=/build/r-base-wwoKA3/r-base-4.5.1=. -fstack-protector-strong -fstack-clash-protection -Wformat -Werror=format-security -fcf-protection -fdebug-prefix-map=/build/r-base-wwoKA3/r-base-4.5.1=/usr/src/r-base-4.5.1-1.2404.0 -Wdate-time -D_FORTIFY_SOURCE=3  -c match_pattern_boyermoore.c -o match_pattern_boyermoore.o
gcc -std=gnu2x -I"/usr/share/R/include" -DNDEBUG  -I'/usr/local/lib/R/site-library/S4Vectors/include' -I'/usr/local/lib/R/site-library/IRanges/include' -I'/usr/local/lib/R/site-library/XVector/include'     -fpic  -g -O2 -fno-omit-frame-pointer -mno-omit-leaf-frame-pointer -ffile-prefix-map=/build/r-base-wwoKA3/r-base-4.5.1=. -fstack-protector-strong -fstack-clash-protection -Wformat -Werror=format-security -fcf-protection -fdebug-prefix-map=/build/r-base-wwoKA3/r-base-4.5.1=/usr/src/r-base-4.5.1-1.2404.0 -Wdate-time -D_FORTIFY_SOURCE=3  -c match_pattern_indels.c -o match_pattern_indels.o
gcc -std=gnu2x -I"/usr/share/R/include" -DNDEBUG  -I'/usr/local/lib/R/site-library/S4Vectors/include' -I'/usr/local/lib/R/site-library/IRanges/include' -I'/usr/local/lib/R/site-library/XVector/include'     -fpic  -g -O2 -fno-omit-frame-pointer -mno-omit-leaf-frame-pointer -ffile-prefix-map=/build/r-base-wwoKA3/r-base-4.5.1=. -fstack-protector-strong -fstack-clash-protection -Wformat -Werror=format-security -fcf-protection -fdebug-prefix-map=/build/r-base-wwoKA3/r-base-4.5.1=/usr/src/r-base-4.5.1-1.2404.0 -Wdate-time -D_FORTIFY_SOURCE=3  -c match_pattern_shiftor.c -o match_pattern_shiftor.o
gcc -std=gnu2x -I"/usr/share/R/include" -DNDEBUG  -I'/usr/local/lib/R/site-library/S4Vectors/include' -I'/usr/local/lib/R/site-library/IRanges/include' -I'/usr/local/lib/R/site-library/XVector/include'     -fpic  -g -O2 -fno-omit-frame-pointer -mno-omit-leaf-frame-pointer -ffile-prefix-map=/build/r-base-wwoKA3/r-base-4.5.1=. -fstack-protector-strong -fstack-clash-protection -Wformat -Werror=format-security -fcf-protection -fdebug-prefix-map=/build/r-base-wwoKA3/r-base-4.5.1=/usr/src/r-base-4.5.1-1.2404.0 -Wdate-time -D_FORTIFY_SOURCE=3  -c match_pdict.c -o match_pdict.o
gcc -std=gnu2x -I"/usr/share/R/include" -DNDEBUG  -I'/usr/local/lib/R/site-library/S4Vectors/include' -I'/usr/local/lib/R/site-library/IRanges/include' -I'/usr/local/lib/R/site-library/XVector/include'     -fpic  -g -O2 -fno-omit-frame-pointer -mno-omit-leaf-frame-pointer -ffile-prefix-map=/build/r-base-wwoKA3/r-base-4.5.1=. -fstack-protector-strong -fstack-clash-protection -Wformat -Werror=format-security -fcf-protection -fdebug-prefix-map=/build/r-base-wwoKA3/r-base-4.5.1=/usr/src/r-base-4.5.1-1.2404.0 -Wdate-time -D_FORTIFY_SOURCE=3  -c match_pdict_ACtree2.c -o match_pdict_ACtree2.o
gcc -std=gnu2x -I"/usr/share/R/include" -DNDEBUG  -I'/usr/local/lib/R/site-library/S4Vectors/include' -I'/usr/local/lib/R/site-library/IRanges/include' -I'/usr/local/lib/R/site-library/XVector/include'     -fpic  -g -O2 -fno-omit-frame-pointer -mno-omit-leaf-frame-pointer -ffile-prefix-map=/build/r-base-wwoKA3/r-base-4.5.1=. -fstack-protector-strong -fstack-clash-protection -Wformat -Werror=format-security -fcf-protection -fdebug-prefix-map=/build/r-base-wwoKA3/r-base-4.5.1=/usr/src/r-base-4.5.1-1.2404.0 -Wdate-time -D_FORTIFY_SOURCE=3  -c match_pdict_Twobit.c -o match_pdict_Twobit.o
gcc -std=gnu2x -I"/usr/share/R/include" -DNDEBUG  -I'/usr/local/lib/R/site-library/S4Vectors/include' -I'/usr/local/lib/R/site-library/IRanges/include' -I'/usr/local/lib/R/site-library/XVector/include'     -fpic  -g -O2 -fno-omit-frame-pointer -mno-omit-leaf-frame-pointer -ffile-prefix-map=/build/r-base-wwoKA3/r-base-4.5.1=. -fstack-protector-strong -fstack-clash-protection -Wformat -Werror=format-security -fcf-protection -fdebug-prefix-map=/build/r-base-wwoKA3/r-base-4.5.1=/usr/src/r-base-4.5.1-1.2404.0 -Wdate-time -D_FORTIFY_SOURCE=3  -c match_pdict_utils.c -o match_pdict_utils.o
gcc -std=gnu2x -I"/usr/share/R/include" -DNDEBUG  -I'/usr/local/lib/R/site-library/S4Vectors/include' -I'/usr/local/lib/R/site-library/IRanges/include' -I'/usr/local/lib/R/site-library/XVector/include'     -fpic  -g -O2 -fno-omit-frame-pointer -mno-omit-leaf-frame-pointer -ffile-prefix-map=/build/r-base-wwoKA3/r-base-4.5.1=. -fstack-protector-strong -fstack-clash-protection -Wformat -Werror=format-security -fcf-protection -fdebug-prefix-map=/build/r-base-wwoKA3/r-base-4.5.1=/usr/src/r-base-4.5.1-1.2404.0 -Wdate-time -D_FORTIFY_SOURCE=3  -c match_reporting.c -o match_reporting.o
gcc -std=gnu2x -I"/usr/share/R/include" -DNDEBUG  -I'/usr/local/lib/R/site-library/S4Vectors/include' -I'/usr/local/lib/R/site-library/IRanges/include' -I'/usr/local/lib/R/site-library/XVector/include'     -fpic  -g -O2 -fno-omit-frame-pointer -mno-omit-leaf-frame-pointer -ffile-prefix-map=/build/r-base-wwoKA3/r-base-4.5.1=. -fstack-protector-strong -fstack-clash-protection -Wformat -Werror=format-security -fcf-protection -fdebug-prefix-map=/build/r-base-wwoKA3/r-base-4.5.1=/usr/src/r-base-4.5.1-1.2404.0 -Wdate-time -D_FORTIFY_SOURCE=3  -c pmatchPattern.c -o pmatchPattern.o
gcc -std=gnu2x -I"/usr/share/R/include" -DNDEBUG  -I'/usr/local/lib/R/site-library/S4Vectors/include' -I'/usr/local/lib/R/site-library/IRanges/include' -I'/usr/local/lib/R/site-library/XVector/include'     -fpic  -g -O2 -fno-omit-frame-pointer -mno-omit-leaf-frame-pointer -ffile-prefix-map=/build/r-base-wwoKA3/r-base-4.5.1=. -fstack-protector-strong -fstack-clash-protection -Wformat -Werror=format-security -fcf-protection -fdebug-prefix-map=/build/r-base-wwoKA3/r-base-4.5.1=/usr/src/r-base-4.5.1-1.2404.0 -Wdate-time -D_FORTIFY_SOURCE=3  -c read_fasta_files.c -o read_fasta_files.o
gcc -std=gnu2x -I"/usr/share/R/include" -DNDEBUG  -I'/usr/local/lib/R/site-library/S4Vectors/include' -I'/usr/local/lib/R/site-library/IRanges/include' -I'/usr/local/lib/R/site-library/XVector/include'     -fpic  -g -O2 -fno-omit-frame-pointer -mno-omit-leaf-frame-pointer -ffile-prefix-map=/build/r-base-wwoKA3/r-base-4.5.1=. -fstack-protector-strong -fstack-clash-protection -Wformat -Werror=format-security -fcf-protection -fdebug-prefix-map=/build/r-base-wwoKA3/r-base-4.5.1=/usr/src/r-base-4.5.1-1.2404.0 -Wdate-time -D_FORTIFY_SOURCE=3  -c read_fastq_files.c -o read_fastq_files.o
gcc -std=gnu2x -I"/usr/share/R/include" -DNDEBUG  -I'/usr/local/lib/R/site-library/S4Vectors/include' -I'/usr/local/lib/R/site-library/IRanges/include' -I'/usr/local/lib/R/site-library/XVector/include'     -fpic  -g -O2 -fno-omit-frame-pointer -mno-omit-leaf-frame-pointer -ffile-prefix-map=/build/r-base-wwoKA3/r-base-4.5.1=. -fstack-protector-strong -fstack-clash-protection -Wformat -Werror=format-security -fcf-protection -fdebug-prefix-map=/build/r-base-wwoKA3/r-base-4.5.1=/usr/src/r-base-4.5.1-1.2404.0 -Wdate-time -D_FORTIFY_SOURCE=3  -c replaceAt.c -o replaceAt.o
gcc -std=gnu2x -I"/usr/share/R/include" -DNDEBUG  -I'/usr/local/lib/R/site-library/S4Vectors/include' -I'/usr/local/lib/R/site-library/IRanges/include' -I'/usr/local/lib/R/site-library/XVector/include'     -fpic  -g -O2 -fno-omit-frame-pointer -mno-omit-leaf-frame-pointer -ffile-prefix-map=/build/r-base-wwoKA3/r-base-4.5.1=. -fstack-protector-strong -fstack-clash-protection -Wformat -Werror=format-security -fcf-protection -fdebug-prefix-map=/build/r-base-wwoKA3/r-base-4.5.1=/usr/src/r-base-4.5.1-1.2404.0 -Wdate-time -D_FORTIFY_SOURCE=3  -c replace_letter_at.c -o replace_letter_at.o
gcc -std=gnu2x -I"/usr/share/R/include" -DNDEBUG  -I'/usr/local/lib/R/site-library/S4Vectors/include' -I'/usr/local/lib/R/site-library/IRanges/include' -I'/usr/local/lib/R/site-library/XVector/include'     -fpic  -g -O2 -fno-omit-frame-pointer -mno-omit-leaf-frame-pointer -ffile-prefix-map=/build/r-base-wwoKA3/r-base-4.5.1=. -fstack-protector-strong -fstack-clash-protection -Wformat -Werror=format-security -fcf-protection -fdebug-prefix-map=/build/r-base-wwoKA3/r-base-4.5.1=/usr/src/r-base-4.5.1-1.2404.0 -Wdate-time -D_FORTIFY_SOURCE=3  -c strutils.c -o strutils.o
gcc -std=gnu2x -I"/usr/share/R/include" -DNDEBUG  -I'/usr/local/lib/R/site-library/S4Vectors/include' -I'/usr/local/lib/R/site-library/IRanges/include' -I'/usr/local/lib/R/site-library/XVector/include'     -fpic  -g -O2 -fno-omit-frame-pointer -mno-omit-leaf-frame-pointer -ffile-prefix-map=/build/r-base-wwoKA3/r-base-4.5.1=. -fstack-protector-strong -fstack-clash-protection -Wformat -Werror=format-security -fcf-protection -fdebug-prefix-map=/build/r-base-wwoKA3/r-base-4.5.1=/usr/src/r-base-4.5.1-1.2404.0 -Wdate-time -D_FORTIFY_SOURCE=3  -c translate.c -o translate.o
gcc -std=gnu2x -I"/usr/share/R/include" -DNDEBUG  -I'/usr/local/lib/R/site-library/S4Vectors/include' -I'/usr/local/lib/R/site-library/IRanges/include' -I'/usr/local/lib/R/site-library/XVector/include'     -fpic  -g -O2 -fno-omit-frame-pointer -mno-omit-leaf-frame-pointer -ffile-prefix-map=/build/r-base-wwoKA3/r-base-4.5.1=. -fstack-protector-strong -fstack-clash-protection -Wformat -Werror=format-security -fcf-protection -fdebug-prefix-map=/build/r-base-wwoKA3/r-base-4.5.1=/usr/src/r-base-4.5.1-1.2404.0 -Wdate-time -D_FORTIFY_SOURCE=3  -c unstrsplit_methods.c -o unstrsplit_methods.o
gcc -std=gnu2x -I"/usr/share/R/include" -DNDEBUG  -I'/usr/local/lib/R/site-library/S4Vectors/include' -I'/usr/local/lib/R/site-library/IRanges/include' -I'/usr/local/lib/R/site-library/XVector/include'     -fpic  -g -O2 -fno-omit-frame-pointer -mno-omit-leaf-frame-pointer -ffile-prefix-map=/build/r-base-wwoKA3/r-base-4.5.1=. -fstack-protector-strong -fstack-clash-protection -Wformat -Werror=format-security -fcf-protection -fdebug-prefix-map=/build/r-base-wwoKA3/r-base-4.5.1=/usr/src/r-base-4.5.1-1.2404.0 -Wdate-time -D_FORTIFY_SOURCE=3  -c utils.c -o utils.o
gcc -std=gnu2x -I"/usr/share/R/include" -DNDEBUG  -I'/usr/local/lib/R/site-library/S4Vectors/include' -I'/usr/local/lib/R/site-library/IRanges/include' -I'/usr/local/lib/R/site-library/XVector/include'     -fpic  -g -O2 -fno-omit-frame-pointer -mno-omit-leaf-frame-pointer -ffile-prefix-map=/build/r-base-wwoKA3/r-base-4.5.1=. -fstack-protector-strong -fstack-clash-protection -Wformat -Werror=format-security -fcf-protection -fdebug-prefix-map=/build/r-base-wwoKA3/r-base-4.5.1=/usr/src/r-base-4.5.1-1.2404.0 -Wdate-time -D_FORTIFY_SOURCE=3  -c xscat.c -o xscat.o
gcc -std=gnu2x -shared -L/usr/lib/R/lib -Wl,-Bsymbolic-functions -flto=auto -ffat-lto-objects -Wl,-z,relro -o Biostrings.so BAB_class.o BitMatrix.o IRanges_stubs.o MIndex_class.o PreprocessedTB_class.o R_init_Biostrings.o RoSeqs_utils.o S4Vectors_stubs.o SparseList_utils.o XStringSetList_class.o XStringSet_class.o XString_class.o XVector_stubs.o find_palindromes.o gtestsim.o inject_code.o letter_frequency.o lowlevel_matching.o match_PWM.o match_pattern.o match_pattern_boyermoore.o match_pattern_indels.o match_pattern_shiftor.o match_pdict.o match_pdict_ACtree2.o match_pdict_Twobit.o match_pdict_utils.o match_reporting.o pmatchPattern.o read_fasta_files.o read_fastq_files.o replaceAt.o replace_letter_at.o strutils.o translate.o unstrsplit_methods.o utils.o xscat.o -L/usr/lib/R/lib -lR
installing to /home/cnobrega/R/x86_64-pc-linux-gnu-library/4.5/00LOCK-Biostrings/00new/Biostrings/libs
** R
** data
** inst
** byte-compile and prepare package for lazy loading
in method for ‘twoWayAlphabetFrequencyByQuality’ with signature ‘"QualityScaledXStringSet"’: no definition for class “QualityScaledXStringSet”
Creating a new generic function for ‘strsplit’ in package ‘Biostrings’
Creating a generic function for ‘ls’ from package ‘base’ in package ‘Biostrings’
Creating a new generic function for ‘offset’ in package ‘Biostrings’
** help
*** installing help indices
** building package indices
** installing vignettes
** testing if installed package can be loaded from temporary location
** checking absolute paths in shared objects and dynamic libraries
** testing if installed package can be loaded from final location
** testing if installed package keeps a record of temporary installation path
* DONE (Biostrings)
* installing *source* package ‘GenomicRanges’ ...
** this is package ‘GenomicRanges’ version ‘1.62.1’
** package ‘GenomicRanges’ successfully unpacked and MD5 sums checked
** using staged installation
** libs
using C compiler: ‘gcc (Ubuntu 13.3.0-6ubuntu2~24.04.1) 13.3.0’
gcc -std=gnu2x -I"/usr/share/R/include" -DNDEBUG  -I'/usr/local/lib/R/site-library/S4Vectors/include' -I'/usr/local/lib/R/site-library/IRanges/include'     -fpic  -g -O2 -fno-omit-frame-pointer -mno-omit-leaf-frame-pointer -ffile-prefix-map=/build/r-base-wwoKA3/r-base-4.5.1=. -fstack-protector-strong -fstack-clash-protection -Wformat -Werror=format-security -fcf-protection -fdebug-prefix-map=/build/r-base-wwoKA3/r-base-4.5.1=/usr/src/r-base-4.5.1-1.2404.0 -Wdate-time -D_FORTIFY_SOURCE=3  -c IRanges_stubs.c -o IRanges_stubs.o
gcc -std=gnu2x -I"/usr/share/R/include" -DNDEBUG  -I'/usr/local/lib/R/site-library/S4Vectors/include' -I'/usr/local/lib/R/site-library/IRanges/include'     -fpic  -g -O2 -fno-omit-frame-pointer -mno-omit-leaf-frame-pointer -ffile-prefix-map=/build/r-base-wwoKA3/r-base-4.5.1=. -fstack-protector-strong -fstack-clash-protection -Wformat -Werror=format-security -fcf-protection -fdebug-prefix-map=/build/r-base-wwoKA3/r-base-4.5.1=/usr/src/r-base-4.5.1-1.2404.0 -Wdate-time -D_FORTIFY_SOURCE=3  -c R_init_GenomicRanges.c -o R_init_GenomicRanges.o
gcc -std=gnu2x -I"/usr/share/R/include" -DNDEBUG  -I'/usr/local/lib/R/site-library/S4Vectors/include' -I'/usr/local/lib/R/site-library/IRanges/include'     -fpic  -g -O2 -fno-omit-frame-pointer -mno-omit-leaf-frame-pointer -ffile-prefix-map=/build/r-base-wwoKA3/r-base-4.5.1=. -fstack-protector-strong -fstack-clash-protection -Wformat -Werror=format-security -fcf-protection -fdebug-prefix-map=/build/r-base-wwoKA3/r-base-4.5.1=/usr/src/r-base-4.5.1-1.2404.0 -Wdate-time -D_FORTIFY_SOURCE=3  -c S4Vectors_stubs.c -o S4Vectors_stubs.o
gcc -std=gnu2x -I"/usr/share/R/include" -DNDEBUG  -I'/usr/local/lib/R/site-library/S4Vectors/include' -I'/usr/local/lib/R/site-library/IRanges/include'     -fpic  -g -O2 -fno-omit-frame-pointer -mno-omit-leaf-frame-pointer -ffile-prefix-map=/build/r-base-wwoKA3/r-base-4.5.1=. -fstack-protector-strong -fstack-clash-protection -Wformat -Werror=format-security -fcf-protection -fdebug-prefix-map=/build/r-base-wwoKA3/r-base-4.5.1=/usr/src/r-base-4.5.1-1.2404.0 -Wdate-time -D_FORTIFY_SOURCE=3  -c transcript_utils.c -o transcript_utils.o
gcc -std=gnu2x -shared -L/usr/lib/R/lib -Wl,-Bsymbolic-functions -flto=auto -ffat-lto-objects -Wl,-z,relro -o GenomicRanges.so IRanges_stubs.o R_init_GenomicRanges.o S4Vectors_stubs.o transcript_utils.o -L/usr/lib/R/lib -lR
installing to /home/cnobrega/R/x86_64-pc-linux-gnu-library/4.5/00LOCK-GenomicRanges/00new/GenomicRanges/libs
** R
** inst
** byte-compile and prepare package for lazy loading
** help
*** installing help indices
** building package indices
** installing vignettes
** testing if installed package can be loaded from temporary location
** checking absolute paths in shared objects and dynamic libraries
** testing if installed package can be loaded from final location
** testing if installed package keeps a record of temporary installation path
* DONE (GenomicRanges)
* installing *source* package ‘KEGGREST’ ...
** this is package ‘KEGGREST’ version ‘1.50.0’
** package ‘KEGGREST’ successfully unpacked and MD5 sums checked
** using staged installation
** R
** inst
** byte-compile and prepare package for lazy loading
** help
*** installing help indices
** building package indices
** installing vignettes
** testing if installed package can be loaded from temporary location
** testing if installed package can be loaded from final location
** testing if installed package keeps a record of temporary installation path
* DONE (KEGGREST)
* installing *source* package ‘Rsamtools’ ...
** this is package ‘Rsamtools’ version ‘2.26.0’
** package ‘Rsamtools’ successfully unpacked and MD5 sums checked
** using staged installation
** libs
using C compiler: ‘gcc (Ubuntu 13.3.0-6ubuntu2~24.04.1) 13.3.0’
using C++ compiler: ‘g++ (Ubuntu 13.3.0-6ubuntu2~24.04.1) 13.3.0’
gcc -std=gnu2x -I"/usr/share/R/include" -DNDEBUG -D_FILE_OFFSET_BITS=64 -I'/home/cnobrega/R/x86_64-pc-linux-gnu-library/4.5/Rhtslib/include' -I'/usr/local/lib/R/site-library/S4Vectors/include' -I'/usr/local/lib/R/site-library/IRanges/include' -I'/usr/local/lib/R/site-library/XVector/include' -I'/home/cnobrega/R/x86_64-pc-linux-gnu-library/4.5/Biostrings/include'     -fpic  -g -O2 -fno-omit-frame-pointer -mno-omit-leaf-frame-pointer -ffile-prefix-map=/build/r-base-wwoKA3/r-base-4.5.1=. -fstack-protector-strong -fstack-clash-protection -Wformat -Werror=format-security -fcf-protection -fdebug-prefix-map=/build/r-base-wwoKA3/r-base-4.5.1=/usr/src/r-base-4.5.1-1.2404.0 -Wdate-time -D_FORTIFY_SOURCE=3  -c Biostrings_stubs.c -o Biostrings_stubs.o
gcc -std=gnu2x -I"/usr/share/R/include" -DNDEBUG -D_FILE_OFFSET_BITS=64 -I'/home/cnobrega/R/x86_64-pc-linux-gnu-library/4.5/Rhtslib/include' -I'/usr/local/lib/R/site-library/S4Vectors/include' -I'/usr/local/lib/R/site-library/IRanges/include' -I'/usr/local/lib/R/site-library/XVector/include' -I'/home/cnobrega/R/x86_64-pc-linux-gnu-library/4.5/Biostrings/include'     -fpic  -g -O2 -fno-omit-frame-pointer -mno-omit-leaf-frame-pointer -ffile-prefix-map=/build/r-base-wwoKA3/r-base-4.5.1=. -fstack-protector-strong -fstack-clash-protection -Wformat -Werror=format-security -fcf-protection -fdebug-prefix-map=/build/r-base-wwoKA3/r-base-4.5.1=/usr/src/r-base-4.5.1-1.2404.0 -Wdate-time -D_FORTIFY_SOURCE=3  -c COMPAT_bcf_hdr_read.c -o COMPAT_bcf_hdr_read.o
gcc -std=gnu2x -I"/usr/share/R/include" -DNDEBUG -D_FILE_OFFSET_BITS=64 -I'/home/cnobrega/R/x86_64-pc-linux-gnu-library/4.5/Rhtslib/include' -I'/usr/local/lib/R/site-library/S4Vectors/include' -I'/usr/local/lib/R/site-library/IRanges/include' -I'/usr/local/lib/R/site-library/XVector/include' -I'/home/cnobrega/R/x86_64-pc-linux-gnu-library/4.5/Biostrings/include'     -fpic  -g -O2 -fno-omit-frame-pointer -mno-omit-leaf-frame-pointer -ffile-prefix-map=/build/r-base-wwoKA3/r-base-4.5.1=. -fstack-protector-strong -fstack-clash-protection -Wformat -Werror=format-security -fcf-protection -fdebug-prefix-map=/build/r-base-wwoKA3/r-base-4.5.1=/usr/src/r-base-4.5.1-1.2404.0 -Wdate-time -D_FORTIFY_SOURCE=3  -c IRanges_stubs.c -o IRanges_stubs.o
g++ -std=gnu++17 -I"/usr/share/R/include" -DNDEBUG -D_FILE_OFFSET_BITS=64 -I'/home/cnobrega/R/x86_64-pc-linux-gnu-library/4.5/Rhtslib/include' -I'/usr/local/lib/R/site-library/S4Vectors/include' -I'/usr/local/lib/R/site-library/IRanges/include' -I'/usr/local/lib/R/site-library/XVector/include' -I'/home/cnobrega/R/x86_64-pc-linux-gnu-library/4.5/Biostrings/include'     -fpic  -g -O2 -fno-omit-frame-pointer -mno-omit-leaf-frame-pointer -ffile-prefix-map=/build/r-base-wwoKA3/r-base-4.5.1=. -fstack-protector-strong -fstack-clash-protection -Wformat -Werror=format-security -fcf-protection -fdebug-prefix-map=/build/r-base-wwoKA3/r-base-4.5.1=/usr/src/r-base-4.5.1-1.2404.0 -Wdate-time -D_FORTIFY_SOURCE=3   -c PileupBuffer.cpp -o PileupBuffer.o
g++ -std=gnu++17 -I"/usr/share/R/include" -DNDEBUG -D_FILE_OFFSET_BITS=64 -I'/home/cnobrega/R/x86_64-pc-linux-gnu-library/4.5/Rhtslib/include' -I'/usr/local/lib/R/site-library/S4Vectors/include' -I'/usr/local/lib/R/site-library/IRanges/include' -I'/usr/local/lib/R/site-library/XVector/include' -I'/home/cnobrega/R/x86_64-pc-linux-gnu-library/4.5/Biostrings/include'     -fpic  -g -O2 -fno-omit-frame-pointer -mno-omit-leaf-frame-pointer -ffile-prefix-map=/build/r-base-wwoKA3/r-base-4.5.1=. -fstack-protector-strong -fstack-clash-protection -Wformat -Werror=format-security -fcf-protection -fdebug-prefix-map=/build/r-base-wwoKA3/r-base-4.5.1=/usr/src/r-base-4.5.1-1.2404.0 -Wdate-time -D_FORTIFY_SOURCE=3   -c PosCacheColl.cpp -o PosCacheColl.o
gcc -std=gnu2x -I"/usr/share/R/include" -DNDEBUG -D_FILE_OFFSET_BITS=64 -I'/home/cnobrega/R/x86_64-pc-linux-gnu-library/4.5/Rhtslib/include' -I'/usr/local/lib/R/site-library/S4Vectors/include' -I'/usr/local/lib/R/site-library/IRanges/include' -I'/usr/local/lib/R/site-library/XVector/include' -I'/home/cnobrega/R/x86_64-pc-linux-gnu-library/4.5/Biostrings/include'     -fpic  -g -O2 -fno-omit-frame-pointer -mno-omit-leaf-frame-pointer -ffile-prefix-map=/build/r-base-wwoKA3/r-base-4.5.1=. -fstack-protector-strong -fstack-clash-protection -Wformat -Werror=format-security -fcf-protection -fdebug-prefix-map=/build/r-base-wwoKA3/r-base-4.5.1=/usr/src/r-base-4.5.1-1.2404.0 -Wdate-time -D_FORTIFY_SOURCE=3  -c R_init_Rsamtools.c -o R_init_Rsamtools.o
g++ -std=gnu++17 -I"/usr/share/R/include" -DNDEBUG -D_FILE_OFFSET_BITS=64 -I'/home/cnobrega/R/x86_64-pc-linux-gnu-library/4.5/Rhtslib/include' -I'/usr/local/lib/R/site-library/S4Vectors/include' -I'/usr/local/lib/R/site-library/IRanges/include' -I'/usr/local/lib/R/site-library/XVector/include' -I'/home/cnobrega/R/x86_64-pc-linux-gnu-library/4.5/Biostrings/include'     -fpic  -g -O2 -fno-omit-frame-pointer -mno-omit-leaf-frame-pointer -ffile-prefix-map=/build/r-base-wwoKA3/r-base-4.5.1=. -fstack-protector-strong -fstack-clash-protection -Wformat -Werror=format-security -fcf-protection -fdebug-prefix-map=/build/r-base-wwoKA3/r-base-4.5.1=/usr/src/r-base-4.5.1-1.2404.0 -Wdate-time -D_FORTIFY_SOURCE=3   -c ResultManager.cpp -o ResultManager.o
gcc -std=gnu2x -I"/usr/share/R/include" -DNDEBUG -D_FILE_OFFSET_BITS=64 -I'/home/cnobrega/R/x86_64-pc-linux-gnu-library/4.5/Rhtslib/include' -I'/usr/local/lib/R/site-library/S4Vectors/include' -I'/usr/local/lib/R/site-library/IRanges/include' -I'/usr/local/lib/R/site-library/XVector/include' -I'/home/cnobrega/R/x86_64-pc-linux-gnu-library/4.5/Biostrings/include'     -fpic  -g -O2 -fno-omit-frame-pointer -mno-omit-leaf-frame-pointer -ffile-prefix-map=/build/r-base-wwoKA3/r-base-4.5.1=. -fstack-protector-strong -fstack-clash-protection -Wformat -Werror=format-security -fcf-protection -fdebug-prefix-map=/build/r-base-wwoKA3/r-base-4.5.1=/usr/src/r-base-4.5.1-1.2404.0 -Wdate-time -D_FORTIFY_SOURCE=3  -c S4Vectors_stubs.c -o S4Vectors_stubs.o
gcc -std=gnu2x -I"/usr/share/R/include" -DNDEBUG -D_FILE_OFFSET_BITS=64 -I'/home/cnobrega/R/x86_64-pc-linux-gnu-library/4.5/Rhtslib/include' -I'/usr/local/lib/R/site-library/S4Vectors/include' -I'/usr/local/lib/R/site-library/IRanges/include' -I'/usr/local/lib/R/site-library/XVector/include' -I'/home/cnobrega/R/x86_64-pc-linux-gnu-library/4.5/Biostrings/include'     -fpic  -g -O2 -fno-omit-frame-pointer -mno-omit-leaf-frame-pointer -ffile-prefix-map=/build/r-base-wwoKA3/r-base-4.5.1=. -fstack-protector-strong -fstack-clash-protection -Wformat -Werror=format-security -fcf-protection -fdebug-prefix-map=/build/r-base-wwoKA3/r-base-4.5.1=/usr/src/r-base-4.5.1-1.2404.0 -Wdate-time -D_FORTIFY_SOURCE=3  -c XVector_stubs.c -o XVector_stubs.o
gcc -std=gnu2x -I"/usr/share/R/include" -DNDEBUG -D_FILE_OFFSET_BITS=64 -I'/home/cnobrega/R/x86_64-pc-linux-gnu-library/4.5/Rhtslib/include' -I'/usr/local/lib/R/site-library/S4Vectors/include' -I'/usr/local/lib/R/site-library/IRanges/include' -I'/usr/local/lib/R/site-library/XVector/include' -I'/home/cnobrega/R/x86_64-pc-linux-gnu-library/4.5/Biostrings/include'     -fpic  -g -O2 -fno-omit-frame-pointer -mno-omit-leaf-frame-pointer -ffile-prefix-map=/build/r-base-wwoKA3/r-base-4.5.1=. -fstack-protector-strong -fstack-clash-protection -Wformat -Werror=format-security -fcf-protection -fdebug-prefix-map=/build/r-base-wwoKA3/r-base-4.5.1=/usr/src/r-base-4.5.1-1.2404.0 -Wdate-time -D_FORTIFY_SOURCE=3  -c as_bam.c -o as_bam.o
gcc -std=gnu2x -I"/usr/share/R/include" -DNDEBUG -D_FILE_OFFSET_BITS=64 -I'/home/cnobrega/R/x86_64-pc-linux-gnu-library/4.5/Rhtslib/include' -I'/usr/local/lib/R/site-library/S4Vectors/include' -I'/usr/local/lib/R/site-library/IRanges/include' -I'/usr/local/lib/R/site-library/XVector/include' -I'/home/cnobrega/R/x86_64-pc-linux-gnu-library/4.5/Biostrings/include'     -fpic  -g -O2 -fno-omit-frame-pointer -mno-omit-leaf-frame-pointer -ffile-prefix-map=/build/r-base-wwoKA3/r-base-4.5.1=. -fstack-protector-strong -fstack-clash-protection -Wformat -Werror=format-security -fcf-protection -fdebug-prefix-map=/build/r-base-wwoKA3/r-base-4.5.1=/usr/src/r-base-4.5.1-1.2404.0 -Wdate-time -D_FORTIFY_SOURCE=3  -c bam.c -o bam.o
gcc -std=gnu2x -I"/usr/share/R/include" -DNDEBUG -D_FILE_OFFSET_BITS=64 -I'/home/cnobrega/R/x86_64-pc-linux-gnu-library/4.5/Rhtslib/include' -I'/usr/local/lib/R/site-library/S4Vectors/include' -I'/usr/local/lib/R/site-library/IRanges/include' -I'/usr/local/lib/R/site-library/XVector/include' -I'/home/cnobrega/R/x86_64-pc-linux-gnu-library/4.5/Biostrings/include'     -fpic  -g -O2 -fno-omit-frame-pointer -mno-omit-leaf-frame-pointer -ffile-prefix-map=/build/r-base-wwoKA3/r-base-4.5.1=. -fstack-protector-strong -fstack-clash-protection -Wformat -Werror=format-security -fcf-protection -fdebug-prefix-map=/build/r-base-wwoKA3/r-base-4.5.1=/usr/src/r-base-4.5.1-1.2404.0 -Wdate-time -D_FORTIFY_SOURCE=3  -c bam_data.c -o bam_data.o
g++ -std=gnu++17 -I"/usr/share/R/include" -DNDEBUG -D_FILE_OFFSET_BITS=64 -I'/home/cnobrega/R/x86_64-pc-linux-gnu-library/4.5/Rhtslib/include' -I'/usr/local/lib/R/site-library/S4Vectors/include' -I'/usr/local/lib/R/site-library/IRanges/include' -I'/usr/local/lib/R/site-library/XVector/include' -I'/home/cnobrega/R/x86_64-pc-linux-gnu-library/4.5/Biostrings/include'     -fpic  -g -O2 -fno-omit-frame-pointer -mno-omit-leaf-frame-pointer -ffile-prefix-map=/build/r-base-wwoKA3/r-base-4.5.1=. -fstack-protector-strong -fstack-clash-protection -Wformat -Werror=format-security -fcf-protection -fdebug-prefix-map=/build/r-base-wwoKA3/r-base-4.5.1=/usr/src/r-base-4.5.1-1.2404.0 -Wdate-time -D_FORTIFY_SOURCE=3   -c bam_mate_iter.cpp -o bam_mate_iter.o
In file included from Template.h:9,
                 from BamIterator.h:10,
                 from BamRangeIterator.h:7,
                 from bam_mate_iter.cpp:1:
BamRangeIterator.h: In member function ‘virtual void BamRangeIterator::finalize_inprogress(bamFile)’:
/home/cnobrega/R/x86_64-pc-linux-gnu-library/4.5/Rhtslib/include/samtools-1.7-compat.h:14:41: warning: ignoring return value of ‘int64_t bgzf_seek(BGZF*, int64_t, int)’ declared with attribute ‘warn_unused_result’ [-Wunused-result]
   14 | #define bam_seek(fp, pos, dir) bgzf_seek(fp, pos, dir)
      |                                ~~~~~~~~~^~~~~~~~~~~~~~
BamRangeIterator.h:138:16: note: in expansion of macro ‘bam_seek’
  138 |         (void) bam_seek(bfile, pos, SEEK_SET);
      |                ^~~~~~~~
BamIterator.h: In constructor ‘BamIterator::BamIterator(bamFile, const bam_index_t*)’:
/home/cnobrega/R/x86_64-pc-linux-gnu-library/4.5/Rhtslib/include/samtools-1.7-compat.h:14:41: warning: ignoring return value of ‘int64_t bgzf_seek(BGZF*, int64_t, int)’ declared with attribute ‘warn_unused_result’ [-Wunused-result]
   14 | #define bam_seek(fp, pos, dir) bgzf_seek(fp, pos, dir)
      |                                ~~~~~~~~~^~~~~~~~~~~~~~
BamIterator.h:87:16: note: in expansion of macro ‘bam_seek’
   87 |         (void) bam_seek(bfile, 0, 0);
      |                ^~~~~~~~
gcc -std=gnu2x -I"/usr/share/R/include" -DNDEBUG -D_FILE_OFFSET_BITS=64 -I'/home/cnobrega/R/x86_64-pc-linux-gnu-library/4.5/Rhtslib/include' -I'/usr/local/lib/R/site-library/S4Vectors/include' -I'/usr/local/lib/R/site-library/IRanges/include' -I'/usr/local/lib/R/site-library/XVector/include' -I'/home/cnobrega/R/x86_64-pc-linux-gnu-library/4.5/Biostrings/include'     -fpic  -g -O2 -fno-omit-frame-pointer -mno-omit-leaf-frame-pointer -ffile-prefix-map=/build/r-base-wwoKA3/r-base-4.5.1=. -fstack-protector-strong -fstack-clash-protection -Wformat -Werror=format-security -fcf-protection -fdebug-prefix-map=/build/r-base-wwoKA3/r-base-4.5.1=/usr/src/r-base-4.5.1-1.2404.0 -Wdate-time -D_FORTIFY_SOURCE=3  -c bam_plbuf.c -o bam_plbuf.o
gcc -std=gnu2x -I"/usr/share/R/include" -DNDEBUG -D_FILE_OFFSET_BITS=64 -I'/home/cnobrega/R/x86_64-pc-linux-gnu-library/4.5/Rhtslib/include' -I'/usr/local/lib/R/site-library/S4Vectors/include' -I'/usr/local/lib/R/site-library/IRanges/include' -I'/usr/local/lib/R/site-library/XVector/include' -I'/home/cnobrega/R/x86_64-pc-linux-gnu-library/4.5/Biostrings/include'     -fpic  -g -O2 -fno-omit-frame-pointer -mno-omit-leaf-frame-pointer -ffile-prefix-map=/build/r-base-wwoKA3/r-base-4.5.1=. -fstack-protector-strong -fstack-clash-protection -Wformat -Werror=format-security -fcf-protection -fdebug-prefix-map=/build/r-base-wwoKA3/r-base-4.5.1=/usr/src/r-base-4.5.1-1.2404.0 -Wdate-time -D_FORTIFY_SOURCE=3  -c bam_sort.c -o bam_sort.o
gcc -std=gnu2x -I"/usr/share/R/include" -DNDEBUG -D_FILE_OFFSET_BITS=64 -I'/home/cnobrega/R/x86_64-pc-linux-gnu-library/4.5/Rhtslib/include' -I'/usr/local/lib/R/site-library/S4Vectors/include' -I'/usr/local/lib/R/site-library/IRanges/include' -I'/usr/local/lib/R/site-library/XVector/include' -I'/home/cnobrega/R/x86_64-pc-linux-gnu-library/4.5/Biostrings/include'     -fpic  -g -O2 -fno-omit-frame-pointer -mno-omit-leaf-frame-pointer -ffile-prefix-map=/build/r-base-wwoKA3/r-base-4.5.1=. -fstack-protector-strong -fstack-clash-protection -Wformat -Werror=format-security -fcf-protection -fdebug-prefix-map=/build/r-base-wwoKA3/r-base-4.5.1=/usr/src/r-base-4.5.1-1.2404.0 -Wdate-time -D_FORTIFY_SOURCE=3  -c bambuffer.c -o bambuffer.o
gcc -std=gnu2x -I"/usr/share/R/include" -DNDEBUG -D_FILE_OFFSET_BITS=64 -I'/home/cnobrega/R/x86_64-pc-linux-gnu-library/4.5/Rhtslib/include' -I'/usr/local/lib/R/site-library/S4Vectors/include' -I'/usr/local/lib/R/site-library/IRanges/include' -I'/usr/local/lib/R/site-library/XVector/include' -I'/home/cnobrega/R/x86_64-pc-linux-gnu-library/4.5/Biostrings/include'     -fpic  -g -O2 -fno-omit-frame-pointer -mno-omit-leaf-frame-pointer -ffile-prefix-map=/build/r-base-wwoKA3/r-base-4.5.1=. -fstack-protector-strong -fstack-clash-protection -Wformat -Werror=format-security -fcf-protection -fdebug-prefix-map=/build/r-base-wwoKA3/r-base-4.5.1=/usr/src/r-base-4.5.1-1.2404.0 -Wdate-time -D_FORTIFY_SOURCE=3  -c bamfile.c -o bamfile.o
bamfile.c: In function ‘bamfile_isincomplete’:
bamfile.c:168:20: warning: ignoring return value of ‘bgzf_seek’ declared with attribute ‘warn_unused_result’ [-Wunused-result]
  168 |             (void) bgzf_seek(bfile->file->x.bam, offset, SEEK_SET);
      |                    ^~~~~~~~~~~~~~~~~~~~~~~~~~~~~~~~~~~~~~~~~~~~~~~
gcc -std=gnu2x -I"/usr/share/R/include" -DNDEBUG -D_FILE_OFFSET_BITS=64 -I'/home/cnobrega/R/x86_64-pc-linux-gnu-library/4.5/Rhtslib/include' -I'/usr/local/lib/R/site-library/S4Vectors/include' -I'/usr/local/lib/R/site-library/IRanges/include' -I'/usr/local/lib/R/site-library/XVector/include' -I'/home/cnobrega/R/x86_64-pc-linux-gnu-library/4.5/Biostrings/include'     -fpic  -g -O2 -fno-omit-frame-pointer -mno-omit-leaf-frame-pointer -ffile-prefix-map=/build/r-base-wwoKA3/r-base-4.5.1=. -fstack-protector-strong -fstack-clash-protection -Wformat -Werror=format-security -fcf-protection -fdebug-prefix-map=/build/r-base-wwoKA3/r-base-4.5.1=/usr/src/r-base-4.5.1-1.2404.0 -Wdate-time -D_FORTIFY_SOURCE=3  -c bcffile.c -o bcffile.o
gcc -std=gnu2x -I"/usr/share/R/include" -DNDEBUG -D_FILE_OFFSET_BITS=64 -I'/home/cnobrega/R/x86_64-pc-linux-gnu-library/4.5/Rhtslib/include' -I'/usr/local/lib/R/site-library/S4Vectors/include' -I'/usr/local/lib/R/site-library/IRanges/include' -I'/usr/local/lib/R/site-library/XVector/include' -I'/home/cnobrega/R/x86_64-pc-linux-gnu-library/4.5/Biostrings/include'     -fpic  -g -O2 -fno-omit-frame-pointer -mno-omit-leaf-frame-pointer -ffile-prefix-map=/build/r-base-wwoKA3/r-base-4.5.1=. -fstack-protector-strong -fstack-clash-protection -Wformat -Werror=format-security -fcf-protection -fdebug-prefix-map=/build/r-base-wwoKA3/r-base-4.5.1=/usr/src/r-base-4.5.1-1.2404.0 -Wdate-time -D_FORTIFY_SOURCE=3  -c bedidx.c -o bedidx.o
gcc -std=gnu2x -I"/usr/share/R/include" -DNDEBUG -D_FILE_OFFSET_BITS=64 -I'/home/cnobrega/R/x86_64-pc-linux-gnu-library/4.5/Rhtslib/include' -I'/usr/local/lib/R/site-library/S4Vectors/include' -I'/usr/local/lib/R/site-library/IRanges/include' -I'/usr/local/lib/R/site-library/XVector/include' -I'/home/cnobrega/R/x86_64-pc-linux-gnu-library/4.5/Biostrings/include'     -fpic  -g -O2 -fno-omit-frame-pointer -mno-omit-leaf-frame-pointer -ffile-prefix-map=/build/r-base-wwoKA3/r-base-4.5.1=. -fstack-protector-strong -fstack-clash-protection -Wformat -Werror=format-security -fcf-protection -fdebug-prefix-map=/build/r-base-wwoKA3/r-base-4.5.1=/usr/src/r-base-4.5.1-1.2404.0 -Wdate-time -D_FORTIFY_SOURCE=3  -c encode.c -o encode.o
gcc -std=gnu2x -I"/usr/share/R/include" -DNDEBUG -D_FILE_OFFSET_BITS=64 -I'/home/cnobrega/R/x86_64-pc-linux-gnu-library/4.5/Rhtslib/include' -I'/usr/local/lib/R/site-library/S4Vectors/include' -I'/usr/local/lib/R/site-library/IRanges/include' -I'/usr/local/lib/R/site-library/XVector/include' -I'/home/cnobrega/R/x86_64-pc-linux-gnu-library/4.5/Biostrings/include'     -fpic  -g -O2 -fno-omit-frame-pointer -mno-omit-leaf-frame-pointer -ffile-prefix-map=/build/r-base-wwoKA3/r-base-4.5.1=. -fstack-protector-strong -fstack-clash-protection -Wformat -Werror=format-security -fcf-protection -fdebug-prefix-map=/build/r-base-wwoKA3/r-base-4.5.1=/usr/src/r-base-4.5.1-1.2404.0 -Wdate-time -D_FORTIFY_SOURCE=3  -c fafile.c -o fafile.o
gcc -std=gnu2x -I"/usr/share/R/include" -DNDEBUG -D_FILE_OFFSET_BITS=64 -I'/home/cnobrega/R/x86_64-pc-linux-gnu-library/4.5/Rhtslib/include' -I'/usr/local/lib/R/site-library/S4Vectors/include' -I'/usr/local/lib/R/site-library/IRanges/include' -I'/usr/local/lib/R/site-library/XVector/include' -I'/home/cnobrega/R/x86_64-pc-linux-gnu-library/4.5/Biostrings/include'     -fpic  -g -O2 -fno-omit-frame-pointer -mno-omit-leaf-frame-pointer -ffile-prefix-map=/build/r-base-wwoKA3/r-base-4.5.1=. -fstack-protector-strong -fstack-clash-protection -Wformat -Werror=format-security -fcf-protection -fdebug-prefix-map=/build/r-base-wwoKA3/r-base-4.5.1=/usr/src/r-base-4.5.1-1.2404.0 -Wdate-time -D_FORTIFY_SOURCE=3  -c idxstats.c -o idxstats.o
In file included from bamfile.h:5,
                 from idxstats.c:1:
idxstats.c: In function ‘idxstats_bamfile’:
/home/cnobrega/R/x86_64-pc-linux-gnu-library/4.5/Rhtslib/include/samtools-1.7-compat.h:14:32: warning: ignoring return value of ‘bgzf_seek’ declared with attribute ‘warn_unused_result’ [-Wunused-result]
   14 | #define bam_seek(fp, pos, dir) bgzf_seek(fp, pos, dir)
      |                                ^~~~~~~~~~~~~~~~~~~~~~~
idxstats.c:20:12: note: in expansion of macro ‘bam_seek’
   20 |     (void) bam_seek(fp, 0, 0);
      |            ^~~~~~~~
gcc -std=gnu2x -I"/usr/share/R/include" -DNDEBUG -D_FILE_OFFSET_BITS=64 -I'/home/cnobrega/R/x86_64-pc-linux-gnu-library/4.5/Rhtslib/include' -I'/usr/local/lib/R/site-library/S4Vectors/include' -I'/usr/local/lib/R/site-library/IRanges/include' -I'/usr/local/lib/R/site-library/XVector/include' -I'/home/cnobrega/R/x86_64-pc-linux-gnu-library/4.5/Biostrings/include'     -fpic  -g -O2 -fno-omit-frame-pointer -mno-omit-leaf-frame-pointer -ffile-prefix-map=/build/r-base-wwoKA3/r-base-4.5.1=. -fstack-protector-strong -fstack-clash-protection -Wformat -Werror=format-security -fcf-protection -fdebug-prefix-map=/build/r-base-wwoKA3/r-base-4.5.1=/usr/src/r-base-4.5.1-1.2404.0 -Wdate-time -D_FORTIFY_SOURCE=3  -c io_sam.c -o io_sam.o
In file included from io_sam.c:3:
io_sam.c: In function ‘_scan_bam_all’:
/home/cnobrega/R/x86_64-pc-linux-gnu-library/4.5/Rhtslib/include/samtools-1.7-compat.h:14:32: warning: ignoring return value of ‘bgzf_seek’ declared with attribute ‘warn_unused_result’ [-Wunused-result]
   14 | #define bam_seek(fp, pos, dir) bgzf_seek(fp, pos, dir)
      |                                ^~~~~~~~~~~~~~~~~~~~~~~
io_sam.c:302:12: note: in expansion of macro ‘bam_seek’
  302 |     (void) bam_seek(bfile->file->x.bam, bfile->pos0, SEEK_SET);
      |            ^~~~~~~~
g++ -std=gnu++17 -I"/usr/share/R/include" -DNDEBUG -D_FILE_OFFSET_BITS=64 -I'/home/cnobrega/R/x86_64-pc-linux-gnu-library/4.5/Rhtslib/include' -I'/usr/local/lib/R/site-library/S4Vectors/include' -I'/usr/local/lib/R/site-library/IRanges/include' -I'/usr/local/lib/R/site-library/XVector/include' -I'/home/cnobrega/R/x86_64-pc-linux-gnu-library/4.5/Biostrings/include'     -fpic  -g -O2 -fno-omit-frame-pointer -mno-omit-leaf-frame-pointer -ffile-prefix-map=/build/r-base-wwoKA3/r-base-4.5.1=. -fstack-protector-strong -fstack-clash-protection -Wformat -Werror=format-security -fcf-protection -fdebug-prefix-map=/build/r-base-wwoKA3/r-base-4.5.1=/usr/src/r-base-4.5.1-1.2404.0 -Wdate-time -D_FORTIFY_SOURCE=3   -c pbuffer_wrapper.cpp -o pbuffer_wrapper.o
g++ -std=gnu++17 -I"/usr/share/R/include" -DNDEBUG -D_FILE_OFFSET_BITS=64 -I'/home/cnobrega/R/x86_64-pc-linux-gnu-library/4.5/Rhtslib/include' -I'/usr/local/lib/R/site-library/S4Vectors/include' -I'/usr/local/lib/R/site-library/IRanges/include' -I'/usr/local/lib/R/site-library/XVector/include' -I'/home/cnobrega/R/x86_64-pc-linux-gnu-library/4.5/Biostrings/include'     -fpic  -g -O2 -fno-omit-frame-pointer -mno-omit-leaf-frame-pointer -ffile-prefix-map=/build/r-base-wwoKA3/r-base-4.5.1=. -fstack-protector-strong -fstack-clash-protection -Wformat -Werror=format-security -fcf-protection -fdebug-prefix-map=/build/r-base-wwoKA3/r-base-4.5.1=/usr/src/r-base-4.5.1-1.2404.0 -Wdate-time -D_FORTIFY_SOURCE=3   -c pileup.cpp -o pileup.o
gcc -std=gnu2x -I"/usr/share/R/include" -DNDEBUG -D_FILE_OFFSET_BITS=64 -I'/home/cnobrega/R/x86_64-pc-linux-gnu-library/4.5/Rhtslib/include' -I'/usr/local/lib/R/site-library/S4Vectors/include' -I'/usr/local/lib/R/site-library/IRanges/include' -I'/usr/local/lib/R/site-library/XVector/include' -I'/home/cnobrega/R/x86_64-pc-linux-gnu-library/4.5/Biostrings/include'     -fpic  -g -O2 -fno-omit-frame-pointer -mno-omit-leaf-frame-pointer -ffile-prefix-map=/build/r-base-wwoKA3/r-base-4.5.1=. -fstack-protector-strong -fstack-clash-protection -Wformat -Werror=format-security -fcf-protection -fdebug-prefix-map=/build/r-base-wwoKA3/r-base-4.5.1=/usr/src/r-base-4.5.1-1.2404.0 -Wdate-time -D_FORTIFY_SOURCE=3  -c pileupbam.c -o pileupbam.o
gcc -std=gnu2x -I"/usr/share/R/include" -DNDEBUG -D_FILE_OFFSET_BITS=64 -I'/home/cnobrega/R/x86_64-pc-linux-gnu-library/4.5/Rhtslib/include' -I'/usr/local/lib/R/site-library/S4Vectors/include' -I'/usr/local/lib/R/site-library/IRanges/include' -I'/usr/local/lib/R/site-library/XVector/include' -I'/home/cnobrega/R/x86_64-pc-linux-gnu-library/4.5/Biostrings/include'     -fpic  -g -O2 -fno-omit-frame-pointer -mno-omit-leaf-frame-pointer -ffile-prefix-map=/build/r-base-wwoKA3/r-base-4.5.1=. -fstack-protector-strong -fstack-clash-protection -Wformat -Werror=format-security -fcf-protection -fdebug-prefix-map=/build/r-base-wwoKA3/r-base-4.5.1=/usr/src/r-base-4.5.1-1.2404.0 -Wdate-time -D_FORTIFY_SOURCE=3  -c sam_opts.c -o sam_opts.o
gcc -std=gnu2x -I"/usr/share/R/include" -DNDEBUG -D_FILE_OFFSET_BITS=64 -I'/home/cnobrega/R/x86_64-pc-linux-gnu-library/4.5/Rhtslib/include' -I'/usr/local/lib/R/site-library/S4Vectors/include' -I'/usr/local/lib/R/site-library/IRanges/include' -I'/usr/local/lib/R/site-library/XVector/include' -I'/home/cnobrega/R/x86_64-pc-linux-gnu-library/4.5/Biostrings/include'     -fpic  -g -O2 -fno-omit-frame-pointer -mno-omit-leaf-frame-pointer -ffile-prefix-map=/build/r-base-wwoKA3/r-base-4.5.1=. -fstack-protector-strong -fstack-clash-protection -Wformat -Werror=format-security -fcf-protection -fdebug-prefix-map=/build/r-base-wwoKA3/r-base-4.5.1=/usr/src/r-base-4.5.1-1.2404.0 -Wdate-time -D_FORTIFY_SOURCE=3  -c sam_utils.c -o sam_utils.o
gcc -std=gnu2x -I"/usr/share/R/include" -DNDEBUG -D_FILE_OFFSET_BITS=64 -I'/home/cnobrega/R/x86_64-pc-linux-gnu-library/4.5/Rhtslib/include' -I'/usr/local/lib/R/site-library/S4Vectors/include' -I'/usr/local/lib/R/site-library/IRanges/include' -I'/usr/local/lib/R/site-library/XVector/include' -I'/home/cnobrega/R/x86_64-pc-linux-gnu-library/4.5/Biostrings/include'     -fpic  -g -O2 -fno-omit-frame-pointer -mno-omit-leaf-frame-pointer -ffile-prefix-map=/build/r-base-wwoKA3/r-base-4.5.1=. -fstack-protector-strong -fstack-clash-protection -Wformat -Werror=format-security -fcf-protection -fdebug-prefix-map=/build/r-base-wwoKA3/r-base-4.5.1=/usr/src/r-base-4.5.1-1.2404.0 -Wdate-time -D_FORTIFY_SOURCE=3  -c samtools_patch.c -o samtools_patch.o
gcc -std=gnu2x -I"/usr/share/R/include" -DNDEBUG -D_FILE_OFFSET_BITS=64 -I'/home/cnobrega/R/x86_64-pc-linux-gnu-library/4.5/Rhtslib/include' -I'/usr/local/lib/R/site-library/S4Vectors/include' -I'/usr/local/lib/R/site-library/IRanges/include' -I'/usr/local/lib/R/site-library/XVector/include' -I'/home/cnobrega/R/x86_64-pc-linux-gnu-library/4.5/Biostrings/include'     -fpic  -g -O2 -fno-omit-frame-pointer -mno-omit-leaf-frame-pointer -ffile-prefix-map=/build/r-base-wwoKA3/r-base-4.5.1=. -fstack-protector-strong -fstack-clash-protection -Wformat -Werror=format-security -fcf-protection -fdebug-prefix-map=/build/r-base-wwoKA3/r-base-4.5.1=/usr/src/r-base-4.5.1-1.2404.0 -Wdate-time -D_FORTIFY_SOURCE=3  -c scan_bam_data.c -o scan_bam_data.o
gcc -std=gnu2x -I"/usr/share/R/include" -DNDEBUG -D_FILE_OFFSET_BITS=64 -I'/home/cnobrega/R/x86_64-pc-linux-gnu-library/4.5/Rhtslib/include' -I'/usr/local/lib/R/site-library/S4Vectors/include' -I'/usr/local/lib/R/site-library/IRanges/include' -I'/usr/local/lib/R/site-library/XVector/include' -I'/home/cnobrega/R/x86_64-pc-linux-gnu-library/4.5/Biostrings/include'     -fpic  -g -O2 -fno-omit-frame-pointer -mno-omit-leaf-frame-pointer -ffile-prefix-map=/build/r-base-wwoKA3/r-base-4.5.1=. -fstack-protector-strong -fstack-clash-protection -Wformat -Werror=format-security -fcf-protection -fdebug-prefix-map=/build/r-base-wwoKA3/r-base-4.5.1=/usr/src/r-base-4.5.1-1.2404.0 -Wdate-time -D_FORTIFY_SOURCE=3  -c tabixfile.c -o tabixfile.o
tabixfile.c: In function ‘index_tabix’:
tabixfile.c:190:5: warning: ‘bgzf_is_bgzf’ is deprecated: Use bgzf_compression() or hts_detect_format() instead [-Wdeprecated-declarations]
  190 |     if (bgzf_is_bgzf(fn) != 1)
      |     ^~
In file included from tabixfile.c:3:
/home/cnobrega/R/x86_64-pc-linux-gnu-library/4.5/Rhtslib/include/htslib/bgzf.h:270:9: note: declared here
  270 |     int bgzf_is_bgzf(const char *fn) HTS_DEPRECATED("Use bgzf_compression() or hts_detect_format() instead");
      |         ^~~~~~~~~~~~
gcc -std=gnu2x -I"/usr/share/R/include" -DNDEBUG -D_FILE_OFFSET_BITS=64 -I'/home/cnobrega/R/x86_64-pc-linux-gnu-library/4.5/Rhtslib/include' -I'/usr/local/lib/R/site-library/S4Vectors/include' -I'/usr/local/lib/R/site-library/IRanges/include' -I'/usr/local/lib/R/site-library/XVector/include' -I'/home/cnobrega/R/x86_64-pc-linux-gnu-library/4.5/Biostrings/include'     -fpic  -g -O2 -fno-omit-frame-pointer -mno-omit-leaf-frame-pointer -ffile-prefix-map=/build/r-base-wwoKA3/r-base-4.5.1=. -fstack-protector-strong -fstack-clash-protection -Wformat -Werror=format-security -fcf-protection -fdebug-prefix-map=/build/r-base-wwoKA3/r-base-4.5.1=/usr/src/r-base-4.5.1-1.2404.0 -Wdate-time -D_FORTIFY_SOURCE=3  -c tagfilter.c -o tagfilter.o
gcc -std=gnu2x -I"/usr/share/R/include" -DNDEBUG -D_FILE_OFFSET_BITS=64 -I'/home/cnobrega/R/x86_64-pc-linux-gnu-library/4.5/Rhtslib/include' -I'/usr/local/lib/R/site-library/S4Vectors/include' -I'/usr/local/lib/R/site-library/IRanges/include' -I'/usr/local/lib/R/site-library/XVector/include' -I'/home/cnobrega/R/x86_64-pc-linux-gnu-library/4.5/Biostrings/include'     -fpic  -g -O2 -fno-omit-frame-pointer -mno-omit-leaf-frame-pointer -ffile-prefix-map=/build/r-base-wwoKA3/r-base-4.5.1=. -fstack-protector-strong -fstack-clash-protection -Wformat -Werror=format-security -fcf-protection -fdebug-prefix-map=/build/r-base-wwoKA3/r-base-4.5.1=/usr/src/r-base-4.5.1-1.2404.0 -Wdate-time -D_FORTIFY_SOURCE=3  -c utilities.c -o utilities.o
gcc -std=gnu2x -I"/usr/share/R/include" -DNDEBUG -D_FILE_OFFSET_BITS=64 -I'/home/cnobrega/R/x86_64-pc-linux-gnu-library/4.5/Rhtslib/include' -I'/usr/local/lib/R/site-library/S4Vectors/include' -I'/usr/local/lib/R/site-library/IRanges/include' -I'/usr/local/lib/R/site-library/XVector/include' -I'/home/cnobrega/R/x86_64-pc-linux-gnu-library/4.5/Biostrings/include'     -fpic  -g -O2 -fno-omit-frame-pointer -mno-omit-leaf-frame-pointer -ffile-prefix-map=/build/r-base-wwoKA3/r-base-4.5.1=. -fstack-protector-strong -fstack-clash-protection -Wformat -Werror=format-security -fcf-protection -fdebug-prefix-map=/build/r-base-wwoKA3/r-base-4.5.1=/usr/src/r-base-4.5.1-1.2404.0 -Wdate-time -D_FORTIFY_SOURCE=3  -c zip_compression.c -o zip_compression.o
g++ -std=gnu++17 -shared -L/usr/lib/R/lib -Wl,-Bsymbolic-functions -flto=auto -ffat-lto-objects -Wl,-z,relro -o Rsamtools.so Biostrings_stubs.o COMPAT_bcf_hdr_read.o IRanges_stubs.o PileupBuffer.o PosCacheColl.o R_init_Rsamtools.o ResultManager.o S4Vectors_stubs.o XVector_stubs.o as_bam.o bam.o bam_data.o bam_mate_iter.o bam_plbuf.o bam_sort.o bambuffer.o bamfile.o bcffile.o bedidx.o encode.o fafile.o idxstats.o io_sam.o pbuffer_wrapper.o pileup.o pileupbam.o sam_opts.o sam_utils.o samtools_patch.o scan_bam_data.o tabixfile.o tagfilter.o utilities.o zip_compression.o /home/cnobrega/R/x86_64-pc-linux-gnu-library/4.5/Rhtslib/usrlib/libhts.a -lcurl -lbz2 -llzma -lz -L/usr/lib/R/lib -lR
installing to /home/cnobrega/R/x86_64-pc-linux-gnu-library/4.5/00LOCK-Rsamtools/00new/Rsamtools/libs
** R
** inst
** byte-compile and prepare package for lazy loading
** help
*** installing help indices
** building package indices
** installing vignettes
** testing if installed package can be loaded from temporary location
** checking absolute paths in shared objects and dynamic libraries
** testing if installed package can be loaded from final location
** testing if installed package keeps a record of temporary installation path
* DONE (Rsamtools)
* installing *source* package ‘SummarizedExperiment’ ...
** this is package ‘SummarizedExperiment’ version ‘1.40.0’
** package ‘SummarizedExperiment’ successfully unpacked and MD5 sums checked
** using staged installation
** R
** inst
** byte-compile and prepare package for lazy loading
** help
*** installing help indices
** building package indices
** installing vignettes
** testing if installed package can be loaded from temporary location
** testing if installed package can be loaded from final location
** testing if installed package keeps a record of temporary installation path
* DONE (SummarizedExperiment)
* installing *source* package ‘AnnotationDbi’ ...
** this is package ‘AnnotationDbi’ version ‘1.72.0’
** package ‘AnnotationDbi’ successfully unpacked and MD5 sums checked
** using staged installation
** R
** inst
** byte-compile and prepare package for lazy loading
Creating a new generic function for ‘packageName’ in package ‘AnnotationDbi’
Creating a generic function for ‘ls’ from package ‘base’ in package ‘AnnotationDbi’
Creating a generic function for ‘eapply’ from package ‘base’ in package ‘AnnotationDbi’
Creating a generic function for ‘exists’ from package ‘base’ in package ‘AnnotationDbi’
Creating a generic function for ‘sample’ from package ‘base’ in package ‘AnnotationDbi’
** help
*** installing help indices
** building package indices
** installing vignettes
** testing if installed package can be loaded from temporary location
** testing if installed package can be loaded from final location
** testing if installed package keeps a record of temporary installation path
* DONE (AnnotationDbi)
* installing *source* package ‘DESeq2’ ...
** this is package ‘DESeq2’ version ‘1.50.2’
** package ‘DESeq2’ successfully unpacked and MD5 sums checked
** using staged installation
** libs
using C++ compiler: ‘g++ (Ubuntu 13.3.0-6ubuntu2~24.04.1) 13.3.0’
g++ -std=gnu++17 -I"/usr/share/R/include" -DNDEBUG  -I'/usr/lib/R/site-library/Rcpp/include' -I'/usr/lib/R/site-library/RcppArmadillo/include'     -fpic  -g -O2 -fno-omit-frame-pointer -mno-omit-leaf-frame-pointer -ffile-prefix-map=/build/r-base-wwoKA3/r-base-4.5.1=. -fstack-protector-strong -fstack-clash-protection -Wformat -Werror=format-security -fcf-protection -fdebug-prefix-map=/build/r-base-wwoKA3/r-base-4.5.1=/usr/src/r-base-4.5.1-1.2404.0 -Wdate-time -D_FORTIFY_SOURCE=3   -c DESeq2.cpp -o DESeq2.o
g++ -std=gnu++17 -I"/usr/share/R/include" -DNDEBUG  -I'/usr/lib/R/site-library/Rcpp/include' -I'/usr/lib/R/site-library/RcppArmadillo/include'     -fpic  -g -O2 -fno-omit-frame-pointer -mno-omit-leaf-frame-pointer -ffile-prefix-map=/build/r-base-wwoKA3/r-base-4.5.1=. -fstack-protector-strong -fstack-clash-protection -Wformat -Werror=format-security -fcf-protection -fdebug-prefix-map=/build/r-base-wwoKA3/r-base-4.5.1=/usr/src/r-base-4.5.1-1.2404.0 -Wdate-time -D_FORTIFY_SOURCE=3   -c RcppExports.cpp -o RcppExports.o
g++ -std=gnu++17 -shared -L/usr/lib/R/lib -Wl,-Bsymbolic-functions -flto=auto -ffat-lto-objects -Wl,-z,relro -o DESeq2.so DESeq2.o RcppExports.o -llapack -lblas -lgfortran -lm -lquadmath -L/usr/lib/R/lib -lR
installing to /home/cnobrega/R/x86_64-pc-linux-gnu-library/4.5/00LOCK-DESeq2/00new/DESeq2/libs
** R
** inst
** byte-compile and prepare package for lazy loading
** help
*** installing help indices
** building package indices
** installing vignettes
** testing if installed package can be loaded from temporary location
** checking absolute paths in shared objects and dynamic libraries
** testing if installed package can be loaded from final location
** testing if installed package keeps a record of temporary installation path
* DONE (DESeq2)
* installing *source* package ‘annotate’ ...
** this is package ‘annotate’ version ‘1.88.0’
** package ‘annotate’ successfully unpacked and MD5 sums checked
** using staged installation
** R
** data
** inst
** byte-compile and prepare package for lazy loading
** help
*** installing help indices
** building package indices
** installing vignettes
** testing if installed package can be loaded from temporary location
** testing if installed package can be loaded from final location
** testing if installed package keeps a record of temporary installation path
* DONE (annotate)
* installing *source* package ‘biomaRt’ ...
** this is package ‘biomaRt’ version ‘2.66.2’
** package ‘biomaRt’ successfully unpacked and MD5 sums checked
** using staged installation
** R
** inst
** byte-compile and prepare package for lazy loading
** help
*** installing help indices
*** copying figures
** building package indices
** installing vignettes
** testing if installed package can be loaded from temporary location
** testing if installed package can be loaded from final location
** testing if installed package keeps a record of temporary installation path
* DONE (biomaRt)
* installing *source* package ‘geneplotter’ ...
** this is package ‘geneplotter’ version ‘1.88.0’
** package ‘geneplotter’ successfully unpacked and MD5 sums checked
** using staged installation
** R
** data
** inst
** byte-compile and prepare package for lazy loading
** help
*** installing help indices
** building package indices
** installing vignettes
** testing if installed package can be loaded from temporary location
** testing if installed package can be loaded from final location
** testing if installed package keeps a record of temporary installation path
* DONE (geneplotter)
* installing *source* package ‘genefilter’ ...
** this is package ‘genefilter’ version ‘1.92.0’
** package ‘genefilter’ successfully unpacked and MD5 sums checked
** using staged installation
** libs
using C compiler: ‘gcc (Ubuntu 13.3.0-6ubuntu2~24.04.1) 13.3.0’
using Fortran compiler: ‘GNU Fortran (Ubuntu 13.3.0-6ubuntu2~24.04.1) 13.3.0’
using C++ compiler: ‘g++ (Ubuntu 13.3.0-6ubuntu2~24.04.1) 13.3.0’
g++ -std=gnu++17 -I"/usr/share/R/include" -DNDEBUG       -fpic  -g -O2 -fno-omit-frame-pointer -mno-omit-leaf-frame-pointer -ffile-prefix-map=/build/r-base-wwoKA3/r-base-4.5.1=. -fstack-protector-strong -fstack-clash-protection -Wformat -Werror=format-security -fcf-protection -fdebug-prefix-map=/build/r-base-wwoKA3/r-base-4.5.1=/usr/src/r-base-4.5.1-1.2404.0 -Wdate-time -D_FORTIFY_SOURCE=3   -c half_range_mode.cpp -o half_range_mode.o
half_range_mode.cpp: In function ‘double half_range_mode(double*, double*, double, int)’:
half_range_mode.cpp:100:60: warning: format ‘%i’ expects argument of type ‘int’, but argument 5 has type ‘std::vector<int>::size_type’ {aka ‘long unsigned int’} [-Wformat=]
  100 |     if (diag) Rprintf( "N = %i, N'' = %i, w = %.4f, |J| = %i\n", N, N_double_prime, w, J.size() );
      |                                                           ~^                           ~~~~~~~~
      |                                                            |                                 |
      |                                                            int                               std::vector<int>::size_type {aka long unsigned int}
      |                                                           %li
gcc -std=gnu2x -I"/usr/share/R/include" -DNDEBUG       -fpic  -g -O2 -fno-omit-frame-pointer -mno-omit-leaf-frame-pointer -ffile-prefix-map=/build/r-base-wwoKA3/r-base-4.5.1=. -fstack-protector-strong -fstack-clash-protection -Wformat -Werror=format-security -fcf-protection -fdebug-prefix-map=/build/r-base-wwoKA3/r-base-4.5.1=/usr/src/r-base-4.5.1-1.2404.0 -Wdate-time -D_FORTIFY_SOURCE=3  -c init.c -o init.o
gcc -std=gnu2x -I"/usr/share/R/include" -DNDEBUG       -fpic  -g -O2 -fno-omit-frame-pointer -mno-omit-leaf-frame-pointer -ffile-prefix-map=/build/r-base-wwoKA3/r-base-4.5.1=. -fstack-protector-strong -fstack-clash-protection -Wformat -Werror=format-security -fcf-protection -fdebug-prefix-map=/build/r-base-wwoKA3/r-base-4.5.1=/usr/src/r-base-4.5.1-1.2404.0 -Wdate-time -D_FORTIFY_SOURCE=3  -c nd.c -o nd.o
gcc -std=gnu2x -I"/usr/share/R/include" -DNDEBUG       -fpic  -g -O2 -fno-omit-frame-pointer -mno-omit-leaf-frame-pointer -ffile-prefix-map=/build/r-base-wwoKA3/r-base-4.5.1=. -fstack-protector-strong -fstack-clash-protection -Wformat -Werror=format-security -fcf-protection -fdebug-prefix-map=/build/r-base-wwoKA3/r-base-4.5.1=/usr/src/r-base-4.5.1-1.2404.0 -Wdate-time -D_FORTIFY_SOURCE=3  -c pAUC.c -o pAUC.o
gcc -std=gnu2x -I"/usr/share/R/include" -DNDEBUG       -fpic  -g -O2 -fno-omit-frame-pointer -mno-omit-leaf-frame-pointer -ffile-prefix-map=/build/r-base-wwoKA3/r-base-4.5.1=. -fstack-protector-strong -fstack-clash-protection -Wformat -Werror=format-security -fcf-protection -fdebug-prefix-map=/build/r-base-wwoKA3/r-base-4.5.1=/usr/src/r-base-4.5.1-1.2404.0 -Wdate-time -D_FORTIFY_SOURCE=3  -c rowPAUCs.c -o rowPAUCs.o
gcc -std=gnu2x -I"/usr/share/R/include" -DNDEBUG       -fpic  -g -O2 -fno-omit-frame-pointer -mno-omit-leaf-frame-pointer -ffile-prefix-map=/build/r-base-wwoKA3/r-base-4.5.1=. -fstack-protector-strong -fstack-clash-protection -Wformat -Werror=format-security -fcf-protection -fdebug-prefix-map=/build/r-base-wwoKA3/r-base-4.5.1=/usr/src/r-base-4.5.1-1.2404.0 -Wdate-time -D_FORTIFY_SOURCE=3  -c rowttests.c -o rowttests.o
gfortran  -fpic  -g -O2 -fno-omit-frame-pointer -mno-omit-leaf-frame-pointer -ffile-prefix-map=/build/r-base-wwoKA3/r-base-4.5.1=. -fstack-protector-strong -fstack-clash-protection -fcf-protection -fdebug-prefix-map=/build/r-base-wwoKA3/r-base-4.5.1=/usr/src/r-base-4.5.1-1.2404.0  -c ttest.f -o ttest.o
g++ -std=gnu++17 -shared -L/usr/lib/R/lib -Wl,-Bsymbolic-functions -flto=auto -ffat-lto-objects -Wl,-z,relro -o genefilter.so half_range_mode.o init.o nd.o pAUC.o rowPAUCs.o rowttests.o ttest.o -lgfortran -lm -lquadmath -L/usr/lib/R/lib -lR
installing to /home/cnobrega/R/x86_64-pc-linux-gnu-library/4.5/00LOCK-genefilter/00new/genefilter/libs
** R
** data
*** moving datasets to lazyload DB
** inst
** byte-compile and prepare package for lazy loading
** help
*** installing help indices
** building package indices
** installing vignettes
** testing if installed package can be loaded from temporary location
** checking absolute paths in shared objects and dynamic libraries
** testing if installed package can be loaded from final location
** testing if installed package keeps a record of temporary installation path
* DONE (genefilter)
* installing *source* package ‘DEXSeq’ ...
** this is package ‘DEXSeq’ version ‘1.56.0’
** package ‘DEXSeq’ successfully unpacked and MD5 sums checked
** using staged installation
** R
** inst
** byte-compile and prepare package for lazy loading
** help
*** installing help indices
** building package indices
** installing vignettes
** testing if installed package can be loaded from temporary location
** testing if installed package can be loaded from final location
** testing if installed package keeps a record of temporary installation path
* DONE (DEXSeq)

The downloaded source packages are in
	‘/tmp/RtmpnoWgZy/downloaded_packages’
Warning message:
package(s) not installed when version(s) same as or greater than current; use
  `force = TRUE` to re-install: 'ggplot2' 'ggrepel' 'scales' 'tidyr' 'tibble'
  'matrixStats' 'stringr' 
