groupID,n_PAS,n_sig,n_big,min_padj,max_absL2FC,mean_absL2FC,dir_consensus,perGeneQ
DMAC1,4,1,0,6.280625975547e-05,0.132178988179005,0.132178988179005,Lengthened_only,6.28062585729672e-05
LASP1,2,1,0,6.280625975547e-05,0.0176165458252022,0.0176165458252022,Lengthened_only,8.9044261517901e-05
HBEGF,2,1,0,0.00013635794586884,0.147674193723052,0.147674193723052,Lengthened_only,0.000136357936870687
LIFR,3,2,0,0.00013635794586884,0.255058145429933,0.253284419269373,Shortened_only,0.000149755589972012
ACBD5,3,1,0,0.00013635794586884,0.0722369761702479,0.0722369761702479,Shortened_only,0.000167537167531558
PCNX4,5,1,1,0.00013635794586884,0.628942192961468,0.628942192961468,Shortened_only,0.000179024449829535
DKC1,2,2,0,0.000235272623227039,0.42613800666863,0.2946709290849,Mixed,0.000235272587089955
SLC35D2,2,1,0,0.000235272623227039,0.0038008254301598,0.0038008254301598,Shortened_only,0.000258165058427811
CAPN1,2,1,0,0.000307276498520126,0.128755618279396,0.128755618279396,Shortened_only,0.000307276429396948
SH3BP2,3,1,0,0.000332689285457357,0.295515651868595,0.295515651868595,Shortened_only,0.000332689195308289
FNBP1L,2,2,1,0.000362248190980298,0.613435058414924,0.441092555131986,Mixed,0.000362248052134584
NBEA,2,2,1,0.000362248190980298,0.515326922099595,0.452864495530387,Mixed,0.000365766214250107
CENPS-CORT,2,2,2,0.000362248190980298,3.84869640108214,2.57234763166451,Mixed,0.000370077320249027
TMEM254,2,2,0,0.000417359866399108,0.39780326178054,0.336096937087068,Mixed,0.000417359653754201
COX7B,2,1,0,0.000417359866399108,0.00751959397164192,0.00751959397164192,Shortened_only,0.000438682920462603
SH3BP1,2,2,1,0.000548672843157942,0.598875308299536,0.496860571900789,Mixed,0.000548672426626197
HMGXB4,2,1,0,0.000548672843157942,0.442569146844226,0.442569146844226,Lengthened_only,0.000550865807561002
LAPTM4A,2,1,0,0.000622384003337874,0.10814856168915,0.10814856168915,Lengthened_only,0.000622383404284689
GATB,2,1,0,0.000622384003337874,0.131187280817587,0.131187280817587,Shortened_only,0.000641455844944165
EMC4,2,1,0,0.000715354869359449,0.270131532926055,0.270131532926055,Lengthened_only,0.000715354036367322
AKIRIN2,4,1,0,0.000781019664597637,0.358115174899558,0.358115174899558,Lengthened_only,0.000781018572387644
TRMT10C,3,2,0,0.000781019664597637,0.197857777782835,0.128270943057292,Shortened_only,0.000804005098561917
EIF3E,2,1,0,0.000889643786369474,0.0391546896513937,0.0391546896513937,Shortened_only,0.000889642240381669
NUP37,2,2,0,0.000889643786369474,0.365162315408675,0.27540376448437,Mixed,0.000893243544618515
SLC39A6,2,1,0,0.00103071581446026,0.195452175118946,0.195452175118946,Lengthened_only,0.00103071365283477
RPL4,4,2,1,0.00104455935644221,0.596057154558236,0.343141803500767,Mixed,0.00104455704758748
CHCHD4,2,1,0,0.00111092932058482,0.00789665939272677,0.00789665939272677,Lengthened_only,0.00111092660853858
ZNF746,2,1,0,0.0012686325821641,0.165670527919819,0.165670527919819,Lengthened_only,0.00126862865248139
DAP,2,2,0,0.0012686325821641,0.0761818591883383,0.0519164858076602,Mixed,0.00127796995124756
ST6GALNAC6,2,1,1,0.0012686325821641,0.557814563006806,0.557814563006806,Shortened_only,0.00130431600636212
ZNF324,2,2,2,0.00179200016304472,2.03925063850338,1.7891902752839,Mixed,0.00179199153816824
VDAC3,3,1,0,0.00179200016304472,0.0464341947494304,0.0464341947494304,Shortened_only,0.0018269086806016
ZNF557,3,1,1,0.00179200016304472,0.624121301921801,0.624121301921801,Lengthened_only,0.00182965677753136
GNB5,4,1,0,0.00185704408131634,0.16058143035635,0.16058143035635,Shortened_only,0.00185703425762851
MSX1,3,2,2,0.00185704408131634,0.918974855319293,0.889502964802699,Mixed,0.0018581913784458
RTF2,2,1,1,0.00197619740161423,0.52307338936809,0.52307338936809,Lengthened_only,0.00197618564117633
RPL7A,2,1,0,0.00197619740161423,0.486364410469973,0.486364410469973,Shortened_only,0.0019798290331346
SNX21,3,1,1,0.00204794825249749,1.16919506467686,1.16919506467686,Shortened_only,0.00210044574206546
HSPD1,2,2,0,0.00204794825249749,0.26717285066182,0.188582730082921,Mixed,0.00212790456426089
CHMP7,2,1,0,0.00260955090977581,0.0590589385438847,0.0590589385438847,Lengthened_only,0.00267476639090649
TMUB2,3,1,1,0.00265133325408374,0.713742888557549,0.713742888557549,Shortened_only,0.00271597530360155
CRYZL1,5,1,1,0.00283989480912218,1.00155145587468,1.00155145587468,Shortened_only,0.00296608013458419
ZNF703,3,1,0,0.0028328123465491,0.268221396798531,0.268221396798531,Shortened_only,0.0029676780666875
FAM136A,2,2,1,0.00283989480912218,0.822083230006503,0.643657858121049,Mixed,0.00299883983483967
ANGPT1,2,1,0,0.00283989480912218,0.199545259097741,0.199545259097741,Shortened_only,0.00306361806569674
IST1,2,1,0,0.00297308758602534,0.123344476905473,0.123344476905473,Shortened_only,0.00310231623076771
TBCCD1,2,2,1,0.00310090072507962,0.609730908752542,0.520056823565738,Mixed,0.00322742656041707
ANGPT2,5,1,1,0.00310090072507962,0.679447448265777,0.679447448265777,Shortened_only,0.00324234927437436
OTUD7B,8,1,1,0.00310090072507962,1.63283847122336,1.63283847122336,Lengthened_only,0.0032915417867582
FGFRL1,2,1,1,0.00328120592812982,0.517365138438072,0.517365138438072,Shortened_only,0.00341240677794223
SLC25A25,2,1,0,0.0033169488695882,0.0621317453189363,0.0621317453189363,Lengthened_only,0.00347416368888829
TBC1D23,3,1,0,0.0033169488695882,0.274947264241536,0.274947264241536,Shortened_only,0.00348899293060901
TRAF4,2,1,0,0.0033169488695882,0.213100054040421,0.213100054040421,Shortened_only,0.00349084111380923
ESYT1,2,1,1,0.0033169488695882,0.711741291985202,0.711741291985202,Lengthened_only,0.00350474782352417
ZFC3H1,3,1,1,0.0033169488695882,0.608907295120889,0.608907295120889,Lengthened_only,0.00352105963951486
NUBP1,2,1,1,0.00337449336072553,0.799186849001213,0.799186849001213,Shortened_only,0.00354315672259016
PIGP,2,1,0,0.00337449336072553,0.162106992618717,0.162106992618717,Lengthened_only,0.00356591653185274
KLHDC10,5,1,1,0.0033169488695882,1.82683378676478,1.82683378676478,Shortened_only,0.00357114107234487
C3orf52,2,1,0,0.0033169488695882,0.247127556932154,0.247127556932154,Lengthened_only,0.00362594915905389
SLC23A2,3,1,1,0.003472332167654,0.716682877130886,0.716682877130886,Lengthened_only,0.00364303671058742
RNPS1,2,2,0,0.0033169488695882,0.347469684652098,0.254464195632158,Mixed,0.00366317498140498
DMWD,4,1,1,0.00367946319295679,2.45334572827653,2.45334572827653,Lengthened_only,0.00385742664830327
TBPL1,4,1,0,0.00390750182801646,0.174056114973586,0.174056114973586,Lengthened_only,0.0040934874221753
NUDT9,2,1,1,0.00393369741770296,1.14380413760953,1.14380413760953,Shortened_only,0.00411800115028939
SIL1,2,2,0,0.00425982770104561,0.213046980244582,0.166912154728847,Mixed,0.00445633007191861
ZFX,5,1,1,0.00487689411866286,2.59969712161521,2.59969712161521,Shortened_only,0.00509512094526605
OARD1,2,1,1,0.00487689411866286,4.25036551952326,4.25036551952326,Shortened_only,0.00511184285936549
CCT4,2,1,1,0.00615143508701616,0.524193287346041,0.524193287346041,Shortened_only,0.00650270474595062
EXOSC2,5,1,0,0.00615143508701616,0.305241602914331,0.305241602914331,Shortened_only,0.0065336178888474
ZMYM6,2,1,0,0.00615143508701616,0.245623409979046,0.245623409979046,Lengthened_only,0.0065952623576131
ICAM1,3,1,0,0.00630660747250262,0.45003771090801,0.45003771090801,Shortened_only,0.00665191209998853
CDC16,2,1,1,0.00630660747250262,0.670491084479112,0.670491084479112,Shortened_only,0.00666660977602253
POGLUT3,2,1,0,0.00630660747250262,0.159833244591544,0.159833244591544,Lengthened_only,0.00666846753461848
URM1,2,1,0,0.00641002000130174,0.49520873914576,0.49520873914576,Lengthened_only,0.0068428474344998
TSPAN17,2,1,0,0.00660505317229242,0.204727281841619,0.204727281841619,Shortened_only,0.00704508706682395
LZTR1,2,1,0,0.00674708045550981,0.00473549172741716,0.00473549172741716,Lengthened_only,0.0071906474856126
CSTF2,2,1,0,0.00696149843066365,0.332498813634394,0.332498813634394,Lengthened_only,0.00741319936284036
HSD17B11,2,1,1,0.00709446086722947,0.530202977618494,0.530202977618494,Shortened_only,0.00754887221824007
UBE2D1,2,2,0,0.00729214445389397,0.182990253618258,0.130640549467211,Mixed,0.00775328605027633
AKAP11,2,1,1,0.00731861055508552,0.987772888419721,0.987772888419721,Shortened_only,0.00777563002865274
POC1A,2,1,0,0.00776216804425728,0.472355316450529,0.472355316450529,Lengthened_only,0.00824086648427196
BOP1,2,1,0,0.00784774533007272,0.282262744459137,0.282262744459137,Shortened_only,0.00832580373141355
SRGAP1,2,2,0,0.0083759935756571,0.328268599654236,0.297811483588337,Mixed,0.00888003877888579
TMBIM1,2,1,0,0.00874860574643223,0.0353419266600579,0.0353419266600579,Shortened_only,0.00926263602765481
SNRPC,2,1,0,0.00874860574643223,0.114807793829868,0.114807793829868,Shortened_only,0.0093199602566302
BCKDK,3,1,0,0.00882681423065353,0.459467134302541,0.459467134302541,Lengthened_only,0.00933939053959531
DNAJC2,3,1,0,0.00887310794350072,0.234582673011907,0.234582673011907,Lengthened_only,0.00938243330417894
NCS1,7,1,0,0.00910953672763322,0.0260633047225189,0.0260633047225189,Shortened_only,0.00962063795781472
NRN1,2,1,0,0.00910953672763322,0.472659005373152,0.472659005373152,Lengthened_only,0.00971096754998039
UPF1,2,1,0,0.00932546190255166,0.192427062598995,0.192427062598995,Lengthened_only,0.00983713315124507
PHLDB1,2,1,0,0.00940516325383787,0.296993250572267,0.296993250572267,Lengthened_only,0.00991557718186897
CPSF4,2,1,0,0.00932546190255166,0.259542686832291,0.259542686832291,Shortened_only,0.00993319485910914
MED17,2,1,0,0.00943091678547219,0.244621996945225,0.244621996945225,Shortened_only,0.0099372078193118
MARCHF6,10,1,1,0.00944956399760001,2.56945909253016,2.56945909253016,Shortened_only,0.00994095658865501
BICD2,2,1,0,0.00944956399760001,0.0990376736720942,0.0990376736720942,Lengthened_only,0.0100230811867358
ARPC3,2,1,1,0.00944956399760001,0.651242221382295,0.651242221382295,Lengthened_only,0.0100391805283148
SECISBP2,3,1,1,0.00963656022805669,0.714071956255069,0.714071956255069,Shortened_only,0.0101324795362422
MRPL49,2,1,1,0.00970246497474745,0.685093020006377,0.685093020006377,Lengthened_only,0.010186743575284
JAK1,3,1,0,0.00969923361325933,0.209721379257235,0.209721379257235,Lengthened_only,0.0101932636574339
EMILIN2,2,1,0,0.00970246497474745,0.2647989909907,0.2647989909907,Lengthened_only,0.0102380285354124
KIF3A,3,2,0,0.0097956998134285,0.158472393613914,0.115288125164715,Mixed,0.0103155760540496
PTCD2,2,2,2,0.0097956998134285,1.43706003402188,1.18287641286536,Mixed,0.0103492492603541
PROSER2,2,1,1,0.0097956998134285,0.520190866278084,0.520190866278084,Shortened_only,0.0104435743737889
GPCPD1,3,1,1,0.0097956998134285,1.71323652157421,1.71323652157421,Lengthened_only,0.0104548020678876
PNPLA4,2,1,0,0.0097956998134285,0.316904550735918,0.316904550735918,Lengthened_only,0.0104776109690572
CENPA,2,1,0,0.0097956998134285,0.428604323769037,0.428604323769037,Lengthened_only,0.0105142892907083
GALC,2,1,0,0.00996247839056409,0.353369362903682,0.353369362903682,Shortened_only,0.0105201581257617
TMED2,2,1,0,0.0100668840777927,0.0458460085165111,0.0458460085165111,Lengthened_only,0.0106251629730338
ACTL6A,2,1,0,0.0104624103549702,0.0120394007192237,0.0120394007192237,Shortened_only,0.0110119382864302
PDAP1,3,1,0,0.0104508448132228,0.0371198614200843,0.0371198614200843,Shortened_only,0.0110146591721371
NSD1,3,1,0,0.0104508448132228,0.106105958839028,0.106105958839028,Lengthened_only,0.0110435753533489
EIF4ENIF1,3,1,1,0.0104508448132228,0.500890459441647,0.500890459441647,Lengthened_only,0.0110612312184728
GLRX,2,1,0,0.0104624103549702,0.0416056403784602,0.0416056403784602,Lengthened_only,0.0110950284967968
SLC9B2,2,1,1,0.0104624103549702,0.704110920586606,0.704110920586606,Shortened_only,0.0111209451692082
CETN2,2,1,0,0.0107152785984619,0.0147798079498394,0.0147798079498394,Lengthened_only,0.0112635718188929
LDB1,3,1,0,0.0107152785984619,0.0766382617957424,0.0766382617957424,Shortened_only,0.0112797191216878
YARS2,3,1,0,0.0107152785984619,0.0665546719172303,0.0665546719172303,Shortened_only,0.0113521118587786
PDCD2,5,1,1,0.0113234368033731,0.657122147715182,0.657122147715182,Shortened_only,0.0119881292177491
CHCHD1,2,1,0,0.0113234368033731,0.405978301215068,0.405978301215068,Shortened_only,0.0120101022814559
YWHAB,8,1,1,0.0116303752861153,2.08077045661735,2.08077045661735,Shortened_only,0.0123073342830156
RBBP7,3,1,0,0.0116948069765313,0.459758612116973,0.459758612116973,Lengthened_only,0.0123534573240758
ADGRA3,2,1,0,0.0116948069765313,0.341517903402552,0.341517903402552,Lengthened_only,0.0124150913309714
DUSP22,2,1,0,0.0117663486820497,0.376967327890867,0.376967327890867,Lengthened_only,0.0124236937067482
USP32,2,1,1,0.0116948069765313,0.675948487305389,0.675948487305389,Shortened_only,0.0124714961105128
PPRC1,2,1,0,0.0116948069765313,0.293168481161017,0.293168481161017,Lengthened_only,0.0125269067850106
TM2D3,3,1,1,0.0119029082335164,0.808748927661889,0.808748927661889,Lengthened_only,0.0125421694276832
HMGCS1,3,1,0,0.0119029082335164,0.402232195900076,0.402232195900076,Shortened_only,0.0125527763617106
STIM2,2,1,0,0.0119029082335164,0.221747133213444,0.221747133213444,Shortened_only,0.0126284527967474
GZF1,6,1,1,0.0120135543385275,2.86963410835898,2.86963410835898,Lengthened_only,0.0126393855062975
SPRY2,2,1,1,0.0119029082335164,0.689764161319807,0.689764161319807,Lengthened_only,0.0126437482431444
EID2,3,1,0,0.0120135543385275,0.00314606273749796,0.00314606273749796,Lengthened_only,0.0126896417924208
BCAR1,3,1,1,0.0119029082335164,0.810750341049008,0.810750341049008,Shortened_only,0.0126931974490482
ZNF616,2,1,1,0.0120135543385275,0.705715225704096,0.705715225704096,Lengthened_only,0.0127190159658869
NRP2,2,1,0,0.0120135543385275,0.0399144358886545,0.0399144358886545,Shortened_only,0.0127370586875758
CPEB2,2,1,0,0.0121780412069667,0.241919947276561,0.241919947276561,Lengthened_only,0.0128076925530201
IFI16,3,1,0,0.0123784868447854,0.277811087873649,0.277811087873649,Shortened_only,0.0130137399409054
TTLL5,2,1,1,0.0126147233711515,1.03997909648032,1.03997909648032,Shortened_only,0.0132526276704055
DDX42,2,1,0,0.0126147233711515,0.472178836407243,0.472178836407243,Lengthened_only,0.0132835937111903
NGLY1,2,1,1,0.0127134482900988,0.862324166132183,0.862324166132183,Lengthened_only,0.0133516767958032
SMYD4,2,2,2,0.0129116076125044,3.10174210632308,3.02819188259307,Mixed,0.0135327649544635
PDGFB,3,1,0,0.0129116076125044,0.188389447851387,0.188389447851387,Shortened_only,0.0135962076085394
VMP1,6,1,1,0.0129116076125044,2.13521556340985,2.13521556340985,Shortened_only,0.0136072683592749
COX5A,2,1,0,0.0129116076125044,0.461489380391736,0.461489380391736,Shortened_only,0.0136430605897289
ACO2,2,1,0,0.0129116076125044,0.130128201446459,0.130128201446459,Shortened_only,0.0136441661587177
CPSF6,6,1,1,0.0129116076125044,1.05961470206446,1.05961470206446,Shortened_only,0.0137140365978343
TTF1,2,1,1,0.0136983857233968,0.54187340198578,0.54187340198578,Lengthened_only,0.0143527093136367
USP28,2,2,2,0.0138755342220325,0.618125496475602,0.572928779351186,Mixed,0.01453374626093
ZW10,2,1,0,0.0149828328945688,0.147150948791276,0.147150948791276,Shortened_only,0.0157842583012626
IFIT3,2,2,2,0.0149828328945688,1.91883776505567,1.89171396238034,Mixed,0.0158176944151581
SGK3,3,1,1,0.0152120691686538,0.876985162746155,0.876985162746155,Lengthened_only,0.0160202455813324
ETAA1,3,1,1,0.0153315085449957,0.974890828621003,0.974890828621003,Lengthened_only,0.0161405714831054
JAM3,3,2,1,0.015528784533943,0.740418413911451,0.47858994641839,Mixed,0.0163374226422578
GOSR2,11,1,0,0.015528784533943,0.338046204391036,0.338046204391036,Shortened_only,0.0163649385231873
ZDHHC13,2,1,0,0.0160159615339827,0.0626631611433899,0.0626631611433899,Shortened_only,0.0169483580970126
PDCL,2,1,0,0.0160323582788162,0.113781570862636,0.113781570862636,Shortened_only,0.0169536517769646
MTOR,2,1,0,0.0160323582788162,0.275979495165805,0.275979495165805,Lengthened_only,0.016980225496471
HECA,2,1,0,0.0164247706993922,0.00908590151656963,0.00908590151656963,Shortened_only,0.0173624650815453
CFAP410,2,1,0,0.0165927655522071,0.362739174133616,0.362739174133616,Shortened_only,0.0175339685617132
STXBP1,3,1,0,0.0166822605257802,0.41893125815504,0.41893125815504,Lengthened_only,0.0178250272729209
PLPP4,3,1,1,0.0166986822666939,0.742490853579882,0.742490853579882,Lengthened_only,0.0178354166297382
FUNDC2,3,1,0,0.0167606881238871,0.356246185297881,0.356246185297881,Lengthened_only,0.0178945363790009
TMEM38B,3,1,0,0.0166822605257802,0.141248845689542,0.141248845689542,Shortened_only,0.0179337702270642
TRAPPC11,2,1,0,0.0169863814748315,0.332442820295927,0.332442820295927,Lengthened_only,0.0181479281512885
RORA,5,2,1,0.0169863814748315,1.46963128433214,0.738277481697157,Mixed,0.0181970082251026
DHTKD1,4,1,1,0.0169863814748315,1.40988308878652,1.40988308878652,Lengthened_only,0.0182172966956726
PPP4R3A,3,1,0,0.0175373657275595,0.296789317549621,0.296789317549621,Shortened_only,0.018734927151873
CSRP1,2,1,0,0.0175055204103666,0.0848781595892873,0.0848781595892873,Shortened_only,0.0187436821370151
RPL27A,7,1,1,0.0175373657275595,2.52461697995695,2.52461697995695,Shortened_only,0.0187812071407627
ATG10,4,2,1,0.0175055204103666,1.10385306822308,0.612223825008932,Lengthened_only,0.0187891299956306
APAF1,2,1,0,0.0175373657275595,0.216598672136803,0.216598672136803,Shortened_only,0.0187970248773595
MAPK8,4,1,1,0.0175055204103666,1.07324862292894,1.07324862292894,Shortened_only,0.0188384481218172
ACP2,2,1,0,0.0175373657275595,0.48523495761669,0.48523495761669,Shortened_only,0.0188591062863843
SAMD14,2,1,1,0.0175055204103666,0.74545482812854,0.74545482812854,Lengthened_only,0.0189009677999252
MARVELD1,2,1,0,0.0175373657275595,0.212179915572559,0.212179915572559,Shortened_only,0.0189482076511354
SLC1A5,2,1,0,0.0175373657275595,0.240443825400542,0.240443825400542,Lengthened_only,0.0189963060476701
TNIP2,2,1,0,0.0188675225221329,0.0498996794090569,0.0498996794090569,Lengthened_only,0.0202318241940972
ZFP64,3,1,0,0.0188675225221329,0.208393192727527,0.208393192727527,Shortened_only,0.0203047867811649
HTATIP2,2,1,1,0.0188675225221329,0.504205081760692,0.504205081760692,Lengthened_only,0.0203122261358849
CXADR,2,1,0,0.0188675225221329,0.309059425687051,0.309059425687051,Lengthened_only,0.0203324994266357
SRP54,3,1,1,0.0191505952167708,0.748994553035157,0.748994553035157,Lengthened_only,0.0205275184393538
RNF111,3,1,1,0.0192437420845894,0.637659492732715,0.637659492732715,Shortened_only,0.0206196238068323
GFM2,2,1,0,0.0193317776642489,0.424732465689669,0.424732465689669,Shortened_only,0.0206986899063312
SDHD,3,1,0,0.0193317776642489,0.162837819566434,0.162837819566434,Shortened_only,0.0207447209036431
SNX17,2,1,0,0.0195489435250556,0.380939097523223,0.380939097523223,Shortened_only,0.0208520563144444
ELK4,5,1,1,0.0195729224561681,1.36828010841014,1.36828010841014,Shortened_only,0.020870868111753
FBXL5,2,1,0,0.0196313951951857,0.41464393536663,0.41464393536663,Lengthened_only,0.0209264891014588
FAM114A2,4,1,1,0.0195489435250556,0.526791621988501,0.526791621988501,Shortened_only,0.0209425781481063
LETM1,5,1,1,0.0195489435250556,0.743462717560814,0.743462717560814,Shortened_only,0.0209441506483186
ERVK3-1,5,1,1,0.0195489435250556,1.80362406669642,1.80362406669642,Lengthened_only,0.0209462420262712
DERA,2,1,0,0.0195489435250556,0.0144098360837646,0.0144098360837646,Lengthened_only,0.0209675037887818
PAIP1,2,1,0,0.0197081330591476,0.39639665586288,0.39639665586288,Lengthened_only,0.0209884615064556
DDX55,2,1,0,0.0195489435250556,0.483348793472238,0.483348793472238,Shortened_only,0.0209940537790359
POLR3E,3,1,0,0.0195489435250556,0.00300565594982061,0.00300565594982061,Lengthened_only,0.0209951164146514
AKAP1,4,1,1,0.0197081330591476,1.07616371562968,1.07616371562968,Lengthened_only,0.021017731835155
MICOS10,3,1,1,0.0195489435250556,1.30146450914895,1.30146450914895,Shortened_only,0.021033887632672
CLIC4,13,1,1,0.0195489435250556,0.545948541459427,0.545948541459427,Lengthened_only,0.0210429404973951
AGO3,5,1,1,0.0197081330591476,1.25500078232487,1.25500078232487,Lengthened_only,0.0210533575464583
BBOF1,2,1,0,0.0195489435250556,0.395765832289513,0.395765832289513,Shortened_only,0.0210671411157721
GEMIN4,3,1,0,0.0195489435250556,0.270970261220239,0.270970261220239,Lengthened_only,0.0211709190419075
CEP250,2,1,0,0.0203191443113524,0.0186242678449071,0.0186242678449071,Lengthened_only,0.0216322683582848
NECAB3,2,1,0,0.020374637244523,0.183614447260193,0.183614447260193,Shortened_only,0.0216847042216186
RAB3IP,3,1,1,0.0206760728606133,1.44537115757191,1.44537115757191,Shortened_only,0.0219987515979109
TUBGCP4,4,1,1,0.0207619964584994,1.07206239464196,1.07206239464196,Lengthened_only,0.0221472875069963
BDNF,7,1,1,0.0207619964584994,0.692600356402374,0.692600356402374,Lengthened_only,0.022252023317864
KDM5B,7,1,1,0.0211829666969206,0.81260841929116,0.81260841929116,Lengthened_only,0.022621066856546
COL6A3,2,1,0,0.021276195528677,0.142213528699729,0.142213528699729,Shortened_only,0.0227064751727256
NRGN,2,1,0,0.021276195528677,0.142808779147007,0.142808779147007,Shortened_only,0.022715526687504
TSPAN18,4,1,1,0.0217682119534904,2.17804642950477,2.17804642950477,Lengthened_only,0.0232242450996925
CBLL1,3,1,1,0.0218650192252213,3.76040739666629,3.76040739666629,Lengthened_only,0.0233064462837249
RAI14,5,1,1,0.0218650192252213,1.01382667631919,1.01382667631919,Lengthened_only,0.0234007237310097
CCNF,2,1,1,0.0220555317940622,0.953452050190613,0.953452050190613,Shortened_only,0.0234956165578794
STAT5A,2,1,0,0.0218650192252213,0.0103964062177342,0.0103964062177342,Lengthened_only,0.02350108118744
ODF2L,2,1,0,0.0220555317940622,0.287868129152554,0.287868129152554,Lengthened_only,0.0235058908294229
NCEH1,3,1,0,0.0221230718284512,0.159194710828469,0.159194710828469,Shortened_only,0.0235539313549171
POGK,2,1,0,0.0221230718284512,0.000854264277323935,0.000854264277323935,Shortened_only,0.0236048693812127
MPC2,3,1,0,0.0224443869341088,0.216408818446579,0.216408818446579,Lengthened_only,0.0238756504656532
ARL10,2,1,0,0.0224443869341088,0.198952125028017,0.198952125028017,Lengthened_only,0.0239350001906885
TRNAU1AP,2,1,0,0.0224443869341088,0.128287237745412,0.128287237745412,Shortened_only,0.023954831033028
FGD1,2,1,0,0.0228458774023407,0.0264744546253484,0.0264744546253484,Shortened_only,0.0242958178653804
SULF2,2,1,0,0.0229027077068333,0.114237256395123,0.114237256395123,Lengthened_only,0.0243495312458992
TFDP1,4,1,0,0.0230201053637798,0.104370118576242,0.104370118576242,Lengthened_only,0.0244610072270927
MTF2,5,1,1,0.0230201053637798,1.12664193950396,1.12664193950396,Lengthened_only,0.0245632365311825
CANT1,2,1,0,0.0233381111267159,0.206136988027737,0.206136988027737,Lengthened_only,0.0247921225598091
MORC2,2,1,0,0.0234996211722733,0.360424116311258,0.360424116311258,Shortened_only,0.0249569863101661
STXBP5,8,1,1,0.0236941267176049,0.529188204287392,0.529188204287392,Shortened_only,0.0251568324583358
GTPBP10,3,1,1,0.0240176175846848,0.820980063580555,0.820980063580555,Shortened_only,0.0254934736775644
SEC62,14,1,0,0.0244469545622125,0.303994456024624,0.303994456024624,Shortened_only,0.0259224441008218
LATS2,5,1,1,0.0244469545622125,2.03143890908968,2.03143890908968,Shortened_only,0.0259399798695663
SNX6,4,1,0,0.0244469545622125,0.187355130215296,0.187355130215296,Shortened_only,0.0259628821976807
SLC35F6,3,1,1,0.0244469545622125,1.09431352527789,1.09431352527789,Shortened_only,0.0260244487175938
SRSF6,6,1,0,0.0246416799535507,0.346141248476018,0.346141248476018,Lengthened_only,0.0261157922762244
TLE4,2,1,0,0.0246416799535507,0.215643629780258,0.215643629780258,Shortened_only,0.0261348878190385
USP53,4,1,1,0.0252962242754596,1.84810959755255,1.84810959755255,Lengthened_only,0.0269109950570017
TRIM23,5,1,1,0.0253597570794052,0.987388355390288,0.987388355390288,Lengthened_only,0.0269715198460657
TAB3,2,1,1,0.0268491401548213,0.761406707734924,0.761406707734924,Lengthened_only,0.0287755710938335
PIGG,2,1,0,0.0275094253057641,0.194473705280804,0.194473705280804,Shortened_only,0.0294743391160729
EEIG1,2,1,0,0.0275408065224604,0.316647037567431,0.316647037567431,Shortened_only,0.0294995106177836
CPEB4,2,1,0,0.0277879987171437,0.212370091075822,0.212370091075822,Shortened_only,0.0297556937151948
DNM1L,5,1,1,0.0279129941784794,1.55789631711717,1.55789631711717,Lengthened_only,0.0298727217863699
ALDH2,4,1,0,0.027983601133098,0.14823678632537,0.14823678632537,Shortened_only,0.0299399536036812
RSPH3,3,1,1,0.0279129941784794,0.764296153821415,0.764296153821415,Lengthened_only,0.0299603086773577
ARFGEF2,2,1,0,0.028584598829864,0.326979792417246,0.326979792417246,Shortened_only,0.0306745998383639
MFSD8,3,1,0,0.028583830366951,0.0123641925560252,0.0123641925560252,Lengthened_only,0.0306825192979156
PDCL3,3,1,0,0.028583830366951,0.362117876878178,0.362117876878178,Shortened_only,0.0306977716481816
TIMM9,3,1,1,0.0286296505294131,5.52727137971274,5.52727137971274,Lengthened_only,0.0307056125707574
LRRC1,2,1,1,0.0286296505294131,0.685699719671451,0.685699719671451,Shortened_only,0.0307854657698793
VPS35L,2,1,0,0.0290036431123568,0.0313022051664653,0.0313022051664653,Shortened_only,0.0312150904247417
RPS28,2,1,0,0.0292946649511482,0.271041746440016,0.271041746440016,Lengthened_only,0.0315098647154637
SREK1IP1,10,1,1,0.0293736433301161,1.36997376006218,1.36997376006218,Shortened_only,0.0315857256803531
GNPDA1,2,1,1,0.0292946649511482,0.87259746729648,0.87259746729648,Shortened_only,0.0316327046945614
ANXA5,2,1,0,0.0301970213291265,0.154679066020671,0.154679066020671,Shortened_only,0.0324613088687391
MTRR,2,2,2,0.0302737470888101,0.813555134821676,0.756888615437751,Mixed,0.032516444131409
EFHD2,5,1,0,0.0302737470888101,0.264134258293176,0.264134258293176,Shortened_only,0.0325597386526476
DIABLO,3,1,0,0.0302737470888101,0.335012223768214,0.335012223768214,Lengthened_only,0.0326015221179675
TMEM33,9,1,1,0.0304583766437227,1.5078678257156,1.5078678257156,Shortened_only,0.0327056071821328
DVL3,3,1,1,0.0307599310399315,1.06683685749119,1.06683685749119,Shortened_only,0.0330201590777194
SOS2,3,1,0,0.0309640270546783,0.418717313972635,0.418717313972635,Shortened_only,0.0331946875233687
TCF4,12,1,0,0.0309640270546783,0.388817598232305,0.388817598232305,Shortened_only,0.0332343694850808
ZNF621,2,1,1,0.0309640270546783,0.834372533715285,0.834372533715285,Shortened_only,0.0332951649143043
ALKBH4,2,1,1,0.0309640270546783,0.762880558144195,0.762880558144195,Shortened_only,0.0333120851422862
ZNF706,2,1,0,0.0309640270546783,0.115075227184684,0.115075227184684,Lengthened_only,0.0333555473115064
ALG12,2,1,0,0.0311832966881142,0.184568766534662,0.184568766534662,Lengthened_only,0.0334121664838991
INO80C,2,1,0,0.0311764870606238,0.0488684091841911,0.0488684091841911,Shortened_only,0.0334135504822198
BABAM2,2,1,1,0.0315772439685444,0.515788727195772,0.515788727195772,Lengthened_only,0.033816587722032
INPP4A,4,1,1,0.0315772439685444,0.944262759712661,0.944262759712661,Shortened_only,0.0338376258109252
NEMF,7,1,1,0.0317806900356553,5.47260116495116,5.47260116495116,Lengthened_only,0.0340256535808041
SNRNP200,2,1,1,0.0325280596098489,0.661828551938731,0.661828551938731,Shortened_only,0.0348164257936956
ING2,2,1,0,0.0326463283343115,0.0458354575274704,0.0458354575274704,Lengthened_only,0.0349341639914455
FAM110A,2,1,0,0.0327959134744136,0.0508401972041765,0.0508401972041765,Lengthened_only,0.0350767126041909
KMT2E,3,1,0,0.032793734472422,0.0833891280952175,0.0833891280952175,Shortened_only,0.0350830496717455
DMD,2,1,0,0.0332217249525924,0.477439002640883,0.477439002640883,Lengthened_only,0.0355230656315997
RTN1,2,1,1,0.0332781577019907,1.08262586348627,1.08262586348627,Lengthened_only,0.0355746928867331
ZNF777,2,1,1,0.0333080639858104,0.631288458062374,0.631288458062374,Lengthened_only,0.0355980254873963
ASB6,2,1,0,0.0338100718062357,0.375047913724974,0.375047913724974,Lengthened_only,0.03612543562215
THOC2,5,1,0,0.0339694464356171,0.44984564153605,0.44984564153605,Shortened_only,0.0362869276418995
ARHGEF15,2,1,1,0.03420261000139,0.616585004330103,0.616585004330103,Shortened_only,0.0365271379493785
ZNF461,3,1,0,0.0345177688639274,0.355422410245316,0.355422410245316,Shortened_only,0.0368547625224832
POP5,2,1,0,0.0348005554365115,0.0279828971137821,0.0279828971137821,Lengthened_only,0.0371676901449773
VPS53,6,1,1,0.0348005554365115,6.5893443478049,6.5893443478049,Lengthened_only,0.0372280051151539
RPS26,2,1,0,0.0348005554365115,0.118740294216202,0.118740294216202,Shortened_only,0.0372623327394971
TMEM154,7,1,1,0.0348005554365115,5.698183332175,5.698183332175,Lengthened_only,0.03733613286883
TPST1,2,1,0,0.0348005554365115,0.279117881259184,0.279117881259184,Shortened_only,0.0373585556026126
VCP,4,1,1,0.0349885659465451,2.31833321799744,2.31833321799744,Shortened_only,0.0374201508775034
CLK4,4,1,1,0.0348005554365115,5.10681015125042,5.10681015125042,Shortened_only,0.0374396561124978
TRIM32,3,1,0,0.0353269705247239,0.16130189614473,0.16130189614473,Lengthened_only,0.0377468005964844
TYMS,2,1,0,0.0353269705247239,0.0900838900985299,0.0900838900985299,Lengthened_only,0.0378523641955578
ARHGAP29,14,1,1,0.0353269705247239,5.32889110123355,5.32889110123355,Lengthened_only,0.03786308091873
PRMT2,2,1,0,0.0354482725812819,0.0920111682882023,0.0920111682882023,Shortened_only,0.037867676946616
TMEM184B,2,1,0,0.0353269705247239,0.0918249591661908,0.0918249591661908,Lengthened_only,0.0378831356648243
SAYSD1,3,1,1,0.0354601272376197,0.965472251115815,0.965472251115815,Shortened_only,0.0379938230998317
SELENON,2,1,0,0.035578755055873,0.244934162716879,0.244934162716879,Shortened_only,0.0381118568081376
CYB5A,3,1,0,0.0357130934989525,0.358988677446344,0.358988677446344,Shortened_only,0.0382467000869252
FOXP1,6,1,1,0.035766067744622,2.18253649220056,2.18253649220056,Lengthened_only,0.0382856759455505
FKBP15,3,1,0,0.035766067744622,0.172068457125819,0.172068457125819,Lengthened_only,0.0383295708308134
FOXK1,3,1,0,0.0360104790582331,0.0825074240544055,0.0825074240544055,Shortened_only,0.0385382398128904
BAG3,3,1,1,0.0364404026059904,3.42630531243514,3.42630531243514,Shortened_only,0.0389890399006354
THOC7,2,1,0,0.0366743782454678,0.00741974166360215,0.00741974166360215,Lengthened_only,0.0392302737119418
SART1,2,1,0,0.0368464918112082,0.121415801288336,0.121415801288336,Shortened_only,0.0393965603513759
UGGT1,11,1,0,0.0368464918112082,0.0276863014212854,0.0276863014212854,Lengthened_only,0.0394452364784677
LARS2,2,1,1,0.0369459106130856,0.592480932338294,0.592480932338294,Shortened_only,0.0394680604167883
SH2B3,2,1,0,0.0369459106130856,0.139716581676154,0.139716581676154,Shortened_only,0.0395108565819705
CCNG1,2,1,0,0.0369459106130856,0.0145441219794833,0.0145441219794833,Shortened_only,0.0395248649266635
DHX37,2,1,0,0.0369459106130856,0.0615087672301424,0.0615087672301424,Shortened_only,0.0395442666745414
PLEC,2,1,0,0.0373285896870899,0.0800530776810255,0.0800530776810255,Lengthened_only,0.0398678383669917
MAD2L1,2,1,1,0.0375292855361122,0.748215470772615,0.748215470772615,Shortened_only,0.0400733599281409
SNRK,2,1,0,0.0375293742226453,0.423516990372711,0.423516990372711,Shortened_only,0.0401347248197379
PARK7,2,1,0,0.0375293742226453,0.235147647329111,0.235147647329111,Shortened_only,0.0401662159233531
NEPRO,3,1,1,0.0375293742226453,0.744667291616874,0.744667291616874,Shortened_only,0.0402006249690535
DNAJC11,2,1,0,0.0375293742226453,0.100795230580321,0.100795230580321,Lengthened_only,0.0402355409476971
STXBP4,3,1,1,0.0375293742226453,1.63268972875447,1.63268972875447,Shortened_only,0.0402493391659429
ZNF71,2,1,1,0.0375293742226453,0.717530238619799,0.717530238619799,Lengthened_only,0.0402625578937306
ERLIN1,3,2,2,0.0375293742226453,1.86997323024414,1.50965456948501,Mixed,0.0402840187171408
HS2ST1,9,1,1,0.0384070226662728,0.674688916285652,0.674688916285652,Lengthened_only,0.0411859993652623
RRP1,2,1,0,0.038454930584486,0.218858057910165,0.218858057910165,Lengthened_only,0.0412282009930243
ITPRIPL2,8,1,0,0.0388394640439785,0.00399606019089482,0.00399606019089482,Shortened_only,0.0416308737496902
DAB2IP,2,1,0,0.0389085799771574,0.213013517944896,0.213013517944896,Lengthened_only,0.041695765184687
CCNC,2,1,0,0.0389736485204569,0.00495081292719313,0.00495081292719313,Shortened_only,0.041729470339961
MAD2L2,2,1,0,0.0390244193316527,0.26051942469652,0.26051942469652,Lengthened_only,0.0417749109555854
ASAP2,2,1,0,0.0390555948537326,0.156086534131587,0.156086534131587,Lengthened_only,0.0417906733519272
BTG2,2,1,1,0.0389736485204569,1.20055374486469,1.20055374486469,Lengthened_only,0.0418458226025462
ZNF529,2,1,0,0.0390555948537326,0.216360252505345,0.216360252505345,Lengthened_only,0.0418962368648841
BARD1,2,1,0,0.0389736485204569,0.216483699010724,0.216483699010724,Lengthened_only,0.041963285523976
MAPK1IP1L,10,1,1,0.0389736485204569,0.785658900318013,0.785658900318013,Lengthened_only,0.0419698130042218
TYSND1,2,1,1,0.0397561562728774,1.9538835232501,1.9538835232501,Shortened_only,0.0425987104449565
RHOT1,4,1,1,0.0397561562728774,0.512628305677205,0.512628305677205,Lengthened_only,0.042713270345069
LMNB2,3,1,0,0.0397561562728774,0.387604701882429,0.387604701882429,Lengthened_only,0.0427421231390762
TARBP1,2,1,0,0.0397561562728774,0.0612039333308072,0.0612039333308072,Shortened_only,0.042754660578076
SCYL2,5,1,1,0.0397561562728774,0.578594028334782,0.578594028334782,Shortened_only,0.0427741316669476
NAA30,6,1,1,0.0397561562728774,0.878467882336528,0.878467882336528,Lengthened_only,0.0428823948062804
MRPS11,4,1,1,0.0397561562728774,0.994767550896901,0.994767550896901,Lengthened_only,0.0429592702844563
ZNF333,3,1,0,0.0400735579678122,0.0233840774823144,0.0233840774823144,Lengthened_only,0.0430410207610327
FARSB,3,1,0,0.0400735579678122,0.446838246146559,0.446838246146559,Shortened_only,0.0430715043141901
GLIPR2,5,1,1,0.0407313278273518,1.85866186736897,1.85866186736897,Shortened_only,0.0437187946368505
BBS2,3,1,1,0.0407408666981368,0.778213871591985,0.778213871591985,Lengthened_only,0.0437198381736734
LSM4,2,1,0,0.0407313278273518,0.0866341470814902,0.0866341470814902,Lengthened_only,0.0437881456525701
ACAP2,2,1,0,0.0408386435628288,0.0121996422894108,0.0121996422894108,Lengthened_only,0.0438154873950566
SNX29,3,1,0,0.0407313278273518,0.330150587330278,0.330150587330278,Shortened_only,0.0439015243995293
POLK,6,1,0,0.0410685437553559,0.401784642003312,0.401784642003312,Shortened_only,0.044052697538529
SLC45A4,3,1,1,0.0410861288288277,0.998728085561647,0.998728085561647,Lengthened_only,0.0440624368161837
CD82,2,1,0,0.0411601572945382,0.453196096913921,0.453196096913921,Shortened_only,0.0441326667106283
SEC23A,4,1,0,0.0414137811945266,0.109076573327036,0.109076573327036,Lengthened_only,0.0443861877199237
DESI2,2,1,0,0.0414137811945266,0.160294428127667,0.160294428127667,Shortened_only,0.044511887792623
MTF1,5,1,1,0.0420925045796715,0.674914098921318,0.674914098921318,Shortened_only,0.045094536163886
RNF20,4,1,1,0.0420925045796715,1.57219046609627,1.57219046609627,Lengthened_only,0.0451603890111953
TMA7,3,1,1,0.042420737561411,1.19838082181675,1.19838082181675,Shortened_only,0.0454366497712187
SEPTIN7,4,2,2,0.0426449223572849,1.31783373988107,1.10338105479736,Mixed,0.045658360115278
NARS2,2,1,0,0.0426449223572849,0.397808030771855,0.397808030771855,Lengthened_only,0.0457164903100619
CHMP5,3,1,1,0.042903955420092,0.664693496193513,0.664693496193513,Lengthened_only,0.0459263063546384
CNOT9,4,1,0,0.0434180960730965,0.449918117399017,0.449918117399017,Shortened_only,0.0465909295228575
RNASE1,2,1,0,0.0434859783404419,0.262542868376929,0.262542868376929,Shortened_only,0.046654266963541
TTC7A,4,1,0,0.0437427094033975,0.0519144606003925,0.0519144606003925,Shortened_only,0.0469199222775839
PXN,2,1,0,0.0438903994863466,0.0351139243206955,0.0351139243206955,Lengthened_only,0.0470687348043984
NPAT,3,1,1,0.044290855542968,0.65008866245334,0.65008866245334,Lengthened_only,0.0474788055950578
PPP3CB,2,1,0,0.044290855542968,0.110564670918802,0.110564670918802,Shortened_only,0.0474983337061176
JCAD,7,1,1,0.0444785682462135,0.691784735422746,0.691784735422746,Lengthened_only,0.047670390889676
PPP2R1A,2,1,0,0.044708947143728,0.0829468185437818,0.0829468185437818,Shortened_only,0.0479171414922722
SRPRA,2,1,0,0.044708947143728,0.288364391244297,0.288364391244297,Lengthened_only,0.0479945170928032
DLAT,7,1,1,0.044708947143728,4.96907707814776,4.96907707814776,Lengthened_only,0.0480455717936613
BMPR2,11,1,1,0.044708947143728,1.82728446173753,1.82728446173753,Lengthened_only,0.0480500862806363
SMU1,7,1,1,0.044708947143728,0.683221753860587,0.683221753860587,Lengthened_only,0.0480771577990012
GADD45GIP1,2,1,0,0.0448941697457788,0.0278228641847402,0.0278228641847402,Lengthened_only,0.0481835806894868
PREX1,2,1,0,0.0449317562022066,0.161246009371997,0.161246009371997,Shortened_only,0.0482144176704118
VCF1,5,1,1,0.0457995743189362,1.71752362676694,1.71752362676694,Lengthened_only,0.0492750102599592
TPR,2,1,0,0.0457995743189362,0.469935025786308,0.469935025786308,Lengthened_only,0.0492753616962738
TBK1,3,1,0,0.0457995743189362,0.121925668280003,0.121925668280003,Lengthened_only,0.0492835932993882
HOXB5,2,1,0,0.0459349859870699,0.29448377189766,0.29448377189766,Shortened_only,0.0495015259968092
CRAMP1,2,1,1,0.0461205632782512,1.32993484610399,1.32993484610399,Shortened_only,0.0496910869146598
ZNF423,3,1,1,0.0462533344825478,0.551401307037584,0.551401307037584,Lengthened_only,0.0498238194991012
SERTAD2,5,1,1,0.0466837578079076,1.66953438148097,1.66953438148097,Shortened_only,0.0502766246497833
ZNF597,2,1,1,0.0470310628164095,0.541522922354531,0.541522922354531,Shortened_only,0.0506399214738271
PINX1,2,1,1,0.0472011550385368,0.905612156925359,0.905612156925359,Shortened_only,0.0507824987122661
STK4,2,1,0,0.0472011550385368,0.168514291631088,0.168514291631088,Lengthened_only,0.0508650049564645
BAG2,4,1,1,0.0472011550385368,4.6883650143377,4.6883650143377,Lengthened_only,0.0508949179453609
CA13,2,1,0,0.0472011550385368,0.074081261518292,0.074081261518292,Lengthened_only,0.05090623697558
FAM107A,3,1,1,0.0481711118433151,0.866639848660567,0.866639848660567,Lengthened_only,0.0518142553820735
GGA3,2,1,0,0.048431568882193,0.109033054165632,0.109033054165632,Lengthened_only,0.0520838145992239
TASP1,3,1,1,0.0489448625130891,0.700700131378187,0.700700131378187,Lengthened_only,0.0526145662659016
COX19,8,1,1,0.0489448625130891,1.39320987784841,1.39320987784841,Shortened_only,0.0527140343415567
COPS7A,2,1,0,0.049839883507691,0.448904725529848,0.448904725529848,Shortened_only,0.0535443969667355
RNF150,2,1,0,0.049839883507691,0.0464063740570619,0.0464063740570619,Shortened_only,0.0535697380888146
COA6,2,1,0,0.049839883507691,0.0454311557360407,0.0454311557360407,Shortened_only,0.0536549653544471
FNDC3B,6,1,1,0.0498485470025151,1.46647654852659,1.46647654852659,Lengthened_only,0.0537715495977729
PHF20,9,1,0,0.0498485470025151,0.287259624210707,0.287259624210707,Shortened_only,0.0538847752519071
MOCS1,2,1,1,0.0498485470025151,0.966842405955811,0.966842405955811,Shortened_only,0.0540117732350235
ABCB7,2,1,1,0.0498485470025151,1.10262109108231,1.10262109108231,Lengthened_only,0.054013716831054
PRKX,8,0,0,0.0503644870332467,NA,NA,NA,0.0542846274096758
TBC1D14,2,0,0,0.0503644870332467,NA,NA,NA,0.0543723108865789
CUL4A,7,0,0,0.0503644870332467,NA,NA,NA,0.0544780743395887
OTUD4,2,0,0,0.0503644870332467,NA,NA,NA,0.0545032018875857
ZNF182,2,0,0,0.0504917914248788,NA,NA,NA,0.0545400997577111
CIR1,3,0,0,0.0508417529356212,NA,NA,NA,0.0550361589087704
CLPP,2,0,0,0.050957610962639,NA,NA,NA,0.0551390496152108
CIBAR1,3,0,0,0.050957610962639,NA,NA,NA,0.0552102268747758
PPP1R3D,3,0,0,0.0515356282520691,NA,NA,NA,0.0559893000432203
SNURF,2,0,0,0.0516113395172998,NA,NA,NA,0.0560597008781309
PRELID2,2,0,0,0.0515356282520691,NA,NA,NA,0.0561186090920834
TGFBI,2,0,0,0.0515356282520691,NA,NA,NA,0.0561233699736418
MSRB2,3,0,0,0.051720609025861,NA,NA,NA,0.0561548861587372
HIF1AN,7,0,0,0.051720609025861,NA,NA,NA,0.0562222909059674
ZNF410,3,0,0,0.05254220773467,NA,NA,NA,0.0570653291464903
HSCB,2,0,0,0.05254220773467,NA,NA,NA,0.057140423519824
PDCD4,8,0,0,0.05254220773467,NA,NA,NA,0.0571685625902265
RBM33,4,0,0,0.0529743795419067,NA,NA,NA,0.0575975328659832
ZFYVE1,3,0,0,0.0532713912732258,NA,NA,NA,0.0579078440095991
KCNMB4,4,0,0,0.053328822603386,NA,NA,NA,0.0579581924151343
EML4,2,0,0,0.0535948881229269,NA,NA,NA,0.0582348339428142
RIOX2,7,0,0,0.0536420380441771,NA,NA,NA,0.058274048973495
GGCX,11,0,0,0.0537828423775413,NA,NA,NA,0.0584148229999744
ARL15,2,0,0,0.0541414478194953,NA,NA,NA,0.0589234925780812
GID8,4,0,0,0.0544194328275119,NA,NA,NA,0.0592010010083332
GRPEL2,2,0,0,0.0544194328275119,NA,NA,NA,0.0593032954213976
COMMD8,4,0,0,0.054815934046083,NA,NA,NA,0.0597517767227068
RMND5A,5,0,0,0.0548815205941168,NA,NA,NA,0.0598106268628196
SSR3,17,0,0,0.0551636105546219,NA,NA,NA,0.0601049261587944
NUS1,3,0,0,0.0552428930515359,NA,NA,NA,0.0601786714045348
WDR7,2,0,0,0.055534210904243,NA,NA,NA,0.0604704839623125
OCRL,2,0,0,0.055534210904243,NA,NA,NA,0.0605902628484161
POLA2,2,0,0,0.0557348448496362,NA,NA,NA,0.0606761009899377
GOSR1,4,0,0,0.055852540864409,NA,NA,NA,0.0607670319319816
ZNF275,3,0,0,0.0558654558140024,NA,NA,NA,0.0607688539577101
PIGM,12,0,0,0.055852540864409,NA,NA,NA,0.0609091671761641
ZNF292,4,0,0,0.0560253579808476,NA,NA,NA,0.0609302476613453
CDT1,2,0,0,0.055852540864409,NA,NA,NA,0.0609478808727782
VTI1A,7,0,0,0.0569256599919128,NA,NA,NA,0.061894959179744
SRGAP2,3,0,0,0.0575460193682612,NA,NA,NA,0.0625556137595501
SH3PXD2A,2,0,0,0.0577794441964509,NA,NA,NA,0.0628811735659027
TMEM65,8,0,0,0.0578806004408295,NA,NA,NA,0.0629785692166302
ZSWIM7,2,0,0,0.0579021097874192,NA,NA,NA,0.0629895234722319
TOM1L2,2,0,0,0.0577794441964509,NA,NA,NA,0.0630035719131008
RAD1,5,0,0,0.0577794441964509,NA,NA,NA,0.0630187451043952
RSBN1,2,0,0,0.0577794441964509,NA,NA,NA,0.0630246208696163
OGFRL1,8,0,0,0.0577794441964509,NA,NA,NA,0.0631014358231477
GALK2,3,0,0,0.0583867745618121,NA,NA,NA,0.0635031463872754
DHDDS,3,0,0,0.0587001048386929,NA,NA,NA,0.0638307069405974
PIK3CA,8,0,0,0.0587714523531188,NA,NA,NA,0.0640301918107608
SMAP2,2,0,0,0.0590215279299355,NA,NA,NA,0.0642892950681124
SLC17A9,2,0,0,0.0592524882217573,NA,NA,NA,0.0645149060351664
RAB5IF,2,0,0,0.0592524882217573,NA,NA,NA,0.0646035311713438
SMYD3,2,0,0,0.0593549613905021,NA,NA,NA,0.0646135923116956
ACOX3,4,0,0,0.0600333706055019,NA,NA,NA,0.0653249937894215
SEC22A,3,0,0,0.0600333706055019,NA,NA,NA,0.0654170444643081
ZNF33A,2,0,0,0.0602496012766995,NA,NA,NA,0.0655470743633873
EPAS1,3,0,0,0.0602715669940329,NA,NA,NA,0.0655583105001294
TWIST2,3,0,0,0.0603091827392567,NA,NA,NA,0.0656005689463689
SAMD9L,2,0,0,0.0606191187909441,NA,NA,NA,0.0660458298728697
KIF14,2,0,0,0.0609911683816719,NA,NA,NA,0.066560254864375
CCDC134,2,0,0,0.0609911683816719,NA,NA,NA,0.0666754866206067
MDH2,3,0,0,0.0612670115266237,NA,NA,NA,0.0668764769196153
HEATR1,5,0,0,0.0612670115266237,NA,NA,NA,0.0669039663180735
IGFBP3,2,0,0,0.0613005793318995,NA,NA,NA,0.0669274696307441
ERLIN2,6,0,0,0.0612670115266237,NA,NA,NA,0.0669787912781637
MTFMT,2,0,0,0.0612670115266237,NA,NA,NA,0.0670034409591797
WIPF1,3,0,0,0.0612670115266237,NA,NA,NA,0.0670057224843142
NKIRAS1,3,0,0,0.0612670115266237,NA,NA,NA,0.0670911300820397
RBMX,4,0,0,0.0612670115266237,NA,NA,NA,0.0671149215431678
PLRG1,4,0,0,0.0616441644250661,NA,NA,NA,0.0672885765445346
SYAP1,12,0,0,0.061696198223608,NA,NA,NA,0.0673321965264753
ACADM,4,0,0,0.0619180703041943,NA,NA,NA,0.0676559214030957
MEF2A,9,0,0,0.0619180703041943,NA,NA,NA,0.067746469847907
CTDSPL2,5,0,0,0.0619180703041943,NA,NA,NA,0.0677807560522753
GCFC2,2,0,0,0.0623079035559041,NA,NA,NA,0.06808044444688
HYCC1,7,0,0,0.0624029968852965,NA,NA,NA,0.0681708772434159
LYRM2,7,0,0,0.0627862428671342,NA,NA,NA,0.0685752343976556
ABHD4,2,0,0,0.0632199645903286,NA,NA,NA,0.069034443399795
MTG1,4,0,0,0.063573047547257,NA,NA,NA,0.0695954041842324
KANSL2,2,0,0,0.0636025446735223,NA,NA,NA,0.0696961118040746
UQCC1,2,0,0,0.0638384756030114,NA,NA,NA,0.0699401392702845
FYN,3,0,0,0.0639726207337779,NA,NA,NA,0.0700729213787452
ISYNA1,2,0,0,0.0641211935964858,NA,NA,NA,0.0702214581160078
ABCG1,2,0,0,0.0641751317086431,NA,NA,NA,0.0702666464696793
PIAS1,8,0,0,0.0644174273894167,NA,NA,NA,0.0706118514253861
MRPL32,2,0,0,0.0644174273894167,NA,NA,NA,0.0706748443108394
SP2,3,0,0,0.0644174273894167,NA,NA,NA,0.0707190703365607
ARHGAP12,3,0,0,0.0644174273894167,NA,NA,NA,0.0707558318824374
TSC22D2,5,0,0,0.0646958115069974,NA,NA,NA,0.0709023287146972
THSD4,2,0,0,0.0648455884744926,NA,NA,NA,0.0709436762226476
IFT56,2,0,0,0.0648455884744926,NA,NA,NA,0.0710222221865856
KATNAL1,6,0,0,0.0648455884744926,NA,NA,NA,0.0710347494099491
APOL2,2,0,0,0.0648455884744926,NA,NA,NA,0.0710542769282256
CIB1,3,0,0,0.0648455884744926,NA,NA,NA,0.0710634076991415
MOB4,2,0,0,0.0648455884744926,NA,NA,NA,0.0710795245554823
ZNF266,2,0,0,0.0648455884744926,NA,NA,NA,0.0711853727599574
RIOK1,3,0,0,0.0648455884744926,NA,NA,NA,0.0712494141897071
CPSF2,8,0,0,0.0651546040417668,NA,NA,NA,0.0712674156712735
SGTB,4,0,0,0.0652040433259101,NA,NA,NA,0.0713079983889722
CASP3,3,0,0,0.0648455884744926,NA,NA,NA,0.0713501673895146
FBXO33,3,0,0,0.0655352226188525,NA,NA,NA,0.0716557943564102
EBPL,2,0,0,0.0655969966730349,NA,NA,NA,0.0716965626309816
XPO4,4,0,0,0.0655969966730349,NA,NA,NA,0.0717175167299006
USP25,3,0,0,0.0657625595623733,NA,NA,NA,0.0718505620496754
MSH2,2,0,0,0.0657625595623733,NA,NA,NA,0.0718997481673607
DOCK7,3,0,0,0.0660133601515644,NA,NA,NA,0.0721698328628132
CNNM3,3,0,0,0.0660133601515644,NA,NA,NA,0.0722305825440378
AHDC1,2,0,0,0.0664380853676401,NA,NA,NA,0.0726671083676487
TRMT6,2,0,0,0.0664380853676401,NA,NA,NA,0.0728126904594299
BBX,6,0,0,0.0677490098672912,NA,NA,NA,0.0740694836717972
TMEM50A,7,0,0,0.0677490098672912,NA,NA,NA,0.0741126999730173
NCK1,5,0,0,0.0689672341899249,NA,NA,NA,0.0755211789349613
ISCA2,3,0,0,0.0692429836966932,NA,NA,NA,0.0758081662730108
PNPLA8,4,0,0,0.0694835348626996,NA,NA,NA,0.0761805284630709
ATXN7,3,0,0,0.0694835348626996,NA,NA,NA,0.0763152739848584
ACO1,5,0,0,0.0699275869541288,NA,NA,NA,0.0766515621764108
SLC35E3,7,0,0,0.0699455610459369,NA,NA,NA,0.0767193949611191
CLUH,2,0,0,0.0702169603076493,NA,NA,NA,0.0770631942586793
C2CD4B,2,0,0,0.0702768999233884,NA,NA,NA,0.0771143474704765
FNIP2,4,0,0,0.0702169603076493,NA,NA,NA,0.0771632553783551
CMTM8,2,0,0,0.0703878955683862,NA,NA,NA,0.0771927498302121
VWA8,2,0,0,0.0704139797942272,NA,NA,NA,0.0772070331943833
SPRING1,11,0,0,0.0703790921395862,NA,NA,NA,0.0772117373043552
ZNF318,2,0,0,0.0703878955683862,NA,NA,NA,0.077213904363569
CBFA2T2,2,0,0,0.0706097147254453,NA,NA,NA,0.0774067435338375
WWP1,9,0,0,0.0707985884201218,NA,NA,NA,0.0775989272122356
PRPF38B,7,0,0,0.0712376277016002,NA,NA,NA,0.0780643310364048
RBAK,2,0,0,0.071296249763156,NA,NA,NA,0.0781141641005639
MRPL19,7,0,0,0.0725608880805623,NA,NA,NA,0.0796206792717818
CALCOCO2,6,0,0,0.0725903522240968,NA,NA,NA,0.0796237041192269
PPIE,4,0,0,0.0725903522240968,NA,NA,NA,0.0797512922259694
BNIP3,5,0,0,0.072822636709392,NA,NA,NA,0.0798630729424377
IFT57,2,0,0,0.0737782633787631,NA,NA,NA,0.080892804136688
NAPG,5,0,0,0.0739471139266649,NA,NA,NA,0.0810626165926093
SLC9A8,2,0,0,0.0741717479465864,NA,NA,NA,0.0812787181600379
TRIQK,4,0,0,0.0741717479465864,NA,NA,NA,0.0813177860024184
KLHL8,3,0,0,0.0745453685250638,NA,NA,NA,0.0816720720252601
PNRC1,2,0,0,0.0751053912125647,NA,NA,NA,0.0822687802447002
SRRD,4,0,0,0.0751896887477991,NA,NA,NA,0.0823315167141734
PPP1CB,6,0,0,0.0751896887477991,NA,NA,NA,0.0824097737954053
TOR1B,3,0,0,0.0758051680822018,NA,NA,NA,0.083131197978464
EHD4,10,0,0,0.076446670125383,NA,NA,NA,0.0838021617843425
WDR36,5,0,0,0.0764702836220083,NA,NA,NA,0.0838130300241807
CPT2,2,0,0,0.0765114709728899,NA,NA,NA,0.0838135381706497
WSB2,5,0,0,0.076446670125383,NA,NA,NA,0.0838719054066355
RIPK2,6,0,0,0.0765114709728899,NA,NA,NA,0.0839031997829878
TMED7,7,0,0,0.0765114709728899,NA,NA,NA,0.0839666784026261
CYB5D2,2,0,0,0.0767528671638212,NA,NA,NA,0.0840622431567268
TGM2,2,0,0,0.0778012907710288,NA,NA,NA,0.0851469039408177
KIF5B,7,0,0,0.0778012907710288,NA,NA,NA,0.0852122610974261
GBE1,3,0,0,0.0778012907710288,NA,NA,NA,0.0852686030218902
TNFRSF21,4,0,0,0.0778012907710288,NA,NA,NA,0.0853556397008255
IFIT5,3,0,0,0.0779812211584343,NA,NA,NA,0.0853949191182947
HNRNPA3,14,0,0,0.0779812211584343,NA,NA,NA,0.0854055564269759
LACTB,2,0,0,0.0780874725459908,NA,NA,NA,0.0855283790333104
GM2A,3,0,0,0.0781035346627072,NA,NA,NA,0.0855311389072957
MRPS5,2,0,0,0.0780874725459908,NA,NA,NA,0.0856275869967203
SMARCD1,2,0,0,0.0780874725459908,NA,NA,NA,0.0856773076005587
VTA1,7,0,0,0.0784674076081432,NA,NA,NA,0.08589858126773
NIPBL,6,0,0,0.0784674076081432,NA,NA,NA,0.0859867450016589
ATP9A,5,0,0,0.0788894823726633,NA,NA,NA,0.086271056785361
CCDC43,2,0,0,0.078885320575743,NA,NA,NA,0.0863248445300443
MRPS27,2,0,0,0.078885320575743,NA,NA,NA,0.0863864682351784
GNPTG,2,0,0,0.0788894823726633,NA,NA,NA,0.0864221907957624
CHID1,3,0,0,0.0788894823726633,NA,NA,NA,0.0865274994095431
PICALM,5,0,0,0.0791920768313426,NA,NA,NA,0.0865572935143721
SMIM19,2,0,0,0.0788894823726633,NA,NA,NA,0.0865984683069143
NFYB,6,0,0,0.0791920768313426,NA,NA,NA,0.0866041822070682
NUDT19,2,0,0,0.0791920768313426,NA,NA,NA,0.0867564013976668
TCEANC2,2,0,0,0.0805345459186895,NA,NA,NA,0.0882614383085797
NLK,4,0,0,0.0805127453838722,NA,NA,NA,0.0882677442363067
POMT2,3,0,0,0.0806249045977258,NA,NA,NA,0.0883152391586753
FIGN,2,0,0,0.0805345459186895,NA,NA,NA,0.0883228879834009
DUSP1,2,0,0,0.0806249045977258,NA,NA,NA,0.0883602540457213
SEC24B,2,0,0,0.0806249045977258,NA,NA,NA,0.0884074050222501
ZNF555,2,0,0,0.0817548269751517,NA,NA,NA,0.0895328155184415
PPP2R5E,8,0,0,0.0818139122450562,NA,NA,NA,0.0895822410411413
MEF2C,2,0,0,0.0823037723028969,NA,NA,NA,0.0901013393157497
SNRPD3,5,0,0,0.0828109108367543,NA,NA,NA,0.0905941134452785
CSNK2A1,8,0,0,0.0828109108367543,NA,NA,NA,0.0906229074037769
TRMT61A,2,0,0,0.0828109108367543,NA,NA,NA,0.0906492081048525
KIF11,2,0,0,0.0828109108367543,NA,NA,NA,0.090722939834232
NUP98,2,0,0,0.0831631638090878,NA,NA,NA,0.090962887963497
SLC35D1,3,0,0,0.0833454614820512,NA,NA,NA,0.0911464937340526
HEBP2,6,0,0,0.0833955450303288,NA,NA,NA,0.0911861277126193
PIGH,2,0,0,0.0834789373822694,NA,NA,NA,0.0912620525173636
TBL1X,4,0,0,0.0834962993302499,NA,NA,NA,0.0913013114945425
LPCAT2,8,0,0,0.083571285542153,NA,NA,NA,0.0915904081941115
MCUB,3,0,0,0.0846021643660601,NA,NA,NA,0.092877356201842
HMGB1,8,0,0,0.0848450264773002,NA,NA,NA,0.09312712016338
RALGAPA2,3,0,0,0.0852119656421783,NA,NA,NA,0.0935124023362548
ZNF827,3,0,0,0.085277011003475,NA,NA,NA,0.0935678022917667
ANXA11,6,0,0,0.085410756281472,NA,NA,NA,0.0936982621196556
ADGRG6,2,0,0,0.0861616654842974,NA,NA,NA,0.0944713222033094
NIN,3,0,0,0.0861401076954719,NA,NA,NA,0.0944790888152543
CLSPN,2,0,0,0.0862336593584213,NA,NA,NA,0.0945343164418691
DIAPH2,2,0,0,0.0861616654842974,NA,NA,NA,0.0945467862820032
CCDC86,2,0,0,0.0870940669638155,NA,NA,NA,0.0954575675359919
ZKSCAN3,2,0,0,0.0876489950959294,NA,NA,NA,0.0961322059715915
TBCD,2,0,0,0.0876489950959294,NA,NA,NA,0.096200899732164
NEK1,2,0,0,0.0876489950959294,NA,NA,NA,0.0962712263947657
SCCPDH,4,0,0,0.0876489950959294,NA,NA,NA,0.0962897596478167
DENND5A,2,0,0,0.087911855888627,NA,NA,NA,0.0964033776700551
GTF3A,2,0,0,0.0876489950959294,NA,NA,NA,0.0964431353952416
RPS8,3,0,0,0.0884721939096133,NA,NA,NA,0.0971474269606915
CAMK2N1,5,0,0,0.0887546713168559,NA,NA,NA,0.0975722562652787
ZSWIM1,2,0,0,0.0887546713168559,NA,NA,NA,0.0975982629696359
SLC38A6,3,0,0,0.089189730708602,NA,NA,NA,0.0981312267599838
BCDIN3D,3,0,0,0.089145470018872,NA,NA,NA,0.0981321752024378
ENO1,2,0,0,0.089189730708602,NA,NA,NA,0.0981863964779436
PELO,2,0,0,0.089189730708602,NA,NA,NA,0.0982365449649833
PDS5B,6,0,0,0.0898152712323221,NA,NA,NA,0.099080231618415
TBC1D22B,2,0,0,0.0898152712323221,NA,NA,NA,0.0991187456403392
PMP22,2,0,0,0.0901649841274109,NA,NA,NA,0.0994471907701861
ZNF644,3,0,0,0.0905729331876155,NA,NA,NA,0.0998441602432386
PROS1,2,0,0,0.090599835224357,NA,NA,NA,0.0998568468249021
PAK2,7,0,0,0.0906331983403066,NA,NA,NA,0.0998586715537255
AREL1,2,0,0,0.0905729331876155,NA,NA,NA,0.0999558221467726
USP36,3,0,0,0.0906331983403066,NA,NA,NA,0.100006038754631
SLC30A7,10,0,0,0.0906331983403066,NA,NA,NA,0.100018371516948
GEMIN8,5,0,0,0.0905729331876155,NA,NA,NA,0.100055476669966
OGFOD1,5,0,0,0.0906331983403066,NA,NA,NA,0.100072845373001
SCP2,5,0,0,0.0906903811146435,NA,NA,NA,0.100099902074099
PLEKHA5,2,0,0,0.0906826336811512,NA,NA,NA,0.10010824415275
RBM7,5,0,0,0.0906826336811512,NA,NA,NA,0.100170908836353
NDUFV3,7,0,0,0.0906826336811512,NA,NA,NA,0.100257843688684
ETFA,3,0,0,0.0906826336811512,NA,NA,NA,0.100314325388276
RTF1,4,0,0,0.0911787153707996,NA,NA,NA,0.100619299425709
ACTN1,6,0,0,0.0913437942086501,NA,NA,NA,0.100733377079497
BAZ2A,3,0,0,0.0913437942086501,NA,NA,NA,0.100750176839787
METTL2A,7,0,0,0.0913437942086501,NA,NA,NA,0.100894901014444
FITM2,2,0,0,0.0913437942086501,NA,NA,NA,0.100978326017435
ZBTB47,2,0,0,0.091812925352239,NA,NA,NA,0.101344327122075
RXYLT1,2,0,0,0.091812925352239,NA,NA,NA,0.101475329217094
IFT22,5,0,0,0.091812925352239,NA,NA,NA,0.101603962507739
PIP4P2,3,0,0,0.0922781178483666,NA,NA,NA,0.101821370072359
INTS7,4,0,0,0.0922781178483666,NA,NA,NA,0.101931246256922
LMO7,2,0,0,0.0929693080614661,NA,NA,NA,0.102563118169966
TAF5,2,0,0,0.0930663253106664,NA,NA,NA,0.102635805819547
SUSD1,2,0,0,0.0930551329568405,NA,NA,NA,0.102640390320766
SPRY4,2,0,0,0.0931232120579262,NA,NA,NA,0.102681388832586
NUP155,5,0,0,0.0933595090882943,NA,NA,NA,0.102840429000278
SEPTIN2,3,0,0,0.0933595090882943,NA,NA,NA,0.102932877829921
ZNRF3,3,0,0,0.0933595090882943,NA,NA,NA,0.102944704415779
PLEKHA6,2,0,0,0.0933595090882943,NA,NA,NA,0.10295101661468
DIS3,9,0,0,0.0933595090882943,NA,NA,NA,0.103105694265197
C1D,3,0,0,0.0933595090882943,NA,NA,NA,0.103105710912599
VTI1B,4,0,0,0.0935780938116258,NA,NA,NA,0.103175986562579
ZNF143,4,0,0,0.0935780938116258,NA,NA,NA,0.10323818675369
EDC3,3,0,0,0.0935780938116258,NA,NA,NA,0.103298259018485
HSP90AA1,2,0,0,0.0937678276518891,NA,NA,NA,0.103367388788837
ANK3,2,0,0,0.0938404374215671,NA,NA,NA,0.103430368247752
SPECC1L,2,0,0,0.0939596020232329,NA,NA,NA,0.103511334401427
GMEB1,6,0,0,0.0939596020232329,NA,NA,NA,0.10355415017099
NOL4L,3,0,0,0.0940502396113391,NA,NA,NA,0.103577746198632
TGFBRAP1,5,0,0,0.0939596020232329,NA,NA,NA,0.103693416449329
SMG1,3,0,0,0.0940502396113391,NA,NA,NA,0.103705313930434
BPNT2,15,0,0,0.094556961100242,NA,NA,NA,0.104099865802778
RAB27A,6,0,0,0.094556961100242,NA,NA,NA,0.104241340676917
C18orf54,3,0,0,0.0950983976093555,NA,NA,NA,0.104916902854267
TPRG1L,2,0,0,0.0950932650340913,NA,NA,NA,0.104928045902669
RAD18,4,0,0,0.0950901817048165,NA,NA,NA,0.10495835868063
ZNF316,2,0,0,0.0950932650340913,NA,NA,NA,0.105038105627301
PPP2CA,12,0,0,0.0956139780733435,NA,NA,NA,0.105705119270192
PLGRKT,2,0,0,0.0956139780733435,NA,NA,NA,0.105858228807859
CKAP2,4,0,0,0.0956139780733435,NA,NA,NA,0.105877746417625
PRRG1,2,0,0,0.0956139780733435,NA,NA,NA,0.105900548971429
OGFOD3,8,0,0,0.0959564711675809,NA,NA,NA,0.106064485931739
PABIR1,6,0,0,0.0962394312328427,NA,NA,NA,0.106358341534359
PRKRA,3,0,0,0.0966163924064306,NA,NA,NA,0.106586543474956
PARVA,16,0,0,0.0965001139296801,NA,NA,NA,0.106627656876404
GLRX5,5,0,0,0.0965315577656569,NA,NA,NA,0.106645110943345
SH3D19,2,0,0,0.0966163924064306,NA,NA,NA,0.106656371529968
CRNKL1,7,0,0,0.0965822517607358,NA,NA,NA,0.10668374481382
CC2D1B,3,0,0,0.0966163924064306,NA,NA,NA,0.106707918453445
CHD8,2,0,0,0.0966163924064306,NA,NA,NA,0.106759395840965
UQCC5,2,0,0,0.096744472502441,NA,NA,NA,0.106824076811565
IGF2BP3,6,0,0,0.0966163924064306,NA,NA,NA,0.106865770613482
MPPE1,4,0,0,0.096744472502441,NA,NA,NA,0.106890516484852
RNF170,3,0,0,0.0966163924064306,NA,NA,NA,0.107005838164612
IFRD2,2,0,0,0.0966163924064306,NA,NA,NA,0.107113238553328
HECTD2,3,0,0,0.0970952432230505,NA,NA,NA,0.107241849850451
LIMCH1,3,0,0,0.0966163924064306,NA,NA,NA,0.107250386850123
INIP,4,0,0,0.0970952432230505,NA,NA,NA,0.107331651069663
PHF8,2,0,0,0.0975292170742919,NA,NA,NA,0.107774546740307
MTAP,8,0,0,0.0975252403085605,NA,NA,NA,0.107787155844659
CRBN,2,0,0,0.0977362755041241,NA,NA,NA,0.107985034653319
PABIR2,4,0,0,0.0979674581447006,NA,NA,NA,0.10822198085401
C11orf24,2,0,0,0.098082976380139,NA,NA,NA,0.108331896531101
SMG7,2,0,0,0.0983713968194505,NA,NA,NA,0.108631611397022
KLHL6,2,0,0,0.0986341539716893,NA,NA,NA,0.108886204351754
FRMD4B,6,0,0,0.0986341539716893,NA,NA,NA,0.108969292931355
PDE12,10,0,0,0.0988554016814334,NA,NA,NA,0.109255928516864
KCNK3,3,0,0,0.0993077128784919,NA,NA,NA,0.109735659305116
YES1,5,0,0,0.099491573723525,NA,NA,NA,0.10992047297992
SYNE3,2,0,0,0.0997411190976883,NA,NA,NA,0.110466296594804
MEX3B,2,0,0,0.100236585192264,NA,NA,NA,0.111068323366429
FBXO45,3,0,0,0.100236585192264,NA,NA,NA,0.111088722578627
GYG1,2,0,0,0.100236585192264,NA,NA,NA,0.111159391027122
RAP1A,7,0,0,0.100236585192264,NA,NA,NA,0.111190367290729
MED14,4,0,0,0.100400345667231,NA,NA,NA,0.111231067729675
USP31,3,0,0,0.100236585192264,NA,NA,NA,0.111250829967302
AVL9,4,0,0,0.101165642626242,NA,NA,NA,0.112055917861057
BPGM,2,0,0,0.1014946529027,NA,NA,NA,0.112365139016139
EXOC2,4,0,0,0.1014946529027,NA,NA,NA,0.112462351756687
PGRMC2,9,0,0,0.1014946529027,NA,NA,NA,0.112490298391303
ASL,2,0,0,0.102438949254426,NA,NA,NA,0.113386174478354
NSA2,2,0,0,0.102630667853125,NA,NA,NA,0.113579324350961
MCTP1,13,0,0,0.102721698713151,NA,NA,NA,0.113661755774383
ARF1,2,0,0,0.103292368034611,NA,NA,NA,0.114271395595431
TMEM135,5,0,0,0.103805420345085,NA,NA,NA,0.114869774209257
ELL2,6,0,0,0.103805420345085,NA,NA,NA,0.114914322043672
NDUFB5,4,0,0,0.103874779210651,NA,NA,NA,0.11498716166042
ZBTB42,2,0,0,0.103864938836151,NA,NA,NA,0.114994178185667
HDDC3,2,0,0,0.103908474271122,NA,NA,NA,0.115006418956598
TMEM170A,5,0,0,0.104022699808198,NA,NA,NA,0.11504364262086
HOXA11,2,0,0,0.104050078974526,NA,NA,NA,0.115056185800153
EIF3H,2,0,0,0.10407642918794,NA,NA,NA,0.1150676362416
NUP160,3,0,0,0.104172926888709,NA,NA,NA,0.115156151548995
CDC27,11,0,0,0.104022699808198,NA,NA,NA,0.115173156795275
SIAH2,2,0,0,0.104022699808198,NA,NA,NA,0.115290139923769
ZNF280D,2,0,0,0.104022699808198,NA,NA,NA,0.115375105043912
GSTM3,5,0,0,0.104022699808198,NA,NA,NA,0.115454662353786
SND1,2,0,0,0.104736217641608,NA,NA,NA,0.115832269579068
YAF2,7,0,0,0.104736217641608,NA,NA,NA,0.115956759652576
PRICKLE3,3,0,0,0.104903563521692,NA,NA,NA,0.115998576302159
EVI5,2,0,0,0.104736217641608,NA,NA,NA,0.116013975580831
WWC3,2,0,0,0.104736217641608,NA,NA,NA,0.116059800250257
UBFD1,3,0,0,0.104736217641608,NA,NA,NA,0.116070955301309
HIC2,2,0,0,0.10501069956049,NA,NA,NA,0.116098751135969
SRSF10,12,0,0,0.106009743817302,NA,NA,NA,0.11717810695645
SLC36A4,5,0,0,0.106228027757293,NA,NA,NA,0.11740012133679
CTNNB1,2,0,0,0.106489800170082,NA,NA,NA,0.117669822232927
PIK3R1,2,0,0,0.10711833124662,NA,NA,NA,0.118324224529244
DPY19L1,7,0,0,0.10711833124662,NA,NA,NA,0.11841711891489
KIAA1671,3,0,0,0.107290053050565,NA,NA,NA,0.118459903055953
NAA25,6,0,0,0.107290053050565,NA,NA,NA,0.118521582116665
BTAF1,2,0,0,0.107415207522019,NA,NA,NA,0.118579628014566
SS18,5,0,0,0.107290053050565,NA,NA,NA,0.11860327023266
NIPAL2,2,0,0,0.108130809533273,NA,NA,NA,0.11931146434732
ERRFI1,3,0,0,0.108130809533273,NA,NA,NA,0.119355038152058
IQSEC1,2,0,0,0.10824426735767,NA,NA,NA,0.119418315152302
FANCC,3,0,0,0.108130809533273,NA,NA,NA,0.119432629965735
CDKN1B,2,0,0,0.108348304312299,NA,NA,NA,0.119497475147198
PGM3,10,0,0,0.108397643006978,NA,NA,NA,0.119534161667517
RAB9A,2,0,0,0.108502825216478,NA,NA,NA,0.119580331519508
MYO9A,3,0,0,0.108550286371226,NA,NA,NA,0.11961511776422
LRP5,2,0,0,0.108348304312299,NA,NA,NA,0.11962698302052
ZNF704,2,0,0,0.108502825216478,NA,NA,NA,0.119701232427897
TMEM214,2,0,0,0.108502825216478,NA,NA,NA,0.119764703732586
MEAK7,6,0,0,0.108502825216478,NA,NA,NA,0.119847126651576
ANAPC13,2,0,0,0.108818417768608,NA,NA,NA,0.120181962082499
EHHADH,2,0,0,0.108855149573359,NA,NA,NA,0.120204729894697
SPTLC2,4,0,0,0.109034638643637,NA,NA,NA,0.120384002795538
LIN7C,7,0,0,0.109427991495323,NA,NA,NA,0.120797618978287
BIRC6,4,0,0,0.110036204424186,NA,NA,NA,0.121446525099682
ZFAND1,2,0,0,0.11027587514746,NA,NA,NA,0.121691533418539
RNF44,3,0,0,0.110638895885761,NA,NA,NA,0.122218099387989
NCKAP1,5,0,0,0.110742286871949,NA,NA,NA,0.122313708018367
CYYR1,4,0,0,0.110991559536152,NA,NA,NA,0.122569223865718
TMEM237,9,0,0,0.111082177515408,NA,NA,NA,0.122650824834398
PHACTR2,8,0,0,0.111156410728217,NA,NA,NA,0.122860873538911
MPZL2,6,0,0,0.11146157786033,NA,NA,NA,0.123177743064861
PYGO1,5,0,0,0.112212169086784,NA,NA,NA,0.123982970172531
B3GALNT1,3,0,0,0.112330323204707,NA,NA,NA,0.124094575328429
B2M,2,0,0,0.112468188273099,NA,NA,NA,0.124227789701959
HIKESHI,3,0,0,0.112626555754244,NA,NA,NA,0.124740729218106
MTDH,12,0,0,0.113375475155865,NA,NA,NA,0.125630381281169
GLYR1,2,0,0,0.11389628606758,NA,NA,NA,0.126168215413349
CLIP3,2,0,0,0.11389628606758,NA,NA,NA,0.126276676240647
MRPS26,2,0,0,0.11389628606758,NA,NA,NA,0.126313715214449
HCFC1,2,0,0,0.11389628606758,NA,NA,NA,0.126368333062438
FN3KRP,2,0,0,0.113994631298597,NA,NA,NA,0.126514045735404
TFDP2,6,0,0,0.114045762641813,NA,NA,NA,0.126551525129341
NT5C2,2,0,0,0.114407995532602,NA,NA,NA,0.126912684035804
RHOJ,9,0,0,0.114407995532602,NA,NA,NA,0.127052905122128
SLC38A1,9,0,0,0.115212317747051,NA,NA,NA,0.127778944513455
POLGARF,2,0,0,0.115803713522002,NA,NA,NA,0.12885813018582
CTBP2,10,0,0,0.116542835376676,NA,NA,NA,0.129804194739046
ZFTA,2,0,0,0.116617565840736,NA,NA,NA,0.129866972864937
UFL1,4,0,0,0.117546358756047,NA,NA,NA,0.130872930331181
TMEM268,3,0,0,0.118129925676121,NA,NA,NA,0.131477453337544
EPM2AIP1,3,0,0,0.118119175506521,NA,NA,NA,0.131485489240213
PDHX,2,0,0,0.118380784308798,NA,NA,NA,0.131694795479417
SH3BGRL,3,0,0,0.118362947116547,NA,NA,NA,0.131694915977343
ZNF521,2,0,0,0.118362947116547,NA,NA,NA,0.131854372180304
GLCCI1,2,0,0,0.118652246836888,NA,NA,NA,0.132074705832711
ZNF322,2,0,0,0.118652246836888,NA,NA,NA,0.132202426378217
EXO1,2,0,0,0.118927152498959,NA,NA,NA,0.132369137050248
CEP85L,3,0,0,0.118927152498959,NA,NA,NA,0.132502509165265
STX16,6,0,0,0.119214902209972,NA,NA,NA,0.132879155223053
DENR,7,0,0,0.119214902209972,NA,NA,NA,0.13292807799644
THBS2,3,0,0,0.119214902209972,NA,NA,NA,0.132977704276658
SNX19,5,0,0,0.119672826301289,NA,NA,NA,0.13356494363153
SLC66A3,2,0,0,0.120153128544372,NA,NA,NA,0.134075958146689
EIF3M,2,0,0,0.120715836774077,NA,NA,NA,0.134809020554147
PPAN,2,0,0,0.120715836774077,NA,NA,NA,0.134873901141403
POLR3A,7,0,0,0.120820800638783,NA,NA,NA,0.134884006035208
MTHFS,2,0,0,0.120820800638783,NA,NA,NA,0.134944185128546
ALKBH5,2,0,0,0.120926888079094,NA,NA,NA,0.134980861704322
C18orf32,4,0,0,0.121234072868873,NA,NA,NA,0.135387145606832
INHBA,11,0,0,0.121234072868873,NA,NA,NA,0.135552070582771
GAREM2,2,0,0,0.121703184872499,NA,NA,NA,0.136060279686222
IKBIP,6,0,0,0.121703184872499,NA,NA,NA,0.136069831557443
AVEN,2,0,0,0.121751305076791,NA,NA,NA,0.13607196137138
FBXO7,2,0,0,0.121751305076791,NA,NA,NA,0.136209028389208
HSPA4L,3,0,0,0.121951998902872,NA,NA,NA,0.136268368089337
PHF23,5,0,0,0.121951998902872,NA,NA,NA,0.136323282871825
ARFIP1,3,0,0,0.121997650710995,NA,NA,NA,0.136391761280775
HNRNPD,5,0,0,0.121973972269739,NA,NA,NA,0.136407138663904
CREG1,3,0,0,0.12207435622877,NA,NA,NA,0.136456004163973
KLRG1,3,0,0,0.121997650710995,NA,NA,NA,0.136486101570086
PTGES3,4,0,0,0.122279104647079,NA,NA,NA,0.136758282939421
DPY30,2,0,0,0.122336168972804,NA,NA,NA,0.136801076802609
DHX40,2,0,0,0.122279104647079,NA,NA,NA,0.136907764016829
SOX13,2,0,0,0.122279104647079,NA,NA,NA,0.136965497484623
GOLGB1,2,0,0,0.122279104647079,NA,NA,NA,0.137021366525022
NRIP1,3,0,0,0.122571430172118,NA,NA,NA,0.137041310342494
MRPL30,9,0,0,0.122279104647079,NA,NA,NA,0.137095581166474
NARF,2,0,0,0.122279104647079,NA,NA,NA,0.137137193040182
ERAP1,2,0,0,0.122279104647079,NA,NA,NA,0.137142145062685
STARD3NL,3,0,0,0.122279104647079,NA,NA,NA,0.137155905649613
DPH5,2,0,0,0.122713341440615,NA,NA,NA,0.137178102986179
CEP120,2,0,0,0.122279104647079,NA,NA,NA,0.137198857478085
PGAM5,4,0,0,0.122279104647079,NA,NA,NA,0.137241598710956
CALU,12,0,0,0.122279104647079,NA,NA,NA,0.137259529601833
SETD1B,2,0,0,0.122279104647079,NA,NA,NA,0.137259707080973
UACA,5,0,0,0.122279104647079,NA,NA,NA,0.137328563166571
RBM25,5,0,0,0.122279104647079,NA,NA,NA,0.137415558299929
LHFPL2,3,0,0,0.122279104647079,NA,NA,NA,0.13741827751029
SNIP1,3,0,0,0.122279104647079,NA,NA,NA,0.137434105696406
FAM131A,2,0,0,0.122279104647079,NA,NA,NA,0.137457583792002
RRBP1,4,0,0,0.122279104647079,NA,NA,NA,0.137480136715921
ENTPD5,2,0,0,0.123287960177513,NA,NA,NA,0.138068453578692
ZBTB14,4,0,0,0.123402565127771,NA,NA,NA,0.138177157227817
TMEM192,9,0,0,0.123287960177513,NA,NA,NA,0.138188629757126
NCOA3,3,0,0,0.123402565127771,NA,NA,NA,0.138301302748917
ANKRD17,6,0,0,0.123693584616746,NA,NA,NA,0.138750846951937
PARP1,5,0,0,0.124075129653903,NA,NA,NA,0.139132670549413
ZNF791,7,0,0,0.124075129653903,NA,NA,NA,0.139266533833523
SLC25A36,5,0,0,0.124425265791823,NA,NA,NA,0.139479511094303
VPS37A,7,0,0,0.124425265791823,NA,NA,NA,0.139536499752015
C15orf40,5,0,0,0.124585187069769,NA,NA,NA,0.139636085334263
ADAM10,10,0,0,0.124936081669773,NA,NA,NA,0.140152309722429
FBXW2,5,0,0,0.125098052370964,NA,NA,NA,0.140185015053172
DUS4L-BCAP29,4,0,0,0.125025233304054,NA,NA,NA,0.140209081539825
TM4SF18,3,0,0,0.125098052370964,NA,NA,NA,0.140337183343723
CAPN2,4,0,0,0.125025233304054,NA,NA,NA,0.140371256352224
LSM8,6,0,0,0.125098052370964,NA,NA,NA,0.140431339264738
CIRBP,3,0,0,0.125346878736025,NA,NA,NA,0.140440281534726
RNF7,9,0,0,0.125098052370964,NA,NA,NA,0.140521971971691
MRPS30,2,0,0,0.125098052370964,NA,NA,NA,0.140616320424608
VPS4B,5,0,0,0.125643309476612,NA,NA,NA,0.140706654243988
MALSU1,2,0,0,0.125643309476612,NA,NA,NA,0.140745207252198
AMOTL2,2,0,0,0.125643309476612,NA,NA,NA,0.140825329665148
KLHL24,3,0,0,0.126321118746233,NA,NA,NA,0.141668370672216
PDXK,6,0,0,0.126672554005833,NA,NA,NA,0.142248269682317
KCNK6,7,0,0,0.126981507778253,NA,NA,NA,0.142570374913434
LIPG,7,0,0,0.127019465235818,NA,NA,NA,0.14259118123143
BMS1,2,0,0,0.127110120859599,NA,NA,NA,0.142670588083664
CYP51A1,2,0,0,0.127224749900666,NA,NA,NA,0.142755360625431
URB2,3,0,0,0.127224749900666,NA,NA,NA,0.142898030939398
YTHDF3,8,0,0,0.127556180809338,NA,NA,NA,0.143228118284662
PLAA,4,0,0,0.127556180809338,NA,NA,NA,0.143301766103557
CHIC2,3,0,0,0.127868311020573,NA,NA,NA,0.143646771483089
ENGASE,2,0,0,0.127868311020573,NA,NA,NA,0.143679381993837
CYRIA,6,0,0,0.128043918819102,NA,NA,NA,0.143853181611411
MARS1,2,0,0,0.128106543844144,NA,NA,NA,0.143901322298363
PSMD10,2,0,0,0.128124873116351,NA,NA,NA,0.144047096670799
BID,5,0,0,0.128443858208825,NA,NA,NA,0.144358851607025
CRIPT,8,0,0,0.128443858208825,NA,NA,NA,0.144484668313728
SYT11,5,0,0,0.128930953099111,NA,NA,NA,0.144857510666636
TMX4,8,0,0,0.128925505024081,NA,NA,NA,0.144873047018344
MSI2,7,0,0,0.129416109782283,NA,NA,NA,0.145670257966868
TTLL1,2,0,0,0.129868881121511,NA,NA,NA,0.146448148741473
NEDD4L,5,0,0,0.130819146497429,NA,NA,NA,0.147783377860257
IREB2,5,0,0,0.131015977970776,NA,NA,NA,0.14812925401654
VDAC1,2,0,0,0.131083996817931,NA,NA,NA,0.148159468871687
ATXN1,6,0,0,0.131083996817931,NA,NA,NA,0.148260391921625
AIMP1,4,0,0,0.131343121811926,NA,NA,NA,0.14840349578426
UBTF,3,0,0,0.131343121811926,NA,NA,NA,0.148527382570054
PAPSS1,4,0,0,0.131616907847969,NA,NA,NA,0.148686720798984
DCUN1D4,5,0,0,0.131726888581408,NA,NA,NA,0.148786817313784
KLHL5,8,0,0,0.131985386482622,NA,NA,NA,0.149052869158893
GTF2E2,2,0,0,0.132132917413964,NA,NA,NA,0.14939517436295
ZCCHC10,4,0,0,0.132132917413964,NA,NA,NA,0.1495938737425
CLMP,2,0,0,0.132132917413964,NA,NA,NA,0.149725063194044
FBXO31,3,0,0,0.132515023154255,NA,NA,NA,0.149998591892001
EAPP,2,0,0,0.132556607397516,NA,NA,NA,0.150021945556023
RRAGC,4,0,0,0.132650166387983,NA,NA,NA,0.150080384576622
PPP1R3B,4,0,0,0.132650166387983,NA,NA,NA,0.150136890810768
DPYSL4,2,0,0,0.132811111525172,NA,NA,NA,0.150237407499777
FAM162A,2,0,0,0.133235931794777,NA,NA,NA,0.150689636554054
VCF2,3,0,0,0.133591316567711,NA,NA,NA,0.151064061747187
AGGF1,5,0,0,0.133671839888217,NA,NA,NA,0.15113100701887
METTL8,8,0,0,0.134343082830579,NA,NA,NA,0.151858435424318
PLTP,3,0,0,0.134379214542627,NA,NA,NA,0.151875679381608
NEDD1,5,0,0,0.134813604737433,NA,NA,NA,0.152291836420039
KIAA1217,4,0,0,0.134813604737433,NA,NA,NA,0.152427455383891
CHRNA5,2,0,0,0.134854960529554,NA,NA,NA,0.152463696396935
LOC107985567,3,0,0,0.134813604737433,NA,NA,NA,0.152548708310109
AMOTL1,5,0,0,0.135274179934474,NA,NA,NA,0.152909164320878
ZNF331,3,0,0,0.135696690687631,NA,NA,NA,0.153334955303306
RGS19,2,0,0,0.135696690687631,NA,NA,NA,0.153479690563282
SGPL1,4,0,0,0.136481804466813,NA,NA,NA,0.154188863503528
SRFBP1,2,0,0,0.136545060079188,NA,NA,NA,0.154213021848437
EOGT,6,0,0,0.136545060079188,NA,NA,NA,0.154372637552421
RIOK2,2,0,0,0.137202075442856,NA,NA,NA,0.154900121159746
ABRAXAS2,2,0,0,0.137202075442856,NA,NA,NA,0.154997423605025
UBL3,5,0,0,0.137298673078726,NA,NA,NA,0.155134507471864
BTBD3,2,0,0,0.137661910150285,NA,NA,NA,0.155516855665138
ATP6V1A,5,0,0,0.138249723430139,NA,NA,NA,0.156300298555606
NDFIP2,8,0,0,0.138311473545063,NA,NA,NA,0.156345716449709
ELF1,2,0,0,0.138679679275548,NA,NA,NA,0.156733529803651
SNRNP40,2,0,0,0.138873636470498,NA,NA,NA,0.156926610572394
ARHGAP31,4,0,0,0.139199725150503,NA,NA,NA,0.157417986258064
PPCS,2,0,0,0.139698392787682,NA,NA,NA,0.158102658792734
SESN1,2,0,0,0.139774462265368,NA,NA,NA,0.158235897668699
DOCK10,4,0,0,0.140122928671471,NA,NA,NA,0.158632616779221
OPA1,8,0,0,0.140121969451504,NA,NA,NA,0.158655582569999
CLOCK,8,0,0,0.140121969451504,NA,NA,NA,0.158716506175713
STMP1,7,0,0,0.140424343582054,NA,NA,NA,0.158945784103889
MEA1,2,0,0,0.140993685819025,NA,NA,NA,0.159534445534442
EXOSC6,8,0,0,0.140993685819025,NA,NA,NA,0.15960346079846
ZFYVE9,3,0,0,0.142354881289924,NA,NA,NA,0.160887515017305
STRN,5,0,0,0.142354881289924,NA,NA,NA,0.160937468223819
SOX12,3,0,0,0.142470709441319,NA,NA,NA,0.160992920965971
RPL38,2,0,0,0.142324361161937,NA,NA,NA,0.160997842845061
OSBPL3,4,0,0,0.142502380129158,NA,NA,NA,0.161004397384641
ARL2BP,3,0,0,0.142354881289924,NA,NA,NA,0.161029679143376
NXPE3,6,0,0,0.142514616602354,NA,NA,NA,0.161073692529948
CDH11,3,0,0,0.142354881289924,NA,NA,NA,0.161100061664353
UBQLN2,2,0,0,0.142514616602354,NA,NA,NA,0.161118091895872
SLK,7,0,0,0.142354881289924,NA,NA,NA,0.161119177801866
PHACTR4,7,0,0,0.142514616602354,NA,NA,NA,0.161127840122194
SCUBE3,2,0,0,0.142354881289924,NA,NA,NA,0.161147115637623
GFM1,7,0,0,0.142514616602354,NA,NA,NA,0.161185553245114
PLSCR1,3,0,0,0.143190666028242,NA,NA,NA,0.161942250594072
EZR,4,0,0,0.143190666028242,NA,NA,NA,0.161957486613238
PM20D2,2,0,0,0.143190666028242,NA,NA,NA,0.161980603749959
CNST,2,0,0,0.143190666028242,NA,NA,NA,0.162151473235363
EIF4E,5,0,0,0.143190666028242,NA,NA,NA,0.162259952152946
MFN1,5,0,0,0.144024652688285,NA,NA,NA,0.163220595228082
ABHD18,3,0,0,0.144430750894295,NA,NA,NA,0.163650576272334
CEP89,2,0,0,0.144585856233361,NA,NA,NA,0.163896995204992
MARCKS,8,0,0,0.144585856233361,NA,NA,NA,0.163905326518751
SETD7,6,0,0,0.145690236813011,NA,NA,NA,0.16513805540644
PPP4R3B,4,0,0,0.14650506616945,NA,NA,NA,0.166025093185979
TMEM9B,4,0,0,0.146721074787103,NA,NA,NA,0.166241916918894
POLR2J,2,0,0,0.147002054666479,NA,NA,NA,0.166584833953519
MAFB,3,0,0,0.146998409815604,NA,NA,NA,0.166630463857608
NCOA1,4,0,0,0.147002054666479,NA,NA,NA,0.166639907294574
NKAPD1,6,0,0,0.146998409815604,NA,NA,NA,0.166771122152645
MARCHF5,9,0,0,0.146998409815604,NA,NA,NA,0.166789156858535
ATP9B,3,0,0,0.147319262504324,NA,NA,NA,0.166890063199719
ZNF670,2,0,0,0.147319262504324,NA,NA,NA,0.166959821897595
KLHL2,2,0,0,0.147655032654323,NA,NA,NA,0.16724074217463
AMD1,4,0,0,0.147769412022227,NA,NA,NA,0.167343851394991
TMEM101,3,0,0,0.149102999911996,NA,NA,NA,0.168882083285272
HDAC4,4,0,0,0.149102999911996,NA,NA,NA,0.168974707250703
PUDP,2,0,0,0.149743449787711,NA,NA,NA,0.169629072053796
ZNF587,2,0,0,0.150030332109888,NA,NA,NA,0.169924632338717
CHCHD2,2,0,0,0.150293986829291,NA,NA,NA,0.170194167207374
CCDC50,13,0,0,0.151158513191399,NA,NA,NA,0.171331494459388
MRI1,2,0,0,0.151174814316212,NA,NA,NA,0.171411972319205
COG2,2,0,0,0.151174814316212,NA,NA,NA,0.171455205704419
CEP164,2,0,0,0.151588650730737,NA,NA,NA,0.171849422702821
SMAD2,10,0,0,0.151913199885988,NA,NA,NA,0.17218689649305
AZI2,5,0,0,0.15226968333923,NA,NA,NA,0.172534501820115
MAP2K7,2,0,0,0.15226968333923,NA,NA,NA,0.172649790219353
CAPZA2,6,0,0,0.153144192352772,NA,NA,NA,0.1735032607477
ACTRT3,4,0,0,0.153144192352772,NA,NA,NA,0.173616379276887
SLC35F5,9,0,0,0.153467707309905,NA,NA,NA,0.173926765226897
SLC30A5,5,0,0,0.153579013454902,NA,NA,NA,0.173948941057994
RPRD2,4,0,0,0.153467707309905,NA,NA,NA,0.174080445774765
NLE1,3,0,0,0.153579013454902,NA,NA,NA,0.17408878522392
METAP2,6,0,0,0.153579013454902,NA,NA,NA,0.174102975534426
ZNF583,5,0,0,0.153579013454902,NA,NA,NA,0.17418451456023
EMC3,4,0,0,0.153884406658707,NA,NA,NA,0.174394103680834
PBXIP1,2,0,0,0.153884406658707,NA,NA,NA,0.174474651524228
RRP8,4,0,0,0.154056447027092,NA,NA,NA,0.174535255450757
CHST15,2,0,0,0.154036806892982,NA,NA,NA,0.174538849045283
CPNE3,4,0,0,0.15445680866356,NA,NA,NA,0.174906015598151
SPPL3,8,0,0,0.15445680866356,NA,NA,NA,0.175026685012036
CERS5,4,0,0,0.15445680866356,NA,NA,NA,0.175130773152092
USP30,3,0,0,0.154761836643774,NA,NA,NA,0.175310083635393
AP5M1,5,0,0,0.155224187630681,NA,NA,NA,0.176177121805386
NUDCD3,2,0,0,0.155702521386519,NA,NA,NA,0.176841759040182
COPS2,7,0,0,0.156530241083101,NA,NA,NA,0.177716014968468
ASB1,3,0,0,0.15657653045637,NA,NA,NA,0.177741623075659
IGF2BP1,7,0,0,0.156607977959896,NA,NA,NA,0.177750657653134
FNBP1,2,0,0,0.156530241083101,NA,NA,NA,0.17782679336291
OLA1,2,0,0,0.157148727172526,NA,NA,NA,0.178329454457194
IFT80,3,0,0,0.157198363433776,NA,NA,NA,0.178358813292978
RNF4,2,0,0,0.15734935671974,NA,NA,NA,0.17850154066865
LARP4,8,0,0,0.157864722887635,NA,NA,NA,0.179051607138794
WEE1,3,0,0,0.158232523701194,NA,NA,NA,0.179384310333504
HNRNPDL,5,0,0,0.158222451008517,NA,NA,NA,0.179425303156301
ZNF195,6,0,0,0.158232523701194,NA,NA,NA,0.179430620804981
SKA2,9,0,0,0.158672877468112,NA,NA,NA,0.179850167929788
STK17B,5,0,0,0.158881588910018,NA,NA,NA,0.180057183557304
GLRX3,4,0,0,0.158925088852936,NA,NA,NA,0.180079688476097
NPHP3,4,0,0,0.158978899192983,NA,NA,NA,0.180113737400725
ATR,2,0,0,0.159150636852543,NA,NA,NA,0.180435555248197
ZNF549,2,0,0,0.159519067362366,NA,NA,NA,0.180924668932895
TMEM167A,10,0,0,0.159519067362366,NA,NA,NA,0.181067096081894
SFT2D2,5,0,0,0.159519067362366,NA,NA,NA,0.181150083379377
PFN2,3,0,0,0.159592172386626,NA,NA,NA,0.181265381348783
PITPNC1,2,0,0,0.159592172386626,NA,NA,NA,0.181342814198264
HIVEP3,2,0,0,0.160291317659886,NA,NA,NA,0.182150659967299
MTMR3,5,0,0,0.160291317659886,NA,NA,NA,0.182214255655764
ASPM,2,0,0,0.16039593349677,NA,NA,NA,0.182241123498336
STK24,6,0,0,0.161119736889069,NA,NA,NA,0.183024489481073
FGF2,3,0,0,0.161300904035162,NA,NA,NA,0.183200491816146
ASB3,3,0,0,0.161534628811099,NA,NA,NA,0.18343525979968
SOAT1,8,0,0,0.161645562286225,NA,NA,NA,0.183532663256848
CARD8,9,0,0,0.161689972785732,NA,NA,NA,0.183555692267435
AMFR,4,0,0,0.162394362638143,NA,NA,NA,0.184600270596639
CSNK1G3,5,0,0,0.162683200091119,NA,NA,NA,0.184926684571412
NSD3,2,0,0,0.163009309737404,NA,NA,NA,0.185183862404377
MLF1,2,0,0,0.163172705059197,NA,NA,NA,0.185308559648067
RCHY1,3,0,0,0.163009309737404,NA,NA,NA,0.185360967240983
SLC9A7,8,0,0,0.163009309737404,NA,NA,NA,0.185400164416012
VPS54,4,0,0,0.163172705059197,NA,NA,NA,0.1854401469361
CEPT1,4,0,0,0.163172705059197,NA,NA,NA,0.185441904923825
ARPC5L,5,0,0,0.163009309737404,NA,NA,NA,0.185481246279441
NUF2,2,0,0,0.163172705059197,NA,NA,NA,0.185547299161466
EMP2,4,0,0,0.163172705059197,NA,NA,NA,0.185568302548721
GNB4,6,0,0,0.163172705059197,NA,NA,NA,0.185577104052578
IRF1,3,0,0,0.163172705059197,NA,NA,NA,0.185664304276496
DFFA,13,0,0,0.163172705059197,NA,NA,NA,0.185789961856705
GTPBP4,8,0,0,0.164013483980111,NA,NA,NA,0.186221816659665
GSE1,2,0,0,0.164424439006239,NA,NA,NA,0.186756934534059
FAM107B,5,0,0,0.164424439006239,NA,NA,NA,0.18679364034009
NARS1,5,0,0,0.164424439006239,NA,NA,NA,0.186883502429786
MARCHF9,2,0,0,0.165030182435078,NA,NA,NA,0.187449906816915
PROSER3,3,0,0,0.165030182435078,NA,NA,NA,0.187455839076273
NAMPT,8,0,0,0.165030182435078,NA,NA,NA,0.187625836479129
NAA40,3,0,0,0.165030182435078,NA,NA,NA,0.18767353507781
BTN2A2,2,0,0,0.165030182435078,NA,NA,NA,0.18783433425385
RSRC1,3,0,0,0.16554568163036,NA,NA,NA,0.188200306117039
GIPC2,2,0,0,0.16554568163036,NA,NA,NA,0.188227011648479
CENPU,3,0,0,0.16554568163036,NA,NA,NA,0.188274720355885
TRAK1,3,0,0,0.16554568163036,NA,NA,NA,0.188375535406657
PTBP3,9,0,0,0.16554568163036,NA,NA,NA,0.188395799718257
KRAS,5,0,0,0.16554568163036,NA,NA,NA,0.188450292996187
NEK4,2,0,0,0.165609655119733,NA,NA,NA,0.188482683616813
ARF6,4,0,0,0.165755067531608,NA,NA,NA,0.188564492077556
QSOX2,2,0,0,0.16554568163036,NA,NA,NA,0.188567292602409
CCDC66,2,0,0,0.165757479233053,NA,NA,NA,0.188613132597912
SEC11C,2,0,0,0.165755067531608,NA,NA,NA,0.188690721089165
ZMYND19,2,0,0,0.16554568163036,NA,NA,NA,0.188732965352895
SYTL4,3,0,0,0.165755067531608,NA,NA,NA,0.188742596271685
EXOC1,2,0,0,0.165755067531608,NA,NA,NA,0.188805501308875
AGPS,10,0,0,0.165755067531608,NA,NA,NA,0.188890237842463
RIC8B,2,0,0,0.165755067531608,NA,NA,NA,0.188971313381942
ADAMTSL5,2,0,0,0.165967828207169,NA,NA,NA,0.189013323368575
ORAI2,10,0,0,0.165967828207169,NA,NA,NA,0.18903274261219
MED21,5,0,0,0.165967828207169,NA,NA,NA,0.189053955199054
QRSL1,3,0,0,0.165967828207169,NA,NA,NA,0.189183555750045
PNO1,6,0,0,0.165967828207169,NA,NA,NA,0.189315747328
ZC3H12C,3,0,0,0.167083426175749,NA,NA,NA,0.190706306667796
SELENOS,2,0,0,0.167246039116247,NA,NA,NA,0.191122143443987
GABARAPL1,2,0,0,0.167526883163692,NA,NA,NA,0.19168145022925
ZRANB1,5,0,0,0.167520904307622,NA,NA,NA,0.191759369430443
ITGA4,6,0,0,0.167526883163692,NA,NA,NA,0.191776486364588
BLOC1S5,2,0,0,0.167526883163692,NA,NA,NA,0.191958303508462
TMEM183A,6,0,0,0.168199190543997,NA,NA,NA,0.192353371465394
ALG14,3,0,0,0.168197032740135,NA,NA,NA,0.192379085134701
TMOD3,15,0,0,0.168174261072105,NA,NA,NA,0.192381657373771
LOC128125822,8,0,0,0.169236657645924,NA,NA,NA,0.193690989711484
KRR1,12,0,0,0.169236657645924,NA,NA,NA,0.193728465025156
MCFD2,6,0,0,0.169236657645924,NA,NA,NA,0.193858056780164
PPIC,5,0,0,0.170461769919367,NA,NA,NA,0.195094461813325
CPLANE1,2,0,0,0.170858806439532,NA,NA,NA,0.19551249244304
NUDT16,5,0,0,0.171057757541052,NA,NA,NA,0.195863267235302
SLC7A14,2,0,0,0.171324420661774,NA,NA,NA,0.196077116859062
RPL37A,7,0,0,0.171301344904754,NA,NA,NA,0.196079863945391
DNAJC3,8,0,0,0.171301344904754,NA,NA,NA,0.196202183914611
FIG4,2,0,0,0.17169009758849,NA,NA,NA,0.196741939102737
ANGPTL2,2,0,0,0.17169009758849,NA,NA,NA,0.196841590278786
FOXO3,3,0,0,0.171978436966212,NA,NA,NA,0.19700875812279
POLR1F,3,0,0,0.171978436966212,NA,NA,NA,0.197123381705658
GABPA,2,0,0,0.172271123348708,NA,NA,NA,0.197309323414986
DDX19A,5,0,0,0.172362660823171,NA,NA,NA,0.197383453968118
EHMT1,3,0,0,0.172861859544814,NA,NA,NA,0.197916262117621
VPS41,6,0,0,0.173066349860164,NA,NA,NA,0.198088517893574
ZNF773,2,0,0,0.173066349860164,NA,NA,NA,0.19827110110146
WDR43,2,0,0,0.173288110025725,NA,NA,NA,0.198309048660425
STX6,5,0,0,0.173427129625361,NA,NA,NA,0.198407726747539
ITCH,5,0,0,0.173427129625361,NA,NA,NA,0.198438742319881
FAM89A,2,0,0,0.173612595093446,NA,NA,NA,0.198587414842808
CEP57L1,4,0,0,0.174390881024216,NA,NA,NA,0.199318146316167
RBMS3,6,0,0,0.174373201855711,NA,NA,NA,0.199384450611237
ABCF2,5,0,0,0.174390881024216,NA,NA,NA,0.199401064072743
SERAC1,3,0,0,0.174373201855711,NA,NA,NA,0.199424121584233
NPLOC4,3,0,0,0.174390881024216,NA,NA,NA,0.199457493248043
EIF2AK3,2,0,0,0.174551910013407,NA,NA,NA,0.199470286241956
UVSSA,3,0,0,0.174619419335828,NA,NA,NA,0.199570802848459
POLR1B,6,0,0,0.174729979036182,NA,NA,NA,0.199768189789426
PLA2R1,5,0,0,0.17498369225699,NA,NA,NA,0.200024371041045
SPTLC1,4,0,0,0.175571452151413,NA,NA,NA,0.200655460086046
APPL1,5,0,0,0.175599997575814,NA,NA,NA,0.200658757867699
DCAF12,3,0,0,0.175850395167369,NA,NA,NA,0.20088233456379
NFIA,6,0,0,0.175935532552236,NA,NA,NA,0.200978176536738
GATC,6,0,0,0.175850395167369,NA,NA,NA,0.201031837386389
MGAT4A,6,0,0,0.175935532552236,NA,NA,NA,0.201047108666152
GATA3,5,0,0,0.175935532552236,NA,NA,NA,0.201063127349557
NOPCHAP1,3,0,0,0.176029142519609,NA,NA,NA,0.201123476984552
ARNT,3,0,0,0.176330976014419,NA,NA,NA,0.201537485058816
ZNF276,5,0,0,0.176417187507185,NA,NA,NA,0.201656544527483
ATP6V0A4,2,0,0,0.176640484371533,NA,NA,NA,0.201849637221692
KANSL3,2,0,0,0.176640484371533,NA,NA,NA,0.20201127529213
VHL,7,0,0,0.176927937477519,NA,NA,NA,0.202298448417485
DDX54,2,0,0,0.177370429552319,NA,NA,NA,0.202766238055723
STAT3,4,0,0,0.177780953959831,NA,NA,NA,0.203278573888611
GTF3C4,5,0,0,0.177830125010671,NA,NA,NA,0.20337964467284
ADAMTS7,2,0,0,0.178170860116215,NA,NA,NA,0.203627946051078
SMARCC2,2,0,0,0.178170860116215,NA,NA,NA,0.203707705833519
ARCN1,4,0,0,0.178170860116215,NA,NA,NA,0.203815758279531
DOK4,3,0,0,0.178170860116215,NA,NA,NA,0.20383937586803
NDRG4,3,0,0,0.178170860116215,NA,NA,NA,0.203909125423287
RSBN1L,5,0,0,0.178170860116215,NA,NA,NA,0.203917173336905
LURAP1L,2,0,0,0.178170860116215,NA,NA,NA,0.203997527517103
ZWINT,3,0,0,0.178170860116215,NA,NA,NA,0.204048138155757
CTTNBP2NL,13,0,0,0.178170860116215,NA,NA,NA,0.204073436304434
PDCD11,2,0,0,0.178170860116215,NA,NA,NA,0.204151263661741
PEDS1,6,0,0,0.179015190582707,NA,NA,NA,0.2045460566452
RHBDD1,3,0,0,0.179104418525474,NA,NA,NA,0.204617266865322
PNPLA2,3,0,0,0.179294732622489,NA,NA,NA,0.204801799171541
GPAT4,6,0,0,0.179752618848252,NA,NA,NA,0.205286156394441
NDUFB6,3,0,0,0.179877340394705,NA,NA,NA,0.205397085378945
GRSF1,7,0,0,0.180561470361708,NA,NA,NA,0.206217678000809
ECHS1,2,0,0,0.180561470361708,NA,NA,NA,0.20635799384412
GNE,3,0,0,0.180650930922635,NA,NA,NA,0.206479730693638
PAAF1,2,0,0,0.180650930922635,NA,NA,NA,0.206496904889706
NOL3,2,0,0,0.180561470361708,NA,NA,NA,0.206499117860854
TSKU,3,0,0,0.180650930922635,NA,NA,NA,0.206588862328184
RPL37,6,0,0,0.180886478888173,NA,NA,NA,0.206645252652509
RPAIN,2,0,0,0.180561470361708,NA,NA,NA,0.206672994471676
HOXC9,4,0,0,0.180650930922635,NA,NA,NA,0.20670592935137
ORAI3,2,0,0,0.180886478888173,NA,NA,NA,0.206723352178626
LOX,13,0,0,0.180886478888173,NA,NA,NA,0.206727837832203
ARMH4,2,0,0,0.180886478888173,NA,NA,NA,0.206892534472636
SEC63,6,0,0,0.18118860013253,NA,NA,NA,0.206954910065605
RBM24,3,0,0,0.181649310168733,NA,NA,NA,0.207596479472893
NFXL1,3,0,0,0.181962908083558,NA,NA,NA,0.207918905972029
ARL4D,3,0,0,0.182202958228984,NA,NA,NA,0.208158846821174
FRS2,7,0,0,0.182241169570586,NA,NA,NA,0.208327063348751
GATD1,2,0,0,0.182887801383809,NA,NA,NA,0.209177473650711
HMGB3,5,0,0,0.183717667974579,NA,NA,NA,0.209932040544259
DYNC1H1,3,0,0,0.183635763087564,NA,NA,NA,0.20995740132024
ZNF548,4,0,0,0.183662996227387,NA,NA,NA,0.209958574725619
TNFAIP8,2,0,0,0.183772471452725,NA,NA,NA,0.209964248200428
TMEM128,2,0,0,0.183717667974579,NA,NA,NA,0.20999943286579
ICE2,6,0,0,0.183717667974579,NA,NA,NA,0.210080368639111
ING5,3,0,0,0.183635763087564,NA,NA,NA,0.210081501571152
GET4,2,0,0,0.184279440829985,NA,NA,NA,0.210502831985311
MECR,2,0,0,0.184551054423629,NA,NA,NA,0.210932622029079
CERS6,5,0,0,0.184643189209456,NA,NA,NA,0.211161316792256
PLA2G12A,10,0,0,0.184724189856045,NA,NA,NA,0.211341875453758
DTNA,2,0,0,0.185018001136292,NA,NA,NA,0.211832155213154
MAVS,12,0,0,0.185046234577613,NA,NA,NA,0.211834152388225
CPOX,2,0,0,0.185339753243736,NA,NA,NA,0.212285762025031
DPYSL3,5,0,0,0.185754661345971,NA,NA,NA,0.212849465530498
SEMA3G,3,0,0,0.185754661345971,NA,NA,NA,0.212902826702938
CDK12,5,0,0,0.187642445605929,NA,NA,NA,0.214938508620329
CASD1,4,0,0,0.187890911556063,NA,NA,NA,0.215187111374252
IPO5,8,0,0,0.187975438183915,NA,NA,NA,0.215251758042374
ATP6V1G1,6,0,0,0.188952865178066,NA,NA,NA,0.216474630028383
ADGRA2,2,0,0,0.189179863727022,NA,NA,NA,0.216698910056524
TPCN2,2,0,0,0.189364453523324,NA,NA,NA,0.216875575408864
IDS,9,0,0,0.189881438745819,NA,NA,NA,0.217582131233994
TAL1,5,0,0,0.190335620384038,NA,NA,NA,0.21821851291317
TXNDC12,2,0,0,0.190716649990221,NA,NA,NA,0.218742104640711
GNPDA2,3,0,0,0.190716649990221,NA,NA,NA,0.218888246452863
HCFC2,4,0,0,0.191033857684038,NA,NA,NA,0.219067435174854
HAUS3,2,0,0,0.191150806795859,NA,NA,NA,0.219167870622305
CHTOP,7,0,0,0.191421366258397,NA,NA,NA,0.219440719991186
ARF4,6,0,0,0.19201458106892,NA,NA,NA,0.220134517756955
HACD4,2,0,0,0.19201458106892,NA,NA,NA,0.220328942874564
GEMIN5,3,0,0,0.19201458106892,NA,NA,NA,0.22051247963155
PHC3,4,0,0,0.192421485180888,NA,NA,NA,0.22075484819011
ATP13A3,6,0,0,0.192522460640103,NA,NA,NA,0.220837135470255
ARAP3,2,0,0,0.193376282385061,NA,NA,NA,0.221764501066032
SOS1,3,0,0,0.194329177551685,NA,NA,NA,0.222802595774481
TFEC,3,0,0,0.194513341884782,NA,NA,NA,0.222977912516709
MDM2,8,0,0,0.194728342085884,NA,NA,NA,0.223156537631581
CALHM5,11,0,0,0.194728342085884,NA,NA,NA,0.223280981632354
RAB22A,4,0,0,0.194912972171325,NA,NA,NA,0.223332336810338
SIRT5,3,0,0,0.195303407365641,NA,NA,NA,0.223676433005666
DSTN,8,0,0,0.195303407365641,NA,NA,NA,0.223836691573658
NAPB,2,0,0,0.19543023330092,NA,NA,NA,0.223854911786125
MPP4,2,0,0,0.195303407365641,NA,NA,NA,0.223978718010775
GTF2F2,5,0,0,0.19543023330092,NA,NA,NA,0.223983360768048
ROCK1,4,0,0,0.195633197112265,NA,NA,NA,0.224051307169953
SLC2A1,4,0,0,0.19543023330092,NA,NA,NA,0.224120450819088
TP53I11,2,0,0,0.19543023330092,NA,NA,NA,0.22412935571834
NCOR1,6,0,0,0.19543023330092,NA,NA,NA,0.224225768759515
STYK1,3,0,0,0.19543023330092,NA,NA,NA,0.224249027894939
UBA5,8,0,0,0.19543023330092,NA,NA,NA,0.224385678172614
PHKB,7,0,0,0.19543023330092,NA,NA,NA,0.22449292687352
RHOQ,6,0,0,0.19543023330092,NA,NA,NA,0.224568726026903
IK,2,0,0,0.196131369658762,NA,NA,NA,0.224599788824684
WNK3,3,0,0,0.196770067975246,NA,NA,NA,0.225420491691199
CYCS,7,0,0,0.196993172081671,NA,NA,NA,0.225639202967585
FBXL20,2,0,0,0.197796252609507,NA,NA,NA,0.226507369386326
CLEC16A,2,0,0,0.197837890136919,NA,NA,NA,0.226522695409393
C1orf50,2,0,0,0.198412044576747,NA,NA,NA,0.227134133547938
ENY2,6,0,0,0.198494156080407,NA,NA,NA,0.22749317640963
KIAA0586,3,0,0,0.198494156080407,NA,NA,NA,0.22766173214091
BACH1,4,0,0,0.198494156080407,NA,NA,NA,0.227729703940414
TMEM30A,12,0,0,0.198689686128369,NA,NA,NA,0.227795264979825
ITFG1,4,0,0,0.198494156080407,NA,NA,NA,0.227849327923858
SAMHD1,4,0,0,0.198494156080407,NA,NA,NA,0.227893166348604
TMEM164,2,0,0,0.198689686128369,NA,NA,NA,0.227962650900627
PCNA,2,0,0,0.198689686128369,NA,NA,NA,0.227981343892811
ZNF200,2,0,0,0.198494156080407,NA,NA,NA,0.228034975878666
ITGB3,5,0,0,0.20003694133198,NA,NA,NA,0.229875314839337
MED7,3,0,0,0.20003694133198,NA,NA,NA,0.230041638120929
PIGV,3,0,0,0.200599406936776,NA,NA,NA,0.230474696662074
FBXO22,6,0,0,0.200703545029352,NA,NA,NA,0.230634196102184
CMBL,2,0,0,0.200703545029352,NA,NA,NA,0.231002756755314
SPATA33,2,0,0,0.20109991278026,NA,NA,NA,0.231415890562627
VPS72,3,0,0,0.201896686850654,NA,NA,NA,0.232405295103456
ZDHHC6,2,0,0,0.202110053989655,NA,NA,NA,0.232481834513615
C1QTNF6,2,0,0,0.202140876667498,NA,NA,NA,0.232483928186567
MON2,5,0,0,0.201896686850654,NA,NA,NA,0.232506616875048
CHFR,3,0,0,0.202193085697464,NA,NA,NA,0.232510080715451
AMIGO1,2,0,0,0.202110053989655,NA,NA,NA,0.232640116278389
GPBP1L1,4,0,0,0.202110053989655,NA,NA,NA,0.232809774929237
RNGTT,5,0,0,0.202283240609021,NA,NA,NA,0.232869336291904
RPP14,8,0,0,0.202110053989655,NA,NA,NA,0.232890238815291
SS18L1,2,0,0,0.202283240609021,NA,NA,NA,0.233028330583891
CFH,2,0,0,0.202110053989655,NA,NA,NA,0.233044907869733
NT5DC1,4,0,0,0.202283240609021,NA,NA,NA,0.233106417212647
RUVBL2,2,0,0,0.202283240609021,NA,NA,NA,0.233197513416506
ABHD10,3,0,0,0.202439242914635,NA,NA,NA,0.23324923738817
VCPIP1,8,0,0,0.202283240609021,NA,NA,NA,0.233331303666148
RCN1,4,0,0,0.202283240609021,NA,NA,NA,0.233344324950073
MCL1,4,0,0,0.202283240609021,NA,NA,NA,0.233417270308001
RERE,3,0,0,0.202283240609021,NA,NA,NA,0.233453284493875
PDE8A,4,0,0,0.202283240609021,NA,NA,NA,0.233490043217883
CGRRF1,2,0,0,0.20274912813255,NA,NA,NA,0.234036651703489
RYBP,2,0,0,0.203899555407075,NA,NA,NA,0.235424298327697
PPP2R5C,6,0,0,0.20397831557063,NA,NA,NA,0.235498797425773
DCAKD,2,0,0,0.203899555407075,NA,NA,NA,0.235501845262467
WRN,3,0,0,0.20397831557063,NA,NA,NA,0.235741186282265
KDM5A,6,0,0,0.20397831557063,NA,NA,NA,0.235806084561732
SYNC,6,0,0,0.204321889491791,NA,NA,NA,0.236239520298613
NECTIN1,2,0,0,0.204413230531104,NA,NA,NA,0.23630897850478
TANC1,2,0,0,0.204893767853519,NA,NA,NA,0.236817492187186
MIPOL1,3,0,0,0.205181075177415,NA,NA,NA,0.237107908757222
MPV17,2,0,0,0.205262747388674,NA,NA,NA,0.237318980947952
TSN,8,0,0,0.205262747388674,NA,NA,NA,0.237414066810534
RNF41,10,0,0,0.20539912838001,NA,NA,NA,0.2375342253729
SRSF7,4,0,0,0.205262747388674,NA,NA,NA,0.237588721683603
THEM4,5,0,0,0.205581304587199,NA,NA,NA,0.237672344615709
SUMO2,4,0,0,0.205581304587199,NA,NA,NA,0.23779478893849
AGO4,6,0,0,0.206113138941821,NA,NA,NA,0.238238491988348
RHBDD2,2,0,0,0.206896837307101,NA,NA,NA,0.239246280708204
NAP1L1,7,0,0,0.207586595112841,NA,NA,NA,0.23995626600689
RTL8B,2,0,0,0.20758284333828,NA,NA,NA,0.239986031030376
GCLC,6,0,0,0.207958774642341,NA,NA,NA,0.240341874311912
MTURN,8,0,0,0.20803624711096,NA,NA,NA,0.240395225864492
ZNF473,2,0,0,0.208871775387018,NA,NA,NA,0.241302731131037
RELT,2,0,0,0.209006511619344,NA,NA,NA,0.241420475539381
PREX2,2,0,0,0.209215977547579,NA,NA,NA,0.241622376983559
FAM135A,2,0,0,0.209311410203992,NA,NA,NA,0.241695842599067
ZDHHC3,7,0,0,0.209341167840739,NA,NA,NA,0.241999773045679
RYK,2,0,0,0.209469052847599,NA,NA,NA,0.242075778008007
FOSL1,2,0,0,0.209341167840739,NA,NA,NA,0.242092145713978
KDM7A,2,0,0,0.209341167840739,NA,NA,NA,0.242108760987498
AIG1,2,0,0,0.209341167840739,NA,NA,NA,0.242227279514751
KPNA1,12,0,0,0.209469052847599,NA,NA,NA,0.242234538330884
HSDL1,5,0,0,0.209752508417055,NA,NA,NA,0.242361089589662
ENAH,10,0,0,0.209341167840739,NA,NA,NA,0.24239329812737
MLX,5,0,0,0.209341167840739,NA,NA,NA,0.242399115559192
EPOR,4,0,0,0.210036078329858,NA,NA,NA,0.242762368346748
UBE2D2,6,0,0,0.210036078329858,NA,NA,NA,0.24277012540772
LRRC28,2,0,0,0.210126567640458,NA,NA,NA,0.242837987240152
RAD50,9,0,0,0.210393136999657,NA,NA,NA,0.243070136444059
TTC9C,2,0,0,0.210393136999657,NA,NA,NA,0.243105985851524
YIPF4,15,0,0,0.210607819879483,NA,NA,NA,0.243277848296816
NMT2,9,0,0,0.21108871292573,NA,NA,NA,0.243785159414038
HACD1,2,0,0,0.21192840478715,NA,NA,NA,0.244905793127738
FADS1,4,0,0,0.212748089864367,NA,NA,NA,0.245866766409789
CDKN2AIPNL,3,0,0,0.212748089864367,NA,NA,NA,0.24598761003403
CYBRD1,4,0,0,0.213518155109473,NA,NA,NA,0.246719852907089
RAD23B,9,0,0,0.213628573727473,NA,NA,NA,0.246809666445292
SUPT6H,3,0,0,0.213518155109473,NA,NA,NA,0.246833188368312
PPP1R7,3,0,0,0.213518155109473,NA,NA,NA,0.246840754291595
ALDH9A1,3,0,0,0.213518155109473,NA,NA,NA,0.247019134933007
WDR12,9,0,0,0.213518155109473,NA,NA,NA,0.247029878396864
HRH1,5,0,0,0.214437927717662,NA,NA,NA,0.247968680279494
TCEAL7,2,0,0,0.214437927717662,NA,NA,NA,0.247977132691666
DVL1,2,0,0,0.214970966378781,NA,NA,NA,0.248845485329942
PRPSAP1,5,0,0,0.215257804635306,NA,NA,NA,0.24900037447285
PPP1R2,3,0,0,0.215257804635306,NA,NA,NA,0.249119693687971
STOM,4,0,0,0.215257804635306,NA,NA,NA,0.249252623684617
INPP1,2,0,0,0.215257804635306,NA,NA,NA,0.249282171155615
ALDH7A1,4,0,0,0.215257804635306,NA,NA,NA,0.249329717211309
NRARP,5,0,0,0.215692739074617,NA,NA,NA,0.249420441137253
VPS33A,3,0,0,0.215692739074617,NA,NA,NA,0.249515828050201
SYNJ2,10,0,0,0.216474287996649,NA,NA,NA,0.250440749703703
LDAH,4,0,0,0.216474287996649,NA,NA,NA,0.250526488853136
ZCCHC7,2,0,0,0.216474287996649,NA,NA,NA,0.250624544479602
OSBPL9,5,0,0,0.218216542849999,NA,NA,NA,0.252918852194038
GPN1,3,0,0,0.218277400062593,NA,NA,NA,0.253111397166404
HOXA10,2,0,0,0.218437448154506,NA,NA,NA,0.253256159072381
IRAK4,3,0,0,0.218725268441201,NA,NA,NA,0.253473505836827
AP3M1,4,0,0,0.218725268441201,NA,NA,NA,0.253595417758736
HOOK3,11,0,0,0.218725268441201,NA,NA,NA,0.253612963563711
TRIM37,2,0,0,0.219368836642476,NA,NA,NA,0.253985043425598
PHF5A,2,0,0,0.219248910748096,NA,NA,NA,0.253992392536583
TXNL4A,4,0,0,0.219368836642476,NA,NA,NA,0.254043007219188
TMEM106B,6,0,0,0.219368836642476,NA,NA,NA,0.254105314470415
EXOC8,4,0,0,0.219368836642476,NA,NA,NA,0.254150802100806
MAIP1,2,0,0,0.219248910748096,NA,NA,NA,0.254151688801585
BST1,2,0,0,0.219687527996898,NA,NA,NA,0.25430840976738
ZNF148,9,0,0,0.219945565230761,NA,NA,NA,0.254652536670139
PTPN21,3,0,0,0.219987105213852,NA,NA,NA,0.254733782074638
GPC1,2,0,0,0.22014324213677,NA,NA,NA,0.255084880214084
RBL2,2,0,0,0.22014324213677,NA,NA,NA,0.255244477134317
POLR3C,3,0,0,0.22014324213677,NA,NA,NA,0.255273820401793
EMG1,3,0,0,0.22014324213677,NA,NA,NA,0.255281782488178
PATL1,4,0,0,0.220448385560442,NA,NA,NA,0.255392993876179
ZFYVE26,4,0,0,0.220934210621497,NA,NA,NA,0.255904529794215
PEAK1,3,0,0,0.222169368654973,NA,NA,NA,0.257259541402521
TBC1D25,2,0,0,0.222650945885411,NA,NA,NA,0.258085499060498
APBA3,2,0,0,0.222910545436169,NA,NA,NA,0.258501731000566
ADARB1,4,0,0,0.223032790773047,NA,NA,NA,0.258922992129768
TMA16,2,0,0,0.22386528805233,NA,NA,NA,0.260109342862959
FAM124A,3,0,0,0.22386528805233,NA,NA,NA,0.260182566138324
MTA3,3,0,0,0.224406892824324,NA,NA,NA,0.260683914202701
EDEM1,2,0,0,0.224880253229031,NA,NA,NA,0.261181243842915
TRPS1,3,0,0,0.225496900231126,NA,NA,NA,0.261815889972836
NIFK,5,0,0,0.225496900231126,NA,NA,NA,0.261910497926243
IL17RA,10,0,0,0.225496900231126,NA,NA,NA,0.261913066074278
ANKS6,2,0,0,0.225496900231126,NA,NA,NA,0.261956561855567
SP3,4,0,0,0.225496900231126,NA,NA,NA,0.262060398369228
TAOK1,6,0,0,0.225496900231126,NA,NA,NA,0.262157822355587
MARCHF3,4,0,0,0.225956792870488,NA,NA,NA,0.26257018731351
CCSAP,2,0,0,0.225956792870488,NA,NA,NA,0.262642862523913
STARD13,6,0,0,0.226089984173605,NA,NA,NA,0.262694587868383
WDFY2,4,0,0,0.226610414005339,NA,NA,NA,0.263405200342711
ITGAV,12,0,0,0.226699949589742,NA,NA,NA,0.263629434645708
YWHAQ,6,0,0,0.227042470859367,NA,NA,NA,0.263978845882878
SLC2A4RG,3,0,0,0.2271614887569,NA,NA,NA,0.264038541223523
BUB1,2,0,0,0.2271614887569,NA,NA,NA,0.264146661286351
SUFU,2,0,0,0.22807840357408,NA,NA,NA,0.264775260790261
POLR2L,3,0,0,0.227925160461113,NA,NA,NA,0.264825629862625
PKIA,8,0,0,0.22807840357408,NA,NA,NA,0.264901797526277
TAF8,2,0,0,0.22807840357408,NA,NA,NA,0.264929211058901
ARL8B,7,0,0,0.22807840357408,NA,NA,NA,0.264985505561922
RFWD3,2,0,0,0.22807840357408,NA,NA,NA,0.264991596895918
CCDC117,2,0,0,0.227925160461113,NA,NA,NA,0.265012102423097
FAM168A,4,0,0,0.228341988029872,NA,NA,NA,0.265035221046489
IVD,6,0,0,0.22807840357408,NA,NA,NA,0.265088518361741
AOPEP,2,0,0,0.228583403273484,NA,NA,NA,0.26519614382795
RPS6KB1,5,0,0,0.228562769215342,NA,NA,NA,0.26520987938467
MFSD4B,6,0,0,0.228562769215342,NA,NA,NA,0.26536974379099
DUS2,2,0,0,0.22958915086475,NA,NA,NA,0.266772399117805
COL1A2,5,0,0,0.230143065850955,NA,NA,NA,0.267765358520143
ACTR8,5,0,0,0.230233917964846,NA,NA,NA,0.267830147775365
SRGAP2C,3,0,0,0.230143065850955,NA,NA,NA,0.267892311916395
MYOF,2,0,0,0.230143065850955,NA,NA,NA,0.267945657227388
GNG11,4,0,0,0.230607239938691,NA,NA,NA,0.268213695721701
GPR161,5,0,0,0.230817767718442,NA,NA,NA,0.268375743097004
MAP2K6,3,0,0,0.230817767718442,NA,NA,NA,0.268435990214176
RALGAPB,7,0,0,0.230956281776147,NA,NA,NA,0.268676844622183
LDLRAD3,2,0,0,0.230956281776147,NA,NA,NA,0.268885037225295
TTC28,2,0,0,0.230956281776147,NA,NA,NA,0.268944730693924
CBLB,3,0,0,0.230956281776147,NA,NA,NA,0.268963467621911
CNOT2,4,0,0,0.230956281776147,NA,NA,NA,0.269016347286757
REPS1,3,0,0,0.230956281776147,NA,NA,NA,0.269024658547288
CLEC2B,2,0,0,0.231069122575672,NA,NA,NA,0.269034258752687
PIAS2,7,0,0,0.231809820710041,NA,NA,NA,0.269651559222272
ABLIM1,4,0,0,0.231539540893125,NA,NA,NA,0.269687153197283
ANKH,4,0,0,0.231809820710041,NA,NA,NA,0.269785400566559
BPNT1,5,0,0,0.231809820710041,NA,NA,NA,0.26980063225658
DENND5B,3,0,0,0.231715719174564,NA,NA,NA,0.269848094636586
TRMT5,2,0,0,0.231809820710041,NA,NA,NA,0.269902342004631
ABI3BP,3,0,0,0.231809820710041,NA,NA,NA,0.269961337111552
C9orf40,3,0,0,0.231809820710041,NA,NA,NA,0.270011477558557
PANX1,2,0,0,0.231809820710041,NA,NA,NA,0.270127910117761
EPB41L3,9,0,0,0.231809820710041,NA,NA,NA,0.270165591855173
RIC8A,2,0,0,0.232177135713587,NA,NA,NA,0.27043692631654
ATP2B1,4,0,0,0.232177135713587,NA,NA,NA,0.270466657090307
ZNF264,3,0,0,0.232622854877229,NA,NA,NA,0.271249697082962
TRPC1,4,0,0,0.233428096232362,NA,NA,NA,0.272121373360692
CAMTA1,3,0,0,0.233624791592659,NA,NA,NA,0.272152276682633
GPR89A,3,0,0,0.233624791592659,NA,NA,NA,0.272274737265557
RSRC2,4,0,0,0.233624791592659,NA,NA,NA,0.272364510153221
IQCE,2,0,0,0.233624791592659,NA,NA,NA,0.272422210731333
PHETA1,2,0,0,0.233624791592659,NA,NA,NA,0.272452166444419
TMEM231,4,0,0,0.23387893616627,NA,NA,NA,0.272559830921568
KLF4,2,0,0,0.234311315568416,NA,NA,NA,0.273121918221584
AGO1,3,0,0,0.234689819900583,NA,NA,NA,0.273957586367512
EMSY,3,0,0,0.234689819900583,NA,NA,NA,0.274120652752668
RSPO3,4,0,0,0.234689819900583,NA,NA,NA,0.274158342980857
C1orf74,4,0,0,0.235012569025659,NA,NA,NA,0.274442741282438
ZBTB44,6,0,0,0.2351487996332,NA,NA,NA,0.274558026150842
PTPRG,5,0,0,0.235186796048019,NA,NA,NA,0.274562223938027
TBP,2,0,0,0.235550068884642,NA,NA,NA,0.274895460004567
CDKN1A,2,0,0,0.235550068884642,NA,NA,NA,0.274980003078053
BRWD3,6,0,0,0.235804638329139,NA,NA,NA,0.275144459483808
CAVIN2,6,0,0,0.236394537292165,NA,NA,NA,0.275744910977293
AHI1,2,0,0,0.236394537292165,NA,NA,NA,0.275779849382908
WDTC1,2,0,0,0.236394537292165,NA,NA,NA,0.275805723030918
SNF8,3,0,0,0.236394537292165,NA,NA,NA,0.275927844449131
ZBTB2,2,0,0,0.236394537292165,NA,NA,NA,0.275929501871908
MRPL47,4,0,0,0.236394537292165,NA,NA,NA,0.275967627394736
GATA6,6,0,0,0.236394537292165,NA,NA,NA,0.275973977510017
ZNF330,3,0,0,0.236394537292165,NA,NA,NA,0.276029798938936
N4BP2L2,4,0,0,0.236394537292165,NA,NA,NA,0.276148885298709
CHKA,2,0,0,0.236644875023051,NA,NA,NA,0.276265418002935
GNS,5,0,0,0.236767293280675,NA,NA,NA,0.276365088357652
CLUAP1,5,0,0,0.236644875023051,NA,NA,NA,0.276373906502583
ATXN10,6,0,0,0.236644875023051,NA,NA,NA,0.27638585332678
MECP2,5,0,0,0.236644875023051,NA,NA,NA,0.276422096656452
STAU2,3,0,0,0.236644875023051,NA,NA,NA,0.276519830240004
VGLL3,5,0,0,0.236644875023051,NA,NA,NA,0.276641835101553
ICMT,5,0,0,0.236824385234562,NA,NA,NA,0.276666691651137
CPNE2,2,0,0,0.236824385234562,NA,NA,NA,0.27668753317965
DCAF7,7,0,0,0.236644875023051,NA,NA,NA,0.276761905189827
DSE,5,0,0,0.237037139566181,NA,NA,NA,0.276868444505381
SEZ6L2,2,0,0,0.237921518791499,NA,NA,NA,0.277829173366389
WIPF2,7,0,0,0.237997615659734,NA,NA,NA,0.277876283624077
RAB36,2,0,0,0.239281008877333,NA,NA,NA,0.279564104807782
RCOR1,4,0,0,0.239249665662612,NA,NA,NA,0.279567919458182
NNT,7,0,0,0.239726039291665,NA,NA,NA,0.27994940202059
PODXL,6,0,0,0.239702001189381,NA,NA,NA,0.280000648499
BTBD9,3,0,0,0.239726039291665,NA,NA,NA,0.28001883233331
NIPA2,7,0,0,0.239851778408048,NA,NA,NA,0.280052283103489
ARHGAP42,2,0,0,0.240113568557127,NA,NA,NA,0.280269683833374
SNTB2,10,0,0,0.240112993048524,NA,NA,NA,0.280308136451988
C14orf28,4,0,0,0.240290592770433,NA,NA,NA,0.280430446550095
PAXBP1,2,0,0,0.240508380442214,NA,NA,NA,0.280637185852586
SMIM12,4,0,0,0.241055384849995,NA,NA,NA,0.281215296967071
HERPUD2,4,0,0,0.241406540140413,NA,NA,NA,0.281730488158961
CXCL6,3,0,0,0.241598431463593,NA,NA,NA,0.281907781730199
ZNF562,7,0,0,0.242195472714732,NA,NA,NA,0.282542017856589
GGA2,6,0,0,0.242464599993772,NA,NA,NA,0.282806243556034
PTGR3,7,0,0,0.242981589722246,NA,NA,NA,0.283349811462952
METTL4,2,0,0,0.243238781605444,NA,NA,NA,0.28371970191745
ZNF142,4,0,0,0.243238781605444,NA,NA,NA,0.283827017731609
GLE1,2,0,0,0.243827040826925,NA,NA,NA,0.284343399971393
CS,3,0,0,0.24406496240173,NA,NA,NA,0.284730958328921
DCK,2,0,0,0.244589843571937,NA,NA,NA,0.285243484557979
TEK,3,0,0,0.244566969726119,NA,NA,NA,0.285257273780175
MACF1,6,0,0,0.244991709131189,NA,NA,NA,0.285722387985038
BCAT1,10,0,0,0.245008276239509,NA,NA,NA,0.285794813823374
EMC2,2,0,0,0.245337793177914,NA,NA,NA,0.286144274190036
LRCH2,3,0,0,0.24543572732928,NA,NA,NA,0.28635618288789
METTL1,2,0,0,0.245638273514796,NA,NA,NA,0.286505027692555
COX18,2,0,0,0.245622710954496,NA,NA,NA,0.286527187618562
SLC12A6,3,0,0,0.246484158768906,NA,NA,NA,0.287259467472506
MRPL52,3,0,0,0.246484158768906,NA,NA,NA,0.28737832241792
PDCD1LG2,3,0,0,0.246484158768906,NA,NA,NA,0.287480813968095
ETS2,5,0,0,0.246484158768906,NA,NA,NA,0.287490871290485
RPTOR,3,0,0,0.246484158768906,NA,NA,NA,0.287595358315763
ORC2,5,0,0,0.247332406304564,NA,NA,NA,0.288174390457587
CCNH,2,0,0,0.247467919001486,NA,NA,NA,0.288601837072881
RGS5,12,0,0,0.247467919001486,NA,NA,NA,0.288723765934687
SSH2,4,0,0,0.247467919001486,NA,NA,NA,0.288784435041697
POLR1C,2,0,0,0.247467919001486,NA,NA,NA,0.288804375762683
DCAF16,3,0,0,0.247467919001486,NA,NA,NA,0.288817520478293
NSUN4,4,0,0,0.247467919001486,NA,NA,NA,0.288834706557715
PTTG1IP,9,0,0,0.248084605383964,NA,NA,NA,0.289099978809596
C17orf58,2,0,0,0.248045628057699,NA,NA,NA,0.289135423329573
IL13RA1,9,0,0,0.247905143432033,NA,NA,NA,0.289176287318526
TMEM187,2,0,0,0.248084605383964,NA,NA,NA,0.289219610763501
NUDT21,5,0,0,0.248290848730317,NA,NA,NA,0.289323542002044
TYRO3,2,0,0,0.248045628057699,NA,NA,NA,0.289327643395167
SAP30BP,5,0,0,0.248045628057699,NA,NA,NA,0.289411427175003
CYRIB,2,0,0,0.248045628057699,NA,NA,NA,0.289417399013119
GTF2A2,4,0,0,0.248045628057699,NA,NA,NA,0.289504227186655
PSTPIP2,3,0,0,0.248507759604247,NA,NA,NA,0.289614999619363
ZNF354C,2,0,0,0.248507759604247,NA,NA,NA,0.289795288151581
ST3GAL5,2,0,0,0.248751448053967,NA,NA,NA,0.289849400545458
ATF2,3,0,0,0.249140854403213,NA,NA,NA,0.290247555979745
EEF1AKMT2,5,0,0,0.249836761339822,NA,NA,NA,0.290990018180162
FBXW11,3,0,0,0.249901305866779,NA,NA,NA,0.291022824160307
FOXN3,5,0,0,0.24996842343627,NA,NA,NA,0.291216740073317
MRM2,2,0,0,0.250056249870772,NA,NA,NA,0.291275679837305
MCC,4,0,0,0.250525436602841,NA,NA,NA,0.291763082277218
SOBP,3,0,0,0.250879519598458,NA,NA,NA,0.292121023510673
RCC1,3,0,0,0.251547199098175,NA,NA,NA,0.292830949684137
C1orf21,3,0,0,0.251906002227674,NA,NA,NA,0.293391259472045
TXNRD3,2,0,0,0.25187628653419,NA,NA,NA,0.293437902398963
SERINC3,8,0,0,0.252025509528673,NA,NA,NA,0.293492106486846
CDC5L,5,0,0,0.25187628653419,NA,NA,NA,0.293525106747827
ANAPC16,5,0,0,0.251906002227674,NA,NA,NA,0.293577857526778
UCHL5,9,0,0,0.252354294749756,NA,NA,NA,0.293973142621599
GMPS,3,0,0,0.252627382557849,NA,NA,NA,0.294163729763426
UNC5B,2,0,0,0.252631675681299,NA,NA,NA,0.294242743154551
NQO1,3,0,0,0.252627382557849,NA,NA,NA,0.294292736326641
MRAP2,2,0,0,0.252627382557849,NA,NA,NA,0.29442499395583
SMURF2,10,0,0,0.252627382557849,NA,NA,NA,0.294431495990806
PPARA,2,0,0,0.253420182266395,NA,NA,NA,0.295246234175411
MILR1,2,0,0,0.254287233645028,NA,NA,NA,0.296018643383013
URB1,6,0,0,0.254311751295654,NA,NA,NA,0.29607490925
CAPRIN1,11,0,0,0.254287233645028,NA,NA,NA,0.296141813793591
DECR1,3,0,0,0.254287233645028,NA,NA,NA,0.296149716804026
STT3B,4,0,0,0.254287233645028,NA,NA,NA,0.296170588964821
DYNC1LI2,8,0,0,0.254416119406443,NA,NA,NA,0.2962010874195
COL25A1,3,0,0,0.254287233645028,NA,NA,NA,0.296220118466186
HYI,2,0,0,0.254311751295654,NA,NA,NA,0.296235832908853
PITHD1,2,0,0,0.254614985113734,NA,NA,NA,0.296384058687332
SLC25A40,4,0,0,0.254666788286665,NA,NA,NA,0.296492971577541
ZNF398,4,0,0,0.254783757895211,NA,NA,NA,0.296651109501761
PSMB2,9,0,0,0.254806801270419,NA,NA,NA,0.296935415904854
ENTPD4,3,0,0,0.254806801270419,NA,NA,NA,0.296941413029483
PKNOX1,4,0,0,0.254806801270419,NA,NA,NA,0.29695380966544
LMBRD2,6,0,0,0.254806801270419,NA,NA,NA,0.296993274207024
TCIM,4,0,0,0.254914854595597,NA,NA,NA,0.297058713856816
C12orf4,4,0,0,0.254914854595597,NA,NA,NA,0.297068537828847
TXNL1,3,0,0,0.254806801270419,NA,NA,NA,0.29708999287624
DIAPH3,2,0,0,0.254914854595597,NA,NA,NA,0.297096646955083
SHROOM3,3,0,0,0.254806801270419,NA,NA,NA,0.297105014593784
RNF24,8,0,0,0.254806801270419,NA,NA,NA,0.297116596351467
DNAJC5,7,0,0,0.254806801270419,NA,NA,NA,0.29713474367344
DHX9,4,0,0,0.254914854595597,NA,NA,NA,0.297198041800621
MSN,2,0,0,0.255128402224563,NA,NA,NA,0.297258300055374
RBBP9,4,0,0,0.254806801270419,NA,NA,NA,0.297289527133343
TM9SF2,5,0,0,0.254806801270419,NA,NA,NA,0.297449184732641
CHST3,2,0,0,0.254806801270419,NA,NA,NA,0.297486433060694
MSANTD2,3,0,0,0.254806801270419,NA,NA,NA,0.297494202049075
PTRH1,2,0,0,0.254806801270419,NA,NA,NA,0.297495805480216
CDC37L1,4,0,0,0.255620732475344,NA,NA,NA,0.297782134948166
DENND4C,6,0,0,0.255620732475344,NA,NA,NA,0.297886622249495
MEGF9,4,0,0,0.25611081609742,NA,NA,NA,0.29866846970642
POLR2D,4,0,0,0.25611081609742,NA,NA,NA,0.298681679882784
APCDD1L,2,0,0,0.256808963084785,NA,NA,NA,0.299371305641845
RCN2,3,0,0,0.256808963084785,NA,NA,NA,0.299412110886052
NFE2L3,2,0,0,0.258158428955493,NA,NA,NA,0.301077065298956
TMEM199,4,0,0,0.258153078164897,NA,NA,NA,0.301111751760489
WASHC2A,2,0,0,0.258153078164897,NA,NA,NA,0.301277330870491
UBE2E2,6,0,0,0.258239287479485,NA,NA,NA,0.301415076721972
BRAT1,2,0,0,0.258239287479485,NA,NA,NA,0.301511089151409
SWAP70,6,0,0,0.258670730224368,NA,NA,NA,0.302156659245703
SAR1B,5,0,0,0.258962774165897,NA,NA,NA,0.302600474619871
DENND4A,6,0,0,0.259369684049688,NA,NA,NA,0.303315476713796
TMEM64,5,0,0,0.259583119213828,NA,NA,NA,0.303528931515069
FAM133B,2,0,0,0.26026641097968,NA,NA,NA,0.304683310099646
HMGN3,3,0,0,0.26026641097968,NA,NA,NA,0.304842316731675
BCL6B,4,0,0,0.260692212101635,NA,NA,NA,0.305238037305473
GCDH,2,0,0,0.260692212101635,NA,NA,NA,0.305295133298678
MYO1B,3,0,0,0.261104074586659,NA,NA,NA,0.305816872577088
MYO10,7,0,0,0.261178000918641,NA,NA,NA,0.305858143236163
SPRYD4,2,0,0,0.261178222949937,NA,NA,NA,0.305973423593254
HNRNPA2B1,6,0,0,0.261291445225855,NA,NA,NA,0.306058923849391
SLC7A6OS,5,0,0,0.261915746040028,NA,NA,NA,0.307227809894424
PDE3A,8,0,0,0.263796408995369,NA,NA,NA,0.309885310527314
COPG2,2,0,0,0.263796408995369,NA,NA,NA,0.309966558946034
DCAF8,3,0,0,0.263796408995369,NA,NA,NA,0.310030409449471
SCD,3,0,0,0.263796408995369,NA,NA,NA,0.310066546293676
PPP6R2,2,0,0,0.263796408995369,NA,NA,NA,0.310139871508314
ZDHHC2,9,0,0,0.264071810771266,NA,NA,NA,0.310310642175254
NEGR1,12,0,0,0.264182628351623,NA,NA,NA,0.310392610328089
CD55,5,0,0,0.264216723074285,NA,NA,NA,0.310701915055838
CD93,3,0,0,0.265175570513795,NA,NA,NA,0.311742251362711
BCL10,6,0,0,0.265236964500898,NA,NA,NA,0.311768190312888
ANOS1,2,0,0,0.265788906990891,NA,NA,NA,0.312347656397497
THRAP3,2,0,0,0.266006900386643,NA,NA,NA,0.312550195080348
PRKAR2A,9,0,0,0.266484208690256,NA,NA,NA,0.313045115754694
LRIF1,3,0,0,0.266543650189867,NA,NA,NA,0.313068742011873
MESD,6,0,0,0.267224367228169,NA,NA,NA,0.313911978812306
CUL5,7,0,0,0.267595462221048,NA,NA,NA,0.314511502627887
PABPC1,5,0,0,0.267595462221048,NA,NA,NA,0.314536573972343
WDHD1,3,0,0,0.267595462221048,NA,NA,NA,0.3145561794152
CRYZ,2,0,0,0.26769117305602,NA,NA,NA,0.314575806208397
CCDC3,2,0,0,0.267595462221048,NA,NA,NA,0.314659296230021
IGF1R,6,0,0,0.267879314215,NA,NA,NA,0.314700750024307
ACOX1,7,0,0,0.267871869482079,NA,NA,NA,0.314735932025148
FBXO11,5,0,0,0.268045282264851,NA,NA,NA,0.314844265245689
GABARAP,3,0,0,0.268140908878212,NA,NA,NA,0.314908505304651
CLPX,3,0,0,0.268197934366197,NA,NA,NA,0.314953227377501
SHC1,5,0,0,0.268197934366197,NA,NA,NA,0.315043495993467
NCAPG,2,0,0,0.268553211177303,NA,NA,NA,0.315313301169685
TMX3,5,0,0,0.268539225849902,NA,NA,NA,0.31534100952125
PEX13,6,0,0,0.268539225849902,NA,NA,NA,0.315407472613677
ELOA,3,0,0,0.269700716670003,NA,NA,NA,0.316588957277134
ECT2,2,0,0,0.269631935108644,NA,NA,NA,0.316642381191206
TLL1,5,0,0,0.269700716670003,NA,NA,NA,0.316728411050637
ZC2HC1A,3,0,0,0.269700716670003,NA,NA,NA,0.316844166042814
GBP2,3,0,0,0.270133926515328,NA,NA,NA,0.317032960060435
ASCC1,4,0,0,0.270235101146181,NA,NA,NA,0.317117548724792
ADK,4,0,0,0.270352356372071,NA,NA,NA,0.317507066526637
MGP,5,0,0,0.270679283309884,NA,NA,NA,0.317826058747636
ELAC2,2,0,0,0.270679283309884,NA,NA,NA,0.31788474380875
ARHGAP5,9,0,0,0.271220586965953,NA,NA,NA,0.318467091607051
TXNDC9,5,0,0,0.271220586965953,NA,NA,NA,0.318648129993689
DBR1,2,0,0,0.271414320803532,NA,NA,NA,0.318711351364598
FBXW8,4,0,0,0.271414320803532,NA,NA,NA,0.318740446594321
KIF20A,3,0,0,0.271489938673217,NA,NA,NA,0.318766154015535
TRMT112,3,0,0,0.271489938673217,NA,NA,NA,0.318866268109163
B3GNT2,2,0,0,0.271414320803532,NA,NA,NA,0.318887346514213
TIA1,9,0,0,0.272183435776753,NA,NA,NA,0.319829905206354
IKZF4,2,0,0,0.272243975907716,NA,NA,NA,0.319854058926299
CDH5,4,0,0,0.27218125794935,NA,NA,NA,0.319915584067928
THBS1,19,0,0,0.272183435776753,NA,NA,NA,0.319953247844987
HDHD2,3,0,0,0.272641491226366,NA,NA,NA,0.320257460649122
PRKD1,2,0,0,0.273715699280822,NA,NA,NA,0.321421909448034
SFT2D3,3,0,0,0.275370258737937,NA,NA,NA,0.323713898606382
IFT20,2,0,0,0.275627352730089,NA,NA,NA,0.323958532330831
GJA5,3,0,0,0.276274959450745,NA,NA,NA,0.324642416114206
PRORP,4,0,0,0.276572804030933,NA,NA,NA,0.324932640491193
COPS3,2,0,0,0.276621935325144,NA,NA,NA,0.325057155861442
ARL6,5,0,0,0.276621935325144,NA,NA,NA,0.325142176274186
GCLM,13,0,0,0.276673573901014,NA,NA,NA,0.325229112490523
TMEM87B,9,0,0,0.276768055491605,NA,NA,NA,0.325290553140423
FUT8,3,0,0,0.27686960313475,NA,NA,NA,0.325359952695939
INSIG2,5,0,0,0.277002885947258,NA,NA,NA,0.325465045583472
GNAI3,13,0,0,0.277597747827134,NA,NA,NA,0.326157934531621
DBT,8,0,0,0.277597747827134,NA,NA,NA,0.326307300780012
ZNF772,3,0,0,0.277597747827134,NA,NA,NA,0.326469365435289
ATP6V1E1,4,0,0,0.278063307673314,NA,NA,NA,0.326546721885249
CAB39,3,0,0,0.278063307673314,NA,NA,NA,0.326673400501321
SUGT1,7,0,0,0.278319961758428,NA,NA,NA,0.326745507252403
RNF13,2,0,0,0.278063307673314,NA,NA,NA,0.326778315078897
LYSMD2,2,0,0,0.278319961758428,NA,NA,NA,0.326820039854482
RALGPS1,2,0,0,0.278472323044067,NA,NA,NA,0.326871881780539
BMP1,2,0,0,0.278515895626796,NA,NA,NA,0.326980078945813
RAB4A,7,0,0,0.279022145943325,NA,NA,NA,0.327558058664655
LIX1L,5,0,0,0.279980167720919,NA,NA,NA,0.329019663747787
POLR1A,8,0,0,0.279948319434654,NA,NA,NA,0.329029100892873
MAN2A2,2,0,0,0.280019166922624,NA,NA,NA,0.329042265390397
VAMP3,6,0,0,0.280019166922624,NA,NA,NA,0.329067570930897
TRAF3IP1,3,0,0,0.280028681169105,NA,NA,NA,0.329210204024902
MORF4L2,2,0,0,0.280019166922624,NA,NA,NA,0.329244761461906
AARS2,4,0,0,0.280661405686564,NA,NA,NA,0.329875964803403
DR1,14,0,0,0.280870939078445,NA,NA,NA,0.330020813357297
PI4K2A,3,0,0,0.280870939078445,NA,NA,NA,0.330115054891868
PPP1R12A,4,0,0,0.28130529409439,NA,NA,NA,0.330463321910362
STAG1,2,0,0,0.281481764113285,NA,NA,NA,0.330719607539139
PSD3,3,0,0,0.28163790263487,NA,NA,NA,0.33076886747117
TERF2IP,3,0,0,0.28163790263487,NA,NA,NA,0.330921811459255
TBCA,3,0,0,0.28163790263487,NA,NA,NA,0.330995295713541
CDC6,3,0,0,0.28163790263487,NA,NA,NA,0.331022717469236
SHC2,2,0,0,0.281876955456898,NA,NA,NA,0.331097125480284
AP4M1,3,0,0,0.281876955456898,NA,NA,NA,0.331103267703121
CLASP2,4,0,0,0.282396914717035,NA,NA,NA,0.331643035985438
DKK1,7,0,0,0.282529697776698,NA,NA,NA,0.331746735785771
RSF1,5,0,0,0.282692113249669,NA,NA,NA,0.332041786916585
CDV3,3,0,0,0.282960074163482,NA,NA,NA,0.332297072315728
COLGALT1,3,0,0,0.28317890036471,NA,NA,NA,0.332553558192716
SERPINB2,2,0,0,0.283251294480469,NA,NA,NA,0.332691142068326
VRK1,2,0,0,0.283546530355335,NA,NA,NA,0.333202027130444
APLN,3,0,0,0.283546530355335,NA,NA,NA,0.333293326050866
EXOSC8,3,0,0,0.283796705535625,NA,NA,NA,0.33343722413664
SPPL2B,2,0,0,0.283546530355335,NA,NA,NA,0.333471645322188
MBNL2,3,0,0,0.284022979333683,NA,NA,NA,0.333600074321824
SULT1B1,5,0,0,0.284002327030905,NA,NA,NA,0.333622384413469
PKP4,2,0,0,0.284169250442833,NA,NA,NA,0.333673251530047
WNT5A,3,0,0,0.284169250442833,NA,NA,NA,0.333752093049416
SAE1,2,0,0,0.285367677751922,NA,NA,NA,0.334970926757535
ELP2,8,0,0,0.285537815545623,NA,NA,NA,0.335228580787809
CDK17,6,0,0,0.285537815545623,NA,NA,NA,0.335328358053377
FBXO30,3,0,0,0.285805598134518,NA,NA,NA,0.335483020838002
HMGN2,3,0,0,0.2861199019595,NA,NA,NA,0.336316936436078
MAPK7,2,0,0,0.2861199019595,NA,NA,NA,0.336366329516507
SRF,3,0,0,0.286231059290424,NA,NA,NA,0.336550044859007
PDPR,3,0,0,0.286231059290424,NA,NA,NA,0.336562557538726
UGDH,6,0,0,0.286231059290424,NA,NA,NA,0.336586689490673
AP1S3,4,0,0,0.286273957194927,NA,NA,NA,0.336588894536636
MCAT,2,0,0,0.286231059290424,NA,NA,NA,0.33665637418402
GATAD1,5,0,0,0.286403559457239,NA,NA,NA,0.336827439545148
NBDY,3,0,0,0.286231059290424,NA,NA,NA,0.336851529021088
PHF3,4,0,0,0.286993647367138,NA,NA,NA,0.337461732054897
LRRC57,6,0,0,0.287849232437097,NA,NA,NA,0.338532965950631
ZNF792,2,0,0,0.288414206743616,NA,NA,NA,0.339027760306768
CASK,4,0,0,0.288414206743616,NA,NA,NA,0.339209873558684
DSG2,2,0,0,0.288414206743616,NA,NA,NA,0.339227748393341
SEMA3D,3,0,0,0.288451565751584,NA,NA,NA,0.339267414860196
TMED8,2,0,0,0.288451565751584,NA,NA,NA,0.339339120110783
NPAS2,4,0,0,0.288451565751584,NA,NA,NA,0.339351638048629
MTMR2,6,0,0,0.288451565751584,NA,NA,NA,0.339388743679245
TRIM44,6,0,0,0.288451565751584,NA,NA,NA,0.339463477292461
TMED5,9,0,0,0.288451565751584,NA,NA,NA,0.339550473495836
FAM120A,3,0,0,0.288675271214043,NA,NA,NA,0.339941729831672
PURB,4,0,0,0.289324650217234,NA,NA,NA,0.340577376559222
LMBR1,8,0,0,0.28945794757429,NA,NA,NA,0.340680380122926
C1orf53,2,0,0,0.289324650217234,NA,NA,NA,0.340698483085302
SRP9,3,0,0,0.289729645576732,NA,NA,NA,0.34109152892667
DENND10,4,0,0,0.289976252258998,NA,NA,NA,0.341575817151363
TMEM127,7,0,0,0.290295999113349,NA,NA,NA,0.341906077937259
EP400,4,0,0,0.290295999113349,NA,NA,NA,0.342031014136655
DUSP4,4,0,0,0.290602379846007,NA,NA,NA,0.342156290290574
PTPN18,2,0,0,0.290602379846007,NA,NA,NA,0.342350680602317
ZNF552,2,0,0,0.290861815070208,NA,NA,NA,0.342557835609554
ZNF778,2,0,0,0.291286491329159,NA,NA,NA,0.342940500192471
SPA17,3,0,0,0.291286491329159,NA,NA,NA,0.343027966497759
TRAPPC13,3,0,0,0.2916479080429,NA,NA,NA,0.343298882521979
GPR137B,3,0,0,0.291956500306099,NA,NA,NA,0.343597937045966
PIGK,4,0,0,0.292136864842488,NA,NA,NA,0.343753227204486
SLC6A6,2,0,0,0.293694401648757,NA,NA,NA,0.345767005526411
REXO1,2,0,0,0.294203847445964,NA,NA,NA,0.346259627685773
OSTC,5,0,0,0.294203847445964,NA,NA,NA,0.346358959427742
C5orf15,3,0,0,0.294203847445964,NA,NA,NA,0.346361201036954
CDCA7,2,0,0,0.294203847445964,NA,NA,NA,0.346419018288882
DNAJC25,3,0,0,0.294203847445964,NA,NA,NA,0.346506819913059
PAPOLA,2,0,0,0.295143696496014,NA,NA,NA,0.347422971528442
RPL15,7,0,0,0.295254620539925,NA,NA,NA,0.34749979691843
GINM1,5,0,0,0.295485105376133,NA,NA,NA,0.348026718332041
NUCKS1,9,0,0,0.295502667804596,NA,NA,NA,0.348090944400864
CLIP1,2,0,0,0.295502667804596,NA,NA,NA,0.348238974768466
ARMCX4,2,0,0,0.295502667804596,NA,NA,NA,0.348275564292237
MCM4,4,0,0,0.295665729429758,NA,NA,NA,0.348670173898547
NIPA1,3,0,0,0.295670349031827,NA,NA,NA,0.348942884187782
USO1,4,0,0,0.296206818635395,NA,NA,NA,0.349496923122068
ZNF445,4,0,0,0.296507110674412,NA,NA,NA,0.349785792990361
TIPARP,2,0,0,0.297005614875737,NA,NA,NA,0.350296844291885
EPHA5,3,0,0,0.297061191487301,NA,NA,NA,0.350311116143252
LAMP2,8,0,0,0.297495842080147,NA,NA,NA,0.350750314824239
ATM,5,0,0,0.297753644229596,NA,NA,NA,0.350943148565795
UGCG,3,0,0,0.297753644229596,NA,NA,NA,0.351012411306127
CDK5RAP2,2,0,0,0.297934008144284,NA,NA,NA,0.351097204456421
FECH,7,0,0,0.298079777587186,NA,NA,NA,0.351212490791928
ELP3,2,0,0,0.29817916964163,NA,NA,NA,0.351227930981859
ERI1,5,0,0,0.298169551198834,NA,NA,NA,0.351265069641182
CIAO1,9,0,0,0.298641430009119,NA,NA,NA,0.351697440080389
SBF1,2,0,0,0.29941658930629,NA,NA,NA,0.353032711415638
KIN,2,0,0,0.299467824972244,NA,NA,NA,0.353109979902768
JAG2,4,0,0,0.29941658930629,NA,NA,NA,0.353199151826865
ZC3H18,2,0,0,0.299592649951421,NA,NA,NA,0.353201485747615
ATL2,3,0,0,0.302186335899201,NA,NA,NA,0.356581991632193
ZNF92,2,0,0,0.302186335899201,NA,NA,NA,0.356749144268619
POLDIP2,6,0,0,0.302545943555808,NA,NA,NA,0.356947986509787
DUSP18,2,0,0,0.302533182776475,NA,NA,NA,0.356982745457286
KIF3B,2,0,0,0.303611407953957,NA,NA,NA,0.357993653655672
RSPRY1,5,0,0,0.303587658456928,NA,NA,NA,0.358016169777512
AP3S2,2,0,0,0.303587658456928,NA,NA,NA,0.358066107868853
CCNJL,6,0,0,0.303791209263423,NA,NA,NA,0.358145774894817
STX18,2,0,0,0.304267537890369,NA,NA,NA,0.359107013566096
SIRT1,2,0,0,0.30482631237662,NA,NA,NA,0.359601670718943
GOLIM4,4,0,0,0.30482631237662,NA,NA,NA,0.359644757243577
GALNT2,3,0,0,0.30482631237662,NA,NA,NA,0.35966811782824
TOR1AIP2,9,0,0,0.30482631237662,NA,NA,NA,0.359856689380628
SERBP1,18,0,0,0.30482631237662,NA,NA,NA,0.360034481818689
DDX52,4,0,0,0.305174189020178,NA,NA,NA,0.36025307680587
PAPPA,4,0,0,0.305156224428278,NA,NA,NA,0.360282493371349
F2R,3,0,0,0.306700813933994,NA,NA,NA,0.362231057471289
RNASEH2C,2,0,0,0.308102179898649,NA,NA,NA,0.363859562466367
SS18L2,2,0,0,0.308456914915019,NA,NA,NA,0.364005971437354
PDE10A,6,0,0,0.30842560099859,NA,NA,NA,0.364020976144086
KIRREL1,2,0,0,0.308102179898649,NA,NA,NA,0.364023325536439
ATXN3,6,0,0,0.30842560099859,NA,NA,NA,0.364147776657461
MEST,2,0,0,0.308636974644724,NA,NA,NA,0.364157319409283
SCPEP1,2,0,0,0.30842560099859,NA,NA,NA,0.364258066075442
CAST,8,0,0,0.30842560099859,NA,NA,NA,0.364265843361626
CFAP97,3,0,0,0.308795084024577,NA,NA,NA,0.364284102545808
ABCA1,2,0,0,0.309035364460957,NA,NA,NA,0.364502701778181
ASH1L,2,0,0,0.309217950741633,NA,NA,NA,0.364716296239312
ARL5A,10,0,0,0.309217950741633,NA,NA,NA,0.364845521497569
PBX3,5,0,0,0.309217950741633,NA,NA,NA,0.364889547972087
EIF2AK2,5,0,0,0.309452788945534,NA,NA,NA,0.365088043363515
NUDC,3,0,0,0.309641337059837,NA,NA,NA,0.365248713817202
TRAF1,2,0,0,0.310002929558699,NA,NA,NA,0.365878840891807
SF3A1,3,0,0,0.310002929558699,NA,NA,NA,0.365897668667792
PEDS1-UBE2V1,3,0,0,0.31087650704396,NA,NA,NA,0.367225172821645
RPS23,5,0,0,0.31086058862698,NA,NA,NA,0.367257931889099
COQ3,2,0,0,0.311245442079581,NA,NA,NA,0.3675341587553
COQ7,4,0,0,0.311245442079581,NA,NA,NA,0.367544457575359
ARRDC3,3,0,0,0.311245442079581,NA,NA,NA,0.367669338028207
POGZ,3,0,0,0.311245442079581,NA,NA,NA,0.367710542879763
PML,2,0,0,0.311245442079581,NA,NA,NA,0.367748787069073
NDUFAF3,2,0,0,0.311542304638601,NA,NA,NA,0.367825803463951
ZNF282,2,0,0,0.311910438909894,NA,NA,NA,0.36825150491344
GCNT1,5,0,0,0.311910438909894,NA,NA,NA,0.368360486293831
ORMDL1,3,0,0,0.311910438909894,NA,NA,NA,0.36846564416452
SMARCA5,3,0,0,0.311910438909894,NA,NA,NA,0.368471005032715
SCAF8,2,0,0,0.312149153926105,NA,NA,NA,0.368576747985247
MID2,6,0,0,0.311910438909894,NA,NA,NA,0.368590182618711
LYPD1,4,0,0,0.311910438909894,NA,NA,NA,0.368670420810121
GLUD1,6,0,0,0.311910438909894,NA,NA,NA,0.368833197483803
TPD52L2,3,0,0,0.312317820013836,NA,NA,NA,0.368872057613255
UQCC2,2,0,0,0.312582522879832,NA,NA,NA,0.369277062022506
ENTPD6,2,0,0,0.312646562777511,NA,NA,NA,0.369298001692502
PALS1,5,0,0,0.313304162499095,NA,NA,NA,0.37014072753138
NUDT4,7,0,0,0.315327061690052,NA,NA,NA,0.37245759106056
GBP4,2,0,0,0.315327061690052,NA,NA,NA,0.372602341070586
PDCD6IP,6,0,0,0.315575667647409,NA,NA,NA,0.372684043083446
TFPI2,10,0,0,0.315746110726718,NA,NA,NA,0.372772096396435
SLC27A4,2,0,0,0.315744065588492,NA,NA,NA,0.37282090414373
BTN3A2,2,0,0,0.317143492844906,NA,NA,NA,0.374337110832305
ABCE1,8,0,0,0.317100998608381,NA,NA,NA,0.374340998099925
ZBED3,4,0,0,0.317100998608381,NA,NA,NA,0.374428271007438
RBM12B,5,0,0,0.317382518443157,NA,NA,NA,0.374737327513022
MFHAS1,2,0,0,0.317587629720772,NA,NA,NA,0.374894989963037
TAOK2,2,0,0,0.317382518443157,NA,NA,NA,0.374902039760462
MAPRE1,5,0,0,0.317639395364291,NA,NA,NA,0.374987777514515
ATG5,5,0,0,0.317639395364291,NA,NA,NA,0.375009353828231
INPP4B,2,0,0,0.317382518443157,NA,NA,NA,0.375013127957201
ME1,3,0,0,0.317587629720772,NA,NA,NA,0.375091455365321
ULK2,5,0,0,0.318358199859983,NA,NA,NA,0.375918851164692
SLC35C2,4,0,0,0.318496381440148,NA,NA,NA,0.375970041440065
OTULIN,7,0,0,0.318547007651591,NA,NA,NA,0.375975089863521
MCAM,2,0,0,0.318496381440148,NA,NA,NA,0.376137362673499
GALM,3,0,0,0.318798689092912,NA,NA,NA,0.376363377080281
ARSD,4,0,0,0.318926913421404,NA,NA,NA,0.376809769488371
SLC4A8,2,0,0,0.318926913421404,NA,NA,NA,0.377039453289457
SLC6A8,2,0,0,0.319501724436372,NA,NA,NA,0.377577306506973
PROCR,2,0,0,0.319473348932963,NA,NA,NA,0.377597446585151
UBE2F,5,0,0,0.319862970578748,NA,NA,NA,0.377928452210066
CENPF,2,0,0,0.319887583402861,NA,NA,NA,0.378620658941659
ATP6V1C1,5,0,0,0.320021529311166,NA,NA,NA,0.378744376019685
DCTPP1,2,0,0,0.320021529311166,NA,NA,NA,0.378811336860953
ZNF510,3,0,0,0.321731729340697,NA,NA,NA,0.381081098301301
LAT,2,0,0,0.321731729340697,NA,NA,NA,0.381181981453917
SPOCK1,7,0,0,0.321731729340697,NA,NA,NA,0.381259626128704
CAMSAP1,3,0,0,0.321731729340697,NA,NA,NA,0.381297684088647
WBP11,4,0,0,0.322758387822047,NA,NA,NA,0.382334545815717
MLLT3,5,0,0,0.3233203695866,NA,NA,NA,0.383361699224749
POM121,2,0,0,0.323591997622373,NA,NA,NA,0.383957280008119
TRIM38,9,0,0,0.323591997622373,NA,NA,NA,0.384078332456018
LMCD1,3,0,0,0.323591997622373,NA,NA,NA,0.384152313236994
APC,4,0,0,0.323591997622373,NA,NA,NA,0.384192442456224
PLD6,2,0,0,0.324097124331492,NA,NA,NA,0.384468717525391
KLHL13,2,0,0,0.324443093371749,NA,NA,NA,0.384802038172303
DYNLT5,3,0,0,0.325094760310204,NA,NA,NA,0.385636498978565
PARP14,3,0,0,0.32532338372889,NA,NA,NA,0.385860481771776
ST3GAL6,6,0,0,0.325324514695401,NA,NA,NA,0.385945737314451
TMEM186,2,0,0,0.326176329443073,NA,NA,NA,0.387003725562985
JAG1,4,0,0,0.326460603855667,NA,NA,NA,0.387747207634904
FAM53C,3,0,0,0.326533924722347,NA,NA,NA,0.38777511678596
EIF2B3,2,0,0,0.32694053543613,NA,NA,NA,0.388335561717995
KLF12,3,0,0,0.327340871089716,NA,NA,NA,0.388729018605262
CALCRL,6,0,0,0.327441737875061,NA,NA,NA,0.388839019016082
GPR37,4,0,0,0.327400067093024,NA,NA,NA,0.388846632542818
APOL1,2,0,0,0.327400067093024,NA,NA,NA,0.388875381372135
FBXL4,4,0,0,0.327626144816966,NA,NA,NA,0.388990970058506
CTSS,3,0,0,0.327734150648535,NA,NA,NA,0.389057521477715
C11orf58,14,0,0,0.327950962506252,NA,NA,NA,0.389507281248879
SAR1A,7,0,0,0.327950962506252,NA,NA,NA,0.389681668928268
PLEKHA8,2,0,0,0.327950962506252,NA,NA,NA,0.389861139690877
ALG9,2,0,0,0.327950962506252,NA,NA,NA,0.390050803487557
MEX3D,3,0,0,0.327950962506252,NA,NA,NA,0.390249447189905
FAM222B,6,0,0,0.328504647521592,NA,NA,NA,0.390373631247436
TRIP4,2,0,0,0.328504647521592,NA,NA,NA,0.390389707788902
FAM219B,3,0,0,0.328504647521592,NA,NA,NA,0.390393920429547
STRADB,2,0,0,0.328504647521592,NA,NA,NA,0.3905645838459
ILRUN,3,0,0,0.328504647521592,NA,NA,NA,0.390598896678137
KPNB1,7,0,0,0.328504647521592,NA,NA,NA,0.390658775365069
CENPI,3,0,0,0.328504647521592,NA,NA,NA,0.390695602881021
IFNAR2,2,0,0,0.328504647521592,NA,NA,NA,0.390706029194805
NCOA5,2,0,0,0.328504647521592,NA,NA,NA,0.390749449273538
IMPA1,4,0,0,0.328504647521592,NA,NA,NA,0.390755576946454
RALA,7,0,0,0.328933124469286,NA,NA,NA,0.390798194171029
STN1,4,0,0,0.328504647521592,NA,NA,NA,0.390819765686093
CEP135,3,0,0,0.328504647521592,NA,NA,NA,0.390937631258691
RAN,6,0,0,0.329290593359395,NA,NA,NA,0.390996589450235
CEP43,3,0,0,0.329160018161329,NA,NA,NA,0.390997422622501
ENTPD7,8,0,0,0.329249094632923,NA,NA,NA,0.391042695090624
PEX2,4,0,0,0.329290593359395,NA,NA,NA,0.391083838692399
METRN,2,0,0,0.329290593359395,NA,NA,NA,0.391092196919073
HTRA2,3,0,0,0.328504647521592,NA,NA,NA,0.391146206829048
ABCB8,2,0,0,0.329290593359395,NA,NA,NA,0.391154162416861
ALDH3A2,4,0,0,0.329290593359395,NA,NA,NA,0.391226650161949
PPM1D,4,0,0,0.329495103321331,NA,NA,NA,0.391466097066987
URI1,2,0,0,0.329771001372524,NA,NA,NA,0.391872453752929
EXOC7,4,0,0,0.329870502821665,NA,NA,NA,0.391929326295416
RAB6A,4,0,0,0.329771001372524,NA,NA,NA,0.391948842317082
EXTL2,3,0,0,0.329771001372524,NA,NA,NA,0.392035505547932
MTPN,4,0,0,0.329771001372524,NA,NA,NA,0.392058049903916
SIK3,2,0,0,0.330077832425917,NA,NA,NA,0.392312663086587
VOPP1,2,0,0,0.330077832425917,NA,NA,NA,0.392353860334887
HMGN5,2,0,0,0.330077832425917,NA,NA,NA,0.392402708002967
C2CD2L,2,0,0,0.330830257178716,NA,NA,NA,0.392985955772995
RPE,8,0,0,0.330850893437535,NA,NA,NA,0.393061355888445
RUSC1,2,0,0,0.330829550197995,NA,NA,NA,0.393097629833597
RUNDC1,3,0,0,0.330830257178716,NA,NA,NA,0.393150788956898
GPR180,5,0,0,0.330830257178716,NA,NA,NA,0.393332909635071
RPS14,2,0,0,0.331425902522216,NA,NA,NA,0.39364860603878
GDF11,7,0,0,0.332086006783974,NA,NA,NA,0.394487815490367
LNPK,7,0,0,0.332147429438973,NA,NA,NA,0.39450184645849
NUAK1,3,0,0,0.332295401351007,NA,NA,NA,0.394651635598202
ZNF426,4,0,0,0.332588298804239,NA,NA,NA,0.395247030525686
PKN2,4,0,0,0.332584569410022,NA,NA,NA,0.395262140011016
CKS2,2,0,0,0.332584569410022,NA,NA,NA,0.395297510955379
MYO5A,5,0,0,0.333674777545617,NA,NA,NA,0.396404069311151
PANK3,12,0,0,0.334112939176314,NA,NA,NA,0.396935487039859
THY1,2,0,0,0.334112939176314,NA,NA,NA,0.39698163145488
PUM2,8,0,0,0.334112939176314,NA,NA,NA,0.397130012398005
HNRNPM,2,0,0,0.334112939176314,NA,NA,NA,0.397175714552548
NUP88,2,0,0,0.334112939176314,NA,NA,NA,0.397189310801845
PIGX,5,0,0,0.334112939176314,NA,NA,NA,0.397225734943168
PRRC2B,4,0,0,0.334112939176314,NA,NA,NA,0.397307510157249
C6orf120,10,0,0,0.334112939176314,NA,NA,NA,0.397350381555301
ACVRL1,3,0,0,0.334321434473384,NA,NA,NA,0.397363894184781
UBR5,3,0,0,0.334112939176314,NA,NA,NA,0.397422994998722
CCDC93,4,0,0,0.334112939176314,NA,NA,NA,0.397454199400257
PHF21A,5,0,0,0.334321434473384,NA,NA,NA,0.397544197920057
ADAMTS1,6,0,0,0.334321434473384,NA,NA,NA,0.397547237492259
TRIM24,3,0,0,0.334321434473384,NA,NA,NA,0.397721744629297
KAT2B,2,0,0,0.335034052786206,NA,NA,NA,0.398508891000365
HNRNPU,8,0,0,0.335587221422176,NA,NA,NA,0.399070630900499
C2orf74,3,0,0,0.336028903587357,NA,NA,NA,0.399571416455696
C2CD2,3,0,0,0.336028903587357,NA,NA,NA,0.399764480060542
CLCN4,5,0,0,0.336768336478444,NA,NA,NA,0.400636511699141
C11orf54,3,0,0,0.336768336478444,NA,NA,NA,0.40075645074679
MCM7,2,0,0,0.337020083037084,NA,NA,NA,0.401064151730418
TMEM255B,3,0,0,0.337220853714328,NA,NA,NA,0.401177025855236
CRTC1,2,0,0,0.337020083037084,NA,NA,NA,0.401203421683451
KTN1,4,0,0,0.337220853714328,NA,NA,NA,0.401256944602227
RNLS,2,0,0,0.337020083037084,NA,NA,NA,0.401387902594543
CAMLG,4,0,0,0.337506302351638,NA,NA,NA,0.401752697838699
AP1B1,3,0,0,0.338641457530642,NA,NA,NA,0.40296244257589
SLC31A1,7,0,0,0.339319502327673,NA,NA,NA,0.403819142870415
PPP6C,7,0,0,0.33946501416061,NA,NA,NA,0.403985813758886
PPM1A,3,0,0,0.33946501416061,NA,NA,NA,0.404026340018524
HOXA7,2,0,0,0.339687781971794,NA,NA,NA,0.404476249965584
LPIN1,3,0,0,0.339687781971794,NA,NA,NA,0.404549278360977
ABL2,6,0,0,0.340607893471873,NA,NA,NA,0.406060954414707
NET1,3,0,0,0.340557305389202,NA,NA,NA,0.406061048023931
ZFP82,6,0,0,0.3404696278348,NA,NA,NA,0.40607639582297
DLG1,7,0,0,0.340557305389202,NA,NA,NA,0.406233082106253
SMIM13,3,0,0,0.34142715797702,NA,NA,NA,0.407468410725025
CENPH,2,0,0,0.34142715797702,NA,NA,NA,0.40747370576248
TAGLN,5,0,0,0.34142715797702,NA,NA,NA,0.407516303589465
PDS5A,4,0,0,0.34142715797702,NA,NA,NA,0.40755524822499
VAMP4,6,0,0,0.34142715797702,NA,NA,NA,0.407588108847621
SP4,3,0,0,0.34142715797702,NA,NA,NA,0.407719761394783
EXOC5,11,0,0,0.342097186013522,NA,NA,NA,0.408509430364457
ELOC,7,0,0,0.342782896502947,NA,NA,NA,0.409287534912726
ATP6V0A2,7,0,0,0.343456736789063,NA,NA,NA,0.410139347155879
COA5,2,0,0,0.344226492848871,NA,NA,NA,0.410883495280792
WDR55,2,0,0,0.344186478055378,NA,NA,NA,0.410896312279548
MRPL42,11,0,0,0.344638910786008,NA,NA,NA,0.411643840140253
WASHC2C,2,0,0,0.344638910786008,NA,NA,NA,0.411699886192611
GPR107,5,0,0,0.345175755732945,NA,NA,NA,0.41234069294549
VPS35,4,0,0,0.345175755732945,NA,NA,NA,0.412460140866008
FSTL1,7,0,0,0.345362406851494,NA,NA,NA,0.412491206486324
VPS13A,3,0,0,0.345422393405996,NA,NA,NA,0.412541903465085
MAPK1,7,0,0,0.345576976135397,NA,NA,NA,0.412598983582022
ATP11C,3,0,0,0.345422393405996,NA,NA,NA,0.412693846425115
FGD4,9,0,0,0.345576976135397,NA,NA,NA,0.412761193850661
PRKCA,3,0,0,0.345422393405996,NA,NA,NA,0.412824201536028
STX3,3,0,0,0.34723625172165,NA,NA,NA,0.414085712547073
SHPK,2,0,0,0.346732227086132,NA,NA,NA,0.414143221223669
PCYT1A,5,0,0,0.34723625172165,NA,NA,NA,0.414242619931307
RPS27L,6,0,0,0.347154297149877,NA,NA,NA,0.414245634063478
ZNF527,2,0,0,0.347170453743961,NA,NA,NA,0.414251238712068
SLC25A15,2,0,0,0.34723625172165,NA,NA,NA,0.414351483997366
CNOT6,4,0,0,0.34723625172165,NA,NA,NA,0.414358065447527
PUM1,5,0,0,0.347170453743961,NA,NA,NA,0.414373947638902
FKBP5,5,0,0,0.34723625172165,NA,NA,NA,0.414413773675877
SACM1L,3,0,0,0.347154297149877,NA,NA,NA,0.414433160733607
ZDHHC20,2,0,0,0.347154297149877,NA,NA,NA,0.414589667216994
MIOS,2,0,0,0.347154297149877,NA,NA,NA,0.414676042901096
MYLIP,2,0,0,0.347154297149877,NA,NA,NA,0.414742416180495
TMEM41B,3,0,0,0.347154297149877,NA,NA,NA,0.414750333076815
SPATA13,2,0,0,0.347154297149877,NA,NA,NA,0.414761774755562
RBM26,6,0,0,0.347154297149877,NA,NA,NA,0.414767574920142
ZNF800,3,0,0,0.347154297149877,NA,NA,NA,0.414861473105677
CCDC149,3,0,0,0.347154297149877,NA,NA,NA,0.414897427876322
RAB31,6,0,0,0.348170783013799,NA,NA,NA,0.415798885361161
IPPK,3,0,0,0.349160571556856,NA,NA,NA,0.416921801611236
FHL2,3,0,0,0.349160571556856,NA,NA,NA,0.417076768022983
INSIG1,4,0,0,0.349160571556856,NA,NA,NA,0.417190635934178
DHX34,2,0,0,0.349160571556856,NA,NA,NA,0.417211884004284
MAGT1,7,0,0,0.349992416265725,NA,NA,NA,0.417888696622589
ILF2,4,0,0,0.349992416265725,NA,NA,NA,0.418054925999476
ERBIN,2,0,0,0.349992416265725,NA,NA,NA,0.418223338230097
GOLGA1,2,0,0,0.350516931625686,NA,NA,NA,0.418882474572081
SVIP,7,0,0,0.350574032547952,NA,NA,NA,0.418887584066211
G3BP1,9,0,0,0.350651384728485,NA,NA,NA,0.418915268059046
SETD3,3,0,0,0.350871626675295,NA,NA,NA,0.419102015971591
YIPF2,3,0,0,0.351174249268428,NA,NA,NA,0.419380378651168
SUOX,2,0,0,0.35237353389319,NA,NA,NA,0.420968600511593
CRTAP,6,0,0,0.352627757438729,NA,NA,NA,0.421290208164029
RELCH,3,0,0,0.352627757438729,NA,NA,NA,0.421464628967294
SMC2,4,0,0,0.352828247087095,NA,NA,NA,0.421551852603448
SMAGP,3,0,0,0.352783259610362,NA,NA,NA,0.421560640388088
ASAH1,2,0,0,0.353317864104449,NA,NA,NA,0.42203764755967
CD276,2,0,0,0.353379185848632,NA,NA,NA,0.422150755288919
TUBD1,2,0,0,0.353487100655536,NA,NA,NA,0.422205447913869
CRACD,2,0,0,0.353487100655536,NA,NA,NA,0.422413301652973
ZBED5,2,0,0,0.354289519397775,NA,NA,NA,0.42303858053011
TMEM185B,6,0,0,0.35498216188753,NA,NA,NA,0.424415516633804
RANBP2,5,0,0,0.35498216188753,NA,NA,NA,0.424628119531742
NSG1,6,0,0,0.35508529024556,NA,NA,NA,0.42468342113268
LYSMD3,5,0,0,0.355673111397211,NA,NA,NA,0.425470712899853
PGS1,3,0,0,0.356502154360177,NA,NA,NA,0.426903757376391
JAK2,4,0,0,0.356835820404363,NA,NA,NA,0.427234584041199
ZNF134,4,0,0,0.357345105777146,NA,NA,NA,0.427755215331627
GSPT1,6,0,0,0.357902237514444,NA,NA,NA,0.428614750239507
CTHRC1,2,0,0,0.358321427440931,NA,NA,NA,0.429020963067096
TIMP3,2,0,0,0.358754724120611,NA,NA,NA,0.429442685363629
ERMP1,3,0,0,0.358935884856313,NA,NA,NA,0.429740722411244
RWDD4,4,0,0,0.359523003286279,NA,NA,NA,0.430429750778822
PPIL4,3,0,0,0.359473564793532,NA,NA,NA,0.430435332914358
SLFN5,8,0,0,0.359634354082112,NA,NA,NA,0.430493051428984
COPS8,7,0,0,0.359740936594748,NA,NA,NA,0.43073958028657
MRE11,4,0,0,0.359740936594748,NA,NA,NA,0.430842742916334
SSX2IP,6,0,0,0.360286980574386,NA,NA,NA,0.431350736327058
SLC35B1,3,0,0,0.360853986204668,NA,NA,NA,0.431920392490768
BBIP1,4,0,0,0.360942143919724,NA,NA,NA,0.431957666939969
ZFP14,3,0,0,0.361072581462216,NA,NA,NA,0.432041931284823
CELF2,4,0,0,0.361273975021997,NA,NA,NA,0.432205006413956
ARIH1,14,0,0,0.361372227747398,NA,NA,NA,0.432253503089063
LRRC8B,4,0,0,0.361861127572936,NA,NA,NA,0.432553993943615
MAL2,2,0,0,0.361801787394757,NA,NA,NA,0.432669830443337
CNRIP1,2,0,0,0.361861127572936,NA,NA,NA,0.432694400963919
PTPRD,2,0,0,0.361861127572936,NA,NA,NA,0.432697965458451
ARMCX2,3,0,0,0.362181791283409,NA,NA,NA,0.432849235699116
FBXL13,4,0,0,0.362245595971805,NA,NA,NA,0.432965936575584
IRF2,2,0,0,0.362245595971805,NA,NA,NA,0.433157245917079
CHMP1B,5,0,0,0.362245595971805,NA,NA,NA,0.433190820286872
STK32B,2,0,0,0.362484942021331,NA,NA,NA,0.433206109499696
TBL1XR1,7,0,0,0.362484942021331,NA,NA,NA,0.433228412056208
ZNF747,4,0,0,0.362245595971805,NA,NA,NA,0.433272429088538
ACIN1,2,0,0,0.362245595971805,NA,NA,NA,0.433344643065543
THBD,2,0,0,0.362484942021331,NA,NA,NA,0.433348239746174
PPFIBP1,6,0,0,0.362245595971805,NA,NA,NA,0.433349078299201
FAM174A,3,0,0,0.362245595971805,NA,NA,NA,0.433367104599587
SELENOI,3,0,0,0.362611169290967,NA,NA,NA,0.433597345413524
MIEF1,6,0,0,0.363105989199472,NA,NA,NA,0.434162803721409
AP5B1,4,0,0,0.363701023038108,NA,NA,NA,0.434537635051648
NUP133,5,0,0,0.363627605709204,NA,NA,NA,0.434637889372598
NCOR2,2,0,0,0.363701023038108,NA,NA,NA,0.43468483051381
UBXN8,3,0,0,0.363905952425906,NA,NA,NA,0.434704158946001
BGN,2,0,0,0.36359195708556,NA,NA,NA,0.434719677903421
CDC23,2,0,0,0.363627605709204,NA,NA,NA,0.434738960658359
GLIPR1,12,0,0,0.363701023038108,NA,NA,NA,0.434743914514964
SMURF1,2,0,0,0.365058470352851,NA,NA,NA,0.43591960045354
POP4,2,0,0,0.365732676505036,NA,NA,NA,0.436604973293278
TRMT10A,5,0,0,0.366127190260793,NA,NA,NA,0.436980644120364
DIDO1,2,0,0,0.366603620074539,NA,NA,NA,0.437446710707618
CYFIP2,2,0,0,0.367258941660434,NA,NA,NA,0.438110238599583
ASTN2,2,0,0,0.367612466400393,NA,NA,NA,0.43835317223698
AKAP13,5,0,0,0.367713326766615,NA,NA,NA,0.438403844014125
STT3A,8,0,0,0.367488735879705,NA,NA,NA,0.438459705402526
CDKN2AIP,2,0,0,0.367612466400393,NA,NA,NA,0.438533799152777
RPLP1,3,0,0,0.367612466400393,NA,NA,NA,0.438685314602361
SLC25A17,6,0,0,0.367612466400393,NA,NA,NA,0.438788521520978
ZNF329,2,0,0,0.368235053931041,NA,NA,NA,0.438953660058157
MAP4K5,4,0,0,0.368235053931041,NA,NA,NA,0.439092459721801
USP12,2,0,0,0.368235053931041,NA,NA,NA,0.439261137283367
PDCD7,2,0,0,0.368606506538474,NA,NA,NA,0.439337292737119
DIO2,6,0,0,0.368680259745426,NA,NA,NA,0.439373538005397
CNN3,3,0,0,0.368680259745426,NA,NA,NA,0.439392291780292
FAM76A,4,0,0,0.368606351800278,NA,NA,NA,0.439397860530026
UBE3B,2,0,0,0.368680259745426,NA,NA,NA,0.439546671233776
NASP,2,0,0,0.368606351800278,NA,NA,NA,0.439602901091401
ADAM23,5,0,0,0.369123394194123,NA,NA,NA,0.439975980009265
PSMA2,3,0,0,0.369347842777032,NA,NA,NA,0.440189788246305
CAMK2D,2,0,0,0.369478787874454,NA,NA,NA,0.440401971803583
PGGT1B,6,0,0,0.369671903419819,NA,NA,NA,0.440709673189546
SNX13,5,0,0,0.369753880102611,NA,NA,NA,0.440865423216292
CALM1,11,0,0,0.369753880102611,NA,NA,NA,0.440907241162383
SARM1,2,0,0,0.369753880102611,NA,NA,NA,0.440990281539949
PRELID3B,6,0,0,0.369962537353794,NA,NA,NA,0.441252746482441
EPHA4,4,0,0,0.37021329053262,NA,NA,NA,0.441468325577194
MRPS22,2,0,0,0.370356051844315,NA,NA,NA,0.441720028351399
MLLT1,3,0,0,0.370376511643933,NA,NA,NA,0.441832341277189
HSPB1,2,0,0,0.370376511643933,NA,NA,NA,0.441944336671491
STK25,5,0,0,0.370376511643933,NA,NA,NA,0.44220252092423
KIF2A,6,0,0,0.370516374286205,NA,NA,NA,0.442337425630256
NME1,2,0,0,0.370576569944287,NA,NA,NA,0.442342675768825
INVS,4,0,0,0.370516374286205,NA,NA,NA,0.442496159978512
RBM27,8,0,0,0.370516374286205,NA,NA,NA,0.44255678810204
HEATR6,2,0,0,0.370516374286205,NA,NA,NA,0.442662671319413
ABCB10,2,0,0,0.370516374286205,NA,NA,NA,0.442666189351452
CCNL2,3,0,0,0.371310934287556,NA,NA,NA,0.442969153011143
MCEE,2,0,0,0.371262557546133,NA,NA,NA,0.4429769721755
ERLEC1,3,0,0,0.371227375871299,NA,NA,NA,0.442999374966035
PBLD,2,0,0,0.371930330048613,NA,NA,NA,0.443899980019964
ATP5MC3,3,0,0,0.372340660632875,NA,NA,NA,0.444500852390701
RAC1,4,0,0,0.372646545332698,NA,NA,NA,0.445139754206911
TMOD2,3,0,0,0.372868631633158,NA,NA,NA,0.445277213261358
EMP1,7,0,0,0.372868631633158,NA,NA,NA,0.445492803639507
SERPINB1,3,0,0,0.372960609438025,NA,NA,NA,0.445500295420858
NFIB,6,0,0,0.372960609438025,NA,NA,NA,0.445500453584904
PIBF1,2,0,0,0.372868631633158,NA,NA,NA,0.445678259355706
KARS1,2,0,0,0.373566498996265,NA,NA,NA,0.44655808794017
KCTD12,13,0,0,0.373566498996265,NA,NA,NA,0.446763491955103
RNF213,5,0,0,0.373566498996265,NA,NA,NA,0.446862495228884
SLC25A32,7,0,0,0.373987345291686,NA,NA,NA,0.447343651636544
FAM20B,5,0,0,0.374073455092915,NA,NA,NA,0.447376517149816
RAB30,8,0,0,0.374114182732877,NA,NA,NA,0.44745753425168
TMEM18,3,0,0,0.374114182732877,NA,NA,NA,0.447609326950802
MXD1,3,0,0,0.374306798470559,NA,NA,NA,0.447755844154638
TNS1,3,0,0,0.374978902948735,NA,NA,NA,0.448835362199859
POLR2K,3,0,0,0.374978902948735,NA,NA,NA,0.448991254313621
TRIM35,3,0,0,0.375338235556421,NA,NA,NA,0.449217481942903
CD68,2,0,0,0.375338235556421,NA,NA,NA,0.449261111991846
SDK1,2,0,0,0.375808138851959,NA,NA,NA,0.449808672432914
NRCAM,7,0,0,0.375808138851959,NA,NA,NA,0.449887264512569
CAMK2B,3,0,0,0.376304084668985,NA,NA,NA,0.450567207863962
BTD,3,0,0,0.376268039149565,NA,NA,NA,0.450651688267212
LRRC17,3,0,0,0.376304084668985,NA,NA,NA,0.450678153932977
SPART,6,0,0,0.376268039149565,NA,NA,NA,0.450703602743777
APEX2,3,0,0,0.376640835045231,NA,NA,NA,0.450876052851555
UBXN2A,7,0,0,0.377205187766075,NA,NA,NA,0.451401359121003
OXR1,3,0,0,0.377192528482101,NA,NA,NA,0.451450163218876
UQCRQ,3,0,0,0.377153202353207,NA,NA,NA,0.45146959943046
AIF1L,2,0,0,0.377153202353207,NA,NA,NA,0.451510856478249
GTF2H3,5,0,0,0.377374131979727,NA,NA,NA,0.451524891279628
PRKAR1B,2,0,0,0.377483429091445,NA,NA,NA,0.45158265995488
TCERG1,2,0,0,0.377703689966091,NA,NA,NA,0.45174645128614
CREM,5,0,0,0.377703689966091,NA,NA,NA,0.451756463138754
PRKRIP1,2,0,0,0.377703689966091,NA,NA,NA,0.451893787365223
INTU,4,0,0,0.377699027244042,NA,NA,NA,0.451911239968195
ZHX3,5,0,0,0.377703689966091,NA,NA,NA,0.451916498713573
FANCA,2,0,0,0.377703689966091,NA,NA,NA,0.452129168221914
ATG12,12,0,0,0.378065488485017,NA,NA,NA,0.45224564700769
SGO2,2,0,0,0.378610534767094,NA,NA,NA,0.453243349173672
BORCS7,8,0,0,0.378972881831375,NA,NA,NA,0.453658025828625
TNFRSF10D,2,0,0,0.378972881831375,NA,NA,NA,0.453704497942551
NAV1,5,0,0,0.379350919226716,NA,NA,NA,0.45410951452761
GNPNAT1,4,0,0,0.37944906233406,NA,NA,NA,0.45422183555269
EPB41L2,2,0,0,0.379734232328828,NA,NA,NA,0.454499897921655
PIN4,3,0,0,0.379734232328828,NA,NA,NA,0.454570072850188
CSNK1A1,17,0,0,0.379734232328828,NA,NA,NA,0.454598809271401
TERF2,3,0,0,0.379796662313225,NA,NA,NA,0.454658657537746
SEMA3A,5,0,0,0.380388366938131,NA,NA,NA,0.45525587098038
LSM11,3,0,0,0.380543047797731,NA,NA,NA,0.455507375274277
MAPK14,7,0,0,0.38067313796955,NA,NA,NA,0.455587368171584
COL1A1,3,0,0,0.381874061596271,NA,NA,NA,0.456845640419121
TRIM5,3,0,0,0.382248433166167,NA,NA,NA,0.457130631574443
ST6GALNAC3,2,0,0,0.382342178955291,NA,NA,NA,0.457170356679273
KLF10,2,0,0,0.382248433166167,NA,NA,NA,0.457253221485135
PRPF18,4,0,0,0.382503930370018,NA,NA,NA,0.45737478734049
USP13,6,0,0,0.382503930370018,NA,NA,NA,0.457397170457054
GSTZ1,2,0,0,0.382892832802702,NA,NA,NA,0.457738852424428
SGSM3,2,0,0,0.383067347633375,NA,NA,NA,0.457957096070501
KIDINS220,2,0,0,0.383067347633375,NA,NA,NA,0.458027196591324
NUDCD1,4,0,0,0.383422214326699,NA,NA,NA,0.458373306406216
GBX2,2,0,0,0.383422214326699,NA,NA,NA,0.458416243805573
ZFP91,5,0,0,0.383583008663672,NA,NA,NA,0.458618642139289
CBX8,2,0,0,0.383837162073869,NA,NA,NA,0.458972147217901
HAT1,2,0,0,0.383849624154893,NA,NA,NA,0.459111494829163
KHDRBS3,3,0,0,0.384007306995271,NA,NA,NA,0.459221153792794
PURA,7,0,0,0.3844343959621,NA,NA,NA,0.459907121982885
STX7,9,0,0,0.3844343959621,NA,NA,NA,0.459980768342599
NAIF1,3,0,0,0.3844343959621,NA,NA,NA,0.460044779765746
VPS25,2,0,0,0.3844343959621,NA,NA,NA,0.460204227716637
NOL10,2,0,0,0.384643199611899,NA,NA,NA,0.460212742813762
PLEKHG2,6,0,0,0.385043847926689,NA,NA,NA,0.460589051555187
AP2B1,3,0,0,0.38576249298257,NA,NA,NA,0.46112292365994
JADE2,2,0,0,0.38576249298257,NA,NA,NA,0.461275999962608
MAFK,3,0,0,0.386031113521733,NA,NA,NA,0.461290207386455
MCM10,2,0,0,0.386158679817505,NA,NA,NA,0.461302840520879
HIC1,2,0,0,0.386017887614156,NA,NA,NA,0.461339381419124
RECK,2,0,0,0.386158679817505,NA,NA,NA,0.46143869626802
CBX5,7,0,0,0.38576249298257,NA,NA,NA,0.461476082815582
S1PR3,3,0,0,0.38576249298257,NA,NA,NA,0.46165696185421
EGR1,3,0,0,0.386818055255424,NA,NA,NA,0.462203320283127
WASF2,5,0,0,0.386818055255424,NA,NA,NA,0.462333945750657
CYB5D1,2,0,0,0.387325256977513,NA,NA,NA,0.462784163608252
BLCAP,3,0,0,0.387325256977513,NA,NA,NA,0.462918496062841
LDAF1,2,0,0,0.38786060939892,NA,NA,NA,0.46367606781283
MAGOHB,2,0,0,0.38786060939892,NA,NA,NA,0.463869591190076
KRBOX4,3,0,0,0.388034769057483,NA,NA,NA,0.464132378358125
PPP1R15B,4,0,0,0.388305733677739,NA,NA,NA,0.464365271287152
PNN,3,0,0,0.388545985806778,NA,NA,NA,0.464564418029192
ZNF24,4,0,0,0.389163820499441,NA,NA,NA,0.465177191596125
RABGAP1,4,0,0,0.389708036539087,NA,NA,NA,0.466014348473445
PDE4D,3,0,0,0.390141690655617,NA,NA,NA,0.466665740137638
UBE3A,8,0,0,0.390122638398211,NA,NA,NA,0.466709506697858
USP47,8,0,0,0.390265936367069,NA,NA,NA,0.466744984055527
ZBTB10,5,0,0,0.390320166345679,NA,NA,NA,0.466755459457059
GALNT1,11,0,0,0.390265936367069,NA,NA,NA,0.466795148862405
TFB1M,2,0,0,0.390318073767258,NA,NA,NA,0.466817725112404
NFE2L1,7,0,0,0.390592937233998,NA,NA,NA,0.466989654944097
RABL3,5,0,0,0.391035975001117,NA,NA,NA,0.467562574370976
PHAX,9,0,0,0.391698313331706,NA,NA,NA,0.468551718066469
NIT2,2,0,0,0.391698313331706,NA,NA,NA,0.468650734966241
TMEM39A,7,0,0,0.393153751845224,NA,NA,NA,0.470143990246478
FZD3,3,0,0,0.393247872554796,NA,NA,NA,0.470334653280405
HSPA5,3,0,0,0.394610006995785,NA,NA,NA,0.471912680684691
NPC1,2,0,0,0.395284919030022,NA,NA,NA,0.472738559412087
RFC2,2,0,0,0.395424706577001,NA,NA,NA,0.472825833168672
MOB3A,2,0,0,0.395734786531399,NA,NA,NA,0.473558919035435
SWT1,2,0,0,0.395996164475308,NA,NA,NA,0.474106575327326
ZNF74,2,0,0,0.395996164475308,NA,NA,NA,0.474162539782734
POLH,8,0,0,0.395996164475308,NA,NA,NA,0.474294530766666
TCF12,2,0,0,0.396238998337191,NA,NA,NA,0.474459337053932
SLC12A4,2,0,0,0.396330413939952,NA,NA,NA,0.474493347262008
SOCS4,3,0,0,0.396473550365991,NA,NA,NA,0.474794956534903
CCDC80,3,0,0,0.396665296277689,NA,NA,NA,0.474967391190868
TIMM10,2,0,0,0.396658565962212,NA,NA,NA,0.475026124428904
HTR1B,3,0,0,0.396842183804173,NA,NA,NA,0.475067024284777
MPI,2,0,0,0.396872271954335,NA,NA,NA,0.47508233999911
VPS36,5,0,0,0.396842183804173,NA,NA,NA,0.475276405071099
AEBP2,3,0,0,0.396842183804173,NA,NA,NA,0.47532321607176
PGM2,3,0,0,0.397666690797622,NA,NA,NA,0.476342900124746
ALS2,2,0,0,0.398497702256262,NA,NA,NA,0.477205287752911
RABGAP1L,2,0,0,0.398497702256262,NA,NA,NA,0.477319458479889
GNAI1,4,0,0,0.398497702256262,NA,NA,NA,0.477479624376865
ABI3,3,0,0,0.398920066710782,NA,NA,NA,0.477534139669077
NRAS,6,0,0,0.398891366237594,NA,NA,NA,0.477569175983888
TMED7-TICAM2,12,0,0,0.399402059086573,NA,NA,NA,0.478033349671455
ALG11,4,0,0,0.399612946092761,NA,NA,NA,0.478310936811474
CMTM6,5,0,0,0.400783887275772,NA,NA,NA,0.479675933702023
IDI1,3,0,0,0.401206279817051,NA,NA,NA,0.480054780039275
SPECC1,2,0,0,0.401206279817051,NA,NA,NA,0.480194670571915
AR,6,0,0,0.401375750805202,NA,NA,NA,0.48027472979832
DELE1,5,0,0,0.40189978334937,NA,NA,NA,0.480863235145325
GTPBP3,2,0,0,0.401946038834668,NA,NA,NA,0.48092906141289
KRBA2,3,0,0,0.401946038834668,NA,NA,NA,0.480956641422837
PDLIM3,3,0,0,0.401946038834668,NA,NA,NA,0.481174116201969
RO60,5,0,0,0.401946038834668,NA,NA,NA,0.481368135198035
HOXD8,4,0,0,0.402330225778245,NA,NA,NA,0.481545149903788
CDYL,2,0,0,0.402317460682619,NA,NA,NA,0.481665174510127
MAPK13,2,0,0,0.402503430414933,NA,NA,NA,0.481667160642361
ASRGL1,2,0,0,0.402330225778245,NA,NA,NA,0.481740134555009
EXD2,3,0,0,0.403197706020345,NA,NA,NA,0.482509899762524
PTPN14,5,0,0,0.403445783114405,NA,NA,NA,0.482597823075042
FKBP14,13,0,0,0.403360091753075,NA,NA,NA,0.482705423671681
CBX6,2,0,0,0.403445783114405,NA,NA,NA,0.482751897743866
GPN3,3,0,0,0.403445783114405,NA,NA,NA,0.482752833010782
STK38L,9,0,0,0.403360091753075,NA,NA,NA,0.482889946223007
RMND1,2,0,0,0.403946375492545,NA,NA,NA,0.483381044100543
TBC1D15,2,0,0,0.404060001078718,NA,NA,NA,0.483522936860231
ERCC6,7,0,0,0.404060001078718,NA,NA,NA,0.483699991817334
THUMPD3,5,0,0,0.404514230040405,NA,NA,NA,0.483950695202474
NUDCD2,2,0,0,0.404831275075264,NA,NA,NA,0.484398949797408
PIK3IP1,4,0,0,0.404831275075264,NA,NA,NA,0.484494213727675
RASSF2,2,0,0,0.404831275075264,NA,NA,NA,0.484554993349527
SF3B1,5,0,0,0.40538030490212,NA,NA,NA,0.484866349075177
ZNF283,3,0,0,0.40538030490212,NA,NA,NA,0.484947245341531
WNT5B,2,0,0,0.40538030490212,NA,NA,NA,0.485001696360524
CDK5R1,2,0,0,0.405417460747418,NA,NA,NA,0.48503969364839
DDI2,5,0,0,0.405417460747418,NA,NA,NA,0.485052969348994
KLHL12,3,0,0,0.405737471452848,NA,NA,NA,0.485370953726448
ARL1,5,0,0,0.405844199372913,NA,NA,NA,0.485419852907171
KLHL36,4,0,0,0.405737471452848,NA,NA,NA,0.485462492679023
MTUS1,2,0,0,0.406222527031144,NA,NA,NA,0.485764224179966
SUPT16H,2,0,0,0.406714523570391,NA,NA,NA,0.486383960125164
TRIP11,10,0,0,0.407053421546349,NA,NA,NA,0.486500387934279
YME1L1,9,0,0,0.40717722256331,NA,NA,NA,0.486567713473425
SBDS,4,0,0,0.407002657601436,NA,NA,NA,0.486579722533041
ALDH6A1,2,0,0,0.407053421546349,NA,NA,NA,0.486604316363242
E2F6,3,0,0,0.407002657601436,NA,NA,NA,0.486736019223753
RUBCN,2,0,0,0.407002657601436,NA,NA,NA,0.486849952975195
MYORG,3,0,0,0.40736251140953,NA,NA,NA,0.486853299544795
ISOC1,3,0,0,0.407002657601436,NA,NA,NA,0.486952214101255
ETS1,3,0,0,0.407703347052294,NA,NA,NA,0.487307796684686
CYP20A1,14,0,0,0.408211170600254,NA,NA,NA,0.487725175816814
MARCHF7,6,0,0,0.408211170600254,NA,NA,NA,0.487891614552511
BTF3L4,10,0,0,0.408211170600254,NA,NA,NA,0.488002641358619
YTHDC2,3,0,0,0.408544065819185,NA,NA,NA,0.488405716495059
AHCYL2,2,0,0,0.408705537082475,NA,NA,NA,0.488958500252495
SIMC1,3,0,0,0.408765754024315,NA,NA,NA,0.488965382822199
RCCD1,3,0,0,0.409764923893102,NA,NA,NA,0.489983000549589
AFAP1,11,0,0,0.410226372240647,NA,NA,NA,0.49041858927697
CHRNB1,2,0,0,0.411193281655445,NA,NA,NA,0.492004574814356
ATP6V1D,5,0,0,0.412536525460102,NA,NA,NA,0.493394445754831
SMC5,3,0,0,0.413082107564638,NA,NA,NA,0.494222156216733
MAN2B2,2,0,0,0.413308268684834,NA,NA,NA,0.494664336145918
KLF7,4,0,0,0.413308268684834,NA,NA,NA,0.49480105657785
SARAF,2,0,0,0.413392471011186,NA,NA,NA,0.494808880285677
SRPK2,3,0,0,0.414265879138649,NA,NA,NA,0.49568782648345
CAAP1,5,0,0,0.414446002279112,NA,NA,NA,0.495966398621282
AMN1,6,0,0,0.414559281186785,NA,NA,NA,0.496106662396929
PCBD2,3,0,0,0.414678099397643,NA,NA,NA,0.4961220997176
PPAT,4,0,0,0.414559281186785,NA,NA,NA,0.496220376542506
PDP2,4,0,0,0.414830527504827,NA,NA,NA,0.496232243625413
GPR157,3,0,0,0.414559281186785,NA,NA,NA,0.496256236079666
ZNF395,3,0,0,0.414793257982978,NA,NA,NA,0.496260685450373
SPCS3,7,0,0,0.414678099397643,NA,NA,NA,0.496341092484313
EPC2,2,0,0,0.414678099397643,NA,NA,NA,0.496349733368725
ZBTB40,2,0,0,0.414678099397643,NA,NA,NA,0.49641867185753
TPM4,8,0,0,0.414559281186785,NA,NA,NA,0.496458720399817
SNAPC3,3,0,0,0.414793257982978,NA,NA,NA,0.49646437771269
SCN8A,5,0,0,0.415414097946145,NA,NA,NA,0.496947200853449
ADSS2,3,0,0,0.415716585769315,NA,NA,NA,0.497288419126562
ITPRIP,2,0,0,0.415716585769315,NA,NA,NA,0.497332432314727
DNAAF10,7,0,0,0.416264160799093,NA,NA,NA,0.497605691977849
STAM,4,0,0,0.416076516112939,NA,NA,NA,0.497609333187402
KDM2B,4,0,0,0.41620334065197,NA,NA,NA,0.497677695793409
STIMATE,5,0,0,0.416264160799093,NA,NA,NA,0.497684497042467
PRICKLE1,8,0,0,0.416605425187934,NA,NA,NA,0.497932874474479
LRCH3,4,0,0,0.417006989474533,NA,NA,NA,0.498436173298327
MAP7D3,2,0,0,0.416958746475039,NA,NA,NA,0.49845296025018
RESF1,2,0,0,0.416958746475039,NA,NA,NA,0.498661226214322
RETSAT,2,0,0,0.417585959399293,NA,NA,NA,0.499144621868445
PDP1,3,0,0,0.419159321898865,NA,NA,NA,0.501079697632519
SHC3,3,0,0,0.419428330167339,NA,NA,NA,0.50137802914058
ZBTB20,4,0,0,0.419428330167339,NA,NA,NA,0.501383048227612
WDR41,7,0,0,0.419713882189526,NA,NA,NA,0.501413881219746
SELENOH,2,0,0,0.419846983967681,NA,NA,NA,0.501488296396577
ST8SIA4,4,0,0,0.419713882189526,NA,NA,NA,0.501588095926117
ATP5F1A,3,0,0,0.419713882189526,NA,NA,NA,0.501764311750493
DCLRE1C,3,0,0,0.419713882189526,NA,NA,NA,0.50180015498609
MAP2,2,0,0,0.420320348117698,NA,NA,NA,0.501930070421874
GLIS3,2,0,0,0.420832369922519,NA,NA,NA,0.50279764033514
TEX261,2,0,0,0.420832369922519,NA,NA,NA,0.502973291288581
RABGEF1,4,0,0,0.421020602452749,NA,NA,NA,0.503082476610225
REL,5,0,0,0.421078297319633,NA,NA,NA,0.503226260570943
KAT7,2,0,0,0.421183546461775,NA,NA,NA,0.503572359448879
SSH1,4,0,0,0.42330111602273,NA,NA,NA,0.505940097162273
YWHAG,2,0,0,0.423475664460042,NA,NA,NA,0.506055070500341
LOC124900275,8,0,0,0.423521792815018,NA,NA,NA,0.506070792315579
MAGI1,4,0,0,0.423475664460042,NA,NA,NA,0.506079896378472
RASA1,2,0,0,0.423475664460042,NA,NA,NA,0.506094893049193
PSMD5,2,0,0,0.423475664460042,NA,NA,NA,0.506166354292009
SKIL,8,0,0,0.423475664460042,NA,NA,NA,0.506232327047802
NUDT5,3,0,0,0.423475664460042,NA,NA,NA,0.506362268885673
NDUFC2,5,0,0,0.423475664460042,NA,NA,NA,0.506433742085177
SNX33,3,0,0,0.424215017931137,NA,NA,NA,0.506748145159566
MRPL10,2,0,0,0.425847730208317,NA,NA,NA,0.50889158025347
ACER3,7,0,0,0.426042172253312,NA,NA,NA,0.509181952190567
BRWD1,3,0,0,0.427104480526573,NA,NA,NA,0.510265714777893
NUFIP1,2,0,0,0.427104480526573,NA,NA,NA,0.510375799657672
TBC1D30,2,0,0,0.427104480526573,NA,NA,NA,0.510421341535766
HNRNPF,4,0,0,0.428089425499007,NA,NA,NA,0.511710415655373
SGMS2,4,0,0,0.428503356966065,NA,NA,NA,0.512085023708066
SYT14,3,0,0,0.428858979934004,NA,NA,NA,0.512325483923605
RBM41,5,0,0,0.428858979934004,NA,NA,NA,0.512424226253125
DHX57,3,0,0,0.429302067442104,NA,NA,NA,0.512811552295562
SLC35B4,8,0,0,0.429302067442104,NA,NA,NA,0.513010011342116
NOM1,4,0,0,0.429573534116853,NA,NA,NA,0.513194443435497
NUFIP2,11,0,0,0.430254019360788,NA,NA,NA,0.51414808543724
GOPC,5,0,0,0.430601671339953,NA,NA,NA,0.514490742943892
DNAJC19,3,0,0,0.430601671339953,NA,NA,NA,0.514588080838857
CD59,17,0,0,0.430665023408599,NA,NA,NA,0.514678889248454
HIPK1,2,0,0,0.431305336265113,NA,NA,NA,0.515295888140379
NFATC2IP,8,0,0,0.431601647768272,NA,NA,NA,0.515542767326236
AK4,4,0,0,0.431835922365813,NA,NA,NA,0.515755851900673
MAOA,3,0,0,0.432185987154002,NA,NA,NA,0.51619524185938
STAM2,6,0,0,0.432185987154002,NA,NA,NA,0.516305413390196
METTL15,3,0,0,0.432185987154002,NA,NA,NA,0.516389771692927
SLC38A9,3,0,0,0.43230250038514,NA,NA,NA,0.516400055594427
CCDC97,2,0,0,0.432185987154002,NA,NA,NA,0.516522524070563
UBA3,3,0,0,0.432185987154002,NA,NA,NA,0.516543617393665
RBM18,8,0,0,0.43361116682125,NA,NA,NA,0.518188405648022
EFNB2,6,0,0,0.434239091401917,NA,NA,NA,0.518942322310257
PROSER1,3,0,0,0.43464499588261,NA,NA,NA,0.519168455178377
MRPS10,6,0,0,0.434563697328609,NA,NA,NA,0.519218616535125
TCHP,3,0,0,0.43464499588261,NA,NA,NA,0.519220872278858
CACNG8,4,0,0,0.43464499588261,NA,NA,NA,0.51934938396881
MFSD9,3,0,0,0.43464499588261,NA,NA,NA,0.519443619903293
ABCC5,2,0,0,0.435439229603547,NA,NA,NA,0.520048260010575
OTOGL,2,0,0,0.435439229603547,NA,NA,NA,0.520135501816028
CDK14,4,0,0,0.435439229603547,NA,NA,NA,0.520198634313029
RRP15,4,0,0,0.435439229603547,NA,NA,NA,0.520302878311012
ZBTB24,2,0,0,0.435439229603547,NA,NA,NA,0.520319236823779
PEX16,2,0,0,0.435439229603547,NA,NA,NA,0.520465741261026
RSU1,7,0,0,0.435439229603547,NA,NA,NA,0.520485280770618
PAFAH1B1,9,0,0,0.435439229603547,NA,NA,NA,0.520614588444261
EPHA2,2,0,0,0.435812016850673,NA,NA,NA,0.520677138863778
RPL26L1,3,0,0,0.436342982877175,NA,NA,NA,0.521174118283742
DDR2,4,0,0,0.436349150482894,NA,NA,NA,0.521186869067922
EARS2,4,0,0,0.436594047277832,NA,NA,NA,0.521376966803749
TP53BP1,2,0,0,0.436349150482894,NA,NA,NA,0.521405929234838
WDPCP,3,0,0,0.437403369659664,NA,NA,NA,0.522171644589672
OSBPL6,3,0,0,0.438193941457716,NA,NA,NA,0.523096835779292
TEAD2,2,0,0,0.438989485515522,NA,NA,NA,0.523875755493618
MTCL2,4,0,0,0.439620964691431,NA,NA,NA,0.524630013212429
MEIS1,3,0,0,0.441080013116391,NA,NA,NA,0.526195997857916
PUS3,3,0,0,0.441080013116391,NA,NA,NA,0.526335143361599
ARHGEF40,2,0,0,0.44150603743776,NA,NA,NA,0.526579455886114
MRPL3,2,0,0,0.44150603743776,NA,NA,NA,0.526583501857122
ARF3,5,0,0,0.441679739326827,NA,NA,NA,0.526628085309503
CCND1,9,0,0,0.44150603743776,NA,NA,NA,0.526631996520822
YWHAZ,7,0,0,0.441601520071411,NA,NA,NA,0.526690698560778
SNRPB2,3,0,0,0.441601520071411,NA,NA,NA,0.526701440693561
UBTD2,4,0,0,0.441679739326827,NA,NA,NA,0.526769377086955
CREB1,10,0,0,0.441859209855029,NA,NA,NA,0.526948194165429
NOTCH2,5,0,0,0.441888228397006,NA,NA,NA,0.527309227819444
CALD1,10,0,0,0.44212746799651,NA,NA,NA,0.527720378072823
MIER1,6,0,0,0.442125024988588,NA,NA,NA,0.527791156836508
SAP30L,3,0,0,0.44322759874068,NA,NA,NA,0.529124665275376
SPTY2D1,4,0,0,0.443302586178645,NA,NA,NA,0.529207772810691
DOT1L,3,0,0,0.443302586178645,NA,NA,NA,0.529208604921116
IDH1,2,0,0,0.443388314264251,NA,NA,NA,0.529226550304969
PAGR1,4,0,0,0.444284722851634,NA,NA,NA,0.530415749600411
GIMAP1,4,0,0,0.444284722851634,NA,NA,NA,0.530600958434041
PUS7,3,0,0,0.444284722851634,NA,NA,NA,0.530648495315595
SLC10A7,4,0,0,0.444330140565763,NA,NA,NA,0.530681576003845
FKRP,2,0,0,0.44440585147652,NA,NA,NA,0.53069921346007
ZNF347,4,0,0,0.445167590013406,NA,NA,NA,0.532194377238572
TNRC6B,5,0,0,0.446406466199842,NA,NA,NA,0.534198292877723
PDK4,2,0,0,0.446725159798571,NA,NA,NA,0.534464065216408
CSE1L,5,0,0,0.446795369966909,NA,NA,NA,0.534464192006612
PGBD4,2,0,0,0.447269541048982,NA,NA,NA,0.534746154741323
CEP19,2,0,0,0.44718862179878,NA,NA,NA,0.534809462459724
CCAR2,2,0,0,0.447269541048982,NA,NA,NA,0.534878437788224
SPRYD3,2,0,0,0.448214544095314,NA,NA,NA,0.535608705660469
SLC35E4,2,0,0,0.448214544095314,NA,NA,NA,0.535774143563872
TTF2,6,0,0,0.448214544095314,NA,NA,NA,0.535793392407803
KLF3,5,0,0,0.448442498956351,NA,NA,NA,0.535849598647751
STX17,4,0,0,0.448729129807184,NA,NA,NA,0.536080409304842
FRMD5,4,0,0,0.449092210368673,NA,NA,NA,0.536845650275992
UTP23,5,0,0,0.449827596570536,NA,NA,NA,0.537029489821141
GXYLT1,7,0,0,0.449827596570536,NA,NA,NA,0.537171758778083
CCDC107,2,0,0,0.449492333556854,NA,NA,NA,0.537197279359514
FLRT2,5,0,0,0.449827596570536,NA,NA,NA,0.537320643855641
RAB8B,5,0,0,0.449827596570536,NA,NA,NA,0.537484447084759
KPNA3,6,0,0,0.449827596570536,NA,NA,NA,0.53751884083047
NDUFB2,2,0,0,0.449827596570536,NA,NA,NA,0.537595786799216
PCNX2,2,0,0,0.449827596570536,NA,NA,NA,0.53767700017585
OGA,3,0,0,0.450736667186721,NA,NA,NA,0.537847437716894
XPNPEP3,3,0,0,0.450823218914039,NA,NA,NA,0.537864623337863
TSPAN5,3,0,0,0.450920461861795,NA,NA,NA,0.537893196794572
CXCL2,2,0,0,0.450736667186721,NA,NA,NA,0.537952240144171
PEX19,5,0,0,0.450929397410306,NA,NA,NA,0.538053958840315
DMAC2L,5,0,0,0.450929397410306,NA,NA,NA,0.538153528419237
LLPH,5,0,0,0.452303817431947,NA,NA,NA,0.539741802247061
CLU,4,0,0,0.453566619215816,NA,NA,NA,0.541159713946498
PSMA5,2,0,0,0.454051866549232,NA,NA,NA,0.541298070161228
EPB41L1,3,0,0,0.454051866549232,NA,NA,NA,0.54151139057055
FGFR1,8,0,0,0.454051866549232,NA,NA,NA,0.541630310847374
NFIX,5,0,0,0.454051866549232,NA,NA,NA,0.541701192504359
GDAP2,4,0,0,0.454387655211008,NA,NA,NA,0.541729655233745
CBFB,4,0,0,0.454325609055798,NA,NA,NA,0.541739194763656
LMAN2L,2,0,0,0.454051866549232,NA,NA,NA,0.541830376444677
REV1,2,0,0,0.454499016002126,NA,NA,NA,0.541922951467216
PGAM1,2,0,0,0.454325609055798,NA,NA,NA,0.541927143066391
AKT2,2,0,0,0.454958229005706,NA,NA,NA,0.542611930361051
ZNF467,2,0,0,0.454979260768216,NA,NA,NA,0.543015411439397
MOCS2,3,0,0,0.455089502892374,NA,NA,NA,0.543514875240286
SEC23IP,4,0,0,0.455089502892374,NA,NA,NA,0.54352744181328
PRR11,8,0,0,0.454979260768216,NA,NA,NA,0.543591273054011
GNA13,3,0,0,0.454979260768216,NA,NA,NA,0.543662408715341
ZNF512B,2,0,0,0.454979260768216,NA,NA,NA,0.543680665143018
TSHZ3,3,0,0,0.455089502892374,NA,NA,NA,0.543724480458214
ZNF570,2,0,0,0.455225486038285,NA,NA,NA,0.543732025957863
PRKAA1,7,0,0,0.455089502892374,NA,NA,NA,0.543846059595426
FNDC3A,5,0,0,0.455089502892374,NA,NA,NA,0.543852788316647
PPM1F,4,0,0,0.455089502892374,NA,NA,NA,0.543903000790111
VWA5A,2,0,0,0.455225486038285,NA,NA,NA,0.543955563199809
MAPK8IP3,2,0,0,0.455089502892374,NA,NA,NA,0.543956185631649
GLB1L,2,0,0,0.455089502892374,NA,NA,NA,0.544021588513685
TICAM2,3,0,0,0.45545981333114,NA,NA,NA,0.544128531207378
FOSL2,7,0,0,0.455089502892374,NA,NA,NA,0.544134235485212
VPS13D,4,0,0,0.455089502892374,NA,NA,NA,0.544222082194915
RANBP3,3,0,0,0.455616664642657,NA,NA,NA,0.544368377736062
ZNF526,2,0,0,0.455980828954641,NA,NA,NA,0.544679056069601
HEG1,4,0,0,0.456054652009332,NA,NA,NA,0.544681470026927
STRN3,4,0,0,0.456109439788896,NA,NA,NA,0.544812797905783
TRIM22,2,0,0,0.456501115286906,NA,NA,NA,0.545152450525345
RBM39,4,0,0,0.457139617093617,NA,NA,NA,0.545753679066942
ATPSCKMT,4,0,0,0.457284962882292,NA,NA,NA,0.545964384366152
DNAJA2,6,0,0,0.457618427089585,NA,NA,NA,0.54618229873549
RAVER1,2,0,0,0.457771753571526,NA,NA,NA,0.546341738420135
CCAR1,4,0,0,0.457618427089585,NA,NA,NA,0.546365714851543
MGARP,4,0,0,0.458261320629485,NA,NA,NA,0.546401585950033
CWF19L1,2,0,0,0.457841461257203,NA,NA,NA,0.546412448792453
RUNX1,3,0,0,0.457841461257203,NA,NA,NA,0.546444910674698
FCHSD1,2,0,0,0.458410805746528,NA,NA,NA,0.546483969609686
PRR13,4,0,0,0.457771753571526,NA,NA,NA,0.546500793153439
NFKBIZ,2,0,0,0.458261320629485,NA,NA,NA,0.54650895058099
SDC4,3,0,0,0.45808473957202,NA,NA,NA,0.546594143080245
MAK16,3,0,0,0.458261320629485,NA,NA,NA,0.546603142904266
GCC2,2,0,0,0.458188750592541,NA,NA,NA,0.546628299221252
TNFAIP8L3,3,0,0,0.458261320629485,NA,NA,NA,0.546736827280459
FZD8,3,0,0,0.458590534200832,NA,NA,NA,0.546746774538588
ME2,5,0,0,0.458938149215138,NA,NA,NA,0.546962813287166
UFD1,3,0,0,0.458905686829296,NA,NA,NA,0.547004285884898
PCYT2,4,0,0,0.459196464113052,NA,NA,NA,0.547160113948582
AQR,6,0,0,0.459380684535485,NA,NA,NA,0.547279041764084
TBCEL,3,0,0,0.460448609557302,NA,NA,NA,0.548479828527553
ARL6IP6,3,0,0,0.461016528750603,NA,NA,NA,0.54900352362886
OSBPL11,2,0,0,0.461951591665646,NA,NA,NA,0.549830999511784
GLCE,3,0,0,0.461951591665646,NA,NA,NA,0.549987104694543
SRA1,4,0,0,0.461951591665646,NA,NA,NA,0.550119289988638
NUCB2,3,0,0,0.461951591665646,NA,NA,NA,0.55017694410226
SUMO3,8,0,0,0.461951591665646,NA,NA,NA,0.550266836556436
UAP1,6,0,0,0.461951591665646,NA,NA,NA,0.550324380533789
TPP2,3,0,0,0.462359287982365,NA,NA,NA,0.550333247880397
HSDL2,5,0,0,0.462973158645765,NA,NA,NA,0.550444313114493
CRIM1,9,0,0,0.462826311063509,NA,NA,NA,0.550445235370379
ADAT2,3,0,0,0.462786407315196,NA,NA,NA,0.550479175674467
TNPO1,7,0,0,0.462973158645765,NA,NA,NA,0.550634617164579
JARID2,3,0,0,0.462973158645765,NA,NA,NA,0.550662107238477
DAPK1,2,0,0,0.462786407315196,NA,NA,NA,0.550699265821603
FTSJ1,2,0,0,0.462786407315196,NA,NA,NA,0.550762631477793
SYT1,2,0,0,0.462973158645765,NA,NA,NA,0.550794148965985
CDC25B,3,0,0,0.463165660804821,NA,NA,NA,0.550816308188005
IRAK3,3,0,0,0.462786407315196,NA,NA,NA,0.550865076983352
GJC1,2,0,0,0.463374191977726,NA,NA,NA,0.550930415747648
CAND1,12,0,0,0.463345181224105,NA,NA,NA,0.550975781747069
PLEKHO1,2,0,0,0.463345181224105,NA,NA,NA,0.551125583567801
GLI2,2,0,0,0.463345181224105,NA,NA,NA,0.55131921165529
NDUFB3,2,0,0,0.46380187081069,NA,NA,NA,0.551452144762865
DST,4,0,0,0.463809543121258,NA,NA,NA,0.551698845900475
TRAF3IP2,2,0,0,0.463809543121258,NA,NA,NA,0.551969601443931
EFHC1,4,0,0,0.463809543121258,NA,NA,NA,0.552035502961732
MICU2,2,0,0,0.465577588687047,NA,NA,NA,0.554639985164456
ANKS1A,2,0,0,0.465688199701324,NA,NA,NA,0.554891573924322
NUDT11,5,0,0,0.465589535926563,NA,NA,NA,0.5549415229855
ALDH5A1,2,0,0,0.465688199701324,NA,NA,NA,0.555083653936487
C2orf49,2,0,0,0.465913419100123,NA,NA,NA,0.555091287668838
JHY,2,0,0,0.465589535926563,NA,NA,NA,0.555103533560668
ANLN,2,0,0,0.466161015136411,NA,NA,NA,0.555382924723363
PTCD3,9,0,0,0.466299415360917,NA,NA,NA,0.555451663971281
VEZT,6,0,0,0.466601562363568,NA,NA,NA,0.55583328207871
MPHOSPH8,3,0,0,0.46657369996941,NA,NA,NA,0.55588094660544
TMCC3,5,0,0,0.46657369996941,NA,NA,NA,0.556097495409595
SMARCC1,6,0,0,0.467108769328411,NA,NA,NA,0.556212878793657
CPPED1,10,0,0,0.467207245527709,NA,NA,NA,0.556386580746972
GGPS1,3,0,0,0.467108769328411,NA,NA,NA,0.556413068182943
ZKSCAN1,7,0,0,0.46756172477556,NA,NA,NA,0.556829368907165
FAM174B,2,0,0,0.468446735917215,NA,NA,NA,0.558116496752523
MAPK9,3,0,0,0.468446735917215,NA,NA,NA,0.558200268612131
TBC1D16,5,0,0,0.468446735917215,NA,NA,NA,0.558350128370161
ETF1,5,0,0,0.468700169616467,NA,NA,NA,0.558796656760127
DNAJC10,12,0,0,0.468700169616467,NA,NA,NA,0.558968273632473
PPA2,3,0,0,0.468700169616467,NA,NA,NA,0.558975937591335
FBXO21,6,0,0,0.468763633949624,NA,NA,NA,0.559021306155985
CD46,6,0,0,0.469055478890396,NA,NA,NA,0.559250602916774
NUDT12,2,0,0,0.471084832023013,NA,NA,NA,0.561609110144099
ZFAND3,4,0,0,0.471084832023013,NA,NA,NA,0.561624437142489
TIMM8B,2,0,0,0.47112354027683,NA,NA,NA,0.561631373980177
NUP50,5,0,0,0.471733584000022,NA,NA,NA,0.562488198957708
STMN1,3,0,0,0.472007089789133,NA,NA,NA,0.56284428663399
RAB10,9,0,0,0.472256918503516,NA,NA,NA,0.563028335695568
RILPL2,2,0,0,0.472993094375763,NA,NA,NA,0.564010405271838
TMEM94,3,0,0,0.473043819057935,NA,NA,NA,0.564016034429904
NDFIP1,5,0,0,0.474315083836751,NA,NA,NA,0.565384244297718
GSK3B,6,0,0,0.474315083836751,NA,NA,NA,0.565566731195886
COG6,3,0,0,0.474315083836751,NA,NA,NA,0.565569311545441
BMAL2,8,0,0,0.475119341969691,NA,NA,NA,0.56614886286486
TGFB2,8,0,0,0.475230242534916,NA,NA,NA,0.566333533949736
EML1,4,0,0,0.475293590441968,NA,NA,NA,0.566434692086631
UXS1,3,0,0,0.475293590441968,NA,NA,NA,0.566640970596831
LDLR,2,0,0,0.475497839587097,NA,NA,NA,0.567112804030456
SCLT1,2,0,0,0.475832433412482,NA,NA,NA,0.567384560840486
SPIRE1,4,0,0,0.476766378470423,NA,NA,NA,0.568872876227179
BCLAF1,8,0,0,0.47726294018558,NA,NA,NA,0.569461140566828
ST3GAL2,7,0,0,0.478365694092123,NA,NA,NA,0.570672172449329
SMIM8,2,0,0,0.478365694092123,NA,NA,NA,0.570882931586874
TRIM52,2,0,0,0.478365694092123,NA,NA,NA,0.570996298685791
ARMC1,5,0,0,0.478870176484109,NA,NA,NA,0.571028544776448
NOX4,4,0,0,0.478771914604811,NA,NA,NA,0.571085241597596
RUFY3,3,0,0,0.478870176484109,NA,NA,NA,0.571118997210436
RPS6KA2,4,0,0,0.478771914604811,NA,NA,NA,0.571221262691344
GTF2A1,7,0,0,0.479210850809224,NA,NA,NA,0.571599441546361
IFFO2,3,0,0,0.479559987557343,NA,NA,NA,0.572326052983566
ARID2,5,0,0,0.480085121143417,NA,NA,NA,0.573236867583542
PCDH10,12,0,0,0.480703687613354,NA,NA,NA,0.57395137046261
ZNF229,2,0,0,0.480865975769913,NA,NA,NA,0.574069062730101
SRSF1,6,0,0,0.481224159109822,NA,NA,NA,0.574439719568701
SENP8,2,0,0,0.480938519229666,NA,NA,NA,0.574462829181114
TMEM140,2,0,0,0.480938519229666,NA,NA,NA,0.574557613216501
MIA2,3,0,0,0.481224159109822,NA,NA,NA,0.574611123389039
BBS5,2,0,0,0.480938519229666,NA,NA,NA,0.574679160590607
GPBP1,4,0,0,0.481224159109822,NA,NA,NA,0.574738805751616
ZEB1,3,0,0,0.481224159109822,NA,NA,NA,0.57476982237971
CASP6,4,0,0,0.482235238557219,NA,NA,NA,0.575568778767105
CWC15,3,0,0,0.482235238557219,NA,NA,NA,0.575744435777514
RILPL1,3,0,0,0.483015559114521,NA,NA,NA,0.576805105728777
ADAT1,5,0,0,0.483180587192665,NA,NA,NA,0.577154114358715
MED6,3,0,0,0.483180587192665,NA,NA,NA,0.57720552761288
EIF3J,9,0,0,0.483245341417833,NA,NA,NA,0.57729208230356
IKZF5,2,0,0,0.483245341417833,NA,NA,NA,0.577413324138934
ZNF561,4,0,0,0.483245341417833,NA,NA,NA,0.577419249724024
RABEP1,4,0,0,0.483245341417833,NA,NA,NA,0.577454477299601
SNRNP48,3,0,0,0.483379519883776,NA,NA,NA,0.577634553840689
TMEM8B,2,0,0,0.483379519883776,NA,NA,NA,0.577709006377123
TMEM120B,4,0,0,0.483503255929319,NA,NA,NA,0.577757283105844
BRD10,2,0,0,0.48355612471407,NA,NA,NA,0.578014123648281
CZIB,3,0,0,0.484649985101732,NA,NA,NA,0.579232411778233
ZBED6,3,0,0,0.484993089249313,NA,NA,NA,0.579509619137415
IQCK,3,0,0,0.485149494304595,NA,NA,NA,0.5795916182794
MRFAP1L2,2,0,0,0.487160894473762,NA,NA,NA,0.582179130631329
CCDC126,2,0,0,0.487230850057718,NA,NA,NA,0.582208693273076
PHLDB2,4,0,0,0.487160894473762,NA,NA,NA,0.582227945889208
HMBOX1,3,0,0,0.487160894473762,NA,NA,NA,0.582236243749003
YBX1,3,0,0,0.487230850057718,NA,NA,NA,0.58232801807892
USP6NL,5,0,0,0.489123838562685,NA,NA,NA,0.58427441711865
MYCBP,6,0,0,0.489731937722283,NA,NA,NA,0.585559469144863
LZIC,8,0,0,0.4899441361228,NA,NA,NA,0.585844775283975
NRBP2,2,0,0,0.490146252804051,NA,NA,NA,0.585972893456859
TMEM37,4,0,0,0.491282674488009,NA,NA,NA,0.587221963238701
BRCC3,2,0,0,0.491729471927722,NA,NA,NA,0.587604730808083
EID1,5,0,0,0.492030961037421,NA,NA,NA,0.587835879372546
FMR1,3,0,0,0.492272041964487,NA,NA,NA,0.588003997998126
NFX1,2,0,0,0.492629581996094,NA,NA,NA,0.588293311005732
TNFRSF10A,3,0,0,0.492846787009245,NA,NA,NA,0.588430180680956
ARHGAP18,8,0,0,0.492973663251191,NA,NA,NA,0.58844674766442
PTPN4,4,0,0,0.492846787009245,NA,NA,NA,0.588486982743726
TLK1,6,0,0,0.492844640656387,NA,NA,NA,0.588497836506803
PDLIM5,13,0,0,0.492973663251191,NA,NA,NA,0.588572751837033
DPY19L3,3,0,0,0.492844640656387,NA,NA,NA,0.588667332454066
MPDZ,2,0,0,0.492973663251191,NA,NA,NA,0.588712821331959
GINS4,2,0,0,0.494412670413798,NA,NA,NA,0.59021664368558
ZNF592,4,0,0,0.496520835510969,NA,NA,NA,0.592911555050103
WDR35,2,0,0,0.496743302148086,NA,NA,NA,0.592933148531172
TRAF7,3,0,0,0.496743302148086,NA,NA,NA,0.593050860444168
AKTIP,5,0,0,0.496743302148086,NA,NA,NA,0.59327880638132
MPHOSPH10,2,0,0,0.49729648900466,NA,NA,NA,0.593423730706007
PDCD10,3,0,0,0.496743302148086,NA,NA,NA,0.593432109317669
GBGT1,2,0,0,0.497546664413821,NA,NA,NA,0.593558561323041
TBC1D19,2,0,0,0.496743302148086,NA,NA,NA,0.593593603388675
CEP57,4,0,0,0.496743302148086,NA,NA,NA,0.59360105134872
KIAA0040,2,0,0,0.497546664413821,NA,NA,NA,0.593633334671629
ZHX2,2,0,0,0.497546664413821,NA,NA,NA,0.593724912113742
FXR1,6,0,0,0.497804230530721,NA,NA,NA,0.59388705828344
EDIL3,3,0,0,0.497804230530721,NA,NA,NA,0.593971853999422
SRSF11,6,0,0,0.497804230530721,NA,NA,NA,0.594130339011655
PRKAG2,4,0,0,0.498190008101763,NA,NA,NA,0.594411924758259
PDLIM4,3,0,0,0.498190008101763,NA,NA,NA,0.594635424487642
MBD4,2,0,0,0.498927532825591,NA,NA,NA,0.595043549098038
TBC1D22A,2,0,0,0.498927532825591,NA,NA,NA,0.595236813329109
FAM177A1,5,0,0,0.499478865881656,NA,NA,NA,0.595642263578612
ARHGAP24,4,0,0,0.499844835583429,NA,NA,NA,0.595995069926531
SERP1,7,0,0,0.499770296559581,NA,NA,NA,0.59600186126805
MYO6,9,0,0,0.499950122851341,NA,NA,NA,0.596081761660128
PAFAH1B2,8,0,0,0.499904457183444,NA,NA,NA,0.596118439340537
C2orf76,2,0,0,0.499770296559581,NA,NA,NA,0.596123236358343
STS,3,0,0,0.500200969868271,NA,NA,NA,0.59617353682467
PDGFD,2,0,0,0.50030642364855,NA,NA,NA,0.59619876785148
HUWE1,4,0,0,0.499770296559581,NA,NA,NA,0.596290561615802
PI4K2B,3,0,0,0.500200969868271,NA,NA,NA,0.59629758014892
L3MBTL2,2,0,0,0.499770296559581,NA,NA,NA,0.59642287640627
BACE1,6,0,0,0.500646114653547,NA,NA,NA,0.596505277375066
LPGAT1,7,0,0,0.499770296559581,NA,NA,NA,0.596535564231103
TSPAN6,6,0,0,0.499770296559581,NA,NA,NA,0.596582089038891
GLUL,3,0,0,0.500802027428656,NA,NA,NA,0.596611439235167
MARK3,4,0,0,0.499770296559581,NA,NA,NA,0.596704744385035
AMMECR1L,5,0,0,0.499770296559581,NA,NA,NA,0.596705442785263
PACSIN2,4,0,0,0.500646114653547,NA,NA,NA,0.596710409686397
CPD,10,0,0,0.500802027428656,NA,NA,NA,0.59676947660102
TRIP13,3,0,0,0.500646114653547,NA,NA,NA,0.596806496326677
PEX3,3,0,0,0.500802027428656,NA,NA,NA,0.596879882494041
HK1,2,0,0,0.500646114653547,NA,NA,NA,0.59696894514936
EIF2S3,5,0,0,0.501075458203054,NA,NA,NA,0.597048839218116
TBC1D4,2,0,0,0.501822919476905,NA,NA,NA,0.597859092371773
ETFRF1,2,0,0,0.501773749143083,NA,NA,NA,0.597919931242096
FIP1L1,2,0,0,0.501822919476905,NA,NA,NA,0.598071441489442
PCGF3,5,0,0,0.502830361753765,NA,NA,NA,0.598991950687083
DIP2C,5,0,0,0.503295243591964,NA,NA,NA,0.599500831536254
ARL3,3,0,0,0.503694330783051,NA,NA,NA,0.600034012720806
FAM131B,2,0,0,0.503694330783051,NA,NA,NA,0.600241460614712
PTK2,3,0,0,0.50429246996034,NA,NA,NA,0.600650971633231
ZNFX1,2,0,0,0.504872879835283,NA,NA,NA,0.601201596177756
HMG20A,4,0,0,0.504709801551431,NA,NA,NA,0.601202584610534
NR3C1,5,0,0,0.504847361184144,NA,NA,NA,0.601259842903803
PAICS,5,0,0,0.505178573666812,NA,NA,NA,0.601830859514306
C14orf132,5,0,0,0.50536324866941,NA,NA,NA,0.602498195780953
PVR,8,0,0,0.505708090941397,NA,NA,NA,0.602822667070129
RNF168,3,0,0,0.506237728561766,NA,NA,NA,0.603113774222422
HOMER1,4,0,0,0.506228322136858,NA,NA,NA,0.603274042716495
TBCE,2,0,0,0.506237728561766,NA,NA,NA,0.603334863553402
PHF12,2,0,0,0.507609689250643,NA,NA,NA,0.604441808810992
DUSP3,6,0,0,0.507692403454631,NA,NA,NA,0.60453489854904
TENT5A,4,0,0,0.507815072613049,NA,NA,NA,0.604780910849539
EMC1,6,0,0,0.50777041158955,NA,NA,NA,0.604818198057553
MRPL33,2,0,0,0.507815072613049,NA,NA,NA,0.604924095656716
KBTBD2,3,0,0,0.507815072613049,NA,NA,NA,0.605010525991482
B3GLCT,3,0,0,0.507815072613049,NA,NA,NA,0.605017395319918
MCM8,5,0,0,0.507815072613049,NA,NA,NA,0.605177710941351
MAFF,3,0,0,0.508432567961923,NA,NA,NA,0.605864961938657
GRB10,3,0,0,0.508432567961923,NA,NA,NA,0.606017723435749
CAVIN3,2,0,0,0.508641736212999,NA,NA,NA,0.606097956744596
ZBTB39,2,0,0,0.508902069749098,NA,NA,NA,0.606371344738338
FEM1B,4,0,0,0.508805539409514,NA,NA,NA,0.606451016664112
PLAGL2,3,0,0,0.508902069749098,NA,NA,NA,0.606460239504426
SGCB,5,0,0,0.508805539409514,NA,NA,NA,0.60651173450187
CLCN7,2,0,0,0.508902069749098,NA,NA,NA,0.60661263776807
BRD3OS,5,0,0,0.509692086088576,NA,NA,NA,0.607558785770758
RCAN3,2,0,0,0.509813011144667,NA,NA,NA,0.608315432085647
TTC4,2,0,0,0.509813011144667,NA,NA,NA,0.608522190847227
BBS10,3,0,0,0.510173552788396,NA,NA,NA,0.608632832402935
DERL2,2,0,0,0.510366749193499,NA,NA,NA,0.60871896425266
OGFOD2,2,0,0,0.510366749193499,NA,NA,NA,0.608746975370785
DOP1B,4,0,0,0.510366749193499,NA,NA,NA,0.608768493005697
CDYL2,3,0,0,0.510345862413003,NA,NA,NA,0.608781974597198
MSANTD4,2,0,0,0.510366749193499,NA,NA,NA,0.608797648742347
ZFYVE16,4,0,0,0.510309677632714,NA,NA,NA,0.608830798712975
RAB3B,9,0,0,0.510559339077705,NA,NA,NA,0.608859059287057
ZNF468,2,0,0,0.510658627904634,NA,NA,NA,0.60901593150104
GTF3C6,2,0,0,0.510789453258624,NA,NA,NA,0.609488469430266
FXN,6,0,0,0.511144548381885,NA,NA,NA,0.609772990586303
ATP6V1H,2,0,0,0.511144548381885,NA,NA,NA,0.60982348412244
SLC25A4,2,0,0,0.511168157380788,NA,NA,NA,0.609886237905164
PGPEP1,5,0,0,0.511273038821592,NA,NA,NA,0.609907917346952
TCAF1,2,0,0,0.511150200471343,NA,NA,NA,0.609953928359239
SMIM30,2,0,0,0.511150200471343,NA,NA,NA,0.610039016095352
CFL2,6,0,0,0.511618534578038,NA,NA,NA,0.610208583908046
MED13,5,0,0,0.511618534578038,NA,NA,NA,0.610218260931699
PREP,3,0,0,0.511711230370555,NA,NA,NA,0.610311868200037
EPM2A,3,0,0,0.511618534578038,NA,NA,NA,0.610387961894226
EEF2KMT,4,0,0,0.512649156525133,NA,NA,NA,0.611462539053061
SYNJ2BP,6,0,0,0.512728578330495,NA,NA,NA,0.611600715218488
CCNB1,4,0,0,0.513028125680797,NA,NA,NA,0.611735479635328
SLC25A12,2,0,0,0.512970700240883,NA,NA,NA,0.611762883431648
BMP2K,3,0,0,0.513531776923381,NA,NA,NA,0.612701548490102
BHLHE40,2,0,0,0.513531776923381,NA,NA,NA,0.612742285803364
NFYA,4,0,0,0.514422050116595,NA,NA,NA,0.613935355728316
CDK1,4,0,0,0.514422050116595,NA,NA,NA,0.614056599674122
LZTFL1,5,0,0,0.514422050116595,NA,NA,NA,0.614069864679817
VANGL1,5,0,0,0.515035160834418,NA,NA,NA,0.614560177524696
TRIM56,5,0,0,0.51558394689156,NA,NA,NA,0.615178731368521
NPRL3,2,0,0,0.516232911520945,NA,NA,NA,0.615921378000006
LRRC14,3,0,0,0.516232911520945,NA,NA,NA,0.615972955264185
MRS2,4,0,0,0.516232911520945,NA,NA,NA,0.616197677811026
TAF1,2,0,0,0.516232911520945,NA,NA,NA,0.616211345438526
CACUL1,9,0,0,0.516232911520945,NA,NA,NA,0.616234049899499
HPCAL1,2,0,0,0.516378213653053,NA,NA,NA,0.61626191219845
EIF3L,2,0,0,0.516232911520945,NA,NA,NA,0.616269855255756
ZNF124,2,0,0,0.516232911520945,NA,NA,NA,0.616321192424387
UBE4A,2,0,0,0.516232911520945,NA,NA,NA,0.616368716790683
SPRED1,4,0,0,0.516232911520945,NA,NA,NA,0.616502862782984
CSNK1G2,2,0,0,0.516439273148471,NA,NA,NA,0.616860736129841
HMMR,2,0,0,0.516439273148471,NA,NA,NA,0.616898237950611
PRUNE1,2,0,0,0.518173431697919,NA,NA,NA,0.618604464250243
TRMO,2,0,0,0.518100236773682,NA,NA,NA,0.618617216573854
TRDMT1,4,0,0,0.51833546500105,NA,NA,NA,0.618682674870176
TMEM97,2,0,0,0.51850752696566,NA,NA,NA,0.618771126556961
SEL1L,4,0,0,0.518665164278918,NA,NA,NA,0.618811720656445
ATAD1,7,0,0,0.518814856639147,NA,NA,NA,0.61887725950217
NDC1,2,0,0,0.518665164278918,NA,NA,NA,0.6189626910069
MSL2,2,0,0,0.518871875194194,NA,NA,NA,0.619044323724967
PYGB,3,0,0,0.519019961629151,NA,NA,NA,0.619108172327535
ETNK1,8,0,0,0.518871875194194,NA,NA,NA,0.619143318563032
ERG,6,0,0,0.518665164278918,NA,NA,NA,0.619144514535269
TNFSF10,3,0,0,0.519402370103746,NA,NA,NA,0.619695145319952
ZNF354A,2,0,0,0.519647188196244,NA,NA,NA,0.619999490880072
EFNA2,2,0,0,0.520395483008344,NA,NA,NA,0.620960068592779
VPS26A,5,0,0,0.520781752456595,NA,NA,NA,0.62117880074494
UBP1,3,0,0,0.520781752456595,NA,NA,NA,0.621296439983428
HLA-C,2,0,0,0.522381881400785,NA,NA,NA,0.623008172015943
TP53BP2,2,0,0,0.522451635404813,NA,NA,NA,0.623216830789373
CDK13,3,0,0,0.522509573804069,NA,NA,NA,0.623245762187372
LMNA,2,0,0,0.522906675744135,NA,NA,NA,0.623757908094113
RBM3,6,0,0,0.522906675744135,NA,NA,NA,0.623906076043315
SAP18,7,0,0,0.523058721375938,NA,NA,NA,0.623966377438974
DLD,3,0,0,0.523195841548391,NA,NA,NA,0.624017793801948
YAP1,4,0,0,0.523253531483142,NA,NA,NA,0.624129884043276
ZNF320,6,0,0,0.523424265199248,NA,NA,NA,0.624268699170482
CHAC2,2,0,0,0.523396767962734,NA,NA,NA,0.624282646551449
MAP2K4,3,0,0,0.52381328192582,NA,NA,NA,0.624629881135742
TXNDC15,6,0,0,0.52381328192582,NA,NA,NA,0.624762708830313
ZZZ3,2,0,0,0.524877581244141,NA,NA,NA,0.625731535447802
MYNN,2,0,0,0.524877581244141,NA,NA,NA,0.625836930734178
CLK3,2,0,0,0.524877581244141,NA,NA,NA,0.626014696970902
SMTN,2,0,0,0.525349043739772,NA,NA,NA,0.626067716600228
LYN,3,0,0,0.525272130232359,NA,NA,NA,0.626150136366838
HERC4,3,0,0,0.525336110645951,NA,NA,NA,0.626203250322456
SEPTIN8,2,0,0,0.525349043739772,NA,NA,NA,0.626238312679844
TLR4,11,0,0,0.525336110645951,NA,NA,NA,0.626256952524876
RNF181,2,0,0,0.525272130232359,NA,NA,NA,0.626259697562735
GMFB,5,0,0,0.525272130232359,NA,NA,NA,0.626446965636956
EIF3F,5,0,0,0.525349043739772,NA,NA,NA,0.626467575017691
GPATCH2L,7,0,0,0.525987255842445,NA,NA,NA,0.626769367239846
CHAF1B,2,0,0,0.526183044865389,NA,NA,NA,0.627081248785915
RIF1,6,0,0,0.526183044865389,NA,NA,NA,0.627093253938417
NMRK1,2,0,0,0.526183044865389,NA,NA,NA,0.627133896791455
PTPMT1,6,0,0,0.526311386533035,NA,NA,NA,0.627396129326964
ERCC6L2,2,0,0,0.526687246403228,NA,NA,NA,0.628305346164855
SLC25A13,3,0,0,0.52715390348728,NA,NA,NA,0.628741075037584
RAP2C,4,0,0,0.527408273324911,NA,NA,NA,0.629015020996485
IKBKB,4,0,0,0.527408273324911,NA,NA,NA,0.629213360327423
LRRC58,6,0,0,0.527408273324911,NA,NA,NA,0.629405881439869
RAD51,3,0,0,0.527408273324911,NA,NA,NA,0.629606611724602
TANK,2,0,0,0.528227813045174,NA,NA,NA,0.629861339010253
HABP4,3,0,0,0.528227813045174,NA,NA,NA,0.630018581344643
BZW1,6,0,0,0.528437189668527,NA,NA,NA,0.630040834531515
KDM3B,2,0,0,0.528227813045174,NA,NA,NA,0.630058497404884
TSPAN13,3,0,0,0.528608714177667,NA,NA,NA,0.630280343795482
PRKCE,3,0,0,0.528608714177667,NA,NA,NA,0.630406578631007
MAMLD1,2,0,0,0.528767681857184,NA,NA,NA,0.630664918628429
EIF4B,5,0,0,0.528713078082769,NA,NA,NA,0.630698895027074
OSGIN2,9,0,0,0.529503715209194,NA,NA,NA,0.631463069849603
RRP7A,5,0,0,0.529931973220706,NA,NA,NA,0.631808156235871
CD2AP,5,0,0,0.530038016739888,NA,NA,NA,0.631886934865286
ATP1B1,4,0,0,0.530270857892666,NA,NA,NA,0.632303852553525
SLC38A2,11,0,0,0.530270857892666,NA,NA,NA,0.632454931197256
KNSTRN,5,0,0,0.531333790644756,NA,NA,NA,0.633953379564105
EHD1,5,0,0,0.531286703588857,NA,NA,NA,0.634085870153623
ABHD13,6,0,0,0.531333790644756,NA,NA,NA,0.63416397407388
TFPI,12,0,0,0.531612605546466,NA,NA,NA,0.634318207009772
TNRC6C,3,0,0,0.532457171992143,NA,NA,NA,0.634760217482757
SLC25A46,5,0,0,0.532165994211467,NA,NA,NA,0.6349065902298
TMC7,4,0,0,0.532457171992143,NA,NA,NA,0.634930322358884
UBR2,2,0,0,0.532165994211467,NA,NA,NA,0.635002975048686
LAP3,2,0,0,0.532457171992143,NA,NA,NA,0.635041173060491
BRF2,2,0,0,0.532457171992143,NA,NA,NA,0.635052367109991
COMT,3,0,0,0.532875199194936,NA,NA,NA,0.635093381910543
HEATR3,5,0,0,0.532457171992143,NA,NA,NA,0.635138890060337
SERINC5,2,0,0,0.532165994211467,NA,NA,NA,0.635142117356372
RC3H2,5,0,0,0.532457171992143,NA,NA,NA,0.635168005250967
MOB1A,7,0,0,0.532165994211467,NA,NA,NA,0.635297190474384
AACS,2,0,0,0.532457171992143,NA,NA,NA,0.635312780712087
ECD,3,0,0,0.532457171992143,NA,NA,NA,0.635322664493882
OPA3,4,0,0,0.533406327767918,NA,NA,NA,0.635541093114058
RWDD1,2,0,0,0.533406327767918,NA,NA,NA,0.635549487194474
FCF1,4,0,0,0.533342883391089,NA,NA,NA,0.635616045508905
ATP10D,2,0,0,0.533406327767918,NA,NA,NA,0.635629493231515
ARPC5,6,0,0,0.533761287827523,NA,NA,NA,0.635867635302149
GTPBP1,3,0,0,0.533761287827523,NA,NA,NA,0.63608163949234
GAS2L3,2,0,0,0.533843339042872,NA,NA,NA,0.636117777974822
FBXL3,4,0,0,0.534334150034542,NA,NA,NA,0.636503766126914
ID1,3,0,0,0.534261258090294,NA,NA,NA,0.636520217524421
PRR12,2,0,0,0.534261258090294,NA,NA,NA,0.636621332206874
N4BP2,2,0,0,0.534589232005964,NA,NA,NA,0.636810380337251
CDS2,6,0,0,0.534761441809609,NA,NA,NA,0.637172126330629
ZNF554,2,0,0,0.535001718591577,NA,NA,NA,0.637234388772731
ST7L,5,0,0,0.535142857618203,NA,NA,NA,0.637335368610161
PIAS4,2,0,0,0.535001718591577,NA,NA,NA,0.637396053031138
RBBP4,5,0,0,0.535170852603246,NA,NA,NA,0.637412196565639
AGAP1,3,0,0,0.535142857618203,NA,NA,NA,0.63746544233016
PIGZ,2,0,0,0.535262193107353,NA,NA,NA,0.637790512155772
PCDH1,2,0,0,0.536815473796139,NA,NA,NA,0.639771783634754
SPCS1,2,0,0,0.536815473796139,NA,NA,NA,0.63993517196132
ASXL1,4,0,0,0.537136617047974,NA,NA,NA,0.640128232160706
ACOT9,3,0,0,0.537136617047974,NA,NA,NA,0.6402146335523
CYB5B,5,0,0,0.537464252499232,NA,NA,NA,0.64038831332072
DOCK9,4,0,0,0.537423861126685,NA,NA,NA,0.640390603331905
AMMECR1,2,0,0,0.537485543157797,NA,NA,NA,0.64043842400803
DCTN4,3,0,0,0.537464252499232,NA,NA,NA,0.640496469841608
GALNT7,3,0,0,0.537528222620166,NA,NA,NA,0.640641314002306
DCTN5,10,0,0,0.537528222620166,NA,NA,NA,0.640733943666852
TTLL12,2,0,0,0.537771977948112,NA,NA,NA,0.641165386022684
MYSM1,2,0,0,0.53794600497257,NA,NA,NA,0.641388111783075
LOXL2,4,0,0,0.539592164319867,NA,NA,NA,0.643371253498597
S100PBP,4,0,0,0.539828808462766,NA,NA,NA,0.643565141565482
SLC7A6,6,0,0,0.539788902574336,NA,NA,NA,0.64361641108363
EPS15,3,0,0,0.540037770068789,NA,NA,NA,0.643822457182349
FAM118B,5,0,0,0.540121311630484,NA,NA,NA,0.643953341974806
FYTTD1,6,0,0,0.540954954540099,NA,NA,NA,0.644980843115532
SENP2,5,0,0,0.540954954540099,NA,NA,NA,0.644994637726294
ZNF696,4,0,0,0.540954954540099,NA,NA,NA,0.645187762769133
GPATCH1,2,0,0,0.541214251199489,NA,NA,NA,0.645208416504484
ANKRD52,3,0,0,0.541214251199489,NA,NA,NA,0.645297332960639
CALCOCO1,2,0,0,0.54114624469955,NA,NA,NA,0.645309581624905
CDKN2C,2,0,0,0.541361362894697,NA,NA,NA,0.645664795874863
KIF7,2,0,0,0.541361362894697,NA,NA,NA,0.645710700970389
TTLL4,2,0,0,0.542491810648064,NA,NA,NA,0.646939960868536
SEC14L2,5,0,0,0.542491810648064,NA,NA,NA,0.647102734481927
RB1CC1,4,0,0,0.542792238077733,NA,NA,NA,0.647150006256384
RHNO1,4,0,0,0.543885285931902,NA,NA,NA,0.648340112737838
FEM1C,2,0,0,0.543813684674416,NA,NA,NA,0.648360480349334
ZMAT2,4,0,0,0.544255417704405,NA,NA,NA,0.648986293727585
PWP1,3,0,0,0.544212588344477,NA,NA,NA,0.648990358854633
SNRPE,2,0,0,0.544358795612241,NA,NA,NA,0.649087205894314
LMTK2,2,0,0,0.544255417704405,NA,NA,NA,0.649113508820313
ZNF432,2,0,0,0.544628820655704,NA,NA,NA,0.649314196172525
ACTR3B,2,0,0,0.544743814772387,NA,NA,NA,0.649337216080104
ZC3H14,4,0,0,0.544855460577467,NA,NA,NA,0.649356878641451
RUFY2,4,0,0,0.545326793950426,NA,NA,NA,0.649737460694612
ARMC8,3,0,0,0.545419099353152,NA,NA,NA,0.649737643470477
BAIAP2L1,2,0,0,0.545776819290975,NA,NA,NA,0.650003983070192
FAM204A,6,0,0,0.546206840736165,NA,NA,NA,0.650432828188172
BCL7A,2,0,0,0.546206840736165,NA,NA,NA,0.650466186094993
THSD1,2,0,0,0.546206840736165,NA,NA,NA,0.650560628971939
SUCLG2,2,0,0,0.546595151137637,NA,NA,NA,0.650921888526024
MYEF2,3,0,0,0.546627102645588,NA,NA,NA,0.651425639134945
UBE2N,8,0,0,0.546627102645588,NA,NA,NA,0.651479014769561
ITPR2,5,0,0,0.546627102645588,NA,NA,NA,0.651505575732689
TBC1D2B,2,0,0,0.546627102645588,NA,NA,NA,0.651680714842532
PTGR1,4,0,0,0.547236163418301,NA,NA,NA,0.651914370596122
CSTF1,3,0,0,0.547236163418301,NA,NA,NA,0.652078636639787
PREPL,6,0,0,0.547741630049801,NA,NA,NA,0.652372117838451
MFSD6,2,0,0,0.547741630049801,NA,NA,NA,0.652591677347184
FAM98B,4,0,0,0.548225659436764,NA,NA,NA,0.652900873210097
SART3,3,0,0,0.548472921761838,NA,NA,NA,0.653611135877186
OSBPL5,3,0,0,0.548472921761838,NA,NA,NA,0.653754349377525
HGH1,3,0,0,0.548472921761838,NA,NA,NA,0.653756698406764
RETREG2,6,0,0,0.549639001804271,NA,NA,NA,0.654703106068632
RRM2B,8,0,0,0.549568764139867,NA,NA,NA,0.65481926727529
MYO1D,2,0,0,0.549639001804271,NA,NA,NA,0.65485024376801
PRPF4B,2,0,0,0.549558177518812,NA,NA,NA,0.654946962491618
ASPHD2,2,0,0,0.549568764139867,NA,NA,NA,0.655032073733969
RAP2A,6,0,0,0.549568764139867,NA,NA,NA,0.655192294569114
MTMR12,3,0,0,0.549568764139867,NA,NA,NA,0.655238466059
NONO,2,0,0,0.550006944272019,NA,NA,NA,0.655293795788011
SUSD6,2,0,0,0.550006944272019,NA,NA,NA,0.655388977042451
TIAL1,6,0,0,0.549568764139867,NA,NA,NA,0.655395101859511
SHISA2,2,0,0,0.550129675395109,NA,NA,NA,0.655409262100295
SDHA,3,0,0,0.549568764139867,NA,NA,NA,0.655445123799389
KGD4,2,0,0,0.550129675395109,NA,NA,NA,0.655508071340289
LRIG2,4,0,0,0.550129675395109,NA,NA,NA,0.655672053402807
GSR,3,0,0,0.550498045382548,NA,NA,NA,0.655726898159132
FURIN,2,0,0,0.550498045382548,NA,NA,NA,0.655735553774064
BTF3,2,0,0,0.550878567542588,NA,NA,NA,0.656509980943092
ZNF701,2,0,0,0.551022272538456,NA,NA,NA,0.657019660812325
MICALL1,3,0,0,0.551184196916689,NA,NA,NA,0.657310164419416
COL12A1,2,0,0,0.551184196916689,NA,NA,NA,0.657416863923567
ALCAM,8,0,0,0.551184196916689,NA,NA,NA,0.657522987731733
SLFN11,2,0,0,0.551888261445315,NA,NA,NA,0.65832199030084
TTC33,2,0,0,0.552163508253478,NA,NA,NA,0.658408968950359
ARL5B,3,0,0,0.552140705783909,NA,NA,NA,0.65848014456495
CABLES2,3,0,0,0.553126184695017,NA,NA,NA,0.659087749452176
UBA52,4,0,0,0.553041021495238,NA,NA,NA,0.659190764524606
COX6C,2,0,0,0.553126184695017,NA,NA,NA,0.659244677914767
SNAPIN,3,0,0,0.553460851497835,NA,NA,NA,0.659599042125964
UTP15,6,0,0,0.554114020746755,NA,NA,NA,0.660145198637806
MLEC,5,0,0,0.554082846741063,NA,NA,NA,0.660208239318363
NECTIN3,6,0,0,0.554068114504423,NA,NA,NA,0.660287710480523
GAB2,2,0,0,0.554068114504423,NA,NA,NA,0.660388358272137
CD164,4,0,0,0.554789868483937,NA,NA,NA,0.660724262675221
UVRAG,4,0,0,0.555267278611141,NA,NA,NA,0.661105364060555
SLC46A3,2,0,0,0.555413780647059,NA,NA,NA,0.661428260547222
TOMM70,3,0,0,0.555515247379883,NA,NA,NA,0.661706131660596
TRIM13,4,0,0,0.555817330440407,NA,NA,NA,0.662118244181843
TSPAN31,3,0,0,0.556063177288426,NA,NA,NA,0.662731109766303
NHSL1,4,0,0,0.556063177288426,NA,NA,NA,0.662774340779101
MRTO4,6,0,0,0.556063177288426,NA,NA,NA,0.662814053251614
CELF1,5,0,0,0.556063177288426,NA,NA,NA,0.66284633371249
FTH1,4,0,0,0.556063177288426,NA,NA,NA,0.662922084590869
SHE,3,0,0,0.556063177288426,NA,NA,NA,0.662927652011829
SMUG1,2,0,0,0.557130340038295,NA,NA,NA,0.6639508844582
ARHGEF12,2,0,0,0.557130340038295,NA,NA,NA,0.664094665497
DNMT3A,2,0,0,0.557876848508114,NA,NA,NA,0.664868648800251
LRRC37B,2,0,0,0.558196074815953,NA,NA,NA,0.665090948533826
PFDN1,2,0,0,0.558848497804366,NA,NA,NA,0.665503834365634
CCDC32,2,0,0,0.558574254473524,NA,NA,NA,0.665506885929996
MKI67,4,0,0,0.55866746236509,NA,NA,NA,0.665513986497509
CEBPG,5,0,0,0.558848497804366,NA,NA,NA,0.66560487556904
MRPS14,4,0,0,0.55866746236509,NA,NA,NA,0.665702096751528
MEIS2,3,0,0,0.55866746236509,NA,NA,NA,0.665860972103186
RTL8C,2,0,0,0.55866746236509,NA,NA,NA,0.665868380046926
PXK,2,0,0,0.55866746236509,NA,NA,NA,0.666033545712011
SATB1,3,0,0,0.55866746236509,NA,NA,NA,0.666079969695822
PLEKHF2,2,0,0,0.55866746236509,NA,NA,NA,0.666197860335934
GLI3,3,0,0,0.55866746236509,NA,NA,NA,0.666245173472567
CEBPZOS,6,0,0,0.559480535121375,NA,NA,NA,0.666541181444374
SNAP29,5,0,0,0.559915541983003,NA,NA,NA,0.666922371733405
LRRC40,3,0,0,0.560127399370433,NA,NA,NA,0.667334093076689
NLN,6,0,0,0.560323691164582,NA,NA,NA,0.667387576184709
ADH5,4,0,0,0.560127399370433,NA,NA,NA,0.667519742113993
ZNF84,3,0,0,0.560315150054764,NA,NA,NA,0.667523349570502
INSYN2B,3,0,0,0.560323691164582,NA,NA,NA,0.667591087566048
CHD7,2,0,0,0.560323691164582,NA,NA,NA,0.667606466014272
PIK3C2A,5,0,0,0.560668173210676,NA,NA,NA,0.667931109534666
RAB5B,4,0,0,0.56077345898439,NA,NA,NA,0.668053606559876
PNISR,3,0,0,0.56077345898439,NA,NA,NA,0.668098529148845
ARHGEF9,2,0,0,0.562307640460313,NA,NA,NA,0.670208679122679
METTL14,6,0,0,0.563346029765993,NA,NA,NA,0.671121545757284
UTP14C,2,0,0,0.563346029765993,NA,NA,NA,0.671302650390928
NOL7,3,0,0,0.563346029765993,NA,NA,NA,0.671478032834948
RASAL2,4,0,0,0.563346029765993,NA,NA,NA,0.671502783036134
TARDBP,5,0,0,0.564068947063595,NA,NA,NA,0.672009163582944
SH3BGRL2,5,0,0,0.565038834583949,NA,NA,NA,0.67281377291663
CCDC186,3,0,0,0.565024306580873,NA,NA,NA,0.672857769932275
MED4,4,0,0,0.565205050898661,NA,NA,NA,0.672881786022813
FDX1,6,0,0,0.565038834583949,NA,NA,NA,0.67293120969845
PEX1,2,0,0,0.565980446383884,NA,NA,NA,0.673551419794199
AGO2,7,0,0,0.566249243418783,NA,NA,NA,0.673603471237838
BNIP3L,4,0,0,0.566110999437311,NA,NA,NA,0.673659560684603
MTHFR,4,0,0,0.566249243418783,NA,NA,NA,0.673699751128766
HOXB4,2,0,0,0.566110999437311,NA,NA,NA,0.673734438619389
TRIM25,3,0,0,0.566110999437311,NA,NA,NA,0.673879427329903
DNAJB5,2,0,0,0.567760656096919,NA,NA,NA,0.675705118502156
ZNF578,3,0,0,0.568068348590083,NA,NA,NA,0.67581430148282
RHOF,2,0,0,0.56800668293092,NA,NA,NA,0.675850999840018
GOLGA7,5,0,0,0.568068348590083,NA,NA,NA,0.675858376540501
SPOPL,4,0,0,0.567760656096919,NA,NA,NA,0.675872326661976
C10orf88,2,0,0,0.568068348590083,NA,NA,NA,0.675954040778718
PCBP2,5,0,0,0.568185833418345,NA,NA,NA,0.676443286857903
GHITM,4,0,0,0.568852300205474,NA,NA,NA,0.67706842815662
TGS1,2,0,0,0.568852300205474,NA,NA,NA,0.677076708392044
THOC5,3,0,0,0.568970712181471,NA,NA,NA,0.677096432568676
TMEM123,5,0,0,0.568850550727255,NA,NA,NA,0.67713529641759
CACNA2D1,5,0,0,0.569253162668028,NA,NA,NA,0.677277698253978
ZNF277,3,0,0,0.569643033957822,NA,NA,NA,0.677616903180466
FHL1,2,0,0,0.57009549869998,NA,NA,NA,0.678082913792604
SEC61A1,5,0,0,0.57009549869998,NA,NA,NA,0.678192101068694
MALT1,2,0,0,0.571077578801589,NA,NA,NA,0.678811492169975
CRELD1,2,0,0,0.571077578801589,NA,NA,NA,0.678900689104671
UBE2D3,8,0,0,0.571195569858375,NA,NA,NA,0.678957566099895
CACNG7,2,0,0,0.571195569858375,NA,NA,NA,0.679028164298505
GFPT1,14,0,0,0.571077578801589,NA,NA,NA,0.679036849331887
AFAP1L1,3,0,0,0.571195569858375,NA,NA,NA,0.679089620313621
G3BP2,5,0,0,0.571077578801589,NA,NA,NA,0.679132672037445
HMGN1,3,0,0,0.571077578801589,NA,NA,NA,0.679187200347055
MAPKBP1,2,0,0,0.571077578801589,NA,NA,NA,0.679206970619403
AGTPBP1,2,0,0,0.571275508893804,NA,NA,NA,0.679338080847753
CEP63,3,0,0,0.572089559635478,NA,NA,NA,0.680324470609603
SRP72,7,0,0,0.572728942106693,NA,NA,NA,0.681014275268398
LONP2,7,0,0,0.572603446023738,NA,NA,NA,0.681148228595528
USPL1,2,0,0,0.572690800294718,NA,NA,NA,0.681171792964802
LUZP1,3,0,0,0.572603446023738,NA,NA,NA,0.681196734433103
FEZ2,4,0,0,0.572728942106693,NA,NA,NA,0.681200431663038
PPA1,2,0,0,0.572690800294718,NA,NA,NA,0.681306584361986
EMC10,6,0,0,0.573112399689013,NA,NA,NA,0.681425802286542
TSPAN3,6,0,0,0.573485729436468,NA,NA,NA,0.681694502070642
TECPR1,4,0,0,0.57396337764662,NA,NA,NA,0.682366309650963
CENPS,2,0,0,0.57396337764662,NA,NA,NA,0.682489519089614
C3orf38,4,0,0,0.57396337764662,NA,NA,NA,0.682529553942822
PDPK1,4,0,0,0.574430506301876,NA,NA,NA,0.683291090868765
DRAM2,2,0,0,0.574981609170867,NA,NA,NA,0.683925041255962
ISCA1,2,0,0,0.57508382602816,NA,NA,NA,0.68397136522946
DNPEP,5,0,0,0.574981609170867,NA,NA,NA,0.68404909171812
PTAR1,2,0,0,0.575572244950605,NA,NA,NA,0.684224298384239
DPP8,5,0,0,0.574981609170867,NA,NA,NA,0.684235884614296
SHTN1,2,0,0,0.575230054497736,NA,NA,NA,0.68428115930245
DNAAF11,2,0,0,0.574981609170867,NA,NA,NA,0.684315311755776
MON1B,6,0,0,0.575572244950605,NA,NA,NA,0.684401603541996
ELOVL5,2,0,0,0.575971241266128,NA,NA,NA,0.684487074832107
FAM217B,3,0,0,0.575572244950605,NA,NA,NA,0.684629831158967
SETD6,2,0,0,0.575971241266128,NA,NA,NA,0.684702268701677
PMPCB,4,0,0,0.575572244950605,NA,NA,NA,0.68470854303789
ZNF281,5,0,0,0.576360158345068,NA,NA,NA,0.684769531417987
BCAS4,2,0,0,0.575971241266128,NA,NA,NA,0.684779213478148
MINDY2,5,0,0,0.575971241266128,NA,NA,NA,0.684857846297368
NUBPL,2,0,0,0.577238800223101,NA,NA,NA,0.685794245298116
ZNF639,4,0,0,0.57735434361481,NA,NA,NA,0.685809048017375
CUX1,2,0,0,0.578217272058248,NA,NA,NA,0.686685688364724
MTRF1L,3,0,0,0.578251917548653,NA,NA,NA,0.686808313186751
RPL35A,5,0,0,0.578610747161255,NA,NA,NA,0.687350920361093
FBXO38,3,0,0,0.578881061394844,NA,NA,NA,0.687402913734457
ACOT11,2,0,0,0.578725518755817,NA,NA,NA,0.687447839652649
MIS18A,2,0,0,0.5788289508139,NA,NA,NA,0.687450408195075
ASAH2B,4,0,0,0.578610747161255,NA,NA,NA,0.687532602156242
SSR1,13,0,0,0.578965268722181,NA,NA,NA,0.687584761514232
KCMF1,6,0,0,0.578965268722181,NA,NA,NA,0.687683208310001
FAM229B,2,0,0,0.578965268722181,NA,NA,NA,0.687885552257911
PCYOX1,8,0,0,0.580215454932249,NA,NA,NA,0.689264348427942
SHB,3,0,0,0.580572159034365,NA,NA,NA,0.689315959536804
CEP126,3,0,0,0.580572159034365,NA,NA,NA,0.689475685164237
SEPHS2,2,0,0,0.580215454932249,NA,NA,NA,0.689478839714905
TADA2B,4,0,0,0.580572159034365,NA,NA,NA,0.689611481777165
LCOR,2,0,0,0.581735211699254,NA,NA,NA,0.690481337942408
TRMT10B,3,0,0,0.583014119968891,NA,NA,NA,0.691889968066264
MRGBP,3,0,0,0.583619779577599,NA,NA,NA,0.69237982693755
NDUFA10,3,0,0,0.583763272436361,NA,NA,NA,0.69258397377721
CLCC1,5,0,0,0.583763272436361,NA,NA,NA,0.692739282261663
NSL1,4,0,0,0.584230137450872,NA,NA,NA,0.692938453267043
ZNF691,2,0,0,0.584667734287559,NA,NA,NA,0.693737075366766
PSMC2,4,0,0,0.585530751562223,NA,NA,NA,0.694528887366719
U2SURP,5,0,0,0.586752332413529,NA,NA,NA,0.695119835170128
PPP2R2A,4,0,0,0.586752332413529,NA,NA,NA,0.695188011675304
SLC35E1,7,0,0,0.586629609385693,NA,NA,NA,0.695228511813786
RNF146,2,0,0,0.586962123153289,NA,NA,NA,0.695247706274367
FLT1,6,0,0,0.586752332413529,NA,NA,NA,0.695292954544871
RCL1,3,0,0,0.586752332413529,NA,NA,NA,0.695310246756538
MARK2,2,0,0,0.586752332413529,NA,NA,NA,0.695359366399753
OSTM1,6,0,0,0.586629609385693,NA,NA,NA,0.695371292826795
HIBCH,2,0,0,0.586587292857394,NA,NA,NA,0.695386760634024
ABHD15,4,0,0,0.586517188967395,NA,NA,NA,0.695418471565468
TUSC3,5,0,0,0.586752332413529,NA,NA,NA,0.695506137789577
DROSHA,3,0,0,0.586517188967395,NA,NA,NA,0.695617750252386
EPN2,4,0,0,0.587880281061699,NA,NA,NA,0.697085331680979
DCUN1D3,4,0,0,0.588015491715369,NA,NA,NA,0.697147293580234
MBD1,4,0,0,0.588015491715369,NA,NA,NA,0.697270925231873
TMEM41A,3,0,0,0.588415373073081,NA,NA,NA,0.697626952001623
SEC22B,4,0,0,0.588415373073081,NA,NA,NA,0.697754658262454
PDF,3,0,0,0.588664724814496,NA,NA,NA,0.697768279144138
ACYP2,2,0,0,0.588415373073081,NA,NA,NA,0.697897744924305
NOC4L,2,0,0,0.589140821652118,NA,NA,NA,0.698943302431055
UBE2V2,7,0,0,0.589206640727469,NA,NA,NA,0.698966941040089
VGLL4,4,0,0,0.589206640727469,NA,NA,NA,0.699100335287457
HDAC2,4,0,0,0.589206640727469,NA,NA,NA,0.69915547715614
NIP7,6,0,0,0.589140821652118,NA,NA,NA,0.69915591182549
HAUS2,4,0,0,0.590395330285649,NA,NA,NA,0.700061798935184
MPHOSPH6,3,0,0,0.590395330285649,NA,NA,NA,0.700215943406583
HSPA4,5,0,0,0.590795461203352,NA,NA,NA,0.70039226234297
UCK2,4,0,0,0.590795461203352,NA,NA,NA,0.700598261735782
STK10,3,0,0,0.590795461203352,NA,NA,NA,0.700601384238107
TMEM242,5,0,0,0.591190017545251,NA,NA,NA,0.700672876398589
TYW5,7,0,0,0.591299708972017,NA,NA,NA,0.700678281383832
POFUT1,7,0,0,0.591515499952994,NA,NA,NA,0.700946039198406
CHSY3,2,0,0,0.591515499952994,NA,NA,NA,0.700982739177972
TMF1,6,0,0,0.592123665749184,NA,NA,NA,0.701712639143976
ERGIC2,9,0,0,0.592207179218335,NA,NA,NA,0.701932929345483
NCAPD2,3,0,0,0.593105474342425,NA,NA,NA,0.703089171142225
TATDN2,4,0,0,0.593209995082473,NA,NA,NA,0.703276120275547
USP3,4,0,0,0.593413705346917,NA,NA,NA,0.703444544493109
ZBED4,3,0,0,0.594652234645276,NA,NA,NA,0.704797524520244
NEK9,4,0,0,0.594689431480975,NA,NA,NA,0.704862106984363
LAMTOR3,6,0,0,0.595188692441326,NA,NA,NA,0.705340082861013
COMMD10,2,0,0,0.595349470637954,NA,NA,NA,0.705555212795152
STK39,3,0,0,0.596346499550037,NA,NA,NA,0.706543605381107
THUMPD1,5,0,0,0.596433581468329,NA,NA,NA,0.706684126957321
CLDND1,3,0,0,0.596433581468329,NA,NA,NA,0.706889151757495
KPNA4,9,0,0,0.59709889166308,NA,NA,NA,0.707250626035981
ECHDC1,4,0,0,0.59709889166308,NA,NA,NA,0.707398733138799
MMAA,4,0,0,0.597515037597397,NA,NA,NA,0.707632107518561
ZNF326,5,0,0,0.597515037597397,NA,NA,NA,0.707740588317491
RDH10,3,0,0,0.597912098900071,NA,NA,NA,0.708376306195578
TATDN3,2,0,0,0.598877457664326,NA,NA,NA,0.709372406051334
PCNP,5,0,0,0.599029321625169,NA,NA,NA,0.709505212946138
AGPAT4,2,0,0,0.600055440409742,NA,NA,NA,0.71061149466043
AASDHPPT,3,0,0,0.600055440409742,NA,NA,NA,0.710702639966683
ZSCAN26,2,0,0,0.600055440409742,NA,NA,NA,0.710744752415834
BNC2,3,0,0,0.601797315454171,NA,NA,NA,0.712270649527604
TMEM209,2,0,0,0.601843376161784,NA,NA,NA,0.712296444330338
SEC24A,5,0,0,0.602420449163805,NA,NA,NA,0.713063216675255
C22orf39,5,0,0,0.602420449163805,NA,NA,NA,0.713192650243493
SGMS1,3,0,0,0.602420449163805,NA,NA,NA,0.713228135842132
BAZ1B,2,0,0,0.602420449163805,NA,NA,NA,0.713330186822944
RNF145,3,0,0,0.602420449163805,NA,NA,NA,0.713592609477574
SP100,2,0,0,0.602420449163805,NA,NA,NA,0.713600934560668
TMEM19,4,0,0,0.602420449163805,NA,NA,NA,0.713682957602832
CCDC85A,3,0,0,0.602420449163805,NA,NA,NA,0.713781181405445
STAU1,5,0,0,0.602420449163805,NA,NA,NA,0.71380688421753
G2E3,8,0,0,0.602420449163805,NA,NA,NA,0.713928790056763
IFT74,2,0,0,0.602960577191151,NA,NA,NA,0.71437920385812
PXYLP1,2,0,0,0.603115818056984,NA,NA,NA,0.714424674647774
TDP2,2,0,0,0.602960577191151,NA,NA,NA,0.714611005957318
SLC7A11,6,0,0,0.603149428746422,NA,NA,NA,0.714663577254575
ERBB2,2,0,0,0.603149428746422,NA,NA,NA,0.714711374452423
HSD17B4,3,0,0,0.603149428746422,NA,NA,NA,0.714775701698603
COA7,4,0,0,0.603408017189556,NA,NA,NA,0.71493681602134
ZXDA,4,0,0,0.604072394692886,NA,NA,NA,0.71572807677115
TRAM1,8,0,0,0.604122174520509,NA,NA,NA,0.715832793421106
NEXN,5,0,0,0.6043506825577,NA,NA,NA,0.716430709042726
TOX4,4,0,0,0.604928914103305,NA,NA,NA,0.716897645535477
UBAP1,3,0,0,0.604928914103305,NA,NA,NA,0.716980908736028
KSR2,2,0,0,0.604928914103305,NA,NA,NA,0.717183501035337
FAM91A1,3,0,0,0.605474811211106,NA,NA,NA,0.717244742555858
MACO1,6,0,0,0.605389473391528,NA,NA,NA,0.717266889498763
ACAD8,2,0,0,0.60570132671564,NA,NA,NA,0.717328518543922
EGFR,4,0,0,0.60570132671564,NA,NA,NA,0.717546971190533
RAB14,7,0,0,0.60570132671564,NA,NA,NA,0.717637469453461
TIAM2,3,0,0,0.606249944745266,NA,NA,NA,0.71774855817652
WDR48,2,0,0,0.60570132671564,NA,NA,NA,0.717753336045974
DYRK2,3,0,0,0.60570132671564,NA,NA,NA,0.717759994334496
FCHSD2,3,0,0,0.607490071882634,NA,NA,NA,0.718801721285651
KDM6B,2,0,0,0.607433240692821,NA,NA,NA,0.718822719105504
CAMSAP2,5,0,0,0.607490071882634,NA,NA,NA,0.718925924770719
HEY2,3,0,0,0.607433240692821,NA,NA,NA,0.718952656744456
RFT1,2,0,0,0.607433240692821,NA,NA,NA,0.719178888900496
STK3,2,0,0,0.607966866237741,NA,NA,NA,0.719276391802954
CD302,2,0,0,0.608907526357763,NA,NA,NA,0.720324790857303
TMEM181,3,0,0,0.609171392642754,NA,NA,NA,0.720496102461113
SYNCRIP,3,0,0,0.609171392642754,NA,NA,NA,0.720600061537575
DSTYK,6,0,0,0.609413999622444,NA,NA,NA,0.720751079845915
CNIH1,4,0,0,0.609964229605521,NA,NA,NA,0.721170306686517
ANKLE2,4,0,0,0.610047487350464,NA,NA,NA,0.721193361450829
SEPTIN11,11,0,0,0.61003711127423,NA,NA,NA,0.721287612293889
RXRA,3,0,0,0.61003711127423,NA,NA,NA,0.721394533452774
DNAJA1,5,0,0,0.610569489006603,NA,NA,NA,0.721841347993157
CCDC138,2,0,0,0.611380539019018,NA,NA,NA,0.722891623928827
RAPH1,3,0,0,0.612364076604578,NA,NA,NA,0.724083191243918
DGCR2,2,0,0,0.612364076604578,NA,NA,NA,0.724262150257227
PFAS,4,0,0,0.612766711359364,NA,NA,NA,0.724405869230108
ZFHX3,3,0,0,0.613087370644381,NA,NA,NA,0.724419040089066
WDFY3,3,0,0,0.613087370644381,NA,NA,NA,0.724603033591449
RRM1,3,0,0,0.613087370644381,NA,NA,NA,0.724722070112796
PIP4K2C,2,0,0,0.613087370644381,NA,NA,NA,0.724855513025932
ANKRD9,3,0,0,0.614118581634902,NA,NA,NA,0.725419497932998
PACS2,3,0,0,0.614225075232612,NA,NA,NA,0.725868964547102
RAP2B,8,0,0,0.614235092460171,NA,NA,NA,0.726015899622452
ZNF180,3,0,0,0.614225075232612,NA,NA,NA,0.726084957930824
SRPX,2,0,0,0.614235092460171,NA,NA,NA,0.726117709446245
RAVER2,2,0,0,0.614235092460171,NA,NA,NA,0.726141668470764
ZFPM1,2,0,0,0.614235092460171,NA,NA,NA,0.726145895097212
TBL2,4,0,0,0.614235092460171,NA,NA,NA,0.726158665462227
RBM22,2,0,0,0.614235092460171,NA,NA,NA,0.726169158435104
SLC35A3,5,0,0,0.614235092460171,NA,NA,NA,0.726219022298387
CDC42SE1,4,0,0,0.614225075232612,NA,NA,NA,0.726251951334153
PLXNA3,4,0,0,0.614604424481829,NA,NA,NA,0.726290105776569
COX15,5,0,0,0.614235092460171,NA,NA,NA,0.72631028092937
KDM2A,4,0,0,0.614235092460171,NA,NA,NA,0.726358829148639
CDK19,2,0,0,0.614235092460171,NA,NA,NA,0.726363485733396
ARG2,2,0,0,0.614235092460171,NA,NA,NA,0.726375293515815
GSPT2,2,0,0,0.614225075232612,NA,NA,NA,0.726447979255791
OSER1,3,0,0,0.614235092460171,NA,NA,NA,0.726514867480736
RPL7,3,0,0,0.614235092460171,NA,NA,NA,0.72651544691865
NSMF,2,0,0,0.614235092460171,NA,NA,NA,0.726529846999886
ARV1,2,0,0,0.614225075232612,NA,NA,NA,0.726542539643104
ORC3,2,0,0,0.614235092460171,NA,NA,NA,0.726542613986219
STRBP,4,0,0,0.615346209327833,NA,NA,NA,0.726545938744847
UTRN,3,0,0,0.615189603825242,NA,NA,NA,0.726549972833261
NHEJ1,4,0,0,0.614235092460171,NA,NA,NA,0.726586948959836
AFG3L2,3,0,0,0.615157381822413,NA,NA,NA,0.726603003121549
RWDD2A,3,0,0,0.614235092460171,NA,NA,NA,0.726612511674905
DCUN1D1,8,0,0,0.614225075232612,NA,NA,NA,0.726612751777139
DNAJB4,7,0,0,0.614235092460171,NA,NA,NA,0.726618818486843
SENP1,3,0,0,0.615104114268694,NA,NA,NA,0.726657449087734
SLC38A10,2,0,0,0.614235092460171,NA,NA,NA,0.726658059244838
GRK2,2,0,0,0.615346209327833,NA,NA,NA,0.726661262465518
DNAJC8,3,0,0,0.615243321311073,NA,NA,NA,0.726664071621076
PRXL2A,8,0,0,0.614235092460171,NA,NA,NA,0.726666230073424
WDR44,3,0,0,0.614225075232612,NA,NA,NA,0.726673548567657
NADK2,4,0,0,0.615346209327833,NA,NA,NA,0.726675420065369
ANAPC7,4,0,0,0.615189603825242,NA,NA,NA,0.726744225211647
ZFP41,3,0,0,0.615243321311073,NA,NA,NA,0.72677905689536
ING1,5,0,0,0.614225075232612,NA,NA,NA,0.72683111422303
WDR33,4,0,0,0.614235092460171,NA,NA,NA,0.726861764026329
HLCS,4,0,0,0.615243321311073,NA,NA,NA,0.726863417330538
SLC35A5,2,0,0,0.615913741084611,NA,NA,NA,0.727428709750142
EIF1AX,11,0,0,0.615913741084611,NA,NA,NA,0.727617721566344
MMP1,3,0,0,0.616193051353331,NA,NA,NA,0.728090489978673
POLR3B,2,0,0,0.616357980810506,NA,NA,NA,0.728237245626717
PDZD8,4,0,0,0.61654522278489,NA,NA,NA,0.728308795246947
ARFGAP3,2,0,0,0.616762866097981,NA,NA,NA,0.728408959883753
CTPS2,3,0,0,0.617722132485241,NA,NA,NA,0.729389621151249
STK16,2,0,0,0.617974556156165,NA,NA,NA,0.72948565788751
TMEM43,6,0,0,0.618195219683065,NA,NA,NA,0.729641790290817
ERO1A,8,0,0,0.617974556156165,NA,NA,NA,0.729696328757208
KLHL26,2,0,0,0.618543698920379,NA,NA,NA,0.730027430468661
SLC31A2,2,0,0,0.618543698920379,NA,NA,NA,0.730155083147827
BCL2L13,4,0,0,0.618543698920379,NA,NA,NA,0.730251486141734
MRPS35,3,0,0,0.61897464768537,NA,NA,NA,0.73053852221899
PALS2,3,0,0,0.61897464768537,NA,NA,NA,0.730671191338647
SLC66A2,3,0,0,0.61897464768537,NA,NA,NA,0.730725891200367
RBM4B,2,0,0,0.619422833712601,NA,NA,NA,0.730815890795618
FRA10AC1,2,0,0,0.619254856078886,NA,NA,NA,0.730868612293368
CCDC68,4,0,0,0.619254856078886,NA,NA,NA,0.730978348891784
COG5,4,0,0,0.619422833712601,NA,NA,NA,0.731041849033171
TNFSF15,3,0,0,0.620199564622621,NA,NA,NA,0.731440021397525
SLC25A16,6,0,0,0.621213156582286,NA,NA,NA,0.732785197986993
EPS8,3,0,0,0.621461928365416,NA,NA,NA,0.732807319919311
KEAP1,2,0,0,0.621580827668557,NA,NA,NA,0.732813236796584
PRR5L,2,0,0,0.621373054492184,NA,NA,NA,0.732829572436673
DCP1A,5,0,0,0.621932635438367,NA,NA,NA,0.73309403690658
DYRK3,3,0,0,0.621989290976265,NA,NA,NA,0.733109673744975
YIPF3,2,0,0,0.622590236486359,NA,NA,NA,0.73369171728739
GATAD2A,5,0,0,0.622959363410778,NA,NA,NA,0.73382500478412
CADM3,4,0,0,0.62335970599002,NA,NA,NA,0.734046038089348
HEATR5A,2,0,0,0.622959363410778,NA,NA,NA,0.734048042153865
ZFAND5,8,0,0,0.623355125654483,NA,NA,NA,0.734083162233049
PLOD2,5,0,0,0.623355125654483,NA,NA,NA,0.734116036974332
FUT11,2,0,0,0.622959363410778,NA,NA,NA,0.734216860311273
TTBK2,2,0,0,0.623355125654483,NA,NA,NA,0.734268886073241
NTPCR,3,0,0,0.623976580848609,NA,NA,NA,0.734641540582185
TRAPPC5,2,0,0,0.624152052911516,NA,NA,NA,0.734810496652986
SMAD9,3,0,0,0.624152052911516,NA,NA,NA,0.734991420899129
TMEM51,2,0,0,0.624771119884594,NA,NA,NA,0.735228153505618
DUSP6,3,0,0,0.624771119884594,NA,NA,NA,0.735422149898076
GPR89B,2,0,0,0.624771119884594,NA,NA,NA,0.735622273951818
UBE2O,2,0,0,0.625135705719067,NA,NA,NA,0.735914387962575
TMEM59,3,0,0,0.625516323113755,NA,NA,NA,0.736332881282534
VSIG10,4,0,0,0.626315637926398,NA,NA,NA,0.736584842524437
IL21R,2,0,0,0.625931408283944,NA,NA,NA,0.736650316627103
SLC7A2,7,0,0,0.625931408283944,NA,NA,NA,0.736702141848243
CCNT1,3,0,0,0.626315637926398,NA,NA,NA,0.736787236212849
TFAM,6,0,0,0.625931408283944,NA,NA,NA,0.736817342999154
SMARCAD1,3,0,0,0.626315637926398,NA,NA,NA,0.736873327407195
WDR26,7,0,0,0.626315637926398,NA,NA,NA,0.737065168125332
MTG2,3,0,0,0.626981182578629,NA,NA,NA,0.737098929610651
EIF5A2,8,0,0,0.627417520101862,NA,NA,NA,0.737579607333178
VEGFA,4,0,0,0.627496893419543,NA,NA,NA,0.737614780080945
ATP11A,6,0,0,0.627735227266335,NA,NA,NA,0.737624619223979
GNG12,10,0,0,0.627681432123804,NA,NA,NA,0.737680524581125
C6orf89,10,0,0,0.628136099522148,NA,NA,NA,0.738015200566713
XBP1,4,0,0,0.628863427172622,NA,NA,NA,0.738708995990239
PHF20L1,6,0,0,0.630116691501343,NA,NA,NA,0.74001449202373
CCNY,6,0,0,0.630373845082589,NA,NA,NA,0.740270604721785
ZNF576,3,0,0,0.630853442813104,NA,NA,NA,0.740551529284541
KATNBL1,4,0,0,0.63089093281393,NA,NA,NA,0.740572078924938
NAB1,2,0,0,0.630853442813104,NA,NA,NA,0.740637016795545
GNL3L,8,0,0,0.631208146654773,NA,NA,NA,0.740778188463824
XPR1,3,0,0,0.631208146654773,NA,NA,NA,0.740806537495013
GAN,3,0,0,0.630853442813104,NA,NA,NA,0.740829366501858
TPST2,3,0,0,0.631181872380426,NA,NA,NA,0.740859031564786
TRMT1L,4,0,0,0.633598300146902,NA,NA,NA,0.743519189719261
CABLES1,4,0,0,0.633726524350348,NA,NA,NA,0.743530878424605
ZNF654,4,0,0,0.634890511919251,NA,NA,NA,0.744796712596639
SKI,4,0,0,0.634890511919251,NA,NA,NA,0.744985519058603
GLG1,4,0,0,0.634883900871543,NA,NA,NA,0.745005163865818
ZNF236,2,0,0,0.634768800309304,NA,NA,NA,0.745006037079755
DNAAF9,2,0,0,0.63526475239908,NA,NA,NA,0.745129802919389
BBS12,2,0,0,0.63526475239908,NA,NA,NA,0.74515678450068
ZNF234,2,0,0,0.63526475239908,NA,NA,NA,0.74518586333527
SERPINE2,3,0,0,0.63526475239908,NA,NA,NA,0.745279212594563
GBP1,2,0,0,0.63526475239908,NA,NA,NA,0.745320609815682
FAF2,3,0,0,0.63526475239908,NA,NA,NA,0.745349724380112
PCM1,4,0,0,0.63526475239908,NA,NA,NA,0.745436285082693
BOD1L1,2,0,0,0.63526475239908,NA,NA,NA,0.745468249195669
LAMA4,4,0,0,0.63526475239908,NA,NA,NA,0.745495315655515
ARIH2,3,0,0,0.635607070106106,NA,NA,NA,0.745633358901427
SDE2,4,0,0,0.635569131193612,NA,NA,NA,0.745705646683481
SPTBN1,3,0,0,0.63652150566329,NA,NA,NA,0.746492893196401
CCSER2,5,0,0,0.637210422747587,NA,NA,NA,0.74715902293999
FPGT,3,0,0,0.637210422747587,NA,NA,NA,0.747290641617156
CASP10,4,0,0,0.637510596781556,NA,NA,NA,0.747450991084646
GPR4,3,0,0,0.637647385326132,NA,NA,NA,0.747533711274858
CXCL16,2,0,0,0.637647385326132,NA,NA,NA,0.747553587688739
MAP3K3,5,0,0,0.637696391422385,NA,NA,NA,0.747790113375118
ZDHHC24,4,0,0,0.638035794222442,NA,NA,NA,0.747995156955272
NGRN,2,0,0,0.638242841541991,NA,NA,NA,0.748212127773416
CNOT8,2,0,0,0.638392516311788,NA,NA,NA,0.748245686147465
PLCL1,2,0,0,0.638500425106152,NA,NA,NA,0.748312838678602
NUP54,2,0,0,0.638392516311788,NA,NA,NA,0.748412456450992
ADAM17,4,0,0,0.63850247839389,NA,NA,NA,0.748571056635918
ANKRD12,3,0,0,0.638500425106152,NA,NA,NA,0.748676910872433
TRUB2,5,0,0,0.638500425106152,NA,NA,NA,0.748883470352083
UTP25,5,0,0,0.639005588751188,NA,NA,NA,0.749018566041126
ATP6V1B2,2,0,0,0.638500425106152,NA,NA,NA,0.749026833778205
BROX,2,0,0,0.639005588751188,NA,NA,NA,0.749184375941114
MARK4,3,0,0,0.638500425106152,NA,NA,NA,0.749221475864119
HIPK3,4,0,0,0.639201872718051,NA,NA,NA,0.749257055255202
PLK4,2,0,0,0.638500425106152,NA,NA,NA,0.74930759533435
RBBP5,4,0,0,0.639557152890259,NA,NA,NA,0.749475834262951
UBR1,2,0,0,0.640126881183002,NA,NA,NA,0.749891453277408
PSMD12,6,0,0,0.640342202846829,NA,NA,NA,0.749981329575307
C2CD5,2,0,0,0.640711275952623,NA,NA,NA,0.750212274967384
TRAF6,4,0,0,0.641349643017441,NA,NA,NA,0.751299520688791
PHF2,2,0,0,0.641615438721337,NA,NA,NA,0.751435228494194
VAV2,3,0,0,0.642017176621806,NA,NA,NA,0.751817331742647
PLA2G4A,2,0,0,0.642348028365453,NA,NA,NA,0.752134232145738
NAA15,5,0,0,0.64281335782126,NA,NA,NA,0.752574194054539
DNAJB9,3,0,0,0.643270063754619,NA,NA,NA,0.752916446999709
RPL31,5,0,0,0.643123948510561,NA,NA,NA,0.752993890130562
SSBP4,2,0,0,0.643270063754619,NA,NA,NA,0.753120461787721
TM9SF3,13,0,0,0.643491576183192,NA,NA,NA,0.753261689848629
FEM1A,5,0,0,0.643626536202621,NA,NA,NA,0.753437150469059
SNN,3,0,0,0.643491576183192,NA,NA,NA,0.753474786643349
PPP6R3,3,0,0,0.643626536202621,NA,NA,NA,0.753630773557796
SIKE1,4,0,0,0.643626536202621,NA,NA,NA,0.753852083038491
LRATD2,2,0,0,0.643626536202621,NA,NA,NA,0.75385264819735
FAM118A,2,0,0,0.644506770181009,NA,NA,NA,0.754050858570243
PKN3,2,0,0,0.644506770181009,NA,NA,NA,0.754229148088459
UEVLD,3,0,0,0.644591976162369,NA,NA,NA,0.754239805088594
FOXP4,3,0,0,0.644506770181009,NA,NA,NA,0.754272653689146
TPCN1,2,0,0,0.644506770181009,NA,NA,NA,0.754293602240806
PIEZO2,4,0,0,0.644591976162369,NA,NA,NA,0.754423833468632
SCRN1,4,0,0,0.644591976162369,NA,NA,NA,0.754436535824401
RAB40B,2,0,0,0.644961462416145,NA,NA,NA,0.7545414773322
RBMXL1,3,0,0,0.644591976162369,NA,NA,NA,0.754570738779835
RLIM,6,0,0,0.645010289590044,NA,NA,NA,0.754598390882871
SIPA1L1,2,0,0,0.645148569937206,NA,NA,NA,0.754736919464103
PTS,3,0,0,0.644961462416145,NA,NA,NA,0.75475982495451
MSRB3,3,0,0,0.645531346819615,NA,NA,NA,0.755460765315689
MMUT,5,0,0,0.645966968329914,NA,NA,NA,0.755991044659511
DRAM1,4,0,0,0.646208649202662,NA,NA,NA,0.75599389059914
ABHD2,8,0,0,0.646208649202662,NA,NA,NA,0.756120961017362
NIT1,2,0,0,0.646504526015502,NA,NA,NA,0.756149444726284
FAR1,7,0,0,0.646504526015502,NA,NA,NA,0.756238262535141
ORMDL2,4,0,0,0.646741148739361,NA,NA,NA,0.75624575402146
TAB2,5,0,0,0.646481156081276,NA,NA,NA,0.756254226560107
NSUN2,2,0,0,0.646884827059501,NA,NA,NA,0.756267914025251
TXNL4B,2,0,0,0.646504526015502,NA,NA,NA,0.75629345872133
ABCD3,3,0,0,0.646504526015502,NA,NA,NA,0.756356417350436
ATG9A,2,0,0,0.646504526015502,NA,NA,NA,0.756387279145372
MTR,4,0,0,0.646504526015502,NA,NA,NA,0.756447831865418
SH3KBP1,3,0,0,0.646741148739361,NA,NA,NA,0.756460904721602
PNRC2,2,0,0,0.646504526015502,NA,NA,NA,0.756479206131147
PLEKHA1,4,0,0,0.646504526015502,NA,NA,NA,0.756673441603241
DPF2,3,0,0,0.648387088964127,NA,NA,NA,0.758130364451863
YPEL5,6,0,0,0.648506511511482,NA,NA,NA,0.758246107156748
LRBA,2,0,0,0.649370278618171,NA,NA,NA,0.758404629231865
GIMAP7,2,0,0,0.649370278618171,NA,NA,NA,0.758427457662436
MRPS21,3,0,0,0.649370278618171,NA,NA,NA,0.758505432470618
SLC44A5,2,0,0,0.649451947094867,NA,NA,NA,0.758633185876598
UBR3,6,0,0,0.649451947094867,NA,NA,NA,0.758634776144119
TCFL5,2,0,0,0.649056789360241,NA,NA,NA,0.758637370971829
PTPN1,5,0,0,0.649178800494874,NA,NA,NA,0.758639126117572
ZNF765,2,0,0,0.649370278618171,NA,NA,NA,0.758666906917139
ZBTB8A,6,0,0,0.649370278618171,NA,NA,NA,0.758704353061908
TAPT1,4,0,0,0.649451947094867,NA,NA,NA,0.758728130485505
STX2,3,0,0,0.649370278618171,NA,NA,NA,0.758786505624668
B4GALT7,2,0,0,0.649451947094867,NA,NA,NA,0.758835093655322
RPA3,3,0,0,0.649639273532307,NA,NA,NA,0.758934650407599
DDX46,6,0,0,0.649769151559441,NA,NA,NA,0.75894346665425
C1GALT1,4,0,0,0.650998219992596,NA,NA,NA,0.760426512322924
ZNF37A,5,0,0,0.651016379988158,NA,NA,NA,0.760572328474029
SEPTIN6,4,0,0,0.651223275456755,NA,NA,NA,0.760650474328738
SPAG9,5,0,0,0.651341006933828,NA,NA,NA,0.76076705384563
HNRNPAB,4,0,0,0.651563193817181,NA,NA,NA,0.760978187158959
PSMG4,2,0,0,0.652054528014449,NA,NA,NA,0.761921613533745
LRRFIP2,5,0,0,0.652280011078504,NA,NA,NA,0.762242493132424
ALDH1B1,3,0,0,0.65264385255532,NA,NA,NA,0.762462188972817
MOSPD2,4,0,0,0.652939132265552,NA,NA,NA,0.76262894654063
CEP68,2,0,0,0.653426150008066,NA,NA,NA,0.762740212540944
BMP6,7,0,0,0.652939132265552,NA,NA,NA,0.7628550069994
TMEM44,2,0,0,0.653426150008066,NA,NA,NA,0.762918832819591
CHMP3,4,0,0,0.653426150008066,NA,NA,NA,0.763078191398499
SMNDC1,3,0,0,0.654027371149643,NA,NA,NA,0.763411712981623
ZNF22,3,0,0,0.65421215755017,NA,NA,NA,0.763596693446696
MFSD1,3,0,0,0.65421215755017,NA,NA,NA,0.763727805697647
SLC35G2,2,0,0,0.655554801661662,NA,NA,NA,0.764936738781083
FAM210A,5,0,0,0.656126119246423,NA,NA,NA,0.765350708110622
TIFA,3,0,0,0.656262799997658,NA,NA,NA,0.765524843331042
C14orf119,4,0,0,0.656126119246423,NA,NA,NA,0.765569910603008
SETD9,2,0,0,0.656262799997658,NA,NA,NA,0.765670819238872
METTL25,2,0,0,0.656326970079414,NA,NA,NA,0.765709405386366
SERPINB9,4,0,0,0.656262799997658,NA,NA,NA,0.765854468920364
DKK3,6,0,0,0.656262799997658,NA,NA,NA,0.765912965426217
ZNF44,2,0,0,0.656262799997658,NA,NA,NA,0.766045991930429
TENT2,2,0,0,0.656262799997658,NA,NA,NA,0.766189241843682
LPP,4,0,0,0.657341622640715,NA,NA,NA,0.766639705878767
SERF2,3,0,0,0.657242087884585,NA,NA,NA,0.766660462866814
UBE2Z,3,0,0,0.657930457193955,NA,NA,NA,0.767651266107129
PSEN1,3,0,0,0.658279636738654,NA,NA,NA,0.767992870800745
MPZL1,9,0,0,0.658279636738654,NA,NA,NA,0.768217358456105
ARID3A,5,0,0,0.658613004152789,NA,NA,NA,0.768544401368498
USP7,6,0,0,0.658613004152789,NA,NA,NA,0.768546684830425
KIFAP3,2,0,0,0.658613004152789,NA,NA,NA,0.768567073174469
POLI,2,0,0,0.658613004152789,NA,NA,NA,0.768757896960371
JPT2,6,0,0,0.658988948133729,NA,NA,NA,0.769017069784185
RNF141,8,0,0,0.658988948133729,NA,NA,NA,0.769232391859889
CCDC14,2,0,0,0.659542446961891,NA,NA,NA,0.769403713835049
ENDOD1,3,0,0,0.660264177627475,NA,NA,NA,0.770686105919348
ARHGAP35,4,0,0,0.660528034881954,NA,NA,NA,0.771010264359899
IFT70A,3,0,0,0.661207639644553,NA,NA,NA,0.771627077427623
FHIP2B,2,0,0,0.661264468452069,NA,NA,NA,0.771814633912341
RGS10,3,0,0,0.661462381819421,NA,NA,NA,0.771890274957592
SLC4A11,2,0,0,0.661264468452069,NA,NA,NA,0.771897158417724
UNC50,3,0,0,0.661264468452069,NA,NA,NA,0.771910502790614
F11R,8,0,0,0.661462381819421,NA,NA,NA,0.772357170543077
TMEM53,2,0,0,0.661642097143812,NA,NA,NA,0.77241261077695
GMCL1,4,0,0,0.661554665841865,NA,NA,NA,0.772445834742087
WDR5B,3,0,0,0.663003145537311,NA,NA,NA,0.773772962387403
STEEP1,3,0,0,0.662890286563586,NA,NA,NA,0.773895724666689
UBAP2L,3,0,0,0.663003145537311,NA,NA,NA,0.77396291561191
UBE2J1,8,0,0,0.662890286563586,NA,NA,NA,0.774022309076109
NDUFA5,3,0,0,0.663532759501477,NA,NA,NA,0.77437542798196
RARS2,2,0,0,0.663532759501477,NA,NA,NA,0.774399283139595
EHD2,2,0,0,0.663620044815627,NA,NA,NA,0.774617595367106
VCL,7,0,0,0.663620044815627,NA,NA,NA,0.774661466986899
HPRT1,3,0,0,0.664761642308249,NA,NA,NA,0.775972248530595
FASTKD2,7,0,0,0.664761642308249,NA,NA,NA,0.776078237675675
DCAF10,9,0,0,0.664761642308249,NA,NA,NA,0.77622602637591
BTBD19,3,0,0,0.665277040083166,NA,NA,NA,0.776322167368273
APPL2,2,0,0,0.664761642308249,NA,NA,NA,0.776371532941482
PPP3R1,2,0,0,0.66552783289917,NA,NA,NA,0.77643396863786
MSRA,2,0,0,0.666005859070683,NA,NA,NA,0.776753213805847
XRN1,3,0,0,0.666005859070683,NA,NA,NA,0.776874349472503
ZNF614,2,0,0,0.666717952585639,NA,NA,NA,0.777276614859126
RIPK1,2,0,0,0.666988686731967,NA,NA,NA,0.777414455368824
FICD,3,0,0,0.666922236599468,NA,NA,NA,0.77746333089122
MARS2,3,0,0,0.666932109985389,NA,NA,NA,0.777476473297929
NOL12,2,0,0,0.667720122040447,NA,NA,NA,0.778071011778821
ZBTB16,4,0,0,0.669274032741397,NA,NA,NA,0.779354717385724
IFRD1,2,0,0,0.669791746562201,NA,NA,NA,0.779492303788699
TBXA2R,2,0,0,0.669202042548487,NA,NA,NA,0.779512349931306
TM7SF3,5,0,0,0.669274032741397,NA,NA,NA,0.779547917098666
RARA,2,0,0,0.669751848245902,NA,NA,NA,0.779569532127009
TRA2A,2,0,0,0.670318523596121,NA,NA,NA,0.779735009356182
CALM2,3,0,0,0.669751848245902,NA,NA,NA,0.77974652511958
RNF138,2,0,0,0.669274032741397,NA,NA,NA,0.779769780012411
WDR13,3,0,0,0.669751848245902,NA,NA,NA,0.77978789457982
SAV1,4,0,0,0.670318523596121,NA,NA,NA,0.779850938201918
SORBS2,2,0,0,0.669751848245902,NA,NA,NA,0.77987271129548
SNED1,2,0,0,0.669751848245902,NA,NA,NA,0.780012540936453
KLHL4,2,0,0,0.669751848245902,NA,NA,NA,0.780181134600781
ZNF503,4,0,0,0.671621905401161,NA,NA,NA,0.78128766482792
QSER1,2,0,0,0.671936698157334,NA,NA,NA,0.781876291512071
PLD1,4,0,0,0.672455636387369,NA,NA,NA,0.782356118194452
SMARCA2,2,0,0,0.67243004430571,NA,NA,NA,0.782377183310446
SNX24,2,0,0,0.672508549073079,NA,NA,NA,0.782857219642243
TCEAL1,2,0,0,0.672751779298944,NA,NA,NA,0.782959506226777
LGR4,4,0,0,0.673397011200843,NA,NA,NA,0.783085543385298
YEATS2,2,0,0,0.673302648719724,NA,NA,NA,0.783165019418238
PRPF3,2,0,0,0.673725654915824,NA,NA,NA,0.783174053639052
CTC1,3,0,0,0.673685971377973,NA,NA,NA,0.783228027838051
NSMAF,2,0,0,0.673302648719724,NA,NA,NA,0.78325929407468
P4HA1,3,0,0,0.673397011200843,NA,NA,NA,0.783268831962729
PANK2,5,0,0,0.673230167360544,NA,NA,NA,0.783275341861046
P4HA2,6,0,0,0.673230167360544,NA,NA,NA,0.783391654323651
CYTH2,2,0,0,0.673230167360544,NA,NA,NA,0.783581725208998
PIK3CB,4,0,0,0.67484595821846,NA,NA,NA,0.784490368486841
IER5L,2,0,0,0.675581962469473,NA,NA,NA,0.785029403195665
PIK3C3,4,0,0,0.675581962469473,NA,NA,NA,0.785257085353416
MSL1,4,0,0,0.676072722370789,NA,NA,NA,0.785466865324835
SKA3,2,0,0,0.676346206264713,NA,NA,NA,0.785594594821231
LRRFIP1,3,0,0,0.676072722370789,NA,NA,NA,0.785655386542363
ATP11B,4,0,0,0.677618735378544,NA,NA,NA,0.786834615674847
PTCHD4,3,0,0,0.678511425706369,NA,NA,NA,0.787631755781876
HYPK,3,0,0,0.6785497325288,NA,NA,NA,0.787773982765302
ATAD2,4,0,0,0.679359108506626,NA,NA,NA,0.788603820608237
CDC42BPA,6,0,0,0.679570362229701,NA,NA,NA,0.788675489320288
ARID4A,4,0,0,0.680268829591538,NA,NA,NA,0.789406854747456
ADGRF5,3,0,0,0.681663890351661,NA,NA,NA,0.790443506253651
PBX1,4,0,0,0.681613066960535,NA,NA,NA,0.790476904255389
MED1,3,0,0,0.681613066960535,NA,NA,NA,0.790614331600637
ZZEF1,2,0,0,0.681613066960535,NA,NA,NA,0.790642962156586
SNX18,5,0,0,0.681613066960535,NA,NA,NA,0.790748517940047
MMRN2,3,0,0,0.683027612641961,NA,NA,NA,0.791720055457954
YIPF6,11,0,0,0.683905033070771,NA,NA,NA,0.792376826058025
TBC1D9B,2,0,0,0.684750629865288,NA,NA,NA,0.792401093735982
CCDC112,2,0,0,0.683905033070771,NA,NA,NA,0.792452155632771
ENTR1,3,0,0,0.684750629865288,NA,NA,NA,0.792460568312109
UBA6,7,0,0,0.683905033070771,NA,NA,NA,0.792574547309973
JRK,3,0,0,0.684750629865288,NA,NA,NA,0.792575251976705
GOLPH3L,3,0,0,0.684329198108269,NA,NA,NA,0.792633415088209
CYP2U1,3,0,0,0.68473442565868,NA,NA,NA,0.792643817924626
BIN3,2,0,0,0.684750629865288,NA,NA,NA,0.792673466209431
YWHAH,2,0,0,0.683905033070771,NA,NA,NA,0.792744565971691
MAML2,2,0,0,0.685150683458055,NA,NA,NA,0.792755724592917
GLOD4,2,0,0,0.68473442565868,NA,NA,NA,0.792842676679919
SOD1,6,0,0,0.683905033070771,NA,NA,NA,0.792843089250559
HUS1,4,0,0,0.683905033070771,NA,NA,NA,0.792915814229371
TSEN15,2,0,0,0.68473442565868,NA,NA,NA,0.792926129506535
WDR5,3,0,0,0.684728047997925,NA,NA,NA,0.792982819738919
CGGBP1,7,0,0,0.685152677599267,NA,NA,NA,0.793194245359338
LTBP2,5,0,0,0.685441133326573,NA,NA,NA,0.793376708579147
MAP4K4,5,0,0,0.686197825600932,NA,NA,NA,0.794037290577599
AJUBA,4,0,0,0.686724521773114,NA,NA,NA,0.794496636175733
FAM120AOS,6,0,0,0.687150884715268,NA,NA,NA,0.79498280038115
M6PR,3,0,0,0.687196860367675,NA,NA,NA,0.795022340008937
ANKRD39,2,0,0,0.688302872728088,NA,NA,NA,0.796558805163687
COBLL1,4,0,0,0.688447206591952,NA,NA,NA,0.79677976277039
TMEM263,8,0,0,0.688954144637616,NA,NA,NA,0.797807875850179
MERTK,2,0,0,0.688954144637616,NA,NA,NA,0.797808057750657
HECW2,4,0,0,0.688954144637616,NA,NA,NA,0.797834406207467
BICD1,2,0,0,0.689543495281347,NA,NA,NA,0.798386207266188
ADTRP,2,0,0,0.690034140849709,NA,NA,NA,0.79910933095829
SRD5A1,4,0,0,0.690034140849709,NA,NA,NA,0.799172077733731
PRKD3,3,0,0,0.690268988866937,NA,NA,NA,0.799502587037141
BUB3,5,0,0,0.691044696206084,NA,NA,NA,0.800184735952678
RPS4X,2,0,0,0.691018204816612,NA,NA,NA,0.800280520938984
ZNF689,2,0,0,0.691044696206084,NA,NA,NA,0.800396870077974
RBMS2,13,0,0,0.691633127856027,NA,NA,NA,0.800807929790262
TACC2,2,0,0,0.691999345372796,NA,NA,NA,0.801009630433779
ZNF516,3,0,0,0.692131932554365,NA,NA,NA,0.801236171765698
METTL13,2,0,0,0.692557518603138,NA,NA,NA,0.801486433502186
LIN54,3,0,0,0.692557518603138,NA,NA,NA,0.8016715923172
IGHMBP2,2,0,0,0.692804146632425,NA,NA,NA,0.80192539226594
MED29,3,0,0,0.694193300020709,NA,NA,NA,0.803582943077415
CCDC115,2,0,0,0.695187154586264,NA,NA,NA,0.804821179469908
OXNAD1,2,0,0,0.695187154586264,NA,NA,NA,0.804852081663908
ATP2C1,8,0,0,0.695187154586264,NA,NA,NA,0.805022176070436
PSAT1,2,0,0,0.695187154586264,NA,NA,NA,0.805052947078365
NNMT,3,0,0,0.695286130714735,NA,NA,NA,0.805194215886679
GFER,3,0,0,0.695389415373709,NA,NA,NA,0.805254835327784
ACE,2,0,0,0.696408649268277,NA,NA,NA,0.806044732855094
TMCC1,4,0,0,0.696964204161342,NA,NA,NA,0.806403553720714
USP14,6,0,0,0.696964204161342,NA,NA,NA,0.806534402808191
APTX,3,0,0,0.69850684730786,NA,NA,NA,0.807959710772899
ERAP2,3,0,0,0.699373819944721,NA,NA,NA,0.808564396189395
PTPRF,3,0,0,0.699265756797777,NA,NA,NA,0.808610552755234
GGACT,4,0,0,0.699373819944721,NA,NA,NA,0.808659025452371
SPICE1,3,0,0,0.699497999108076,NA,NA,NA,0.808715258859087
WNK1,2,0,0,0.69964290128184,NA,NA,NA,0.808859141592079
SULF1,4,0,0,0.69964290128184,NA,NA,NA,0.80896106940794
SOX18,2,0,0,0.69964290128184,NA,NA,NA,0.809042772124161
WARS2,2,0,0,0.69964290128184,NA,NA,NA,0.809082562016807
RNF14,4,0,0,0.700062835277182,NA,NA,NA,0.809259275269803
RAB8A,3,0,0,0.70025188279512,NA,NA,NA,0.809417110130736
GPALPP1,3,0,0,0.701168383782487,NA,NA,NA,0.810088303428041
SREK1,2,0,0,0.701525022280421,NA,NA,NA,0.810142771080381
WSB1,6,0,0,0.701663166391012,NA,NA,NA,0.810206978505064
TSTD3,2,0,0,0.701525022280421,NA,NA,NA,0.810238454144928
MAP3K7,5,0,0,0.701299952943146,NA,NA,NA,0.81025045269301
RIT1,7,0,0,0.701525022280421,NA,NA,NA,0.810390364271742
DCAF6,3,0,0,0.701525022280421,NA,NA,NA,0.810456564291358
TCEA1,3,0,0,0.702108996930728,NA,NA,NA,0.810494802352412
DTWD2,2,0,0,0.702108996930728,NA,NA,NA,0.810657212814483
TUBA4A,2,0,0,0.702343240126579,NA,NA,NA,0.81071148570161
PTPN11,6,0,0,0.702881011846208,NA,NA,NA,0.8110550329981
CSNK1G1,2,0,0,0.703588849639857,NA,NA,NA,0.811758020744092
ZC3H8,2,0,0,0.703717203873458,NA,NA,NA,0.811983479602011
LGALS8,4,0,0,0.703588849639857,NA,NA,NA,0.811987155411052
PIP4K2A,4,0,0,0.703717203873458,NA,NA,NA,0.812002962077145
NR2C1,2,0,0,0.703717203873458,NA,NA,NA,0.812013095687106
TMTC4,4,0,0,0.703717203873458,NA,NA,NA,0.812047664290896
SNX11,2,0,0,0.703588849639857,NA,NA,NA,0.812074190237142
TOR1AIP1,3,0,0,0.703717203873458,NA,NA,NA,0.812118197769872
SRR,2,0,0,0.703717203873458,NA,NA,NA,0.812122700943895
SLC25A38,4,0,0,0.703717203873458,NA,NA,NA,0.812162685429161
C6orf62,2,0,0,0.703891436768807,NA,NA,NA,0.812305680313294
C15orf39,2,0,0,0.704613989939313,NA,NA,NA,0.813017267617584
DTWD1,3,0,0,0.704501884269928,NA,NA,NA,0.813039942684148
ZNF224,2,0,0,0.704391703963401,NA,NA,NA,0.81306389147808
UMPS,3,0,0,0.705458401051259,NA,NA,NA,0.813495909376483
SYS1,5,0,0,0.705458401051259,NA,NA,NA,0.813663778980727
RBM28,3,0,0,0.705696723933765,NA,NA,NA,0.813665379653885
CMAS,2,0,0,0.70553791028837,NA,NA,NA,0.813748671038345
RASSF8,2,0,0,0.705458401051259,NA,NA,NA,0.813757308067813
FZD2,2,0,0,0.70553791028837,NA,NA,NA,0.813823430919803
SLC30A1,5,0,0,0.705696723933765,NA,NA,NA,0.81382957759516
HELZ,7,0,0,0.70553791028837,NA,NA,NA,0.813887696195317
LRCH4,2,0,0,0.706291228020266,NA,NA,NA,0.814501322382338
DIAPH1,3,0,0,0.708032596819,NA,NA,NA,0.81627337342725
WDR37,4,0,0,0.708032596819,NA,NA,NA,0.816434238082965
MRPS6,2,0,0,0.708032596819,NA,NA,NA,0.816438962891736
SH3GLB1,11,0,0,0.709470552645397,NA,NA,NA,0.817287613579848
RPL23,5,0,0,0.709577976105471,NA,NA,NA,0.817294960821325
NREP,5,0,0,0.709470552645397,NA,NA,NA,0.817492154656958
PTRHD1,3,0,0,0.710171278668443,NA,NA,NA,0.817748984870538
AIFM2,2,0,0,0.710171278668443,NA,NA,NA,0.817859075900532
SLC66A1,2,0,0,0.710466290045273,NA,NA,NA,0.817880530728723
UPRT,2,0,0,0.711046302562851,NA,NA,NA,0.818317838778228
HAUS6,3,0,0,0.711046302562851,NA,NA,NA,0.81835054730463
TSPYL4,3,0,0,0.71113039180081,NA,NA,NA,0.818408658531192
RGP1,3,0,0,0.711304079643089,NA,NA,NA,0.81863823452124
GRPEL1,6,0,0,0.711759398666936,NA,NA,NA,0.819041661331701
SSU72,3,0,0,0.711759398666936,NA,NA,NA,0.819159162302051
ZNF805,5,0,0,0.712764717545003,NA,NA,NA,0.81993102193174
SNAP23,7,0,0,0.712764717545003,NA,NA,NA,0.819936143855138
ZDHHC9,4,0,0,0.712764717545003,NA,NA,NA,0.820013973139362
DYNLL2,4,0,0,0.712764717545003,NA,NA,NA,0.820049501345587
ART4,5,0,0,0.712764717545003,NA,NA,NA,0.820095146266841
OSBPL1A,2,0,0,0.712764717545003,NA,NA,NA,0.820175304169539
GK5,4,0,0,0.712764717545003,NA,NA,NA,0.820244164403503
IMP3,2,0,0,0.713026748859948,NA,NA,NA,0.820269319730847
TMEM168,3,0,0,0.713955312146631,NA,NA,NA,0.82132305601564
SLC39A13,2,0,0,0.714042067176228,NA,NA,NA,0.821357959594146
FRYL,3,0,0,0.713855782943456,NA,NA,NA,0.821358834297959
CYSTM1,3,0,0,0.713780104461078,NA,NA,NA,0.821464613763923
TK2,3,0,0,0.713838800250902,NA,NA,NA,0.821505321186367
SHANK1,3,0,0,0.713780104461078,NA,NA,NA,0.821553996053631
SLC30A4,3,0,0,0.713855782943456,NA,NA,NA,0.821569946559579
ZNF430,3,0,0,0.713855782943456,NA,NA,NA,0.821637921207943
TMEM265,3,0,0,0.71445649454886,NA,NA,NA,0.821749118157673
RFLNB,5,0,0,0.714648255806276,NA,NA,NA,0.821870738572869
CNTN1,4,0,0,0.714514742929041,NA,NA,NA,0.821877922434813
APH1A,2,0,0,0.715813407608962,NA,NA,NA,0.822398862549086
DTD2,2,0,0,0.715813407608962,NA,NA,NA,0.822539390300924
C5orf24,7,0,0,0.715723921176592,NA,NA,NA,0.822539544889899
PDCD6,2,0,0,0.715618277322688,NA,NA,NA,0.822570487004377
KANK2,2,0,0,0.715913661511566,NA,NA,NA,0.822606809581267
SP1,4,0,0,0.716052254634044,NA,NA,NA,0.822640228638072
ISG20L2,5,0,0,0.716179256069493,NA,NA,NA,0.822703335691624
GNL3,2,0,0,0.716052254634044,NA,NA,NA,0.822774144399296
HSPA13,5,0,0,0.716705481638378,NA,NA,NA,0.823407542591065
CISD2,6,0,0,0.716919513602155,NA,NA,NA,0.82346772708813
TGOLN2,5,0,0,0.717276130217551,NA,NA,NA,0.823527769980614
RASSF3,2,0,0,0.717204063345126,NA,NA,NA,0.823587282196038
FRMD6,4,0,0,0.717452530608226,NA,NA,NA,0.823666004505702
METTL16,2,0,0,0.717904383450638,NA,NA,NA,0.824098794613795
MDM4,2,0,0,0.718022010657744,NA,NA,NA,0.824124541345037
TMEM107,3,0,0,0.719337709095155,NA,NA,NA,0.825440121592983
ALG2,3,0,0,0.719532234537147,NA,NA,NA,0.825592811254724
ROBO4,2,0,0,0.720012456728612,NA,NA,NA,0.82605083550997
NRP1,3,0,0,0.720012456728612,NA,NA,NA,0.82624482811109
EPHB2,6,0,0,0.720012456728612,NA,NA,NA,0.826363662305522
MAPKAPK5,2,0,0,0.720012456728612,NA,NA,NA,0.826562673369743
MATR3,4,0,0,0.720012456728612,NA,NA,NA,0.826789500619838
SMC4,3,0,0,0.721147099832492,NA,NA,NA,0.82732034657708
CREBBP,2,0,0,0.721719501428746,NA,NA,NA,0.827798588375503
CUL4B,4,0,0,0.721719501428746,NA,NA,NA,0.827851562691152
SLC35B3,3,0,0,0.721719501428746,NA,NA,NA,0.827965888319542
NDN,2,0,0,0.721719501428746,NA,NA,NA,0.82807852821535
L3HYPDH,4,0,0,0.721719501428746,NA,NA,NA,0.828090808610537
PARD3,2,0,0,0.722553284265071,NA,NA,NA,0.828635517370045
DNAJB1,2,0,0,0.72278440480907,NA,NA,NA,0.828707848484468
NOTCH3,2,0,0,0.722553284265071,NA,NA,NA,0.828806104468104
ARPP19,6,0,0,0.724081130871999,NA,NA,NA,0.830552820393305
SUPT7L,6,0,0,0.724232250685541,NA,NA,NA,0.83065841978722
ASXL2,5,0,0,0.724557235117378,NA,NA,NA,0.830917512956347
HPSE,2,0,0,0.725544832930001,NA,NA,NA,0.831595340069749
EIF2S1,6,0,0,0.725506617961374,NA,NA,NA,0.831685254567602
KDR,3,0,0,0.725374514666284,NA,NA,NA,0.831696776701598
ODR4,3,0,0,0.725849160782577,NA,NA,NA,0.832598563784836
RIC1,4,0,0,0.725998606432227,NA,NA,NA,0.83298007740982
AOX1,2,0,0,0.726620779409834,NA,NA,NA,0.833542141799095
MAN1A1,3,0,0,0.727867835028084,NA,NA,NA,0.834772141395197
TSC1,3,0,0,0.728130680546276,NA,NA,NA,0.834868592432902
MAPKAPK3,2,0,0,0.727867835028084,NA,NA,NA,0.834950295951383
DAAM1,7,0,0,0.728896640461467,NA,NA,NA,0.835448484424915
UBE3C,3,0,0,0.728896640461467,NA,NA,NA,0.835515054077037
DARS2,3,0,0,0.72914198786484,NA,NA,NA,0.835871364648352
TMEM9,3,0,0,0.72914198786484,NA,NA,NA,0.836086352116169
UBLCP1,2,0,0,0.729563396966328,NA,NA,NA,0.836373250958103
REST,2,0,0,0.729563396966328,NA,NA,NA,0.836378233155708
ARRB1,4,0,0,0.729563396966328,NA,NA,NA,0.836393947668168
ABHD5,7,0,0,0.729563396966328,NA,NA,NA,0.836571210504373
KIAA0930,4,0,0,0.730141167835338,NA,NA,NA,0.836615365647561
EXOSC9,2,0,0,0.730251405633771,NA,NA,NA,0.836677533430527
AKIRIN1,5,0,0,0.73007292864278,NA,NA,NA,0.836681547469019
NFAT5,2,0,0,0.730206570668339,NA,NA,NA,0.836763183178982
TCP11L1,2,0,0,0.730727367731394,NA,NA,NA,0.836950227703622
JMJD4,3,0,0,0.732076448191747,NA,NA,NA,0.838009222830593
TFB2M,2,0,0,0.732059105087417,NA,NA,NA,0.838117937527146
HES1,2,0,0,0.732388794447265,NA,NA,NA,0.838144980564672
RPL14,7,0,0,0.732059105087417,NA,NA,NA,0.838247180871883
PRPF19,2,0,0,0.732699619784484,NA,NA,NA,0.838279363998471
HARBI1,2,0,0,0.732059105087417,NA,NA,NA,0.838408522399159
LRP11,2,0,0,0.733203688214526,NA,NA,NA,0.838435347138724
ALAD,2,0,0,0.733203688214526,NA,NA,NA,0.838623773224523
MYCT1,4,0,0,0.73349822011893,NA,NA,NA,0.838633171364199
PTGER4,2,0,0,0.73349822011893,NA,NA,NA,0.83880821893225
HLA-A,2,0,0,0.733203688214526,NA,NA,NA,0.838822489015836
PSME3IP1,6,0,0,0.73349822011893,NA,NA,NA,0.838963004716329
DOK5,2,0,0,0.734829165915487,NA,NA,NA,0.839932858585532
SMIM14,9,0,0,0.735629377915554,NA,NA,NA,0.840577786735112
RFX7,2,0,0,0.736225218287587,NA,NA,NA,0.841053539189481
DNAJC30,2,0,0,0.736817734583727,NA,NA,NA,0.841314754602461
RBM12,5,0,0,0.736817734583727,NA,NA,NA,0.841435226138157
EIF4EBP2,8,0,0,0.737571792688847,NA,NA,NA,0.841868039726648
LRRC8D,2,0,0,0.737825757311674,NA,NA,NA,0.841953467732104
DENND3,2,0,0,0.737571792688847,NA,NA,NA,0.842006148825582
ZFP1,2,0,0,0.737440559732237,NA,NA,NA,0.842007242990092
FAM76B,3,0,0,0.738675766852242,NA,NA,NA,0.842372930117182
ALDH16A1,2,0,0,0.738614210739689,NA,NA,NA,0.842478317135532
LNPEP,4,0,0,0.738664088427731,NA,NA,NA,0.842486927134168
ARPIN,6,0,0,0.739094543239826,NA,NA,NA,0.84257708538549
TLK2,5,0,0,0.738664088427731,NA,NA,NA,0.842647137029637
TMEM106A,4,0,0,0.739094543239826,NA,NA,NA,0.842783681947721
TMPO,4,0,0,0.73976628843996,NA,NA,NA,0.843112123926967
COX20,8,0,0,0.740151729404308,NA,NA,NA,0.843626327814489
SELENOK,5,0,0,0.740295228181471,NA,NA,NA,0.843727413523781
SLAIN2,4,0,0,0.740517714483684,NA,NA,NA,0.843769378580628
TNFRSF10B,4,0,0,0.740517714483684,NA,NA,NA,0.843945384540734
FAM210B,4,0,0,0.741926717331155,NA,NA,NA,0.84479962266511
SENP6,5,0,0,0.742180137268031,NA,NA,NA,0.844990165513345
CETN3,2,0,0,0.742670103903166,NA,NA,NA,0.84512607388374
DCP2,2,0,0,0.742670103903166,NA,NA,NA,0.845242398047152
EMCN,6,0,0,0.742670103903166,NA,NA,NA,0.845326449010989
NTN4,3,0,0,0.743409677056632,NA,NA,NA,0.845820392777535
ARSB,2,0,0,0.743458478887221,NA,NA,NA,0.84584311791228
IDH2,4,0,0,0.744168134747543,NA,NA,NA,0.846565301545411
UBE2J2,2,0,0,0.744422363848435,NA,NA,NA,0.846702337060975
UQCR10,2,0,0,0.744615737278614,NA,NA,NA,0.846983396495268
LAMC1,7,0,0,0.745160445200325,NA,NA,NA,0.84734088974378
COG7,3,0,0,0.745123706535805,NA,NA,NA,0.847435307007144
CEP41,5,0,0,0.745207257309546,NA,NA,NA,0.847495880024827
CORO1C,6,0,0,0.745207257309546,NA,NA,NA,0.847574462611378
SFPQ,6,0,0,0.745324064760776,NA,NA,NA,0.847616105944051
XRCC5,4,0,0,0.745123706535805,NA,NA,NA,0.847657005871535
ERF,2,0,0,0.745490742935691,NA,NA,NA,0.847733902429081
CAD,2,0,0,0.745207257309546,NA,NA,NA,0.847746943937371
POLR2E,4,0,0,0.745718505608179,NA,NA,NA,0.848007698341521
CCDC113,2,0,0,0.746515818783912,NA,NA,NA,0.848638444940841
CNBP,4,0,0,0.746700143775488,NA,NA,NA,0.848738790120323
MAN1A2,8,0,0,0.747203537494564,NA,NA,NA,0.849501490014639
ARK2N,3,0,0,0.747489144308319,NA,NA,NA,0.849799667630512
ATOH8,2,0,0,0.74798057714589,NA,NA,NA,0.850074107448553
RPAP2,6,0,0,0.748243121823334,NA,NA,NA,0.850262836733543
CHST7,2,0,0,0.748269545557353,NA,NA,NA,0.850500884788397
R3HDM2,2,0,0,0.748448242826736,NA,NA,NA,0.850745228194229
SLC40A1,2,0,0,0.749510211035919,NA,NA,NA,0.851848098981777
DNAJC24,2,0,0,0.749715510605744,NA,NA,NA,0.851965040932141
ZNF518B,2,0,0,0.749510211035919,NA,NA,NA,0.852052521470186
THAP1,3,0,0,0.749510211035919,NA,NA,NA,0.852105107121717
QKI,9,0,0,0.749715510605744,NA,NA,NA,0.852145417841599
PGM2L1,9,0,0,0.750568461405682,NA,NA,NA,0.853039755440372
GAREM1,3,0,0,0.750548288375349,NA,NA,NA,0.853148990830577
SLC2A10,2,0,0,0.751170412341038,NA,NA,NA,0.853361666873527
MAP1B,7,0,0,0.750999828504131,NA,NA,NA,0.853414158476168
EBAG9,4,0,0,0.751081109348827,NA,NA,NA,0.853414978344537
ATG4C,4,0,0,0.752369649632515,NA,NA,NA,0.8546106969105
CDC73,9,0,0,0.752703872474634,NA,NA,NA,0.854877907080284
AHR,3,0,0,0.753166921310056,NA,NA,NA,0.855316498714351
CD274,3,0,0,0.753291463729134,NA,NA,NA,0.85539648187636
TLCD3A,5,0,0,0.753166921310056,NA,NA,NA,0.855463716966336
SNAPC1,5,0,0,0.753877540038338,NA,NA,NA,0.855743483680156
MRPS23,5,0,0,0.754521863552527,NA,NA,NA,0.855918629918866
AP1G1,3,0,0,0.753936020460421,NA,NA,NA,0.855980618180059
PLEKHH3,2,0,0,0.754521863552527,NA,NA,NA,0.856094541641336
ARL4A,6,0,0,0.754521863552527,NA,NA,NA,0.856108015167247
KIAA1549L,4,0,0,0.754521863552527,NA,NA,NA,0.856130904523868
HNRNPA0,5,0,0,0.754314687779067,NA,NA,NA,0.856159922498051
ACTR10,3,0,0,0.754521863552527,NA,NA,NA,0.856188133331105
DEK,4,0,0,0.754521863552527,NA,NA,NA,0.85620089805561
RGS4,5,0,0,0.754521863552527,NA,NA,NA,0.856324396593366
FUNDC1,2,0,0,0.754521863552527,NA,NA,NA,0.856338622949698
DAG1,2,0,0,0.755238488253708,NA,NA,NA,0.856546142065546
SLMAP,4,0,0,0.755203564342699,NA,NA,NA,0.856644097310017
TPGS2,3,0,0,0.755203564342699,NA,NA,NA,0.85686493251385
OSBP,3,0,0,0.755203564342699,NA,NA,NA,0.857069767658788
TMEM54,2,0,0,0.755757812041333,NA,NA,NA,0.85708050923064
ATPAF2,2,0,0,0.757360270807313,NA,NA,NA,0.858605018384198
PCBD1,2,0,0,0.757236127619893,NA,NA,NA,0.858631850730014
PAIP2,3,0,0,0.757667051015745,NA,NA,NA,0.858724739546657
ITFG2,2,0,0,0.757951746065429,NA,NA,NA,0.858772392915758
IRF2BPL,3,0,0,0.757951746065429,NA,NA,NA,0.858829144580972
KDM8,2,0,0,0.757951746065429,NA,NA,NA,0.858986152363809
ALPK3,4,0,0,0.75876861381976,NA,NA,NA,0.860265240721635
RAB6B,3,0,0,0.759268161739546,NA,NA,NA,0.860941667264452
SEC23B,6,0,0,0.759510623189565,NA,NA,NA,0.861008842179652
TOPBP1,4,0,0,0.760143083733717,NA,NA,NA,0.861815843144706
DOCK5,3,0,0,0.760349889937168,NA,NA,NA,0.862156039567883
ANP32A,4,0,0,0.760521908437766,NA,NA,NA,0.862545658348625
KIAA2013,2,0,0,0.761298353931557,NA,NA,NA,0.863214270135573
INKA2,6,0,0,0.761598564415769,NA,NA,NA,0.863396993235255
EFEMP1,5,0,0,0.762190408054893,NA,NA,NA,0.863846272638943
TCEAL8,3,0,0,0.762521050856163,NA,NA,NA,0.864166821454365
SPATA2,2,0,0,0.762380252717142,NA,NA,NA,0.864182161310913
ZHX1,4,0,0,0.762772695656943,NA,NA,NA,0.864321692263957
SDCBP,3,0,0,0.763027565302498,NA,NA,NA,0.864701442491356
SPRYD7,7,0,0,0.76330290846103,NA,NA,NA,0.865006186175436
AKAP12,5,0,0,0.76330290846103,NA,NA,NA,0.865149205540243
C5orf22,4,0,0,0.764212599039346,NA,NA,NA,0.865554712591508
FJX1,2,0,0,0.764092471343145,NA,NA,NA,0.865587017038733
PRRC1,6,0,0,0.763958106023358,NA,NA,NA,0.865607982222909
C16orf87,3,0,0,0.764655259587511,NA,NA,NA,0.866206239236069
GTF3C2,2,0,0,0.764655259587511,NA,NA,NA,0.866242768585806
ZDHHC21,7,0,0,0.764655259587511,NA,NA,NA,0.8664132011359
YY1,9,0,0,0.764655259587511,NA,NA,NA,0.866814622834447
PIP5K1C,2,0,0,0.764655259587511,NA,NA,NA,0.866907840532489
HNRNPUL1,4,0,0,0.764655259587511,NA,NA,NA,0.866923248753159
PSMF1,5,0,0,0.764894085571167,NA,NA,NA,0.867370938978904
ADAM12,3,0,0,0.76521636328832,NA,NA,NA,0.867549182929893
CHEK1,4,0,0,0.76521636328832,NA,NA,NA,0.867739543042469
IPO7,8,0,0,0.765781136502212,NA,NA,NA,0.868309211774776
RELA,2,0,0,0.766954192332426,NA,NA,NA,0.86937300536874
DTL,4,0,0,0.766954192332426,NA,NA,NA,0.869528605590597
WASHC4,4,0,0,0.766954192332426,NA,NA,NA,0.86957869216934
ARL8A,3,0,0,0.766950091525844,NA,NA,NA,0.869648685214464
TECPR2,2,0,0,0.766861598659257,NA,NA,NA,0.869716908111503
HEXIM1,4,0,0,0.766950091525844,NA,NA,NA,0.869859813118962
ARID1A,2,0,0,0.766950091525844,NA,NA,NA,0.869865251433238
NKAP,4,0,0,0.767172280217629,NA,NA,NA,0.869925069509571
CAMK4,4,0,0,0.767542253846996,NA,NA,NA,0.870183104026892
IL6ST,8,0,0,0.767604462892153,NA,NA,NA,0.870624803389841
MYBBP1A,2,0,0,0.768222415520667,NA,NA,NA,0.870829333412353
LAMTOR1,2,0,0,0.768533300351685,NA,NA,NA,0.870946346387232
SMAD7,2,0,0,0.768222415520667,NA,NA,NA,0.870965211359531
PSMB5,2,0,0,0.768666040421226,NA,NA,NA,0.871024550071081
CD109,6,0,0,0.768160130327228,NA,NA,NA,0.871038538149199
RIGI,3,0,0,0.768967519259571,NA,NA,NA,0.871281908453338
ZC3H10,2,0,0,0.768983714836307,NA,NA,NA,0.871324246571052
GABPB1,4,0,0,0.769389659180785,NA,NA,NA,0.871461819305738
CISD1,3,0,0,0.769389659180785,NA,NA,NA,0.871604373320854
MRPL35,4,0,0,0.769671049273025,NA,NA,NA,0.871613972758083
GPR108,2,0,0,0.769389659180785,NA,NA,NA,0.871635070436847
ARMC9,4,0,0,0.769671049273025,NA,NA,NA,0.871735749821004
C4orf33,2,0,0,0.769671049273025,NA,NA,NA,0.87178135632184
CNNM4,2,0,0,0.769671049273025,NA,NA,NA,0.87192358626102
EXOG,4,0,0,0.769671049273025,NA,NA,NA,0.871999655879702
CTSZ,2,0,0,0.769671049273025,NA,NA,NA,0.87209522092153
THAP2,2,0,0,0.769671049273025,NA,NA,NA,0.872138971727866
PCNX1,6,0,0,0.769671049273025,NA,NA,NA,0.872278929641223
ELF2,2,0,0,0.769671049273025,NA,NA,NA,0.872335845693403
VKORC1L1,12,0,0,0.769671049273025,NA,NA,NA,0.872348663947659
PITPNB,4,0,0,0.771080061931964,NA,NA,NA,0.872780137884491
SLC11A2,2,0,0,0.771080061931964,NA,NA,NA,0.872794846016925
SLC4A7,4,0,0,0.771080061931964,NA,NA,NA,0.873009970268038
HDGFL3,14,0,0,0.771163683637654,NA,NA,NA,0.873094997390258
GPATCH2,3,0,0,0.771080061931964,NA,NA,NA,0.873194043664926
TUBA1C,2,0,0,0.77128213208125,NA,NA,NA,0.873216128191399
FAM200B,3,0,0,0.771920639236488,NA,NA,NA,0.873872612842724
SNRNP25,2,0,0,0.771920639236488,NA,NA,NA,0.874102624595769
VPS26B,3,0,0,0.772641622869228,NA,NA,NA,0.874556313255556
ARHGEF7,3,0,0,0.772720613339819,NA,NA,NA,0.874589666891165
ATP5PB,2,0,0,0.772641622869228,NA,NA,NA,0.874646921784996
ZBTB21,3,0,0,0.77285686655207,NA,NA,NA,0.874735830539423
ANKIB1,5,0,0,0.772641622869228,NA,NA,NA,0.874841886812582
ALG6,2,0,0,0.77285686655207,NA,NA,NA,0.875322890027349
PARP11,2,0,0,0.773684117642362,NA,NA,NA,0.875416731606667
RFC5,2,0,0,0.773631527393123,NA,NA,NA,0.875433700909669
EXTL3,3,0,0,0.773631527393123,NA,NA,NA,0.875608277949952
PINK1,3,0,0,0.773587150190367,NA,NA,NA,0.875629835752469
COL5A1,6,0,0,0.773306041353503,NA,NA,NA,0.875669176927734
MMP16,3,0,0,0.77354843188208,NA,NA,NA,0.875729488561499
DCBLD2,11,0,0,0.774111441702351,NA,NA,NA,0.876074162829755
ROR1,2,0,0,0.774111441702351,NA,NA,NA,0.876222731013103
H3-3B,7,0,0,0.774111441702351,NA,NA,NA,0.876227458563157
SRSF8,4,0,0,0.774111441702351,NA,NA,NA,0.876244431930829
RPS6KA6,2,0,0,0.774111441702351,NA,NA,NA,0.876373380624081
SCD5,3,0,0,0.774281636750905,NA,NA,NA,0.876621893028287
NDUFAF8,3,0,0,0.774281636750905,NA,NA,NA,0.876844436092381
CAMK1D,4,0,0,0.774281636750905,NA,NA,NA,0.87693855992494
WDR82,4,0,0,0.774281636750905,NA,NA,NA,0.877156500093854
SCAMP1,6,0,0,0.775381908334752,NA,NA,NA,0.878061613399299
EEF2K,3,0,0,0.775649881168205,NA,NA,NA,0.87807185568451
FAM32A,2,0,0,0.775649881168205,NA,NA,NA,0.878231294099786
TM2D2,7,0,0,0.776267295050919,NA,NA,NA,0.878262924747087
PSPH,2,0,0,0.776267295050919,NA,NA,NA,0.878407824340647
PXMP4,3,0,0,0.775649881168205,NA,NA,NA,0.878424548111837
PMPCA,2,0,0,0.776223463177481,NA,NA,NA,0.878489786509756
PPIF,2,0,0,0.776938438951872,NA,NA,NA,0.878798915370183
CREBL2,7,0,0,0.777668270948647,NA,NA,NA,0.879040874185945
FRAT1,2,0,0,0.777539507350868,NA,NA,NA,0.87914910448003
ANTXR2,7,0,0,0.777396632572116,NA,NA,NA,0.879152181830225
RPS6KC1,3,0,0,0.777539507350868,NA,NA,NA,0.87920167243587
WWC2,6,0,0,0.777740395406174,NA,NA,NA,0.879202741996273
ZNF500,3,0,0,0.777668270948647,NA,NA,NA,0.879221118990856
MTSS1,3,0,0,0.77791923475629,NA,NA,NA,0.879248324780132
VPS4A,6,0,0,0.777689132981868,NA,NA,NA,0.879279673437777
ABHD11,3,0,0,0.777689132981868,NA,NA,NA,0.879336629328558
HNRNPK,4,0,0,0.777955669005378,NA,NA,NA,0.879344582522616
PAWR,15,0,0,0.777396632572116,NA,NA,NA,0.879364479570684
THG1L,3,0,0,0.77791923475629,NA,NA,NA,0.879453207692172
DPYSL2,3,0,0,0.77791923475629,NA,NA,NA,0.879640172921714
MIS18BP1,3,0,0,0.77835107796329,NA,NA,NA,0.879747189019922
POMP,7,0,0,0.778754387476365,NA,NA,NA,0.880119649727191
MTPAP,2,0,0,0.778754387476365,NA,NA,NA,0.880234269142964
ZNF365,2,0,0,0.778754387476365,NA,NA,NA,0.880347648473385
LDB2,2,0,0,0.778754387476365,NA,NA,NA,0.880435848616239
MED13L,4,0,0,0.778754387476365,NA,NA,NA,0.880524469946751
DDHD2,4,0,0,0.779437283513634,NA,NA,NA,0.880555373873557
TDP1,2,0,0,0.779451154439371,NA,NA,NA,0.880556501225298
RAB5A,4,0,0,0.779437283513634,NA,NA,NA,0.880558825300055
GMPPB,3,0,0,0.779451154439371,NA,NA,NA,0.880666982434893
NT5E,3,0,0,0.779437283513634,NA,NA,NA,0.880692443969223
CLTC,7,0,0,0.779451154439371,NA,NA,NA,0.880725000461147
CSRNP2,3,0,0,0.779437283513634,NA,NA,NA,0.880740089348172
BET1L,3,0,0,0.779451154439371,NA,NA,NA,0.880769134039939
LRRC3,2,0,0,0.780038885811779,NA,NA,NA,0.880947967767813
TPX2,2,0,0,0.780231797924865,NA,NA,NA,0.880966779186567
CAPN5,2,0,0,0.780299612035396,NA,NA,NA,0.88101147386834
IFNAR1,7,0,0,0.780299612035396,NA,NA,NA,0.881096207027269
MED8,3,0,0,0.780038885811779,NA,NA,NA,0.88117030000183
KDELR2,9,0,0,0.780299612035396,NA,NA,NA,0.881217190232218
TMTC3,6,0,0,0.780761164871097,NA,NA,NA,0.881280475618671
RPP30,2,0,0,0.78038883389332,NA,NA,NA,0.881319151554292
TGFBR1,8,0,0,0.780761164871097,NA,NA,NA,0.88132301328053
NEK6,7,0,0,0.780761164871097,NA,NA,NA,0.88144025844646
MB21D2,3,0,0,0.78038883389332,NA,NA,NA,0.881510803370792
EFR3A,4,0,0,0.780761164871097,NA,NA,NA,0.881621292626179
UBAP2,3,0,0,0.781039840105617,NA,NA,NA,0.881738905586471
PRDM4,3,0,0,0.781083425839121,NA,NA,NA,0.88251847822744
NOLC1,3,0,0,0.781479819142637,NA,NA,NA,0.882704440395273
LANCL1,3,0,0,0.781421379950756,NA,NA,NA,0.882768699433028
TMEM63A,2,0,0,0.781479819142637,NA,NA,NA,0.882829151993218
SPARC,8,0,0,0.781479819142637,NA,NA,NA,0.882898597055436
MIB1,5,0,0,0.782020758237112,NA,NA,NA,0.882899635745328
XRN2,2,0,0,0.781479819142637,NA,NA,NA,0.88291362485878
ABLIM3,2,0,0,0.781479819142637,NA,NA,NA,0.882991994053724
MYD88,2,0,0,0.782020758237112,NA,NA,NA,0.883050960726981
ZNF385A,2,0,0,0.782076211898855,NA,NA,NA,0.883074128970219
SBNO1,4,0,0,0.782934508438569,NA,NA,NA,0.883829487785293
CCDC9B,2,0,0,0.78315954903405,NA,NA,NA,0.883969078693988
PEAR1,2,0,0,0.784840071862316,NA,NA,NA,0.885813566984992
ATG2B,3,0,0,0.785358842262074,NA,NA,NA,0.886046523151639
TOMM22,5,0,0,0.785286689784001,NA,NA,NA,0.886122820067161
SIN3A,3,0,0,0.785488471118588,NA,NA,NA,0.886222822857729
NHLRC2,7,0,0,0.785822459464216,NA,NA,NA,0.886458477014407
TM6SF1,2,0,0,0.785777460128741,NA,NA,NA,0.886555765968564
CHST11,3,0,0,0.786041872198717,NA,NA,NA,0.886592233718159
CHD1,4,0,0,0.785777460128741,NA,NA,NA,0.886620911148175
FGF1,3,0,0,0.786334693194221,NA,NA,NA,0.886685299724732
NFRKB,3,0,0,0.786465901522232,NA,NA,NA,0.886751130976761
TMEM143,2,0,0,0.786585502667785,NA,NA,NA,0.886807982813273
HINT3,3,0,0,0.78683871119259,NA,NA,NA,0.886967285282363
CKAP5,2,0,0,0.787345181915006,NA,NA,NA,0.887223854797879
UBXN4,5,0,0,0.787595311353268,NA,NA,NA,0.887283702945536
KDSR,6,0,0,0.787731311157734,NA,NA,NA,0.887376616897245
RAB11FIP5,2,0,0,0.787731311157734,NA,NA,NA,0.887552840564738
EXT2,5,0,0,0.787731311157734,NA,NA,NA,0.887612188824284
C2orf69,2,0,0,0.788132601931913,NA,NA,NA,0.887844385796211
PMAIP1,2,0,0,0.788358745077743,NA,NA,NA,0.888078623054862
LRP8,4,0,0,0.788835738011294,NA,NA,NA,0.888884097288381
DLGAP5,2,0,0,0.789420199048619,NA,NA,NA,0.889509829505692
GNAQ,6,0,0,0.790802104830713,NA,NA,NA,0.890707170316534
RANBP9,2,0,0,0.792072988351263,NA,NA,NA,0.891544269336363
NCAPH2,2,0,0,0.792911614681383,NA,NA,NA,0.891784907264514
RITA1,2,0,0,0.79256372138711,NA,NA,NA,0.891785538970306
ZNF3,2,0,0,0.793241014939861,NA,NA,NA,0.891924163394032
CSK,2,0,0,0.793241014939861,NA,NA,NA,0.891936217595408
UBE4B,3,0,0,0.792911614681383,NA,NA,NA,0.891985935198874
WIPI2,6,0,0,0.7941666442347,NA,NA,NA,0.892336464418321
COQ10B,3,0,0,0.7941666442347,NA,NA,NA,0.892446227649468
USP24,3,0,0,0.7941666442347,NA,NA,NA,0.892543084232374
TDG,3,0,0,0.7941666442347,NA,NA,NA,0.892561119006008
FBXO32,3,0,0,0.794430035976935,NA,NA,NA,0.892609415888682
CYLD,7,0,0,0.7941666442347,NA,NA,NA,0.892766966521299
MTHFD2,4,0,0,0.7941666442347,NA,NA,NA,0.892818828909436
RAPGEF3,2,0,0,0.795363980264487,NA,NA,NA,0.893232489501672
EVA1A,3,0,0,0.795363980264487,NA,NA,NA,0.893285900564307
HSPBP1,2,0,0,0.795363980264487,NA,NA,NA,0.893352735925047
SRSF5,3,0,0,0.795363980264487,NA,NA,NA,0.893538965976759
MTSS2,2,0,0,0.795363980264487,NA,NA,NA,0.893547725133852
PDSS2,2,0,0,0.795363980264487,NA,NA,NA,0.893678690963291
PXDN,5,0,0,0.795936670996258,NA,NA,NA,0.893683879317451
PRIM2,2,0,0,0.796657163541392,NA,NA,NA,0.894161359630788
MGST3,2,0,0,0.796657163541392,NA,NA,NA,0.89420747744419
STARD3,2,0,0,0.796657163541392,NA,NA,NA,0.894238604044697
EME2,2,0,0,0.796657163541392,NA,NA,NA,0.89424820152985
ACAA2,2,0,0,0.796657163541392,NA,NA,NA,0.894306079713114
ZNF532,2,0,0,0.797035392082849,NA,NA,NA,0.894671985001682
ZCCHC8,3,0,0,0.797329459178205,NA,NA,NA,0.894943436079165
CLASP1,4,0,0,0.797782528575697,NA,NA,NA,0.894951665499071
ZFR,6,0,0,0.797534091952495,NA,NA,NA,0.894973171686277
TPTEP2-CSNK1E,3,0,0,0.797782528575697,NA,NA,NA,0.895119337502236
KPNA6,6,0,0,0.798245821287903,NA,NA,NA,0.895168147646217
PELI1,2,0,0,0.797747002276517,NA,NA,NA,0.895191304931532
FERMT3,2,0,0,0.799969465596924,NA,NA,NA,0.895609979506874
BMP2,3,0,0,0.798913846128298,NA,NA,NA,0.895633896659605
SHROOM2,2,0,0,0.799969465596924,NA,NA,NA,0.895803488164459
CREB3,3,0,0,0.800243732662232,NA,NA,NA,0.895972554257863
FBN2,2,0,0,0.799969465596924,NA,NA,NA,0.895996576476196
AAGAB,4,0,0,0.799860925598867,NA,NA,NA,0.896084010901749
RMDN1,3,0,0,0.800243732662232,NA,NA,NA,0.896114043119809
TES,3,0,0,0.799969465596924,NA,NA,NA,0.896141891539926
TXN,3,0,0,0.799969465596924,NA,NA,NA,0.89614446115906
COX7A2L,4,0,0,0.799969465596924,NA,NA,NA,0.89616375613994
PDE7B,4,0,0,0.799969465596924,NA,NA,NA,0.896232455342585
MBD3,3,0,0,0.799860925598867,NA,NA,NA,0.896310678041817
APOLD1,3,0,0,0.801053749188328,NA,NA,NA,0.897050369052948
SLC33A1,6,0,0,0.801610550994251,NA,NA,NA,0.898138147488371
DDX31,3,0,0,0.803133558652082,NA,NA,NA,0.899509708389441
CLDN1,2,0,0,0.803406923145396,NA,NA,NA,0.899540723816732
RIDA,2,0,0,0.803633239423552,NA,NA,NA,0.899576150129762
GOLGA5,2,0,0,0.802936946790002,NA,NA,NA,0.899630575616815
TIPIN,2,0,0,0.803133558652082,NA,NA,NA,0.899648766947131
ZNF544,2,0,0,0.803406923145396,NA,NA,NA,0.899750991534784
SRPK1,5,0,0,0.805071701311497,NA,NA,NA,0.900895224024926
SNX12,2,0,0,0.805074353282471,NA,NA,NA,0.901255499721165
TNFAIP8L1,5,0,0,0.805074353282471,NA,NA,NA,0.901435382792595
CCT6A,4,0,0,0.805074353282471,NA,NA,NA,0.90158699085266
NPEPL1,2,0,0,0.805340313936844,NA,NA,NA,0.901687628741866
CHCHD7,5,0,0,0.805494806174893,NA,NA,NA,0.901856388870908
SAP130,2,0,0,0.80583449992597,NA,NA,NA,0.902040826203719
NUDT3,6,0,0,0.805763121615163,NA,NA,NA,0.902122181469161
ATP1B3,2,0,0,0.805763121615163,NA,NA,NA,0.902213441030805
NOL9,3,0,0,0.805763121615163,NA,NA,NA,0.902289678139042
BAG5,5,0,0,0.806471525682449,NA,NA,NA,0.902678439678797
EDN1,4,0,0,0.806471525682449,NA,NA,NA,0.902868437691924
ANGEL2,3,0,0,0.807975042582908,NA,NA,NA,0.904262330156941
POP1,3,0,0,0.808328596285007,NA,NA,NA,0.904613026105961
LIMK1,2,0,0,0.808328596285007,NA,NA,NA,0.904632741749163
CRPPA,3,0,0,0.808706283574682,NA,NA,NA,0.904962020497097
TMEM223,2,0,0,0.809112815837597,NA,NA,NA,0.905003276706764
EIF2A,3,0,0,0.809015800584464,NA,NA,NA,0.905033163017672
CACYBP,4,0,0,0.809015800584464,NA,NA,NA,0.905158042287713
SRPX2,4,0,0,0.809456323637305,NA,NA,NA,0.905213868370258
TMEM100,2,0,0,0.809112815837597,NA,NA,NA,0.905230343724847
AIDA,2,0,0,0.80985368175596,NA,NA,NA,0.905334150891973
RNF149,3,0,0,0.809784670491207,NA,NA,NA,0.905418209838755
IPO13,2,0,0,0.810157494261429,NA,NA,NA,0.905561863847218
H1-0,2,0,0,0.810157494261429,NA,NA,NA,0.905765432979796
ZNF428,2,0,0,0.810419738429029,NA,NA,NA,0.906203941991278
TEAD1,4,0,0,0.810419738429029,NA,NA,NA,0.906387277196778
RNMT,2,0,0,0.811421196248079,NA,NA,NA,0.906993547101364
RAPGEF6,2,0,0,0.811424067101662,NA,NA,NA,0.907043365619981
PPP1R21,2,0,0,0.811466467618455,NA,NA,NA,0.907162325109735
ELP1,3,0,0,0.811589313365061,NA,NA,NA,0.90723307785912
SPIN1,3,0,0,0.812503902562473,NA,NA,NA,0.908122183376089
MAN2A1,7,0,0,0.812917790640349,NA,NA,NA,0.908344156637151
ASAP1,4,0,0,0.812917790640349,NA,NA,NA,0.908517379343459
NMT1,2,0,0,0.813335310820481,NA,NA,NA,0.908841038726567
TIMM50,4,0,0,0.81353405049212,NA,NA,NA,0.908874203965734
UCK1,2,0,0,0.813207642329454,NA,NA,NA,0.908882811882218
ZSCAN25,2,0,0,0.81437964235508,NA,NA,NA,0.909480817442767
TULP3,3,0,0,0.814312117728859,NA,NA,NA,0.909567187563314
RFX2,2,0,0,0.81486663022279,NA,NA,NA,0.909668924968655
HSPA14,2,0,0,0.814622280490063,NA,NA,NA,0.909712944114869
KBTBD6,2,0,0,0.814552568813761,NA,NA,NA,0.909755630258254
BAZ2B,4,0,0,0.814837406961337,NA,NA,NA,0.909783545065705
TNIK,5,0,0,0.814837406961337,NA,NA,NA,0.909871335044033
NAGA,2,0,0,0.814622280490063,NA,NA,NA,0.909908563646847
DDX21,4,0,0,0.815313889180058,NA,NA,NA,0.910046264069053
MCCC2,2,0,0,0.815446895318513,NA,NA,NA,0.910100028919993
NCBP1,8,0,0,0.815716507356247,NA,NA,NA,0.910577894067173
SPRTN,5,0,0,0.815716507356247,NA,NA,NA,0.910800189049278
NACC2,4,0,0,0.81630605618573,NA,NA,NA,0.91092879079332
KMT2D,3,0,0,0.816386017584233,NA,NA,NA,0.911075603311488
ELL,5,0,0,0.81630605618573,NA,NA,NA,0.911129505061344
RRP1B,2,0,0,0.81630605618573,NA,NA,NA,0.911318553882075
HIP1R,2,0,0,0.81724368947073,NA,NA,NA,0.91184392772464
MLLT11,3,0,0,0.817540496516034,NA,NA,NA,0.911925072609934
CNOT6L,2,0,0,0.819188822994807,NA,NA,NA,0.913176553508463
WDR3,5,0,0,0.819188822994807,NA,NA,NA,0.913186253832433
ZNF70,3,0,0,0.819188822994807,NA,NA,NA,0.913239635551131
MOK,2,0,0,0.81946747011586,NA,NA,NA,0.913352430069795
GIGYF2,2,0,0,0.81938158657143,NA,NA,NA,0.913368145574368
REEP3,9,0,0,0.81946747011586,NA,NA,NA,0.913401207569328
LMF1,2,0,0,0.819495587212475,NA,NA,NA,0.913498293835518
TRNP1,5,0,0,0.819842710943407,NA,NA,NA,0.913523416027638
COMMD9,3,0,0,0.81946747011586,NA,NA,NA,0.913541391990754
POLR2B,2,0,0,0.819733691490125,NA,NA,NA,0.913580632822321
N6AMT1,4,0,0,0.81946747011586,NA,NA,NA,0.913614606553622
PSMG2,2,0,0,0.81971807036419,NA,NA,NA,0.913615025023501
CRYAB,2,0,0,0.81946747011586,NA,NA,NA,0.913779865360858
MFF,3,0,0,0.81946747011586,NA,NA,NA,0.913925602099777
DEPP1,2,0,0,0.81946747011586,NA,NA,NA,0.91394584579855
GORASP2,5,0,0,0.820349875903769,NA,NA,NA,0.914074369222067
C2orf68,5,0,0,0.81946747011586,NA,NA,NA,0.914138131208202
ENOSF1,2,0,0,0.820349875903769,NA,NA,NA,0.914143705660929
MKRN2,4,0,0,0.820662341954638,NA,NA,NA,0.914165292955153
ABT1,3,0,0,0.820701689806379,NA,NA,NA,0.91423870209262
POLR1G,2,0,0,0.821349848715242,NA,NA,NA,0.914296495742088
CD47,3,0,0,0.82133128815807,NA,NA,NA,0.914419832967901
KLHL9,2,0,0,0.821700015425688,NA,NA,NA,0.914504813080989
MIA3,5,0,0,0.821141284512007,NA,NA,NA,0.914550417121853
YARS1,2,0,0,0.82133128815807,NA,NA,NA,0.914622666901944
MYO9B,2,0,0,0.821840904410638,NA,NA,NA,0.914651273466815
EIF5,6,0,0,0.82133128815807,NA,NA,NA,0.914688565276994
NALF1,3,0,0,0.82133128815807,NA,NA,NA,0.914786561346892
APOBEC3C,3,0,0,0.822110077728641,NA,NA,NA,0.914800400400043
SLC15A4,2,0,0,0.82133128815807,NA,NA,NA,0.914811924540662
KIF1B,3,0,0,0.823408493939679,NA,NA,NA,0.916032665303049
TMEM165,2,0,0,0.82514319423978,NA,NA,NA,0.917493054008814
TPMT,4,0,0,0.82514319423978,NA,NA,NA,0.917662715201411
ATPAF1,2,0,0,0.825310804281174,NA,NA,NA,0.917724910132244
ATF1,4,0,0,0.825377694179615,NA,NA,NA,0.917747625410494
KIAA1549,3,0,0,0.825742754541479,NA,NA,NA,0.917916840622547
OAT,2,0,0,0.825742754541479,NA,NA,NA,0.917934299996439
TOR1A,3,0,0,0.825765791406798,NA,NA,NA,0.917942779731374
PYROXD1,3,0,0,0.82675239844984,NA,NA,NA,0.918767763598394
EIF2AK4,3,0,0,0.826482842403881,NA,NA,NA,0.918806605776637
RPAP3,3,0,0,0.82675239844984,NA,NA,NA,0.918988275111524
FAM13B,2,0,0,0.826838943202049,NA,NA,NA,0.919026171556841
HACD3,4,0,0,0.82675239844984,NA,NA,NA,0.919200729045691
FIGNL1,3,0,0,0.827838393102748,NA,NA,NA,0.919724640116214
SHROOM4,3,0,0,0.828050214230126,NA,NA,NA,0.91982214345813
XPA,2,0,0,0.828001091638531,NA,NA,NA,0.919880135805097
PRKAB2,2,0,0,0.828001091638531,NA,NA,NA,0.919886212247756
CCDC25,4,0,0,0.828546687657085,NA,NA,NA,0.920299270583851
FZD4,3,0,0,0.828546687657085,NA,NA,NA,0.920408232553186
MYO1E,4,0,0,0.828546687657085,NA,NA,NA,0.920768709269951
USP46,5,0,0,0.829454435932233,NA,NA,NA,0.920802511255978
SLC29A1,3,0,0,0.828869904329522,NA,NA,NA,0.920933869222782
TRIP12,3,0,0,0.829207619957444,NA,NA,NA,0.920962928323787
PRDM2,2,0,0,0.829003635234542,NA,NA,NA,0.920981199542635
FGFR1OP2,3,0,0,0.829454435932233,NA,NA,NA,0.920993361133908
CTSB,7,0,0,0.829100232326508,NA,NA,NA,0.921023950883406
TUT7,2,0,0,0.829454435932233,NA,NA,NA,0.921144500418304
NDUFAF4,3,0,0,0.829100232326508,NA,NA,NA,0.921205717222744
ARB2A,4,0,0,0.829100232326508,NA,NA,NA,0.921363311136965
TMEM106C,3,0,0,0.829100232326508,NA,NA,NA,0.921384908832687
CSNK2A2,6,0,0,0.830321594484299,NA,NA,NA,0.921387713804635
GAR1,2,0,0,0.829100232326508,NA,NA,NA,0.921524326064723
BBS4,3,0,0,0.829100232326508,NA,NA,NA,0.921541957942715
KATNA1,2,0,0,0.830898845526164,NA,NA,NA,0.922018672604364
CERS2,2,0,0,0.831121387118811,NA,NA,NA,0.922247172221822
BDH2,5,0,0,0.831118709520438,NA,NA,NA,0.922304206011598
GOLGA2,4,0,0,0.831121387118811,NA,NA,NA,0.922357209534675
HPS1,3,0,0,0.831121387118811,NA,NA,NA,0.92239018191143
ACTR3,16,0,0,0.831586806203083,NA,NA,NA,0.922429398231233
TCTA,2,0,0,0.831121387118811,NA,NA,NA,0.922446379795445
NOL6,3,0,0,0.831513794868207,NA,NA,NA,0.922515551216131
AHCTF1,4,0,0,0.832345015429044,NA,NA,NA,0.922921570892464
RIMKLB,6,0,0,0.832916108989794,NA,NA,NA,0.923191069426507
COL5A2,8,0,0,0.833797394326367,NA,NA,NA,0.92371979130229
SPPL2A,5,0,0,0.833618686087869,NA,NA,NA,0.923730893470778
AURKA,2,0,0,0.834117725544193,NA,NA,NA,0.923993413025012
SH3YL1,2,0,0,0.834229114840549,NA,NA,NA,0.924015432142705
GOLGA3,5,0,0,0.834365411166687,NA,NA,NA,0.92404548563274
TFCP2,3,0,0,0.834320925169924,NA,NA,NA,0.924102523280172
ZNF181,2,0,0,0.834676916517674,NA,NA,NA,0.924335925826051
ADGRL4,8,0,0,0.834983557058271,NA,NA,NA,0.924705622126953
BRD3,5,0,0,0.834983557058271,NA,NA,NA,0.924790681621592
NOP14,3,0,0,0.835140433913804,NA,NA,NA,0.924835634455817
SOD2,5,0,0,0.835140433913804,NA,NA,NA,0.924876652833671
TUG1,4,0,0,0.835140433913804,NA,NA,NA,0.924967121106437
SAMD4B,5,0,0,0.834983557058271,NA,NA,NA,0.924986939811992
FER,4,0,0,0.834983557058271,NA,NA,NA,0.924993591840713
C17orf75,2,0,0,0.835140433913804,NA,NA,NA,0.925044073400654
RPS15A,2,0,0,0.835140433913804,NA,NA,NA,0.925091896678358
PRKAR1A,9,0,0,0.836052095086708,NA,NA,NA,0.925239584075148
LOC124904077,3,0,0,0.835971042486009,NA,NA,NA,0.925271726539069
ARHGAP32,3,0,0,0.836052095086708,NA,NA,NA,0.925371202663321
MKLN1,6,0,0,0.836052095086708,NA,NA,NA,0.925381362381906
UBE2B,5,0,0,0.835971042486009,NA,NA,NA,0.92548021964382
C1orf131,2,0,0,0.836784858522116,NA,NA,NA,0.925587989639526
VEZF1,4,0,0,0.836742673077893,NA,NA,NA,0.925626586103963
CENPE,2,0,0,0.836647122722405,NA,NA,NA,0.925697700031276
SPAAR,4,0,0,0.837390772890623,NA,NA,NA,0.926070128021892
LGALS3,2,0,0,0.837932846066451,NA,NA,NA,0.92618762151488
HYCC2,4,0,0,0.837932846066451,NA,NA,NA,0.92619558078587
PLEKHG1,3,0,0,0.837932846066451,NA,NA,NA,0.926364614658083
EIF2B2,2,0,0,0.837932846066451,NA,NA,NA,0.926421122870474
ZDHHC14,4,0,0,0.837932846066451,NA,NA,NA,0.926435448700327
PRPF40A,11,0,0,0.838886889112463,NA,NA,NA,0.926904966624142
KYAT1,2,0,0,0.839483983829565,NA,NA,NA,0.92701951688345
TRAK2,6,0,0,0.839483983829565,NA,NA,NA,0.927129471694608
TYW3,3,0,0,0.839483983829565,NA,NA,NA,0.927209834922724
PALLD,3,0,0,0.84000278467802,NA,NA,NA,0.927345240053524
PMS1,2,0,0,0.839483983829565,NA,NA,NA,0.927367016758947
KIAA0319L,4,0,0,0.840002801481292,NA,NA,NA,0.927436597878445
MAP2K3,2,0,0,0.840166905960291,NA,NA,NA,0.92761726452652
ZMIZ2,3,0,0,0.840837336978042,NA,NA,NA,0.928123776904598
ZC3H13,4,0,0,0.841610899647741,NA,NA,NA,0.928702229946223
UBL4A,2,0,0,0.842753986240558,NA,NA,NA,0.93010677085378
APBB2,13,0,0,0.842753986240558,NA,NA,NA,0.930276177566936
LSM6,3,0,0,0.843628679301973,NA,NA,NA,0.930827220608677
FGD6,3,0,0,0.84382616373888,NA,NA,NA,0.930978321976622
MRPS18C,2,0,0,0.844047180053888,NA,NA,NA,0.931219951714681
MRPL57,4,0,0,0.844057044391235,NA,NA,NA,0.931260780879596
EIF5B,7,0,0,0.843907655632029,NA,NA,NA,0.931262100339118
TM9SF4,3,0,0,0.844057044391235,NA,NA,NA,0.931378770332428
APH1B,2,0,0,0.845870634144875,NA,NA,NA,0.932971568518918
C19orf12,5,0,0,0.845740903270802,NA,NA,NA,0.933021221480088
FAM114A1,6,0,0,0.847149581105496,NA,NA,NA,0.933616089181786
ATL3,7,0,0,0.846976106976685,NA,NA,NA,0.933635455336856
ZNF207,8,0,0,0.846919453003105,NA,NA,NA,0.933736393288845
PPID,2,0,0,0.848793628330861,NA,NA,NA,0.935336122075676
AASS,4,0,0,0.84974935990271,NA,NA,NA,0.93543080836847
SLC20A2,4,0,0,0.848793628330861,NA,NA,NA,0.93546690150629
MBD2,4,0,0,0.84974935990271,NA,NA,NA,0.935540945366357
CDCA4,3,0,0,0.849555913536993,NA,NA,NA,0.935602506273594
BLMH,3,0,0,0.849369255811322,NA,NA,NA,0.935622086950546
LITAF,2,0,0,0.84974935990271,NA,NA,NA,0.935639439757655
GNPTAB,2,0,0,0.849555913536993,NA,NA,NA,0.935734846947287
TSNAX,2,0,0,0.84974935990271,NA,NA,NA,0.935765827967847
C12orf75,3,0,0,0.84974935990271,NA,NA,NA,0.935933701427751
ZC3H7B,4,0,0,0.850390565128184,NA,NA,NA,0.936076831707414
KCTD21,2,0,0,0.851075361168463,NA,NA,NA,0.936080212645306
CROT,3,0,0,0.84974935990271,NA,NA,NA,0.936135861374075
SESTD1,8,0,0,0.851049343419277,NA,NA,NA,0.936201063746797
ELOVL6,3,0,0,0.851049343419277,NA,NA,NA,0.936203008997958
ZNF518A,2,0,0,0.84974935990271,NA,NA,NA,0.936254506646536
HNRNPA1,4,0,0,0.851049343419277,NA,NA,NA,0.936370025399792
H6PD,3,0,0,0.84974935990271,NA,NA,NA,0.936381074056422
UBE2L3,4,0,0,0.85082660158933,NA,NA,NA,0.936383155344333
LRRC8C,3,0,0,0.851224627320164,NA,NA,NA,0.93638639391018
PFDN4,4,0,0,0.84974935990271,NA,NA,NA,0.93651518607421
CXorf38,3,0,0,0.851049343419277,NA,NA,NA,0.936518404079681
GRK6,3,0,0,0.851049343419277,NA,NA,NA,0.936568597858215
FOXK2,5,0,0,0.851049343419277,NA,NA,NA,0.936577773199306
ITPRID2,2,0,0,0.85082660158933,NA,NA,NA,0.936608299821924
ATF7IP,4,0,0,0.851767308075462,NA,NA,NA,0.936730707709214
IPO9,12,0,0,0.85082660158933,NA,NA,NA,0.936732645614915
LYRM7,6,0,0,0.851605678303963,NA,NA,NA,0.9367599056212
BIVM,3,0,0,0.852683526600198,NA,NA,NA,0.937641512184486
CENPO,2,0,0,0.852823008600558,NA,NA,NA,0.937659056785017
PTHLH,2,0,0,0.852683526600198,NA,NA,NA,0.937735568473705
NDUFA9,2,0,0,0.852659810699568,NA,NA,NA,0.937771031765044
CITED2,6,0,0,0.852659810699568,NA,NA,NA,0.937968390306374
GMNN,2,0,0,0.852659810699568,NA,NA,NA,0.938149860919547
BPHL,3,0,0,0.853058346567206,NA,NA,NA,0.938156383667142
ATOX1,2,0,0,0.853280377747771,NA,NA,NA,0.938168131709615
UBE2W,5,0,0,0.852659810699568,NA,NA,NA,0.938184243999767
ALDH1A1,2,0,0,0.854277585216773,NA,NA,NA,0.938232737641996
RRM2,5,0,0,0.854369167440354,NA,NA,NA,0.938283575282155
FDFT1,4,0,0,0.854369167440354,NA,NA,NA,0.938289062974541
ERCC4,2,0,0,0.854369167440354,NA,NA,NA,0.93830949603172
ANKRD13C,5,0,0,0.852659810699568,NA,NA,NA,0.938350450399189
S100A16,2,0,0,0.852659810699568,NA,NA,NA,0.938417824469095
ATF6,7,0,0,0.854369167440354,NA,NA,NA,0.938428077103015
KYAT3,2,0,0,0.854277585216773,NA,NA,NA,0.938432972909924
GID4,4,0,0,0.854188231449909,NA,NA,NA,0.938453631876974
ROBO3,2,0,0,0.8541804753908,NA,NA,NA,0.938589543870567
ING3,2,0,0,0.8541804753908,NA,NA,NA,0.938802035063015
NHSL2,2,0,0,0.854798396109585,NA,NA,NA,0.939479635981542
OSBPL8,7,0,0,0.855226301860151,NA,NA,NA,0.940269333824981
COL4A1,9,0,0,0.855226301860151,NA,NA,NA,0.940341091403676
GDI2,3,0,0,0.855226301860151,NA,NA,NA,0.94035472156692
RAB21,12,0,0,0.855950528988858,NA,NA,NA,0.940925256381643
NFKBIE,2,0,0,0.855950528988858,NA,NA,NA,0.940975867799446
ZMYND8,4,0,0,0.855950528988858,NA,NA,NA,0.941051079974572
RALBP1,3,0,0,0.856418832714716,NA,NA,NA,0.94128729747355
RBM8A,6,0,0,0.856544279307202,NA,NA,NA,0.94130925843157
HNRNPLL,5,0,0,0.856418832714716,NA,NA,NA,0.941364287105779
SMAD5,6,0,0,0.856418832714716,NA,NA,NA,0.941508834196767
ARMH3,2,0,0,0.856980434334907,NA,NA,NA,0.941603503747518
CCDC69,3,0,0,0.856980434334907,NA,NA,NA,0.941803335421983
RNF115,9,0,0,0.856980434334907,NA,NA,NA,0.941837666867913
COPS4,2,0,0,0.859189937015954,NA,NA,NA,0.943002809117943
SMG6,2,0,0,0.859178021164092,NA,NA,NA,0.943136921063695
NRK,2,0,0,0.859178021164092,NA,NA,NA,0.94331879541612
CEP350,3,0,0,0.859064148806405,NA,NA,NA,0.943319323640567
ATP6V0E1,2,0,0,0.859064148806405,NA,NA,NA,0.943353808396436
NIPSNAP3A,5,0,0,0.859064148806405,NA,NA,NA,0.943521567784895
MOCS3,5,0,0,0.859064148806405,NA,NA,NA,0.943672328179523
RGL1,5,0,0,0.859064148806405,NA,NA,NA,0.943829077268528
CHURC1,7,0,0,0.859901101197175,NA,NA,NA,0.944029498871929
PLS3,8,0,0,0.859901101197175,NA,NA,NA,0.944190117968492
MPHOSPH9,4,0,0,0.862162542561606,NA,NA,NA,0.945868005011376
JTB,2,0,0,0.862162542561606,NA,NA,NA,0.945956091615721
TTC21B,2,0,0,0.862162542561606,NA,NA,NA,0.946045981467253
DMXL1,2,0,0,0.862407520533714,NA,NA,NA,0.946245135135933
ME3,2,0,0,0.862921523785769,NA,NA,NA,0.946933775621459
USP9X,7,0,0,0.863197840703986,NA,NA,NA,0.947161703707264
SEPHS1,4,0,0,0.863197840703986,NA,NA,NA,0.947168382897572
BUD23,3,0,0,0.863197840703986,NA,NA,NA,0.947379617376585
PTX3,4,0,0,0.86396748444252,NA,NA,NA,0.948451038885167
TNFRSF11A,3,0,0,0.864437878957302,NA,NA,NA,0.94888653012218
SIAH1,2,0,0,0.864604505025705,NA,NA,NA,0.948937429588092
ETV5,2,0,0,0.864840835036725,NA,NA,NA,0.948978391454988
GPATCH11,5,0,0,0.864840835036725,NA,NA,NA,0.949141957251257
H2AZ2,3,0,0,0.865351473182733,NA,NA,NA,0.949194569559515
LMBRD1,2,0,0,0.865267891505274,NA,NA,NA,0.949251745904336
POMT1,2,0,0,0.865593376471154,NA,NA,NA,0.949295848753557
AGL,2,0,0,0.865788076608536,NA,NA,NA,0.949423281679637
MXRA7,2,0,0,0.865788076608536,NA,NA,NA,0.949424320329295
USP45,2,0,0,0.865788076608536,NA,NA,NA,0.94952804451547
EMC7,2,0,0,0.865893890825757,NA,NA,NA,0.949533983307447
EEF1A1,3,0,0,0.865788076608536,NA,NA,NA,0.949539663277347
FRAT2,2,0,0,0.865893890825757,NA,NA,NA,0.949660591742619
STARD4,6,0,0,0.866662331741769,NA,NA,NA,0.950413808947232
EHD3,2,0,0,0.867037840532134,NA,NA,NA,0.950523631521686
CEP112,2,0,0,0.867772448689166,NA,NA,NA,0.950585352662057
NETO2,4,0,0,0.866662331741769,NA,NA,NA,0.950623265782915
SMAD6,4,0,0,0.867986372900391,NA,NA,NA,0.95069415921949
TMEM245,6,0,0,0.867543733681007,NA,NA,NA,0.950719676118085
FBN1,4,0,0,0.867772448689166,NA,NA,NA,0.950749574147846
SNX4,2,0,0,0.869363440867992,NA,NA,NA,0.950840983574121
ANGEL1,2,0,0,0.869182230003385,NA,NA,NA,0.950991834003189
USP15,2,0,0,0.869363440867992,NA,NA,NA,0.951054480662063
RNF144B,5,0,0,0.869363440867992,NA,NA,NA,0.951073860682682
IRGQ,3,0,0,0.869182230003385,NA,NA,NA,0.9512123624744
ZNF655,2,0,0,0.868938390962999,NA,NA,NA,0.951242115640485
MSH3,3,0,0,0.869182230003385,NA,NA,NA,0.951393652849946
DZIP1,4,0,0,0.869182230003385,NA,NA,NA,0.951424080884663
MTMR6,7,0,0,0.871417995766929,NA,NA,NA,0.952800890787605
PRKAR2B,3,0,0,0.871919364540562,NA,NA,NA,0.953232986448387
SLC25A33,6,0,0,0.872050890153528,NA,NA,NA,0.953338478850963
SPC24,3,0,0,0.873037938452374,NA,NA,NA,0.953845473022048
FRMD8,2,0,0,0.873217006772814,NA,NA,NA,0.953893467760574
IL6R,2,0,0,0.873037938452374,NA,NA,NA,0.9540451188125
FLNB,3,0,0,0.873037938452374,NA,NA,NA,0.9541361548855
GALNT10,3,0,0,0.873037938452374,NA,NA,NA,0.954257881331454
GASK1B,6,0,0,0.873037938452374,NA,NA,NA,0.954296201220534
FBXO25,2,0,0,0.8736899928791,NA,NA,NA,0.954707131095161
SKP1,8,0,0,0.874416678437004,NA,NA,NA,0.955119018292099
MED28,8,0,0,0.874372729356565,NA,NA,NA,0.955176877241007
RLIG1,3,0,0,0.87460156349568,NA,NA,NA,0.955280102915829
FUBP1,2,0,0,0.875576908306651,NA,NA,NA,0.955344467949048
RRAS2,5,0,0,0.874974775159691,NA,NA,NA,0.955382949955158
SIPA1L2,4,0,0,0.875571307246734,NA,NA,NA,0.955424225505896
SOX17,3,0,0,0.875421514026097,NA,NA,NA,0.955469762232805
THAP10,2,0,0,0.875752223793989,NA,NA,NA,0.955502053124347
SUGP2,3,0,0,0.875394783115791,NA,NA,NA,0.955596904254153
PTGS2,6,0,0,0.875752223793989,NA,NA,NA,0.955713592135509
RNF217,4,0,0,0.875752223793989,NA,NA,NA,0.955815946712801
NBR1,3,0,0,0.875752223793989,NA,NA,NA,0.955904269596709
BTBD1,5,0,0,0.875752223793989,NA,NA,NA,0.95605391551139
MAP3K2,6,0,0,0.875752223793989,NA,NA,NA,0.956065017036116
XAF1,2,0,0,0.875752223793989,NA,NA,NA,0.956117460185976
ABRAXAS1,3,0,0,0.876653002958087,NA,NA,NA,0.956448749656446
EXT1,6,0,0,0.877243255629445,NA,NA,NA,0.95702457807287
PRRT3,2,0,0,0.877243255629445,NA,NA,NA,0.95714289859914
DIPK1A,2,0,0,0.877747751147318,NA,NA,NA,0.957148208681127
GJA1,3,0,0,0.877671647421013,NA,NA,NA,0.957243186798406
NAP1L5,2,0,0,0.877243255629445,NA,NA,NA,0.957361920374387
CKAP4,5,0,0,0.879287333207158,NA,NA,NA,0.958726802179559
SFT2D1,3,0,0,0.880062745208017,NA,NA,NA,0.958976976215477
TOMM20,6,0,0,0.880074589410324,NA,NA,NA,0.95901133944844
NID1,2,0,0,0.880074589410324,NA,NA,NA,0.959116046886779
ABRACL,3,0,0,0.880062745208017,NA,NA,NA,0.959170838413534
C9orf85,2,0,0,0.880039774368729,NA,NA,NA,0.95917382065755
PGAP1,4,0,0,0.879965695020677,NA,NA,NA,0.959259482666129
CCDC88A,6,0,0,0.880074589410324,NA,NA,NA,0.95927826294078
NDST1,3,0,0,0.880266613142089,NA,NA,NA,0.959319734845907
MAPRE2,5,0,0,0.881337115704427,NA,NA,NA,0.959955331864321
PPIH,2,0,0,0.88141860314173,NA,NA,NA,0.959962611036696
ANP32E,3,0,0,0.881968829275681,NA,NA,NA,0.960058493205609
KIF18B,2,0,0,0.881889179762099,NA,NA,NA,0.960061566757901
FLYWCH1,2,0,0,0.881889179762099,NA,NA,NA,0.960170300660859
KIFBP,2,0,0,0.881968829275681,NA,NA,NA,0.96024540932092
UBE2H,7,0,0,0.881889179762099,NA,NA,NA,0.960317446789081
ELMOD2,3,0,0,0.881889179762099,NA,NA,NA,0.960336662405321
FBXL2,2,0,0,0.882494140868065,NA,NA,NA,0.960425138641069
ZNF12,2,0,0,0.882768563468567,NA,NA,NA,0.960537258479202
FST,2,0,0,0.883710173858446,NA,NA,NA,0.960580000746628
MTRFR,2,0,0,0.882957164312926,NA,NA,NA,0.960593203505789
MASTL,3,0,0,0.882494140868065,NA,NA,NA,0.960644167650726
MYADM,5,0,0,0.883616298823456,NA,NA,NA,0.960664514209784
CFLAR,8,0,0,0.883574213372316,NA,NA,NA,0.96078283479681
RNF114,2,0,0,0.883574213372316,NA,NA,NA,0.960985993856812
METTL9,3,0,0,0.885869190157397,NA,NA,NA,0.961038993060455
PIGN,2,0,0,0.888412593344956,NA,NA,NA,0.961246480369564
ZNF451,2,0,0,0.885869190157397,NA,NA,NA,0.961260904160898
IDE,7,0,0,0.884600836261869,NA,NA,NA,0.961271289055737
FBLIM1,4,0,0,0.886979539419588,NA,NA,NA,0.961283493274517
INSR,3,0,0,0.884561203914022,NA,NA,NA,0.961294526136262
SUDS3,4,0,0,0.888723226414375,NA,NA,NA,0.961301125713266
RABGGTB,2,0,0,0.885629021079448,NA,NA,NA,0.961320167993848
GOLT1B,4,0,0,0.88490017929868,NA,NA,NA,0.961320234200092
CDK2AP1,3,0,0,0.88833871205819,NA,NA,NA,0.961344257846139
FAM161B,3,0,0,0.884561203914022,NA,NA,NA,0.961384843020277
ZNF260,3,0,0,0.888208051209704,NA,NA,NA,0.961405481624785
DEPDC1,2,0,0,0.885869190157397,NA,NA,NA,0.961438995117748
IFITM3,2,0,0,0.886979539419588,NA,NA,NA,0.96145956616895
SDHAF4,2,0,0,0.889190078972943,NA,NA,NA,0.961467900509226
MANF,3,0,0,0.885629021079448,NA,NA,NA,0.96147228833724
GBP3,2,0,0,0.887420733604381,NA,NA,NA,0.961484450662144
KLHL20,2,0,0,0.885277300801409,NA,NA,NA,0.961497874956592
SLC9A6,3,0,0,0.888138950693098,NA,NA,NA,0.961506394601641
ATP6AP2,3,0,0,0.88542756987975,NA,NA,NA,0.96153533874904
ZBTB5,2,0,0,0.88542756987975,NA,NA,NA,0.961538339522734
HADHA,3,0,0,0.886938399639504,NA,NA,NA,0.961548080897227
LRP12,3,0,0,0.885629021079448,NA,NA,NA,0.961558791892929
AP3M2,3,0,0,0.888099607684807,NA,NA,NA,0.961626528035705
FMNL3,4,0,0,0.885629021079448,NA,NA,NA,0.961657748810685
RANBP10,2,0,0,0.886698906618899,NA,NA,NA,0.961664716869847
SLC17A5,3,0,0,0.889190078972943,NA,NA,NA,0.96166835127303
MATN3,2,0,0,0.888797792231298,NA,NA,NA,0.961683530658535
CA5B,4,0,0,0.887420733604381,NA,NA,NA,0.961700019542096
RBM19,2,0,0,0.886938399639504,NA,NA,NA,0.9617198356135
PDE4A,3,0,0,0.889190078972943,NA,NA,NA,0.961721812314548
RAD23A,2,0,0,0.886938399639504,NA,NA,NA,0.961731104231221
DHFR,5,0,0,0.889293931031255,NA,NA,NA,0.961738863222766
DNMBP,2,0,0,0.888893107577543,NA,NA,NA,0.961751033744734
GRWD1,3,0,0,0.888099607684807,NA,NA,NA,0.96178531179322
SYT5,2,0,0,0.887915992661842,NA,NA,NA,0.961795893561471
OGT,4,0,0,0.888797792231298,NA,NA,NA,0.961810813851995
CAV2,11,0,0,0.886938399639504,NA,NA,NA,0.961836787444198
PNPT1,5,0,0,0.889190078972943,NA,NA,NA,0.961839601998526
PPP2R2D,2,0,0,0.889190078972943,NA,NA,NA,0.96185585906163
RCOR3,4,0,0,0.889108070364176,NA,NA,NA,0.961899780367208
TMEM260,3,0,0,0.887862663913985,NA,NA,NA,0.9619013492614
UBASH3B,6,0,0,0.887915992661842,NA,NA,NA,0.961934698626712
ELAVL1,7,0,0,0.889190078972943,NA,NA,NA,0.961983783246484
INPP5A,2,0,0,0.888797792231298,NA,NA,NA,0.962030685163522
ABHD6,2,0,0,0.887862663913985,NA,NA,NA,0.962084724431628
BLOC1S6,4,0,0,0.887862663913985,NA,NA,NA,0.962146186189829
LRRC32,2,0,0,0.891651942790801,NA,NA,NA,0.963747713064687
UNKL,3,0,0,0.891651942790801,NA,NA,NA,0.963763381527033
TRAPPC2L,2,0,0,0.891679520862225,NA,NA,NA,0.964068043846756
BNIP2,3,0,0,0.891773704406355,NA,NA,NA,0.96408034073568
TRAF3,2,0,0,0.891773704406355,NA,NA,NA,0.964121493437042
INF2,3,0,0,0.891957436060827,NA,NA,NA,0.964128059709605
AP4S1,3,0,0,0.892388482063196,NA,NA,NA,0.964520151702191
VASP,4,0,0,0.89266455244263,NA,NA,NA,0.964977053068164
DCAF5,7,0,0,0.89266455244263,NA,NA,NA,0.965087686071881
SCYL3,4,0,0,0.89266455244263,NA,NA,NA,0.965216055761374
GTF3C3,6,0,0,0.893443919614926,NA,NA,NA,0.965715353387408
CBX3,5,0,0,0.893740648262749,NA,NA,NA,0.965763449668628
BBS7,3,0,0,0.893740648262749,NA,NA,NA,0.965961660231161
ANKFY1,4,0,0,0.894466589938294,NA,NA,NA,0.966230797840847
PLAGL1,2,0,0,0.896419755972484,NA,NA,NA,0.966285855433877
ZMIZ1,4,0,0,0.896388440200709,NA,NA,NA,0.966379141409944
AP3D1,3,0,0,0.896402422059445,NA,NA,NA,0.966392389655078
HIVEP2,2,0,0,0.895145914487945,NA,NA,NA,0.966500989451982
DNAJC18,2,0,0,0.895294411302991,NA,NA,NA,0.966554604304827
IPO11,3,0,0,0.896388440200709,NA,NA,NA,0.966555647438535
COPA,7,0,0,0.895145914487945,NA,NA,NA,0.966606795203836
TTC39C,2,0,0,0.895145914487945,NA,NA,NA,0.966720321913331
TARS3,2,0,0,0.895818115059212,NA,NA,NA,0.966740513381906
MAP4K2,5,0,0,0.896388440200709,NA,NA,NA,0.966741445873883
LRP10,7,0,0,0.896152838503846,NA,NA,NA,0.96681092123255
MARCKSL1,2,0,0,0.896064876287177,NA,NA,NA,0.966854851831143
LANCL2,2,0,0,0.895145914487945,NA,NA,NA,0.966914295285967
CSGALNACT2,2,0,0,0.896388440200709,NA,NA,NA,0.966956867173096
PHLDA1,9,0,0,0.896388440200709,NA,NA,NA,0.966962351427689
MTARC2,2,0,0,0.896977971283332,NA,NA,NA,0.966990565005612
SIRPA,4,0,0,0.897383959229864,NA,NA,NA,0.967175905183016
NCOA7,5,0,0,0.898216916346305,NA,NA,NA,0.967530809734146
NFIC,5,0,0,0.898216916346305,NA,NA,NA,0.967699925564582
RPL28,4,0,0,0.899499981019474,NA,NA,NA,0.968107974963256
TCF7L2,3,0,0,0.898806251428766,NA,NA,NA,0.968162826257201
ACVR2A,3,0,0,0.898806251428766,NA,NA,NA,0.968170097678209
ANKRD40,3,0,0,0.900032398786463,NA,NA,NA,0.968204167148962
SERINC1,4,0,0,0.899462251971954,NA,NA,NA,0.968230836524478
DICER1,5,0,0,0.899323978413769,NA,NA,NA,0.96824511183283
SEC22C,4,0,0,0.899972584879831,NA,NA,NA,0.968258271781536
QSOX1,3,0,0,0.899323978413769,NA,NA,NA,0.968287947519331
RNASEH1,3,0,0,0.899323978413769,NA,NA,NA,0.968373978507447
NCBP3,6,0,0,0.899323978413769,NA,NA,NA,0.968386898560514
SNX2,3,0,0,0.899462251971954,NA,NA,NA,0.968389281203221
FSTL3,4,0,0,0.899323159843874,NA,NA,NA,0.968419888729643
SLC25A11,4,0,0,0.899323978413769,NA,NA,NA,0.968428021088251
RTN3,4,0,0,0.899323978413769,NA,NA,NA,0.968484898922699
METRNL,2,0,0,0.899323159843874,NA,NA,NA,0.968486094798723
CTBS,4,0,0,0.901412319510077,NA,NA,NA,0.96860031754442
TBC1D12,3,0,0,0.901382515024307,NA,NA,NA,0.968654492764443
TRA2B,4,0,0,0.900499344702371,NA,NA,NA,0.968672098466909
ZMYM4,5,0,0,0.901100150429318,NA,NA,NA,0.968701618164607
ACSL4,3,0,0,0.901100150429318,NA,NA,NA,0.96878648394461
SNAPC5,4,0,0,0.90161179099449,NA,NA,NA,0.968801061971372
QDPR,4,0,0,0.901382515024307,NA,NA,NA,0.968811148870689
SLC41A2,2,0,0,0.901100150429318,NA,NA,NA,0.968819119004799
CCDC47,4,0,0,0.901684536316787,NA,NA,NA,0.968846835593934
GDF6,4,0,0,0.901100150429318,NA,NA,NA,0.968851408716175
XRRA1,2,0,0,0.900499344702371,NA,NA,NA,0.968865107378431
CDC42EP3,5,0,0,0.900499344702371,NA,NA,NA,0.968879081577032
ETV6,3,0,0,0.901307458234859,NA,NA,NA,0.968894929302466
MRRF,3,0,0,0.901029159971422,NA,NA,NA,0.968933617805573
CES2,3,0,0,0.901382515024307,NA,NA,NA,0.96894051646036
TMBIM4,5,0,0,0.90161179099449,NA,NA,NA,0.968944164748496
NDUFAF6,2,0,0,0.90161179099449,NA,NA,NA,0.968975319048152
SNPH,2,0,0,0.901100150429318,NA,NA,NA,0.968993813494859
ZNF566,3,0,0,0.901382515024307,NA,NA,NA,0.969021100623221
RPL32,2,0,0,0.901382515024307,NA,NA,NA,0.969092857821531
PACC1,2,0,0,0.901029159971422,NA,NA,NA,0.969128328604186
LHFPL6,3,0,0,0.90161179099449,NA,NA,NA,0.969175836186764
CHUK,2,0,0,0.901382515024307,NA,NA,NA,0.96921672909817
PRPF4,4,0,0,0.901382515024307,NA,NA,NA,0.969296349904779
KDM4B,3,0,0,0.902788924875188,NA,NA,NA,0.970571016203099
TNFAIP3,3,0,0,0.902784125869651,NA,NA,NA,0.970610932339365
MRPL44,2,0,0,0.902805677178726,NA,NA,NA,0.970734171669902
ZPR1,7,0,0,0.903357295664692,NA,NA,NA,0.970833745387704
CCN1,4,0,0,0.903277523040501,NA,NA,NA,0.970931268973005
ARID1B,6,0,0,0.902805677178726,NA,NA,NA,0.970932475256745
THRA,2,0,0,0.903062238505853,NA,NA,NA,0.970955736677631
PPP2R3A,3,0,0,0.902805677178726,NA,NA,NA,0.971020978755928
PRKACB,3,0,0,0.903273444320478,NA,NA,NA,0.971075835257054
GDPD1,2,0,0,0.903062238505853,NA,NA,NA,0.971118318336338
ALKBH7,2,0,0,0.904157681334643,NA,NA,NA,0.971251382715274
DHCR7,2,0,0,0.904102535531821,NA,NA,NA,0.971364323136333
RPL36A,2,0,0,0.904102535531821,NA,NA,NA,0.971527935606509
NR2F2,9,0,0,0.904102535531821,NA,NA,NA,0.97155827111255
MTERF1,2,0,0,0.90461713318333,NA,NA,NA,0.971897357366628
VIRMA,2,0,0,0.905107986112072,NA,NA,NA,0.972178641538227
TM4SF1,5,0,0,0.905474846246891,NA,NA,NA,0.972254868390771
BLTP3B,2,0,0,0.905564590334348,NA,NA,NA,0.972290976385048
C1orf52,5,0,0,0.9054214297888,NA,NA,NA,0.972291369078848
CAVIN4,2,0,0,0.905107986112072,NA,NA,NA,0.972309851810104
STAG2,4,0,0,0.905107986112072,NA,NA,NA,0.972382769845815
NFATC3,6,0,0,0.905107986112072,NA,NA,NA,0.972402227393903
MCMBP,5,0,0,0.905874264205746,NA,NA,NA,0.972490021995514
EIF4G3,4,0,0,0.905107986112072,NA,NA,NA,0.972534308782693
PLPP1,2,0,0,0.905107986112072,NA,NA,NA,0.972540542612914
ZNF384,2,0,0,0.905107986112072,NA,NA,NA,0.972702526631881
NOTCH1,2,0,0,0.905107986112072,NA,NA,NA,0.972872925130712
LYPLAL1,2,0,0,0.905107986112072,NA,NA,NA,0.973056378685957
HES2,3,0,0,0.907369934791668,NA,NA,NA,0.97361739188725
TMEM150C,2,0,0,0.907369934791668,NA,NA,NA,0.973704297892109
BCORL1,2,0,0,0.907292430607974,NA,NA,NA,0.973721198593
AFF4,6,0,0,0.907111158782462,NA,NA,NA,0.973757310374337
DYRK1A,3,0,0,0.907666129313183,NA,NA,NA,0.973941034267658
SLC22A23,3,0,0,0.907752836380063,NA,NA,NA,0.973951380880896
TLE3,4,0,0,0.907666129313183,NA,NA,NA,0.973975582692284
YKT6,2,0,0,0.909155264423945,NA,NA,NA,0.974592031418363
ERP44,5,0,0,0.908715243306646,NA,NA,NA,0.974672106857371
TEX30,3,0,0,0.909155264423945,NA,NA,NA,0.974704112134367
DACT1,2,0,0,0.909155264423945,NA,NA,NA,0.974826691957147
TDRP,3,0,0,0.909075721071756,NA,NA,NA,0.974843892376614
BCAR3,2,0,0,0.908715243306646,NA,NA,NA,0.974850783569065
FHIP2A,3,0,0,0.909075721071756,NA,NA,NA,0.974916689834332
AP5Z1,2,0,0,0.909075721071756,NA,NA,NA,0.974981559325093
TMEM38A,2,0,0,0.910642890454239,NA,NA,NA,0.976473167705127
ABI2,7,0,0,0.910663705007962,NA,NA,NA,0.976601082979962
DNAJC16,3,0,0,0.910642890454239,NA,NA,NA,0.976610912667797
PRPF38A,6,0,0,0.910568392132954,NA,NA,NA,0.976662161573512
RSL24D1,4,0,0,0.910953187096153,NA,NA,NA,0.976723818816689
USP4,4,0,0,0.911290836347257,NA,NA,NA,0.976843185701606
SRPRB,6,0,0,0.911290836347257,NA,NA,NA,0.976877332547578
SMARCA1,2,0,0,0.911290836347257,NA,NA,NA,0.976880746652482
MRPS16,3,0,0,0.910953187096153,NA,NA,NA,0.976919698053664
MRPS18A,3,0,0,0.911348128363487,NA,NA,NA,0.977001301326572
ZNF764,2,0,0,0.911290836347257,NA,NA,NA,0.977032715719408
IGF2,3,0,0,0.911290836347257,NA,NA,NA,0.977048153242707
ALG3,2,0,0,0.911290836347257,NA,NA,NA,0.977070140754173
RBPJ,2,0,0,0.911290836347257,NA,NA,NA,0.977221996709839
CTDSP2,2,0,0,0.911920454131027,NA,NA,NA,0.977244016359025
JADE1,4,0,0,0.911796151403987,NA,NA,NA,0.97728154619413
TTL,5,0,0,0.912297319113485,NA,NA,NA,0.977536096347073
TUBA1A,2,0,0,0.912394339276575,NA,NA,NA,0.977660066071854
TFRC,3,0,0,0.912447843473181,NA,NA,NA,0.977791380740464
PKD2,3,0,0,0.912435188528116,NA,NA,NA,0.977856254829215
MNT,2,0,0,0.912435188528116,NA,NA,NA,0.977914548359172
SAMD8,5,0,0,0.913110954075424,NA,NA,NA,0.977930770518775
CASKIN2,2,0,0,0.912435188528116,NA,NA,NA,0.978030699320746
TMED4,3,0,0,0.912435188528116,NA,NA,NA,0.978047556033677
UQCC6,4,0,0,0.913110954075424,NA,NA,NA,0.978128207547278
ITGA2,4,0,0,0.913320110170389,NA,NA,NA,0.978149860604983
PCMT1,3,0,0,0.913110954075424,NA,NA,NA,0.978333240248372
UBXN7,5,0,0,0.914540621785565,NA,NA,NA,0.978852328737722
ACSL3,4,0,0,0.913939177740886,NA,NA,NA,0.97885324057118
CARHSP1,3,0,0,0.914540621785565,NA,NA,NA,0.978873910281752
PCLAF,4,0,0,0.914304624028334,NA,NA,NA,0.978925388950133
STYX,9,0,0,0.914540621785565,NA,NA,NA,0.978997217409078
NCOA4,5,0,0,0.913939177740886,NA,NA,NA,0.979013927494728
PTPRE,4,0,0,0.915063155694964,NA,NA,NA,0.979257765407103
HP1BP3,4,0,0,0.914843663023769,NA,NA,NA,0.979283687060728
EEA1,7,0,0,0.914920893602765,NA,NA,NA,0.979320777592389
GSTA4,2,0,0,0.915577771596109,NA,NA,NA,0.979419107702282
ZNF362,2,0,0,0.91604165935574,NA,NA,NA,0.979576419060328
TMEM167B,2,0,0,0.91588198496157,NA,NA,NA,0.97965234324234
PDE5A,2,0,0,0.91604165935574,NA,NA,NA,0.979680166600929
FAM8A1,5,0,0,0.91604165935574,NA,NA,NA,0.97983992841554
SFXN1,9,0,0,0.91588198496157,NA,NA,NA,0.979864734234373
TIGAR,5,0,0,0.91604165935574,NA,NA,NA,0.979928284542652
TOX,5,0,0,0.91604165935574,NA,NA,NA,0.97995065021899
GALNT4,2,0,0,0.91604165935574,NA,NA,NA,0.97998710786587
CLIP4,5,0,0,0.91604165935574,NA,NA,NA,0.980143348349312
ZWILCH,4,0,0,0.91604165935574,NA,NA,NA,0.980147263628402
SENP5,3,0,0,0.916727682768714,NA,NA,NA,0.980402578866482
UBE2I,3,0,0,0.916727682768714,NA,NA,NA,0.980511457891465
ZNF766,3,0,0,0.916867703075376,NA,NA,NA,0.980563984544834
EXOSC3,2,0,0,0.916867703075376,NA,NA,NA,0.980641960087738
CERK,3,0,0,0.918272782785017,NA,NA,NA,0.982065287933571
GPRC5B,2,0,0,0.918272782785017,NA,NA,NA,0.982070635773099
PDIA6,3,0,0,0.921238868277769,NA,NA,NA,0.983425569087374
PDIA3,6,0,0,0.921238868277769,NA,NA,NA,0.983589904942379
ERGIC1,5,0,0,0.921238868277769,NA,NA,NA,0.983726937384489
ARFGEF3,4,0,0,0.921238868277769,NA,NA,NA,0.983728310270961
EHBP1,2,0,0,0.921238868277769,NA,NA,NA,0.983844363979384
PGAP6,3,0,0,0.921046418705282,NA,NA,NA,0.983936720290922
PERP,4,0,0,0.921238868277769,NA,NA,NA,0.98394319380045
NT5C3A,2,0,0,0.921116838269467,NA,NA,NA,0.983959978494462
BRI3BP,4,0,0,0.921116838269467,NA,NA,NA,0.984020717346093
POSTN,2,0,0,0.921116838269467,NA,NA,NA,0.984039151007415
SMCHD1,3,0,0,0.921238868277769,NA,NA,NA,0.984076442427136
MAP3K1,3,0,0,0.921238868277769,NA,NA,NA,0.984077035333741
ZSCAN31,2,0,0,0.921032385742594,NA,NA,NA,0.984078271313798
CCDC59,3,0,0,0.920550400284556,NA,NA,NA,0.984130247450872
PNPO,2,0,0,0.921116838269467,NA,NA,NA,0.984137375082683
ANKRD28,3,0,0,0.921028799989809,NA,NA,NA,0.984157701579145
DDX6,2,0,0,0.922474672685542,NA,NA,NA,0.984166412353994
C15orf61,3,0,0,0.920870253935284,NA,NA,NA,0.984204508956176
ZNF202,2,0,0,0.921116838269467,NA,NA,NA,0.984213442704465
MBTPS2,2,0,0,0.922296058406673,NA,NA,NA,0.984253219042951
SDC1,2,0,0,0.920550400284556,NA,NA,NA,0.984257145963818
ITGA11,2,0,0,0.921238868277769,NA,NA,NA,0.984269208100619
CRISPLD1,3,0,0,0.922405982309555,NA,NA,NA,0.984272070875385
SNX9,3,0,0,0.922474672685542,NA,NA,NA,0.984345692357898
TBC1D20,3,0,0,0.920870253935284,NA,NA,NA,0.984345786746156
CDH2,6,0,0,0.920870253935284,NA,NA,NA,0.984434912916454
NBN,3,0,0,0.924045287638757,NA,NA,NA,0.984761945697394
FOXC1,3,0,0,0.924045287638757,NA,NA,NA,0.984774646231979
PBRM1,7,0,0,0.923875515730096,NA,NA,NA,0.984881323743989
KLHDC2,2,0,0,0.923436367782146,NA,NA,NA,0.984890934424935
RAB11FIP1,3,0,0,0.923875515730096,NA,NA,NA,0.984901649270766
ETV1,2,0,0,0.923669580576445,NA,NA,NA,0.984930662490843
ELFN1,2,0,0,0.924045287638757,NA,NA,NA,0.984939908358677
TMSB10,2,0,0,0.923565947539994,NA,NA,NA,0.984952159918543
NUB1,2,0,0,0.924045287638757,NA,NA,NA,0.984961890029912
FOXO1,5,0,0,0.923875515730096,NA,NA,NA,0.984975120568547
MMP14,3,0,0,0.923436367782146,NA,NA,NA,0.985016764965495
HMGCR,6,0,0,0.925199027845621,NA,NA,NA,0.985028012804512
TUB,2,0,0,0.924428956254239,NA,NA,NA,0.985037995447828
UBIAD1,3,0,0,0.924045287638757,NA,NA,NA,0.985051299428488
RMND5B,2,0,0,0.924045287638757,NA,NA,NA,0.985054181406305
TGIF1,2,0,0,0.925029116933963,NA,NA,NA,0.985055847954064
ENPP4,5,0,0,0.924045287638757,NA,NA,NA,0.985117709294771
SLBP,2,0,0,0.924428956254239,NA,NA,NA,0.985122159209657
INPPL1,3,0,0,0.923336202271167,NA,NA,NA,0.985146932347859
NABP1,2,0,0,0.925199027845621,NA,NA,NA,0.98515537242709
CLPB,9,0,0,0.923436367782146,NA,NA,NA,0.985165456589653
GATA2,2,0,0,0.923252825167547,NA,NA,NA,0.985180255926727
TMEM276-ZFTRAF1,2,0,0,0.924045287638757,NA,NA,NA,0.9851939090458
IRAK2,2,0,0,0.925199027845621,NA,NA,NA,0.985200413606534
MAPKAPK2,2,0,0,0.924045287638757,NA,NA,NA,0.98524436596131
NOL11,2,0,0,0.925029116933963,NA,NA,NA,0.985268117100954
DDOST,2,0,0,0.92502657047959,NA,NA,NA,0.985339247021191
TSPAN14,6,0,0,0.924816771062172,NA,NA,NA,0.985349748335983
PPM1K,4,0,0,0.925199027845621,NA,NA,NA,0.985356769668709
SBF2,2,0,0,0.926171694084888,NA,NA,NA,0.985950199685438
WHAMM,2,0,0,0.926171694084888,NA,NA,NA,0.986055174776315
NAGK,2,0,0,0.926171694084888,NA,NA,NA,0.986260978365107
RNF152,2,0,0,0.927287051250077,NA,NA,NA,0.986887200967526
TMEM241,2,0,0,0.928266232375338,NA,NA,NA,0.987439954184949
PTGFRN,3,0,0,0.928569383520932,NA,NA,NA,0.98766438238879
HOXA4,2,0,0,0.929517158827188,NA,NA,NA,0.988395386332218
CAMKK2,4,0,0,0.929918962365168,NA,NA,NA,0.98861019617654
TSPYL1,3,0,0,0.930334127970553,NA,NA,NA,0.988899610376709
GRK5,4,0,0,0.931960495182889,NA,NA,NA,0.989222396064798
NUMBL,3,0,0,0.932515836478759,NA,NA,NA,0.989312180733703
SLC12A2,3,0,0,0.932187861600377,NA,NA,NA,0.989401859653007
PPP3CA,6,0,0,0.931960495182889,NA,NA,NA,0.989412199092371
UQCR11,4,0,0,0.931960495182889,NA,NA,NA,0.989433592871828
EFCAB11,3,0,0,0.932247125058894,NA,NA,NA,0.989450350995825
LEPROT,5,0,0,0.932515836478759,NA,NA,NA,0.989481295831616
KHNYN,3,0,0,0.932415658896861,NA,NA,NA,0.989527417139539
SNRPD1,3,0,0,0.931921813465338,NA,NA,NA,0.989532436464709
AMACR,3,0,0,0.931735153279733,NA,NA,NA,0.989594892455873
HSPA9,6,0,0,0.931960495182889,NA,NA,NA,0.989600934740859
JAZF1,2,0,0,0.931921813465338,NA,NA,NA,0.989633851755285
COMMD5,2,0,0,0.931681144533538,NA,NA,NA,0.989734027593278
TMX1,8,0,0,0.931960495182889,NA,NA,NA,0.989744574029465
MTFR1,4,0,0,0.931735153279733,NA,NA,NA,0.989786764481782
SRI,3,0,0,0.931502991254715,NA,NA,NA,0.989801223843891
GADD45A,3,0,0,0.931681144533538,NA,NA,NA,0.989935512226959
PTPRA,3,0,0,0.931502991254715,NA,NA,NA,0.989972258888827
ELAPOR2,7,0,0,0.934042657998898,NA,NA,NA,0.990767246000112
LIMS1,7,0,0,0.934042657998898,NA,NA,NA,0.990783423575173
TENT4A,2,0,0,0.934042657998898,NA,NA,NA,0.990927919798578
GTSE1,2,0,0,0.934042657998898,NA,NA,NA,0.990989233882053
CCDC174,4,0,0,0.934042657998898,NA,NA,NA,0.991077631945601
NXN,4,0,0,0.934042657998898,NA,NA,NA,0.99121075334495
HBS1L,2,0,0,0.934561430741442,NA,NA,NA,0.991529456432902
TXNIP,2,0,0,0.935272105406685,NA,NA,NA,0.991911921186244
CCDC6,2,0,0,0.935604591662206,NA,NA,NA,0.992080312000933
BTRC,3,0,0,0.935272105406685,NA,NA,NA,0.992126419433924
PALMD,4,0,0,0.936482833415459,NA,NA,NA,0.992560644376106
SAMD1,2,0,0,0.936960037785741,NA,NA,NA,0.992785061788757
DERL1,4,0,0,0.936960037785741,NA,NA,NA,0.992958798281396
PILRB,2,0,0,0.936960037785741,NA,NA,NA,0.993111971608944
TTI2,2,0,0,0.936889542697204,NA,NA,NA,0.99319955747468
ARFRP1,3,0,0,0.937561266880586,NA,NA,NA,0.993221238491485
WARS1,5,0,0,0.936889542697204,NA,NA,NA,0.993295539974985
EPB41L4A,2,0,0,0.938011953019122,NA,NA,NA,0.99340336463209
SON,3,0,0,0.938357851557351,NA,NA,NA,0.993577207368534
DSC3,3,0,0,0.939666217995501,NA,NA,NA,0.993755280074401
MCPH1,3,0,0,0.939246974647429,NA,NA,NA,0.993820451558958
CCNA2,3,0,0,0.939053710585325,NA,NA,NA,0.993862295496726
ARL6IP1,3,0,0,0.939604980900072,NA,NA,NA,0.993872159981911
ITGA6,3,0,0,0.938890389732997,NA,NA,NA,0.993873928081663
XRCC2,2,0,0,0.93985959101704,NA,NA,NA,0.993905549562764
AAK1,2,0,0,0.939948473258282,NA,NA,NA,0.993932325556767
PTPRB,5,0,0,0.94022730429393,NA,NA,NA,0.994053593355372
PET117,2,0,0,0.941709123090068,NA,NA,NA,0.994419141184464
ELAC1,2,0,0,0.941617568658719,NA,NA,NA,0.994502463479377
NR2F1,3,0,0,0.941617568658719,NA,NA,NA,0.994696432744267
KPNA2,2,0,0,0.941512493258359,NA,NA,NA,0.994746604853808
CD40,3,0,0,0.941249594787465,NA,NA,NA,0.994749677694644
CTDSPL,3,0,0,0.941709123090068,NA,NA,NA,0.994777107680715
STK36,2,0,0,0.941709123090068,NA,NA,NA,0.994886745825032
TBC1D9,4,0,0,0.941709123090068,NA,NA,NA,0.994981128693282
UBE2G2,4,0,0,0.941786255461911,NA,NA,NA,0.995023464914861
TUBE1,2,0,0,0.941709123090068,NA,NA,NA,0.995130339146553
MOSPD1,4,0,0,0.942266290708865,NA,NA,NA,0.995332696078065
APPBP2,3,0,0,0.942459316699074,NA,NA,NA,0.995391145190374
ERC1,2,0,0,0.942459316699074,NA,NA,NA,0.995542948619662
ARHGEF17,3,0,0,0.943226645000492,NA,NA,NA,0.995950003473346
MFAP3,7,0,0,0.944363117502029,NA,NA,NA,0.996177535389041
GLO1,4,0,0,0.944718728179537,NA,NA,NA,0.996224698169375
COX11,5,0,0,0.944052305371901,NA,NA,NA,0.996233778914937
ATP2A2,4,0,0,0.944211592643987,NA,NA,NA,0.996244687870396
VPS29,5,0,0,0.943686327666625,NA,NA,NA,0.996269509037293
ZNF514,3,0,0,0.943686327666625,NA,NA,NA,0.996297415638508
KMT5B,4,0,0,0.944039441277243,NA,NA,NA,0.996378710996275
DDX19B,2,0,0,0.944211592643987,NA,NA,NA,0.996424286551664
PSMC6,4,0,0,0.943686327666625,NA,NA,NA,0.996434026506706
PRUNE2,3,0,0,0.944211592643987,NA,NA,NA,0.996468745279355
ASCC3,3,0,0,0.943686327666625,NA,NA,NA,0.996484045928032
MTMR9,3,0,0,0.946013591884138,NA,NA,NA,0.997039543811236
TRIO,3,0,0,0.946250846706032,NA,NA,NA,0.997055164413439
SIAE,2,0,0,0.946250846706032,NA,NA,NA,0.997080493238045
ROCK2,6,0,0,0.945789108117566,NA,NA,NA,0.99710500501528
AGPAT3,8,0,0,0.946250846706032,NA,NA,NA,0.997111754026975
CCNL1,2,0,0,0.946250846706032,NA,NA,NA,0.997185757777218
SF3A3,4,0,0,0.946155679309516,NA,NA,NA,0.997189574443849
HERC3,4,0,0,0.946013591884138,NA,NA,NA,0.997211391512509
PTP4A1,3,0,0,0.945789108117566,NA,NA,NA,0.99723522731382
SEC16A,2,0,0,0.946486034647792,NA,NA,NA,0.997236311656933
HSPE1-MOB4,3,0,0,0.946155679309516,NA,NA,NA,0.997277691034193
ZNF420,3,0,0,0.945789108117566,NA,NA,NA,0.997383707334639
COL3A1,3,0,0,0.945789108117566,NA,NA,NA,0.997574352871987
USF3,2,0,0,0.946975226967678,NA,NA,NA,0.997690738043691
TUT4,2,0,0,0.946975226967678,NA,NA,NA,0.997706255053104
SVBP,3,0,0,0.947089222849464,NA,NA,NA,0.997787548993155
SMIM7,3,0,0,0.946975226967678,NA,NA,NA,0.997817211001156
DNASE2,4,0,0,0.947501403831408,NA,NA,NA,0.997862445240881
HOMEZ,2,0,0,0.947089222849464,NA,NA,NA,0.997961047130424
ELOVL4,2,0,0,0.947501403831408,NA,NA,NA,0.998052596927986
PCMTD1,3,0,0,0.947501403831408,NA,NA,NA,0.998062158320182
POT1,2,0,0,0.947089222849464,NA,NA,NA,0.998130906888755
ESS2,3,0,0,0.947895327466598,NA,NA,NA,0.998157649264227
DIPK1B,4,0,0,0.947501403831408,NA,NA,NA,0.998170171877807
SLC30A6,6,0,0,0.947501403831408,NA,NA,NA,0.998230492239956
PWP2,2,0,0,0.948444106575223,NA,NA,NA,0.99824555679627
UQCRB,7,0,0,0.948188994668311,NA,NA,NA,0.99824734949067
MRPS17,3,0,0,0.949283097474326,NA,NA,NA,0.998732509585071
COL27A1,2,0,0,0.949755632550418,NA,NA,NA,0.998982778033329
SLC37A3,3,0,0,0.950136335764699,NA,NA,NA,0.999329387240578
SLC49A4,3,0,0,0.950624876438607,NA,NA,NA,0.999356642174616
MRAS,3,0,0,0.950434545954329,NA,NA,NA,0.999402650748501
CMPK1,4,0,0,0.950624876438607,NA,NA,NA,0.999521289573611
METTL6,2,0,0,0.951551431902278,NA,NA,NA,0.999622510966516
KDM4A,2,0,0,0.950624876438607,NA,NA,NA,0.99963615018235
SYF2,3,0,0,0.951358063223806,NA,NA,NA,0.99966887027357
FBXL17,3,0,0,0.952350847275186,NA,NA,NA,0.999710156701424
ADSL,6,0,0,0.952350847275186,NA,NA,NA,0.999865576176495
CHMP2B,5,0,0,0.951780631199047,NA,NA,NA,0.99987120735928
DNAJB14,4,0,0,0.951780631199047,NA,NA,NA,0.999893473883866
KCTD1,3,0,0,0.952103025314121,NA,NA,NA,0.999926907945338
MYC,3,0,0,0.999956762877917,NA,NA,NA,0.999976829967666
CCDC71L,6,0,0,0.952061064082999,NA,NA,NA,1
CCDC127,5,0,0,0.952350847275186,NA,NA,NA,1
CRKL,2,0,0,0.952350847275186,NA,NA,NA,1
IP6K1,2,0,0,0.952350847275186,NA,NA,NA,1
WDR76,2,0,0,0.952350847275186,NA,NA,NA,1
HNRNPC,5,0,0,0.952783549044311,NA,NA,NA,1
DNAJA4,2,0,0,0.953077662279261,NA,NA,NA,1
BLOC1S2,3,0,0,0.953188352164236,NA,NA,NA,1
H3-5,2,0,0,0.953359694471081,NA,NA,NA,1
CEP70,2,0,0,0.953572746371092,NA,NA,NA,1
CHMP1A,2,0,0,0.953572746371092,NA,NA,NA,1
HIP1,3,0,0,0.953572746371092,NA,NA,NA,1
HSD17B12,5,0,0,0.953572746371092,NA,NA,NA,1
ZRANB2,5,0,0,0.953572746371092,NA,NA,NA,1
DEDD,3,0,0,0.953645295427095,NA,NA,NA,1
DIMT1,4,0,0,0.953645295427095,NA,NA,NA,1
RND3,3,0,0,0.953645295427095,NA,NA,NA,1
USP8,4,0,0,0.953764685540493,NA,NA,NA,1
MORN2,2,0,0,0.953848668732605,NA,NA,NA,1
STC2,4,0,0,0.953848668732605,NA,NA,NA,1
RFTN2,2,0,0,0.954382885739473,NA,NA,NA,1
CCNI,4,0,0,0.955186235395535,NA,NA,NA,1
MRPS25,4,0,0,0.955186235395535,NA,NA,NA,1
NPEPPS,5,0,0,0.955186235395535,NA,NA,NA,1
PEX7,2,0,0,0.955186235395535,NA,NA,NA,1
WAC,4,0,0,0.955186235395535,NA,NA,NA,1
ZFP36L1,5,0,0,0.955186235395535,NA,NA,NA,1
SPTSSA,3,0,0,0.955207429266343,NA,NA,NA,1
GADD45B,3,0,0,0.955217550091145,NA,NA,NA,1
DAZAP2,5,0,0,0.955336017038518,NA,NA,NA,1
NNAT,2,0,0,0.955769214531736,NA,NA,NA,1
ABCC4,2,0,0,0.955915751911316,NA,NA,NA,1
PSMD1,2,0,0,0.955915751911316,NA,NA,NA,1
CCPG1,3,0,0,0.956017980912215,NA,NA,NA,1
HFE,2,0,0,0.9565183570795,NA,NA,NA,1
UFM1,5,0,0,0.956534104454504,NA,NA,NA,1
WSCD1,2,0,0,0.957457446276776,NA,NA,NA,1
CASP2,4,0,0,0.95755741443947,NA,NA,NA,1
KDELR3,3,0,0,0.95755741443947,NA,NA,NA,1
MACIR,5,0,0,0.95755741443947,NA,NA,NA,1
REEP5,4,0,0,0.95755741443947,NA,NA,NA,1
ZBTB1,4,0,0,0.95755741443947,NA,NA,NA,1
MAPK6,3,0,0,0.957683063425817,NA,NA,NA,1
NME5,3,0,0,0.957797940854644,NA,NA,NA,1
BAMBI,3,0,0,0.958243707477195,NA,NA,NA,1
CEP85,2,0,0,0.958243707477195,NA,NA,NA,1
DNAAF5,2,0,0,0.958243707477195,NA,NA,NA,1
ID2,4,0,0,0.958243707477195,NA,NA,NA,1
LYRM4,3,0,0,0.958243707477195,NA,NA,NA,1
PAPSS2,4,0,0,0.958243707477195,NA,NA,NA,1
SDC2,6,0,0,0.958243707477195,NA,NA,NA,1
UTP3,3,0,0,0.958243707477195,NA,NA,NA,1
ZNF211,2,0,0,0.958243707477195,NA,NA,NA,1
MBOAT2,3,0,0,0.958315385995348,NA,NA,NA,1
B3GALT6,5,0,0,0.958357701589917,NA,NA,NA,1
DPY19L4,2,0,0,0.958357701589917,NA,NA,NA,1
LPAR1,2,0,0,0.958357701589917,NA,NA,NA,1
RNF2,5,0,0,0.958357701589917,NA,NA,NA,1
XPOT,3,0,0,0.958357701589917,NA,NA,NA,1
NIPAL3,3,0,0,0.95838032356189,NA,NA,NA,1
C19orf25,2,0,0,0.958473357495446,NA,NA,NA,1
CADPS2,7,0,0,0.958473357495446,NA,NA,NA,1
DNAL1,5,0,0,0.958473357495446,NA,NA,NA,1
DSN1,2,0,0,0.958473357495446,NA,NA,NA,1
IDH3A,6,0,0,0.958473357495446,NA,NA,NA,1
MMP2,4,0,0,0.958473357495446,NA,NA,NA,1
VEGFC,2,0,0,0.958473357495446,NA,NA,NA,1
CLCN3,6,0,0,0.959409751029657,NA,NA,NA,1
PEX6,2,0,0,0.959409751029657,NA,NA,NA,1
RAB5C,2,0,0,0.959409751029657,NA,NA,NA,1
PPP1R8,2,0,0,0.959511145005245,NA,NA,NA,1
STAT5B,4,0,0,0.959716662362449,NA,NA,NA,1
COMMD2,4,0,0,0.959875439165833,NA,NA,NA,1
FBXO9,3,0,0,0.959875439165833,NA,NA,NA,1
LIN7A,2,0,0,0.959875439165833,NA,NA,NA,1
LMO4,4,0,0,0.959875439165833,NA,NA,NA,1
MEGF6,2,0,0,0.959875439165833,NA,NA,NA,1
NME6,4,0,0,0.959875439165833,NA,NA,NA,1
NRF1,3,0,0,0.959875439165833,NA,NA,NA,1
TTC17,2,0,0,0.959875439165833,NA,NA,NA,1
ZKSCAN5,4,0,0,0.959875439165833,NA,NA,NA,1
APOBEC3F,2,0,0,0.959923172999721,NA,NA,NA,1
RAB35,3,0,0,0.960008082823272,NA,NA,NA,1
ST13,9,0,0,0.960008082823272,NA,NA,NA,1
ACLY,3,0,0,0.96002326227983,NA,NA,NA,1
SCAMP2,3,0,0,0.960275927401025,NA,NA,NA,1
NSD2,3,0,0,0.960519797637854,NA,NA,NA,1
GRAMD4,2,0,0,0.960870571085195,NA,NA,NA,1
HHIP,7,0,0,0.960870571085195,NA,NA,NA,1
PDK3,2,0,0,0.961034129071892,NA,NA,NA,1
RAB2B,2,0,0,0.961034129071892,NA,NA,NA,1
RARS1,2,0,0,0.961034129071892,NA,NA,NA,1
EPC1,3,0,0,0.961245372426653,NA,NA,NA,1
RPS3,4,0,0,0.961245372426653,NA,NA,NA,1
ACBD3,5,0,0,0.961328539820909,NA,NA,NA,1
DBNL,3,0,0,0.961328539820909,NA,NA,NA,1
PDK2,2,0,0,0.961328539820909,NA,NA,NA,1
FGD5,4,0,0,0.961465368058943,NA,NA,NA,1
CNTNAP1,2,0,0,0.961727195457357,NA,NA,NA,1
SIK2,3,0,0,0.962899908094249,NA,NA,NA,1
TAX1BP1,5,0,0,0.962899908094249,NA,NA,NA,1
VCAN,4,0,0,0.963005722446399,NA,NA,NA,1
FUT4,2,0,0,0.964157457697562,NA,NA,NA,1
TOMM40L,2,0,0,0.964418289032328,NA,NA,NA,1
PGP,2,0,0,0.964464335851896,NA,NA,NA,1
WDFY1,3,0,0,0.964464335851896,NA,NA,NA,1
AK2,5,0,0,0.964467869999618,NA,NA,NA,1
TMEM68,3,0,0,0.964820741604148,NA,NA,NA,1
RBMS1,5,0,0,0.967293233236409,NA,NA,NA,1
PLXNA1,4,0,0,0.967611020118949,NA,NA,NA,1
COPS6,3,0,0,0.969076322267279,NA,NA,NA,1
CREB5,3,0,0,0.969076322267279,NA,NA,NA,1
NKTR,2,0,0,0.969076322267279,NA,NA,NA,1
NUDT15,3,0,0,0.969076322267279,NA,NA,NA,1
RER1,5,0,0,0.969076322267279,NA,NA,NA,1
ZNF652,2,0,0,0.969076322267279,NA,NA,NA,1
TAF3,3,0,0,0.969328585274259,NA,NA,NA,1
RBM34,2,0,0,0.969793567588088,NA,NA,NA,1
FZR1,4,0,0,0.969817318277103,NA,NA,NA,1
GDF7,3,0,0,0.969817318277103,NA,NA,NA,1
LAMA5,2,0,0,0.969817318277103,NA,NA,NA,1
TOPORS,2,0,0,0.969817318277103,NA,NA,NA,1
E2F3,3,0,0,0.970111866434024,NA,NA,NA,1
MAFG,4,0,0,0.970191185760552,NA,NA,NA,1
CEBPZ,2,0,0,0.970232920907403,NA,NA,NA,1
CCNG2,4,0,0,0.970307453978706,NA,NA,NA,1
PSMD14,2,0,0,0.970514082811807,NA,NA,NA,1
FNDC4,2,0,0,0.970584739006815,NA,NA,NA,1
TRIM4,4,0,0,0.970584739006815,NA,NA,NA,1
WFS1,2,0,0,0.970584739006815,NA,NA,NA,1
PCF11,2,0,0,0.970720781828784,NA,NA,NA,1
RECQL,5,0,0,0.970833746061189,NA,NA,NA,1
HNRNPUL2,4,0,0,0.971374367431852,NA,NA,NA,1
MRPL20,3,0,0,0.971374367431852,NA,NA,NA,1
PCMTD2,4,0,0,0.971374367431852,NA,NA,NA,1
PLAC9,2,0,0,0.971374367431852,NA,NA,NA,1
IRF2BP2,5,0,0,0.971407504424532,NA,NA,NA,1
XPC,2,0,0,0.971609833170491,NA,NA,NA,1
LIMK2,3,0,0,0.972091907639901,NA,NA,NA,1
MID1IP1,3,0,0,0.972091907639901,NA,NA,NA,1
MIGA1,3,0,0,0.972091907639901,NA,NA,NA,1
ZNF91,2,0,0,0.972091907639901,NA,NA,NA,1
FBXL18,2,0,0,0.972509465196294,NA,NA,NA,1
FBXW7,4,0,0,0.972605342649954,NA,NA,NA,1
GIMAP4,2,0,0,0.972814492991428,NA,NA,NA,1
RAD51D,5,0,0,0.972849606526223,NA,NA,NA,1
POLR3H,2,0,0,0.973064186641414,NA,NA,NA,1
CXCL8,6,0,0,0.973072235701263,NA,NA,NA,1
POGLUT1,3,0,0,0.973072235701263,NA,NA,NA,1
IVNS1ABP,7,0,0,0.973445757988626,NA,NA,NA,1
RBL1,3,0,0,0.973445757988626,NA,NA,NA,1
RGMB,3,0,0,0.973445757988626,NA,NA,NA,1
DCPS,2,0,0,0.973705072337967,NA,NA,NA,1
TKT,2,0,0,0.974257610830168,NA,NA,NA,1
VPS13B,2,0,0,0.974384047004927,NA,NA,NA,1
FKBP9,3,0,0,0.974873469737706,NA,NA,NA,1
SPSB1,2,0,0,0.974873469737706,NA,NA,NA,1
WAPL,2,0,0,0.974873469737706,NA,NA,NA,1
CASTOR2,2,0,0,0.975205636493771,NA,NA,NA,1
EP300,2,0,0,0.975205636493771,NA,NA,NA,1
SLC2A3,3,0,0,0.975205636493771,NA,NA,NA,1
TCF3,6,0,0,0.975205636493771,NA,NA,NA,1
AP1S1,2,0,0,0.9752194063812,NA,NA,NA,1
RNF216,3,0,0,0.975339265296747,NA,NA,NA,1
LARP4B,7,0,0,0.975344038860714,NA,NA,NA,1
DDX18,5,0,0,0.97546689085198,NA,NA,NA,1
TNRC6A,3,0,0,0.97546689085198,NA,NA,NA,1
ZBTB38,4,0,0,0.97546689085198,NA,NA,NA,1
RBM23,3,0,0,0.976199374913795,NA,NA,NA,1
CDK4,3,0,0,0.976465064699092,NA,NA,NA,1
TXNDC5,6,0,0,0.976465064699092,NA,NA,NA,1
MUS81,2,0,0,0.97677835870603,NA,NA,NA,1
DRG2,2,0,0,0.976859560828183,NA,NA,NA,1
GRB2,3,0,0,0.976859560828183,NA,NA,NA,1
PARVB,4,0,0,0.97709489062785,NA,NA,NA,1
IMP4,3,0,0,0.977500672139338,NA,NA,NA,1
SRSF3,6,0,0,0.977500672139338,NA,NA,NA,1
SECISBP2L,3,0,0,0.978143819115749,NA,NA,NA,1
SLC39A9,4,0,0,0.978143819115749,NA,NA,NA,1
CCP110,2,0,0,0.978908469122762,NA,NA,NA,1
HGSNAT,6,0,0,0.978908469122762,NA,NA,NA,1
ASB8,5,0,0,0.978982410146778,NA,NA,NA,1
ADGRL2,5,0,0,0.979598353040219,NA,NA,NA,1
N4BP1,2,0,0,0.979598353040219,NA,NA,NA,1
CREB3L1,2,0,0,0.979965166280474,NA,NA,NA,1
TMCO1,6,0,0,0.979965166280474,NA,NA,NA,1
YIPF1,2,0,0,0.979965166280474,NA,NA,NA,1
EIF3A,3,0,0,0.980178536038723,NA,NA,NA,1
RAB11A,10,0,0,0.980178536038723,NA,NA,NA,1
TOB2,3,0,0,0.980178536038723,NA,NA,NA,1
RPL13,4,0,0,0.980421884529541,NA,NA,NA,1
CHD9,4,0,0,0.980927310135134,NA,NA,NA,1
PHYH,3,0,0,0.980927310135134,NA,NA,NA,1
SDAD1,3,0,0,0.980927310135134,NA,NA,NA,1
STK17A,8,0,0,0.980927310135134,NA,NA,NA,1
GAPVD1,2,0,0,0.981141829416231,NA,NA,NA,1
MSMO1,3,0,0,0.981303751955559,NA,NA,NA,1
ACADSB,4,0,0,0.98143123683406,NA,NA,NA,1
E2F1,2,0,0,0.98143123683406,NA,NA,NA,1
KIAA0753,3,0,0,0.98143123683406,NA,NA,NA,1
LSG1,2,0,0,0.98143123683406,NA,NA,NA,1
CUL3,2,0,0,0.9815536734785,NA,NA,NA,1
RBM15B,3,0,0,0.9815536734785,NA,NA,NA,1
LRRC49,2,0,0,0.981917844216271,NA,NA,NA,1
PIK3R3,2,0,0,0.981917844216271,NA,NA,NA,1
SLF2,4,0,0,0.981917844216271,NA,NA,NA,1
STEAP3,2,0,0,0.981917844216271,NA,NA,NA,1
STK11,2,0,0,0.981917844216271,NA,NA,NA,1
SET,4,0,0,0.98193999458992,NA,NA,NA,1
SSBP3,4,0,0,0.982369368529081,NA,NA,NA,1
CDK6,2,0,0,0.983652047929758,NA,NA,NA,1
PLIN2,3,0,0,0.983652047929758,NA,NA,NA,1
WDR89,3,0,0,0.984731496626984,NA,NA,NA,1
TAF12,2,0,0,0.985190047008543,NA,NA,NA,1
MGA,3,0,0,0.985632287187602,NA,NA,NA,1
MEX3A,4,0,0,0.985772861682722,NA,NA,NA,1
PTPN9,5,0,0,0.985772861682722,NA,NA,NA,1
ADNP2,2,0,0,0.985846000201161,NA,NA,NA,1
ANAPC10,2,0,0,0.985846000201161,NA,NA,NA,1
PRDX3,4,0,0,0.985846000201161,NA,NA,NA,1
TBC1D8B,2,0,0,0.985846000201161,NA,NA,NA,1
ALKBH1,2,0,0,0.985852782706279,NA,NA,NA,1
EFNA5,4,0,0,0.986209436924098,NA,NA,NA,1
POLDIP3,2,0,0,0.986442928059652,NA,NA,NA,1
SHQ1,2,0,0,0.987854814844519,NA,NA,NA,1
KNL1,2,0,0,0.987976124334603,NA,NA,NA,1
STAT1,4,0,0,0.987976124334603,NA,NA,NA,1
NEDD4,2,0,0,0.988220601157465,NA,NA,NA,1
POLR3G,2,0,0,0.988220601157465,NA,NA,NA,1
TRMT2A,2,0,0,0.988531460469824,NA,NA,NA,1
ADAMTSL1,3,0,0,0.988595670760493,NA,NA,NA,1
KDELR1,2,0,0,0.988595670760493,NA,NA,NA,1
DPH3,5,0,0,0.989721372748882,NA,NA,NA,1
GINS2,2,0,0,0.989947724940219,NA,NA,NA,1
IMMP2L,2,0,0,0.989947724940219,NA,NA,NA,1
RTL10,4,0,0,0.989947724940219,NA,NA,NA,1
NENF,2,0,0,0.990218641540858,NA,NA,NA,1
ZNHIT6,6,0,0,0.990218641540858,NA,NA,NA,1
KNOP1,3,0,0,0.990423290720767,NA,NA,NA,1
PLPP3,2,0,0,0.990745085006924,NA,NA,NA,1
TMEM126B,2,0,0,0.990800527096266,NA,NA,NA,1
TP53RK,3,0,0,0.991177880180085,NA,NA,NA,1
TLCD5,2,0,0,0.991220115539627,NA,NA,NA,1
NDUFAF7,2,0,0,0.991514475285325,NA,NA,NA,1
PRMT6,2,0,0,0.991514475285325,NA,NA,NA,1
RAD21,2,0,0,0.991514475285325,NA,NA,NA,1
SREBF2,2,0,0,0.991514475285325,NA,NA,NA,1
TFAP2A,5,0,0,0.991514475285325,NA,NA,NA,1
SAAL1,2,0,0,0.991913374934474,NA,NA,NA,1
COL4A2,2,0,0,0.992116568197524,NA,NA,NA,1
TNKS2,3,0,0,0.992177599307581,NA,NA,NA,1
UBE2G1,5,0,0,0.992177599307581,NA,NA,NA,1
SLC1A4,3,0,0,0.992485723521554,NA,NA,NA,1
ZNF284,2,0,0,0.992485723521554,NA,NA,NA,1
CHD6,3,0,0,0.993036308850586,NA,NA,NA,1
ARSA,3,0,0,0.993770946266149,NA,NA,NA,1
PSEN2,2,0,0,0.993770946266149,NA,NA,NA,1
AKAP10,3,0,0,0.993930212396221,NA,NA,NA,1
FARP1,3,0,0,0.993930212396221,NA,NA,NA,1
CTU1,2,0,0,0.994587400672888,NA,NA,NA,1
FAM168B,2,0,0,0.994587400672888,NA,NA,NA,1
ARHGAP26,3,0,0,0.994608330312727,NA,NA,NA,1
UBAC2,2,0,0,0.994608330312727,NA,NA,NA,1
RHOT2,2,0,0,0.994723090862682,NA,NA,NA,1
TSPAN9,2,0,0,0.994723090862682,NA,NA,NA,1
SLC2A13,3,0,0,0.995068891004568,NA,NA,NA,1
ISY1,3,0,0,0.995139688094877,NA,NA,NA,1
KIF3C,2,0,0,0.995214357926212,NA,NA,NA,1
ABCA5,2,0,0,0.995224836298943,NA,NA,NA,1
METTL2B,7,0,0,0.995224836298943,NA,NA,NA,1
NFYC,2,0,0,0.995224836298943,NA,NA,NA,1
SPTBN2,3,0,0,0.995224836298943,NA,NA,NA,1
AKR7A2,2,0,0,0.996123898179077,NA,NA,NA,1
RUNX1T1,4,0,0,0.997138023755401,NA,NA,NA,1
EIF2S2,2,0,0,0.997153823658467,NA,NA,NA,1
ANXA4,5,0,0,0.997205296738234,NA,NA,NA,1
BRPF1,2,0,0,0.997205296738234,NA,NA,NA,1
RNF38,2,0,0,0.997205296738234,NA,NA,NA,1
SOCS6,2,0,0,0.997205296738234,NA,NA,NA,1
LIN52,2,0,0,0.997251572201135,NA,NA,NA,1
SUZ12,3,0,0,0.997459157957924,NA,NA,NA,1
TRAPPC2,3,0,0,0.997685182874351,NA,NA,NA,1
RPF2,4,0,0,0.998026798207231,NA,NA,NA,1
ZNF268,5,0,0,0.998026798207231,NA,NA,NA,1
MMP24OS,3,0,0,0.998196080090362,NA,NA,NA,1
ULBP3,3,0,0,0.998387153020002,NA,NA,NA,1
ZCRB1,4,0,0,0.99863973508294,NA,NA,NA,1
ATXN2,2,0,0,0.999661878602557,NA,NA,NA,1
MOSMO,4,0,0,0.999661878602557,NA,NA,NA,1
ZSWIM6,2,0,0,0.999661878602557,NA,NA,NA,1
ZNF600,2,0,0,0.999857979245507,NA,NA,NA,1
AARS1,2,0,0,0.999956762877917,NA,NA,NA,1
ABAT,2,0,0,0.999956762877917,NA,NA,NA,1
ABHD17B,3,0,0,0.999956762877917,NA,NA,NA,1
ABI1,9,0,0,0.999956762877917,NA,NA,NA,1
ACAP3,2,0,0,0.999956762877917,NA,NA,NA,1
ACOT13,2,0,0,0.999956762877917,NA,NA,NA,1
ACP1,3,0,0,0.999956762877917,NA,NA,NA,1
ACTB,2,0,0,0.999956762877917,NA,NA,NA,1
ACTR1A,2,0,0,0.999956762877917,NA,NA,NA,1
ACTR2,11,0,0,0.999956762877917,NA,NA,NA,1
ACTR6,2,0,0,0.999956762877917,NA,NA,NA,1
ADAR,2,0,0,0.999956762877917,NA,NA,NA,1
ADD3,2,0,0,0.999956762877917,NA,NA,NA,1
ADNP,3,0,0,0.999956762877917,NA,NA,NA,1
ADO,2,0,0,0.999956762877917,NA,NA,NA,1
AFDN,3,0,0,0.999956762877917,NA,NA,NA,1
AFG1L,2,0,0,0.999956762877917,NA,NA,NA,1
AFTPH,2,0,0,0.999956762877917,NA,NA,NA,1
AGA,2,0,0,0.999956762877917,NA,NA,NA,1
AGFG1,4,0,0,0.999956762877917,NA,NA,NA,1
AHCYL1,2,0,0,0.999956762877917,NA,NA,NA,1
AK1,3,0,0,0.999956762877917,NA,NA,NA,1
AK3,4,0,0,0.999956762877917,NA,NA,NA,1
AKAP8,3,0,0,0.999956762877917,NA,NA,NA,1
AKIP1,2,0,0,0.999956762877917,NA,NA,NA,1
ALG1,4,0,0,0.999956762877917,NA,NA,NA,1
ALG10B,3,0,0,0.999956762877917,NA,NA,NA,1
ALS2CL,2,0,0,0.999956762877917,NA,NA,NA,1
AMDHD2,2,0,0,0.999956762877917,NA,NA,NA,1
AMIGO2,4,0,0,0.999956762877917,NA,NA,NA,1
ANAPC5,2,0,0,0.999956762877917,NA,NA,NA,1
ANKEF1,2,0,0,0.999956762877917,NA,NA,NA,1
ANKRD1,3,0,0,0.999956762877917,NA,NA,NA,1
ANKRD50,8,0,0,0.999956762877917,NA,NA,NA,1
ANKRD6,3,0,0,0.999956762877917,NA,NA,NA,1
ANP32B,3,0,0,0.999956762877917,NA,NA,NA,1
ANTXR1,2,0,0,0.999956762877917,NA,NA,NA,1
ANXA2,2,0,0,0.999956762877917,NA,NA,NA,1
ANXA3,2,0,0,0.999956762877917,NA,NA,NA,1
ANXA6,4,0,0,0.999956762877917,NA,NA,NA,1
ANXA7,4,0,0,0.999956762877917,NA,NA,NA,1
AP1S2,3,0,0,0.999956762877917,NA,NA,NA,1
AP2A1,2,0,0,0.999956762877917,NA,NA,NA,1
AP3S1,3,0,0,0.999956762877917,NA,NA,NA,1
AP4B1,2,0,0,0.999956762877917,NA,NA,NA,1
AP5S1,3,0,0,0.999956762877917,NA,NA,NA,1
API5,2,0,0,0.999956762877917,NA,NA,NA,1
APLP2,3,0,0,0.999956762877917,NA,NA,NA,1
APOO,2,0,0,0.999956762877917,NA,NA,NA,1
APOOL,3,0,0,0.999956762877917,NA,NA,NA,1
ARFGAP1,2,0,0,0.999956762877917,NA,NA,NA,1
ARFGEF1,4,0,0,0.999956762877917,NA,NA,NA,1
ARHGDIA,2,0,0,0.999956762877917,NA,NA,NA,1
ARHGEF28,5,0,0,0.999956762877917,NA,NA,NA,1
ARID4B,2,0,0,0.999956762877917,NA,NA,NA,1
ARL14EP,4,0,0,0.999956762877917,NA,NA,NA,1
ARL4C,3,0,0,0.999956762877917,NA,NA,NA,1
ARL6IP5,6,0,0,0.999956762877917,NA,NA,NA,1
ARMCX3,2,0,0,0.999956762877917,NA,NA,NA,1
ARPC2,4,0,0,0.999956762877917,NA,NA,NA,1
ARPC4,2,0,0,0.999956762877917,NA,NA,NA,1
ARSJ,4,0,0,0.999956762877917,NA,NA,NA,1
ARSK,2,0,0,0.999956762877917,NA,NA,NA,1
ASF1A,3,0,0,0.999956762877917,NA,NA,NA,1
ASPH,3,0,0,0.999956762877917,NA,NA,NA,1
ATAD2B,2,0,0,0.999956762877917,NA,NA,NA,1
ATF5,2,0,0,0.999956762877917,NA,NA,NA,1
ATG13,2,0,0,0.999956762877917,NA,NA,NA,1
ATG4A,3,0,0,0.999956762877917,NA,NA,NA,1
ATG4B,2,0,0,0.999956762877917,NA,NA,NA,1
ATOSA,2,0,0,0.999956762877917,NA,NA,NA,1
ATOSB,3,0,0,0.999956762877917,NA,NA,NA,1
ATP2B4,3,0,0,0.999956762877917,NA,NA,NA,1
ATP5F1E,3,0,0,0.999956762877917,NA,NA,NA,1
ATP5MG,2,0,0,0.999956762877917,NA,NA,NA,1
ATP5MJ,2,0,0,0.999956762877917,NA,NA,NA,1
ATP5PF,2,0,0,0.999956762877917,NA,NA,NA,1
ATP7A,2,0,0,0.999956762877917,NA,NA,NA,1
ATP8B2,3,0,0,0.999956762877917,NA,NA,NA,1
ATRX,2,0,0,0.999956762877917,NA,NA,NA,1
ATXN1L,2,0,0,0.999956762877917,NA,NA,NA,1
AUH,2,0,0,0.999956762877917,NA,NA,NA,1
AXL,3,0,0,0.999956762877917,NA,NA,NA,1
AZIN1,9,0,0,0.999956762877917,NA,NA,NA,1
B4GALT5,2,0,0,0.999956762877917,NA,NA,NA,1
BACE2,4,0,0,0.999956762877917,NA,NA,NA,1
BAG4,4,0,0,0.999956762877917,NA,NA,NA,1
BASP1,3,0,0,0.999956762877917,NA,NA,NA,1
BCAS2,3,0,0,0.999956762877917,NA,NA,NA,1
BCL2L2-PABPN1,2,0,0,0.999956762877917,NA,NA,NA,1
BCR,2,0,0,0.999956762877917,NA,NA,NA,1
BECN1,2,0,0,0.999956762877917,NA,NA,NA,1
BET1,5,0,0,0.999956762877917,NA,NA,NA,1
BICRAL,2,0,0,0.999956762877917,NA,NA,NA,1
BIRC5,3,0,0,0.999956762877917,NA,NA,NA,1
BLM,2,0,0,0.999956762877917,NA,NA,NA,1
BLZF1,5,0,0,0.999956762877917,NA,NA,NA,1
BMI1,2,0,0,0.999956762877917,NA,NA,NA,1
BMP4,3,0,0,0.999956762877917,NA,NA,NA,1
BPTF,3,0,0,0.999956762877917,NA,NA,NA,1
BRAP,2,0,0,0.999956762877917,NA,NA,NA,1
BRCA1,2,0,0,0.999956762877917,NA,NA,NA,1
BRD4,2,0,0,0.999956762877917,NA,NA,NA,1
BRD7,2,0,0,0.999956762877917,NA,NA,NA,1
BRI3,2,0,0,0.999956762877917,NA,NA,NA,1
BRK1,5,0,0,0.999956762877917,NA,NA,NA,1
BRMS1L,2,0,0,0.999956762877917,NA,NA,NA,1
BSDC1,4,0,0,0.999956762877917,NA,NA,NA,1
BSG,2,0,0,0.999956762877917,NA,NA,NA,1
BTG1,2,0,0,0.999956762877917,NA,NA,NA,1
BZW2,2,0,0,0.999956762877917,NA,NA,NA,1
C12orf43,5,0,0,0.999956762877917,NA,NA,NA,1
C17orf80,2,0,0,0.999956762877917,NA,NA,NA,1
C18orf21,2,0,0,0.999956762877917,NA,NA,NA,1
C4orf3,2,0,0,0.999956762877917,NA,NA,NA,1
C4orf46,3,0,0,0.999956762877917,NA,NA,NA,1
C9orf78,3,0,0,0.999956762877917,NA,NA,NA,1
CA12,3,0,0,0.999956762877917,NA,NA,NA,1
CADM4,2,0,0,0.999956762877917,NA,NA,NA,1
CALM3,3,0,0,0.999956762877917,NA,NA,NA,1
CAMK2G,3,0,0,0.999956762877917,NA,NA,NA,1
CAMKMT,2,0,0,0.999956762877917,NA,NA,NA,1
CANX,5,0,0,0.999956762877917,NA,NA,NA,1
CAP1,4,0,0,0.999956762877917,NA,NA,NA,1
CAP2,2,0,0,0.999956762877917,NA,NA,NA,1
CAPN7,3,0,0,0.999956762877917,NA,NA,NA,1
CAPZA1,4,0,0,0.999956762877917,NA,NA,NA,1
CAPZB,3,0,0,0.999956762877917,NA,NA,NA,1
CARM1,3,0,0,0.999956762877917,NA,NA,NA,1
CASC3,2,0,0,0.999956762877917,NA,NA,NA,1
CAV1,4,0,0,0.999956762877917,NA,NA,NA,1
CAVIN1,2,0,0,0.999956762877917,NA,NA,NA,1
CBL,3,0,0,0.999956762877917,NA,NA,NA,1
CBR4,2,0,0,0.999956762877917,NA,NA,NA,1
CBX4,2,0,0,0.999956762877917,NA,NA,NA,1
CCDC102A,2,0,0,0.999956762877917,NA,NA,NA,1
CCDC12,2,0,0,0.999956762877917,NA,NA,NA,1
CCDC170,2,0,0,0.999956762877917,NA,NA,NA,1
CCDC190,3,0,0,0.999956762877917,NA,NA,NA,1
CCDC82,2,0,0,0.999956762877917,NA,NA,NA,1
CCDC90B,7,0,0,0.999956762877917,NA,NA,NA,1
CCN2,6,0,0,0.999956762877917,NA,NA,NA,1
CCND2,5,0,0,0.999956762877917,NA,NA,NA,1
CCNK,2,0,0,0.999956762877917,NA,NA,NA,1
CCNT2,7,0,0,0.999956762877917,NA,NA,NA,1
CCNYL1,4,0,0,0.999956762877917,NA,NA,NA,1
CCT5,4,0,0,0.999956762877917,NA,NA,NA,1
CCZ1,2,0,0,0.999956762877917,NA,NA,NA,1
CD2BP2,2,0,0,0.999956762877917,NA,NA,NA,1
CD44,5,0,0,0.999956762877917,NA,NA,NA,1
CD81,2,0,0,0.999956762877917,NA,NA,NA,1
CDADC1,3,0,0,0.999956762877917,NA,NA,NA,1
CDC123,2,0,0,0.999956762877917,NA,NA,NA,1
CDC25A,2,0,0,0.999956762877917,NA,NA,NA,1
CDC34,2,0,0,0.999956762877917,NA,NA,NA,1
CDC42,6,0,0,0.999956762877917,NA,NA,NA,1
CDC42EP2,2,0,0,0.999956762877917,NA,NA,NA,1
CDC42SE2,4,0,0,0.999956762877917,NA,NA,NA,1
CDCA7L,2,0,0,0.999956762877917,NA,NA,NA,1
CDCA8,3,0,0,0.999956762877917,NA,NA,NA,1
CDH13,2,0,0,0.999956762877917,NA,NA,NA,1
CDK16,2,0,0,0.999956762877917,NA,NA,NA,1
CDKN2A,2,0,0,0.999956762877917,NA,NA,NA,1
CDKN2B,3,0,0,0.999956762877917,NA,NA,NA,1
CEBPD,2,0,0,0.999956762877917,NA,NA,NA,1
CEMIP2,3,0,0,0.999956762877917,NA,NA,NA,1
CEP104,2,0,0,0.999956762877917,NA,NA,NA,1
CEP15,3,0,0,0.999956762877917,NA,NA,NA,1
CFL1,4,0,0,0.999956762877917,NA,NA,NA,1
CGREF1,2,0,0,0.999956762877917,NA,NA,NA,1
CHAF1A,2,0,0,0.999956762877917,NA,NA,NA,1
CHD3,2,0,0,0.999956762877917,NA,NA,NA,1
CHM,2,0,0,0.999956762877917,NA,NA,NA,1
CHML,2,0,0,0.999956762877917,NA,NA,NA,1
CHMP4B,2,0,0,0.999956762877917,NA,NA,NA,1
CHRAC1,2,0,0,0.999956762877917,NA,NA,NA,1
CHST1,2,0,0,0.999956762877917,NA,NA,NA,1
CHST12,8,0,0,0.999956762877917,NA,NA,NA,1
CHSY1,3,0,0,0.999956762877917,NA,NA,NA,1
CIAPIN1,2,0,0,0.999956762877917,NA,NA,NA,1
CLDN11,4,0,0,0.999956762877917,NA,NA,NA,1
CLEC14A,3,0,0,0.999956762877917,NA,NA,NA,1
CLINT1,4,0,0,0.999956762877917,NA,NA,NA,1
CLN5,2,0,0,0.999956762877917,NA,NA,NA,1
CLSTN1,2,0,0,0.999956762877917,NA,NA,NA,1
CMIP,2,0,0,0.999956762877917,NA,NA,NA,1
CMTM3,2,0,0,0.999956762877917,NA,NA,NA,1
CNIH4,3,0,0,0.999956762877917,NA,NA,NA,1
CNKSR3,2,0,0,0.999956762877917,NA,NA,NA,1
CNOT1,2,0,0,0.999956762877917,NA,NA,NA,1
CNOT11,3,0,0,0.999956762877917,NA,NA,NA,1
CNOT7,3,0,0,0.999956762877917,NA,NA,NA,1
CNPY2,2,0,0,0.999956762877917,NA,NA,NA,1
COA3,2,0,0,0.999956762877917,NA,NA,NA,1
COA4,2,0,0,0.999956762877917,NA,NA,NA,1
COA8,2,0,0,0.999956762877917,NA,NA,NA,1
COL13A1,2,0,0,0.999956762877917,NA,NA,NA,1
COL6A1,2,0,0,0.999956762877917,NA,NA,NA,1
COL8A1,5,0,0,0.999956762877917,NA,NA,NA,1
COPB1,2,0,0,0.999956762877917,NA,NA,NA,1
COPB2,5,0,0,0.999956762877917,NA,NA,NA,1
COPG1,2,0,0,0.999956762877917,NA,NA,NA,1
COPS7B,4,0,0,0.999956762877917,NA,NA,NA,1
COPZ1,2,0,0,0.999956762877917,NA,NA,NA,1
COX16,2,0,0,0.999956762877917,NA,NA,NA,1
COX7C,2,0,0,0.999956762877917,NA,NA,NA,1
CPT1A,2,0,0,0.999956762877917,NA,NA,NA,1
CREBZF,4,0,0,0.999956762877917,NA,NA,NA,1
CRLS1,2,0,0,0.999956762877917,NA,NA,NA,1
CSDE1,5,0,0,0.999956762877917,NA,NA,NA,1
CSF2RB,2,0,0,0.999956762877917,NA,NA,NA,1
CSGALNACT1,2,0,0,0.999956762877917,NA,NA,NA,1
CSNK1D,2,0,0,0.999956762877917,NA,NA,NA,1
CSPP1,2,0,0,0.999956762877917,NA,NA,NA,1
CSTF2T,3,0,0,0.999956762877917,NA,NA,NA,1
CTCF,2,0,0,0.999956762877917,NA,NA,NA,1
CTDNEP1,2,0,0,0.999956762877917,NA,NA,NA,1
CTDSP1,2,0,0,0.999956762877917,NA,NA,NA,1
CTNNA1,3,0,0,0.999956762877917,NA,NA,NA,1
CTNNBIP1,2,0,0,0.999956762877917,NA,NA,NA,1
CTNND1,4,0,0,0.999956762877917,NA,NA,NA,1
CTPS1,4,0,0,0.999956762877917,NA,NA,NA,1
CUEDC1,3,0,0,0.999956762877917,NA,NA,NA,1
CXCL1,3,0,0,0.999956762877917,NA,NA,NA,1
CYB561,2,0,0,0.999956762877917,NA,NA,NA,1
CYB5R1,2,0,0,0.999956762877917,NA,NA,NA,1
CYB5R4,3,0,0,0.999956762877917,NA,NA,NA,1
DAB2,4,0,0,0.999956762877917,NA,NA,NA,1
DARS1,2,0,0,0.999956762877917,NA,NA,NA,1
DAZAP1,3,0,0,0.999956762877917,NA,NA,NA,1
DBF4,2,0,0,0.999956762877917,NA,NA,NA,1
DBN1,4,0,0,0.999956762877917,NA,NA,NA,1
DCAF13,4,0,0,0.999956762877917,NA,NA,NA,1
DCBLD1,4,0,0,0.999956762877917,NA,NA,NA,1
DCTD,4,0,0,0.999956762877917,NA,NA,NA,1
DCTN2,3,0,0,0.999956762877917,NA,NA,NA,1
DCTN6,3,0,0,0.999956762877917,NA,NA,NA,1
DDA1,3,0,0,0.999956762877917,NA,NA,NA,1
DDHD1,4,0,0,0.999956762877917,NA,NA,NA,1
DDRGK1,2,0,0,0.999956762877917,NA,NA,NA,1
DDX20,2,0,0,0.999956762877917,NA,NA,NA,1
DDX27,2,0,0,0.999956762877917,NA,NA,NA,1
DDX3X,3,0,0,0.999956762877917,NA,NA,NA,1
DDX5,2,0,0,0.999956762877917,NA,NA,NA,1
DEGS1,3,0,0,0.999956762877917,NA,NA,NA,1
DESI1,3,0,0,0.999956762877917,NA,NA,NA,1
DGCR8,3,0,0,0.999956762877917,NA,NA,NA,1
DHX32,2,0,0,0.999956762877917,NA,NA,NA,1
DHX33,2,0,0,0.999956762877917,NA,NA,NA,1
DIP2A,3,0,0,0.999956762877917,NA,NA,NA,1
DIP2B,3,0,0,0.999956762877917,NA,NA,NA,1
DIS3L,2,0,0,0.999956762877917,NA,NA,NA,1
DIS3L2,2,0,0,0.999956762877917,NA,NA,NA,1
DIXDC1,3,0,0,0.999956762877917,NA,NA,NA,1
DLC1,5,0,0,0.999956762877917,NA,NA,NA,1
DLGAP4,4,0,0,0.999956762877917,NA,NA,NA,1
DNAJB11,2,0,0,0.999956762877917,NA,NA,NA,1
DNAJB12,4,0,0,0.999956762877917,NA,NA,NA,1
DNAJC1,3,0,0,0.999956762877917,NA,NA,NA,1
DNAJC15,5,0,0,0.999956762877917,NA,NA,NA,1
DNAJC21,5,0,0,0.999956762877917,NA,NA,NA,1
DNAJC9,5,0,0,0.999956762877917,NA,NA,NA,1
DNASE1L1,4,0,0,0.999956762877917,NA,NA,NA,1
DONSON,2,0,0,0.999956762877917,NA,NA,NA,1
DPM1,2,0,0,0.999956762877917,NA,NA,NA,1
DPP9,3,0,0,0.999956762877917,NA,NA,NA,1
DRAXIN,3,0,0,0.999956762877917,NA,NA,NA,1
DUSP28,4,0,0,0.999956762877917,NA,NA,NA,1
DUT,5,0,0,0.999956762877917,NA,NA,NA,1
DYM,3,0,0,0.999956762877917,NA,NA,NA,1
DYNC1LI1,3,0,0,0.999956762877917,NA,NA,NA,1
DYNLT1,2,0,0,0.999956762877917,NA,NA,NA,1
DYNLT3,3,0,0,0.999956762877917,NA,NA,NA,1
DZIP3,2,0,0,0.999956762877917,NA,NA,NA,1
EBNA1BP2,2,0,0,0.999956762877917,NA,NA,NA,1
ECE1,3,0,0,0.999956762877917,NA,NA,NA,1
EED,2,0,0,0.999956762877917,NA,NA,NA,1
EEF1E1,3,0,0,0.999956762877917,NA,NA,NA,1
EFCAB14,7,0,0,0.999956762877917,NA,NA,NA,1
EFEMP2,2,0,0,0.999956762877917,NA,NA,NA,1
EFTUD2,2,0,0,0.999956762877917,NA,NA,NA,1
EGLN1,4,0,0,0.999956762877917,NA,NA,NA,1
EI24,2,0,0,0.999956762877917,NA,NA,NA,1
EID2B,2,0,0,0.999956762877917,NA,NA,NA,1
EIF1,3,0,0,0.999956762877917,NA,NA,NA,1
EIF1AD,2,0,0,0.999956762877917,NA,NA,NA,1
EIF2AK1,3,0,0,0.999956762877917,NA,NA,NA,1
EIF4A2,2,0,0,0.999956762877917,NA,NA,NA,1
EIF4G1,2,0,0,0.999956762877917,NA,NA,NA,1
EIF4G2,2,0,0,0.999956762877917,NA,NA,NA,1
ELFN2,2,0,0,0.999956762877917,NA,NA,NA,1
ELK3,2,0,0,0.999956762877917,NA,NA,NA,1
ELOB,2,0,0,0.999956762877917,NA,NA,NA,1
EMC6,2,0,0,0.999956762877917,NA,NA,NA,1
EMC8,4,0,0,0.999956762877917,NA,NA,NA,1
EPG5,5,0,0,0.999956762877917,NA,NA,NA,1
EPHB4,2,0,0,0.999956762877917,NA,NA,NA,1
EPHX4,2,0,0,0.999956762877917,NA,NA,NA,1
ERCC1,2,0,0,0.999956762877917,NA,NA,NA,1
ERCC2,2,0,0,0.999956762877917,NA,NA,NA,1
ERCC8,3,0,0,0.999956762877917,NA,NA,NA,1
ERP29,2,0,0,0.999956762877917,NA,NA,NA,1
ESAM,2,0,0,0.999956762877917,NA,NA,NA,1
ESYT2,5,0,0,0.999956762877917,NA,NA,NA,1
FAAP24,2,0,0,0.999956762877917,NA,NA,NA,1
FAHD1,5,0,0,0.999956762877917,NA,NA,NA,1
FAM117B,2,0,0,0.999956762877917,NA,NA,NA,1
FAM171A1,3,0,0,0.999956762877917,NA,NA,NA,1
FAM199X,3,0,0,0.999956762877917,NA,NA,NA,1
FAM241A,5,0,0,0.999956762877917,NA,NA,NA,1
FAM43A,3,0,0,0.999956762877917,NA,NA,NA,1
FAM50B,2,0,0,0.999956762877917,NA,NA,NA,1
FANCF,2,0,0,0.999956762877917,NA,NA,NA,1
FANCI,2,0,0,0.999956762877917,NA,NA,NA,1
FAR2,2,0,0,0.999956762877917,NA,NA,NA,1
FAS,2,0,0,0.999956762877917,NA,NA,NA,1
FASN,2,0,0,0.999956762877917,NA,NA,NA,1
FAXC,2,0,0,0.999956762877917,NA,NA,NA,1
FBH1,2,0,0,0.999956762877917,NA,NA,NA,1
FBLN5,2,0,0,0.999956762877917,NA,NA,NA,1
FBRS,2,0,0,0.999956762877917,NA,NA,NA,1
FBRSL1,4,0,0,0.999956762877917,NA,NA,NA,1
FBXO28,7,0,0,0.999956762877917,NA,NA,NA,1
FBXO3,2,0,0,0.999956762877917,NA,NA,NA,1
FBXO44,2,0,0,0.999956762877917,NA,NA,NA,1
FBXO8,3,0,0,0.999956762877917,NA,NA,NA,1
FCRLB,2,0,0,0.999956762877917,NA,NA,NA,1
FERMT2,3,0,0,0.999956762877917,NA,NA,NA,1
FH,2,0,0,0.999956762877917,NA,NA,NA,1
FIBP,3,0,0,0.999956762877917,NA,NA,NA,1
FKBP1A,4,0,0,0.999956762877917,NA,NA,NA,1
FKBP3,3,0,0,0.999956762877917,NA,NA,NA,1
FKBP4,2,0,0,0.999956762877917,NA,NA,NA,1
FKBP7,2,0,0,0.999956762877917,NA,NA,NA,1
FKTN,4,0,0,0.999956762877917,NA,NA,NA,1
FLI1,2,0,0,0.999956762877917,NA,NA,NA,1
FOXC2,3,0,0,0.999956762877917,NA,NA,NA,1
FOXJ3,2,0,0,0.999956762877917,NA,NA,NA,1
FOXRED2,2,0,0,0.999956762877917,NA,NA,NA,1
FRMD4A,3,0,0,0.999956762877917,NA,NA,NA,1
FXR2,2,0,0,0.999956762877917,NA,NA,NA,1
FZD6,2,0,0,0.999956762877917,NA,NA,NA,1
GAB1,2,0,0,0.999956762877917,NA,NA,NA,1
GABARAPL2,3,0,0,0.999956762877917,NA,NA,NA,1
GABBR2,2,0,0,0.999956762877917,NA,NA,NA,1
GABPB2,2,0,0,0.999956762877917,NA,NA,NA,1
GALNT11,2,0,0,0.999956762877917,NA,NA,NA,1
GALNT6,3,0,0,0.999956762877917,NA,NA,NA,1
GARS1,2,0,0,0.999956762877917,NA,NA,NA,1
GAS8,2,0,0,0.999956762877917,NA,NA,NA,1
GCA,3,0,0,0.999956762877917,NA,NA,NA,1
GCN1,2,0,0,0.999956762877917,NA,NA,NA,1
GDE1,4,0,0,0.999956762877917,NA,NA,NA,1
GEMIN6,2,0,0,0.999956762877917,NA,NA,NA,1
GEN1,2,0,0,0.999956762877917,NA,NA,NA,1
GET1,3,0,0,0.999956762877917,NA,NA,NA,1
GFOD1,2,0,0,0.999956762877917,NA,NA,NA,1
GIMAP6,2,0,0,0.999956762877917,NA,NA,NA,1
GIT2,4,0,0,0.999956762877917,NA,NA,NA,1
GLB1,2,0,0,0.999956762877917,NA,NA,NA,1
GLS,8,0,0,0.999956762877917,NA,NA,NA,1
GLTP,2,0,0,0.999956762877917,NA,NA,NA,1
GNA11,2,0,0,0.999956762877917,NA,NA,NA,1
GNA12,4,0,0,0.999956762877917,NA,NA,NA,1
GNAI2,2,0,0,0.999956762877917,NA,NA,NA,1
GNB1,3,0,0,0.999956762877917,NA,NA,NA,1
GOLM1,3,0,0,0.999956762877917,NA,NA,NA,1
GORAB,2,0,0,0.999956762877917,NA,NA,NA,1
GOT1,3,0,0,0.999956762877917,NA,NA,NA,1
GPATCH8,2,0,0,0.999956762877917,NA,NA,NA,1
GPD2,4,0,0,0.999956762877917,NA,NA,NA,1
GPI,3,0,0,0.999956762877917,NA,NA,NA,1
GPN2,3,0,0,0.999956762877917,NA,NA,NA,1
GPR155,5,0,0,0.999956762877917,NA,NA,NA,1
GPR176,2,0,0,0.999956762877917,NA,NA,NA,1
GPRASP3,2,0,0,0.999956762877917,NA,NA,NA,1
GPRC5A,3,0,0,0.999956762877917,NA,NA,NA,1
GPT2,2,0,0,0.999956762877917,NA,NA,NA,1
GPX7,2,0,0,0.999956762877917,NA,NA,NA,1
GPX8,4,0,0,0.999956762877917,NA,NA,NA,1
GSKIP,2,0,0,0.999956762877917,NA,NA,NA,1
GTF2F1,4,0,0,0.999956762877917,NA,NA,NA,1
GTF2H5,4,0,0,0.999956762877917,NA,NA,NA,1
GTF3C1,2,0,0,0.999956762877917,NA,NA,NA,1
GTPBP8,4,0,0,0.999956762877917,NA,NA,NA,1
GUCY1B1,2,0,0,0.999956762877917,NA,NA,NA,1
GUF1,4,0,0,0.999956762877917,NA,NA,NA,1
HADH,2,0,0,0.999956762877917,NA,NA,NA,1
HADHB,4,0,0,0.999956762877917,NA,NA,NA,1
HAPSTR1,5,0,0,0.999956762877917,NA,NA,NA,1
HAUS1,2,0,0,0.999956762877917,NA,NA,NA,1
HAUS5,3,0,0,0.999956762877917,NA,NA,NA,1
HCCS,2,0,0,0.999956762877917,NA,NA,NA,1
HDLBP,3,0,0,0.999956762877917,NA,NA,NA,1
HEXA,2,0,0,0.999956762877917,NA,NA,NA,1
HIGD1A,6,0,0,0.999956762877917,NA,NA,NA,1
HILPDA,2,0,0,0.999956762877917,NA,NA,NA,1
HMCES,3,0,0,0.999956762877917,NA,NA,NA,1
HMGA2,6,0,0,0.999956762877917,NA,NA,NA,1
HNMT,2,0,0,0.999956762877917,NA,NA,NA,1
HNRNPH3,3,0,0,0.999956762877917,NA,NA,NA,1
HOXA3,2,0,0,0.999956762877917,NA,NA,NA,1
HOXA5,2,0,0,0.999956762877917,NA,NA,NA,1
HOXA9,4,0,0,0.999956762877917,NA,NA,NA,1
HOXB7,2,0,0,0.999956762877917,NA,NA,NA,1
HSBP1,7,0,0,0.999956762877917,NA,NA,NA,1
HSPE1,2,0,0,0.999956762877917,NA,NA,NA,1
HSPG2,2,0,0,0.999956762877917,NA,NA,NA,1
HSPH1,9,0,0,0.999956762877917,NA,NA,NA,1
IAH1,3,0,0,0.999956762877917,NA,NA,NA,1
IER3IP1,5,0,0,0.999956762877917,NA,NA,NA,1
IFT43,2,0,0,0.999956762877917,NA,NA,NA,1
IGF2BP2,4,0,0,0.999956762877917,NA,NA,NA,1
IGF2R,4,0,0,0.999956762877917,NA,NA,NA,1
IGFBP7,4,0,0,0.999956762877917,NA,NA,NA,1
IL10RB,2,0,0,0.999956762877917,NA,NA,NA,1
IL11,2,0,0,0.999956762877917,NA,NA,NA,1
IL15,2,0,0,0.999956762877917,NA,NA,NA,1
IL7R,2,0,0,0.999956762877917,NA,NA,NA,1
ILF3,3,0,0,0.999956762877917,NA,NA,NA,1
IMPACT,2,0,0,0.999956762877917,NA,NA,NA,1
INPP5B,2,0,0,0.999956762877917,NA,NA,NA,1
INPP5K,3,0,0,0.999956762877917,NA,NA,NA,1
INTS6,5,0,0,0.999956762877917,NA,NA,NA,1
IQGAP1,4,0,0,0.999956762877917,NA,NA,NA,1
IRF6,5,0,0,0.999956762877917,NA,NA,NA,1
IRS2,2,0,0,0.999956762877917,NA,NA,NA,1
ISCU,3,0,0,0.999956762877917,NA,NA,NA,1
ITGB1,3,0,0,0.999956762877917,NA,NA,NA,1
ITGB1BP1,3,0,0,0.999956762877917,NA,NA,NA,1
ITGB5,3,0,0,0.999956762877917,NA,NA,NA,1
ITM2B,5,0,0,0.999956762877917,NA,NA,NA,1
ITPR1,2,0,0,0.999956762877917,NA,NA,NA,1
ITPR3,2,0,0,0.999956762877917,NA,NA,NA,1
JAGN1,2,0,0,0.999956762877917,NA,NA,NA,1
JKAMP,3,0,0,0.999956762877917,NA,NA,NA,1
JMJD1C,3,0,0,0.999956762877917,NA,NA,NA,1
JOSD1,3,0,0,0.999956762877917,NA,NA,NA,1
JPT1,2,0,0,0.999956762877917,NA,NA,NA,1
JUN,4,0,0,0.999956762877917,NA,NA,NA,1
KAT6A,4,0,0,0.999956762877917,NA,NA,NA,1
KBTBD7,2,0,0,0.999956762877917,NA,NA,NA,1
KCNC4,2,0,0,0.999956762877917,NA,NA,NA,1
KCTD10,2,0,0,0.999956762877917,NA,NA,NA,1
KCTD15,3,0,0,0.999956762877917,NA,NA,NA,1
KCTD20,3,0,0,0.999956762877917,NA,NA,NA,1
KCTD9,3,0,0,0.999956762877917,NA,NA,NA,1
KDM5C,2,0,0,0.999956762877917,NA,NA,NA,1
KHDRBS1,3,0,0,0.999956762877917,NA,NA,NA,1
KHSRP,3,0,0,0.999956762877917,NA,NA,NA,1
KIF1C,8,0,0,0.999956762877917,NA,NA,NA,1
KIF20B,2,0,0,0.999956762877917,NA,NA,NA,1
KITLG,3,0,0,0.999956762877917,NA,NA,NA,1
KLF2,2,0,0,0.999956762877917,NA,NA,NA,1
KLF6,5,0,0,0.999956762877917,NA,NA,NA,1
KLF9,2,0,0,0.999956762877917,NA,NA,NA,1
KLHL42,7,0,0,0.999956762877917,NA,NA,NA,1
KLHL7,2,0,0,0.999956762877917,NA,NA,NA,1
KMT2C,2,0,0,0.999956762877917,NA,NA,NA,1
KRI1,3,0,0,0.999956762877917,NA,NA,NA,1
KRIT1,4,0,0,0.999956762877917,NA,NA,NA,1
KRT80,2,0,0,0.999956762877917,NA,NA,NA,1
KSR1,3,0,0,0.999956762877917,NA,NA,NA,1
L3MBTL3,3,0,0,0.999956762877917,NA,NA,NA,1
LAMC2,4,0,0,0.999956762877917,NA,NA,NA,1
LAMP1,3,0,0,0.999956762877917,NA,NA,NA,1
LAPTM5,2,0,0,0.999956762877917,NA,NA,NA,1
LARP1,2,0,0,0.999956762877917,NA,NA,NA,1
LARP1B,3,0,0,0.999956762877917,NA,NA,NA,1
LARS1,2,0,0,0.999956762877917,NA,NA,NA,1
LBR,2,0,0,0.999956762877917,NA,NA,NA,1
LEMD2,2,0,0,0.999956762877917,NA,NA,NA,1
LEMD3,2,0,0,0.999956762877917,NA,NA,NA,1
LEPROTL1,5,0,0,0.999956762877917,NA,NA,NA,1
LETM2,3,0,0,0.999956762877917,NA,NA,NA,1
LGALSL,2,0,0,0.999956762877917,NA,NA,NA,1
LIG3,3,0,0,0.999956762877917,NA,NA,NA,1
LIMA1,2,0,0,0.999956762877917,NA,NA,NA,1
LMAN1,5,0,0,0.999956762877917,NA,NA,NA,1
LMAN2,2,0,0,0.999956762877917,NA,NA,NA,1
LMNB1,2,0,0,0.999956762877917,NA,NA,NA,1
LPXN,2,0,0,0.999956762877917,NA,NA,NA,1
LRPAP1,7,0,0,0.999956762877917,NA,NA,NA,1
LRPPRC,3,0,0,0.999956762877917,NA,NA,NA,1
LRRC59,2,0,0,0.999956762877917,NA,NA,NA,1
LRRC8A,2,0,0,0.999956762877917,NA,NA,NA,1
LRRC8E,2,0,0,0.999956762877917,NA,NA,NA,1
LRRK1,2,0,0,0.999956762877917,NA,NA,NA,1
LSM3,2,0,0,0.999956762877917,NA,NA,NA,1
LSM5,5,0,0,0.999956762877917,NA,NA,NA,1
LTA4H,2,0,0,0.999956762877917,NA,NA,NA,1
LTBP1,4,0,0,0.999956762877917,NA,NA,NA,1
LTBP3,2,0,0,0.999956762877917,NA,NA,NA,1
LUC7L3,3,0,0,0.999956762877917,NA,NA,NA,1
LY75-CD302,3,0,0,0.999956762877917,NA,NA,NA,1
LYRM9,2,0,0,0.999956762877917,NA,NA,NA,1
MACROH2A1,4,0,0,0.999956762877917,NA,NA,NA,1
MAGEH1,3,0,0,0.999956762877917,NA,NA,NA,1
MAML3,2,0,0,0.999956762877917,NA,NA,NA,1
MANEA,2,0,0,0.999956762877917,NA,NA,NA,1
MAP1LC3B,3,0,0,0.999956762877917,NA,NA,NA,1
MAP3K20,2,0,0,0.999956762877917,NA,NA,NA,1
MAP4,3,0,0,0.999956762877917,NA,NA,NA,1
MAPKAP1,2,0,0,0.999956762877917,NA,NA,NA,1
MAST4,2,0,0,0.999956762877917,NA,NA,NA,1
MAT2B,3,0,0,0.999956762877917,NA,NA,NA,1
MATCAP1,2,0,0,0.999956762877917,NA,NA,NA,1
MATN2,2,0,0,0.999956762877917,NA,NA,NA,1
MAU2,3,0,0,0.999956762877917,NA,NA,NA,1
MAX,4,0,0,0.999956762877917,NA,NA,NA,1
MBLAC2,3,0,0,0.999956762877917,NA,NA,NA,1
MBNL1,3,0,0,0.999956762877917,NA,NA,NA,1
MCUR1,4,0,0,0.999956762877917,NA,NA,NA,1
MEAF6,4,0,0,0.999956762877917,NA,NA,NA,1
MECOM,2,0,0,0.999956762877917,NA,NA,NA,1
MEDAG,2,0,0,0.999956762877917,NA,NA,NA,1
METTL21A,2,0,0,0.999956762877917,NA,NA,NA,1
MFAP1,2,0,0,0.999956762877917,NA,NA,NA,1
MFN2,2,0,0,0.999956762877917,NA,NA,NA,1
MFSD11,4,0,0,0.999956762877917,NA,NA,NA,1
MGAT2,4,0,0,0.999956762877917,NA,NA,NA,1
MGLL,4,0,0,0.999956762877917,NA,NA,NA,1
MID1,3,0,0,0.999956762877917,NA,NA,NA,1
MIDN,3,0,0,0.999956762877917,NA,NA,NA,1
MINDY3,2,0,0,0.999956762877917,NA,NA,NA,1
MKNK2,2,0,0,0.999956762877917,NA,NA,NA,1
MLH3,2,0,0,0.999956762877917,NA,NA,NA,1
MMADHC,2,0,0,0.999956762877917,NA,NA,NA,1
MMGT1,3,0,0,0.999956762877917,NA,NA,NA,1
MMP10,2,0,0,0.999956762877917,NA,NA,NA,1
MMRN1,2,0,0,0.999956762877917,NA,NA,NA,1
MMS22L,3,0,0,0.999956762877917,NA,NA,NA,1
MORF4L1,4,0,0,0.999956762877917,NA,NA,NA,1
MPRIP,5,0,0,0.999956762877917,NA,NA,NA,1
MRFAP1,2,0,0,0.999956762877917,NA,NA,NA,1
MRFAP1L1,2,0,0,0.999956762877917,NA,NA,NA,1
MRPL1,2,0,0,0.999956762877917,NA,NA,NA,1
MRPL17,3,0,0,0.999956762877917,NA,NA,NA,1
MRPL22,2,0,0,0.999956762877917,NA,NA,NA,1
MRPL34,2,0,0,0.999956762877917,NA,NA,NA,1
MRPL36,2,0,0,0.999956762877917,NA,NA,NA,1
MRPL50,2,0,0,0.999956762877917,NA,NA,NA,1
MRPL51,2,0,0,0.999956762877917,NA,NA,NA,1
MRPS7,4,0,0,0.999956762877917,NA,NA,NA,1
MSANTD3,4,0,0,0.999956762877917,NA,NA,NA,1
MSANTD7,2,0,0,0.999956762877917,NA,NA,NA,1
MTA2,2,0,0,0.999956762877917,NA,NA,NA,1
MTREX,2,0,0,0.999956762877917,NA,NA,NA,1
MTX2,3,0,0,0.999956762877917,NA,NA,NA,1
MXD4,2,0,0,0.999956762877917,NA,NA,NA,1
MXI1,2,0,0,0.999956762877917,NA,NA,NA,1
MYCBP2,2,0,0,0.999956762877917,NA,NA,NA,1
MYDGF,2,0,0,0.999956762877917,NA,NA,NA,1
MYH10,2,0,0,0.999956762877917,NA,NA,NA,1
MYL12A,2,0,0,0.999956762877917,NA,NA,NA,1
MYL12B,2,0,0,0.999956762877917,NA,NA,NA,1
MYL9,2,0,0,0.999956762877917,NA,NA,NA,1
MYO1C,3,0,0,0.999956762877917,NA,NA,NA,1
MZT1,3,0,0,0.999956762877917,NA,NA,NA,1
NAA50,8,0,0,0.999956762877917,NA,NA,NA,1
NABP2,2,0,0,0.999956762877917,NA,NA,NA,1
NAT1,2,0,0,0.999956762877917,NA,NA,NA,1
NAV2,3,0,0,0.999956762877917,NA,NA,NA,1
NAXE,2,0,0,0.999956762877917,NA,NA,NA,1
NCBP2,2,0,0,0.999956762877917,NA,NA,NA,1
NCLN,3,0,0,0.999956762877917,NA,NA,NA,1
NCOA6,2,0,0,0.999956762877917,NA,NA,NA,1
NDRG3,4,0,0,0.999956762877917,NA,NA,NA,1
NDUFA2,2,0,0,0.999956762877917,NA,NA,NA,1
NDUFA7,2,0,0,0.999956762877917,NA,NA,NA,1
NDUFS4,2,0,0,0.999956762877917,NA,NA,NA,1
NEDD9,3,0,0,0.999956762877917,NA,NA,NA,1
NEK7,3,0,0,0.999956762877917,NA,NA,NA,1
NELFA,2,0,0,0.999956762877917,NA,NA,NA,1
NF2,2,0,0,0.999956762877917,NA,NA,NA,1
NFKBIA,2,0,0,0.999956762877917,NA,NA,NA,1
NHERF2,3,0,0,0.999956762877917,NA,NA,NA,1
NIBAN1,3,0,0,0.999956762877917,NA,NA,NA,1
NIPSNAP2,2,0,0,0.999956762877917,NA,NA,NA,1
NKIRAS2,2,0,0,0.999956762877917,NA,NA,NA,1
NMD3,2,0,0,0.999956762877917,NA,NA,NA,1
NME4,3,0,0,0.999956762877917,NA,NA,NA,1
NMNAT1,5,0,0,0.999956762877917,NA,NA,NA,1
NOS3,2,0,0,0.999956762877917,NA,NA,NA,1
NPC2,2,0,0,0.999956762877917,NA,NA,NA,1
NPM1,2,0,0,0.999956762877917,NA,NA,NA,1
NR1D1,2,0,0,0.999956762877917,NA,NA,NA,1
NR5A2,2,0,0,0.999956762877917,NA,NA,NA,1
NRG1,4,0,0,0.999956762877917,NA,NA,NA,1
NRIP3,4,0,0,0.999956762877917,NA,NA,NA,1
NSFL1C,2,0,0,0.999956762877917,NA,NA,NA,1
NSUN3,5,0,0,0.999956762877917,NA,NA,NA,1
NUMB,4,0,0,0.999956762877917,NA,NA,NA,1
NUP107,3,0,0,0.999956762877917,NA,NA,NA,1
NUP153,2,0,0,0.999956762877917,NA,NA,NA,1
NUP214,2,0,0,0.999956762877917,NA,NA,NA,1
NUP62,3,0,0,0.999956762877917,NA,NA,NA,1
NUSAP1,2,0,0,0.999956762877917,NA,NA,NA,1
NUTF2,2,0,0,0.999956762877917,NA,NA,NA,1
NXF1,2,0,0,0.999956762877917,NA,NA,NA,1
NXT1,2,0,0,0.999956762877917,NA,NA,NA,1
OAZ1,3,0,0,0.999956762877917,NA,NA,NA,1
OAZ2,3,0,0,0.999956762877917,NA,NA,NA,1
OCIAD1,5,0,0,0.999956762877917,NA,NA,NA,1
OGDH,2,0,0,0.999956762877917,NA,NA,NA,1
OPN3,3,0,0,0.999956762877917,NA,NA,NA,1
OPTN,3,0,0,0.999956762877917,NA,NA,NA,1
ORC4,4,0,0,0.999956762877917,NA,NA,NA,1
OSBPL2,5,0,0,0.999956762877917,NA,NA,NA,1
OSTF1,2,0,0,0.999956762877917,NA,NA,NA,1
OTUB1,2,0,0,0.999956762877917,NA,NA,NA,1
OXA1L,5,0,0,0.999956762877917,NA,NA,NA,1
OXCT1,2,0,0,0.999956762877917,NA,NA,NA,1
P3H2,3,0,0,0.999956762877917,NA,NA,NA,1
P3H4,3,0,0,0.999956762877917,NA,NA,NA,1
PA2G4,3,0,0,0.999956762877917,NA,NA,NA,1
PAFAH2,2,0,0,0.999956762877917,NA,NA,NA,1
PAK1,2,0,0,0.999956762877917,NA,NA,NA,1
PALM2AKAP2,6,0,0,0.999956762877917,NA,NA,NA,1
PAM,2,0,0,0.999956762877917,NA,NA,NA,1
PAQR8,3,0,0,0.999956762877917,NA,NA,NA,1
PARG,2,0,0,0.999956762877917,NA,NA,NA,1
PBK,2,0,0,0.999956762877917,NA,NA,NA,1
PCDH7,3,0,0,0.999956762877917,NA,NA,NA,1
PCGF5,4,0,0,0.999956762877917,NA,NA,NA,1
PDCD5,2,0,0,0.999956762877917,NA,NA,NA,1
PDE4B,2,0,0,0.999956762877917,NA,NA,NA,1
PDGFA,2,0,0,0.999956762877917,NA,NA,NA,1
PDHA1,2,0,0,0.999956762877917,NA,NA,NA,1
PDHB,3,0,0,0.999956762877917,NA,NA,NA,1
PDIA4,3,0,0,0.999956762877917,NA,NA,NA,1
PDK1,2,0,0,0.999956762877917,NA,NA,NA,1
PDLIM1,2,0,0,0.999956762877917,NA,NA,NA,1
PEA15,3,0,0,0.999956762877917,NA,NA,NA,1
PEBP1,2,0,0,0.999956762877917,NA,NA,NA,1
PECAM1,7,0,0,0.999956762877917,NA,NA,NA,1
PEPD,2,0,0,0.999956762877917,NA,NA,NA,1
PEX10,2,0,0,0.999956762877917,NA,NA,NA,1
PEX11A,2,0,0,0.999956762877917,NA,NA,NA,1
PEX26,7,0,0,0.999956762877917,NA,NA,NA,1
PGD,2,0,0,0.999956762877917,NA,NA,NA,1
PGK1,5,0,0,0.999956762877917,NA,NA,NA,1
PGRMC1,2,0,0,0.999956762877917,NA,NA,NA,1
PHAF1,3,0,0,0.999956762877917,NA,NA,NA,1
PHB1,2,0,0,0.999956762877917,NA,NA,NA,1
PHIP,2,0,0,0.999956762877917,NA,NA,NA,1
PHLDA3,3,0,0,0.999956762877917,NA,NA,NA,1
PHTF1,2,0,0,0.999956762877917,NA,NA,NA,1
PI4KB,2,0,0,0.999956762877917,NA,NA,NA,1
PISD,2,0,0,0.999956762877917,NA,NA,NA,1
PITPNA,3,0,0,0.999956762877917,NA,NA,NA,1
PJA1,2,0,0,0.999956762877917,NA,NA,NA,1
PJA2,4,0,0,0.999956762877917,NA,NA,NA,1
PLAAT3,2,0,0,0.999956762877917,NA,NA,NA,1
PLAG1,3,0,0,0.999956762877917,NA,NA,NA,1
PLBD2,2,0,0,0.999956762877917,NA,NA,NA,1
PLEKHA3,3,0,0,0.999956762877917,NA,NA,NA,1
PLEKHB2,4,0,0,0.999956762877917,NA,NA,NA,1
PLIN3,3,0,0,0.999956762877917,NA,NA,NA,1
PLK2,2,0,0,0.999956762877917,NA,NA,NA,1
PLP2,3,0,0,0.999956762877917,NA,NA,NA,1
PLPBP,3,0,0,0.999956762877917,NA,NA,NA,1
PLPP5,2,0,0,0.999956762877917,NA,NA,NA,1
PLSCR4,4,0,0,0.999956762877917,NA,NA,NA,1
PLXNA2,3,0,0,0.999956762877917,NA,NA,NA,1
PLXND1,2,0,0,0.999956762877917,NA,NA,NA,1
PMEPA1,5,0,0,0.999956762877917,NA,NA,NA,1
POLR2C,2,0,0,0.999956762877917,NA,NA,NA,1
POLR2M,4,0,0,0.999956762877917,NA,NA,NA,1
POLR3D,2,0,0,0.999956762877917,NA,NA,NA,1
POLR3K,3,0,0,0.999956762877917,NA,NA,NA,1
POU2F1,2,0,0,0.999956762877917,NA,NA,NA,1
POU4F1,2,0,0,0.999956762877917,NA,NA,NA,1
PPDPF,2,0,0,0.999956762877917,NA,NA,NA,1
PPIA,2,0,0,0.999956762877917,NA,NA,NA,1
PPIG,2,0,0,0.999956762877917,NA,NA,NA,1
PPP1CC,4,0,0,0.999956762877917,NA,NA,NA,1
PPP1R14B,2,0,0,0.999956762877917,NA,NA,NA,1
PPP2CB,2,0,0,0.999956762877917,NA,NA,NA,1
PPP2R1B,7,0,0,0.999956762877917,NA,NA,NA,1
PPP3CC,3,0,0,0.999956762877917,NA,NA,NA,1
PPP4R1,2,0,0,0.999956762877917,NA,NA,NA,1
PPP4R2,4,0,0,0.999956762877917,NA,NA,NA,1
PPP6R1,2,0,0,0.999956762877917,NA,NA,NA,1
PPTC7,2,0,0,0.999956762877917,NA,NA,NA,1
PRCP,6,0,0,0.999956762877917,NA,NA,NA,1
PRDX1,2,0,0,0.999956762877917,NA,NA,NA,1
PRDX6,2,0,0,0.999956762877917,NA,NA,NA,1
PRELID1,2,0,0,0.999956762877917,NA,NA,NA,1
PRKAA2,2,0,0,0.999956762877917,NA,NA,NA,1
PRKAG1,2,0,0,0.999956762877917,NA,NA,NA,1
PRKCD,3,0,0,0.999956762877917,NA,NA,NA,1
PRKCI,2,0,0,0.999956762877917,NA,NA,NA,1
PRPS1,2,0,0,0.999956762877917,NA,NA,NA,1
PRPSAP2,3,0,0,0.999956762877917,NA,NA,NA,1
PRSS23,4,0,0,0.999956762877917,NA,NA,NA,1
PRXL2C,2,0,0,0.999956762877917,NA,NA,NA,1
PSAP,2,0,0,0.999956762877917,NA,NA,NA,1
PSENEN,2,0,0,0.999956762877917,NA,NA,NA,1
PSIP1,2,0,0,0.999956762877917,NA,NA,NA,1
PSMA7,2,0,0,0.999956762877917,NA,NA,NA,1
PSMD11,4,0,0,0.999956762877917,NA,NA,NA,1
PSMD7,2,0,0,0.999956762877917,NA,NA,NA,1
PSMD8,3,0,0,0.999956762877917,NA,NA,NA,1
PSMD9,2,0,0,0.999956762877917,NA,NA,NA,1
PSME3,5,0,0,0.999956762877917,NA,NA,NA,1
PSME4,3,0,0,0.999956762877917,NA,NA,NA,1
PTBP1,4,0,0,0.999956762877917,NA,NA,NA,1
PTGS1,2,0,0,0.999956762877917,NA,NA,NA,1
PTMA,4,0,0,0.999956762877917,NA,NA,NA,1
PTP4A2,4,0,0,0.999956762877917,NA,NA,NA,1
PTPRM,2,0,0,0.999956762877917,NA,NA,NA,1
PUS1,2,0,0,0.999956762877917,NA,NA,NA,1
PUS10,2,0,0,0.999956762877917,NA,NA,NA,1
PUS7L,3,0,0,0.999956762877917,NA,NA,NA,1
PWWP2A,2,0,0,0.999956762877917,NA,NA,NA,1
PWWP3A,2,0,0,0.999956762877917,NA,NA,NA,1
QRICH1,4,0,0,0.999956762877917,NA,NA,NA,1
QTRT2,2,0,0,0.999956762877917,NA,NA,NA,1
RAB11B,3,0,0,0.999956762877917,NA,NA,NA,1
RAB11FIP2,3,0,0,0.999956762877917,NA,NA,NA,1
RAB12,2,0,0,0.999956762877917,NA,NA,NA,1
RAB13,2,0,0,0.999956762877917,NA,NA,NA,1
RAB18,7,0,0,0.999956762877917,NA,NA,NA,1
RAB1A,3,0,0,0.999956762877917,NA,NA,NA,1
RAB23,4,0,0,0.999956762877917,NA,NA,NA,1
RAB29,3,0,0,0.999956762877917,NA,NA,NA,1
RAB2A,6,0,0,0.999956762877917,NA,NA,NA,1
RAB33B,3,0,0,0.999956762877917,NA,NA,NA,1
RAB3GAP1,6,0,0,0.999956762877917,NA,NA,NA,1
RAB3GAP2,5,0,0,0.999956762877917,NA,NA,NA,1
RAB7A,3,0,0,0.999956762877917,NA,NA,NA,1
RABIF,6,0,0,0.999956762877917,NA,NA,NA,1
RAD54L2,2,0,0,0.999956762877917,NA,NA,NA,1
RAI1,2,0,0,0.999956762877917,NA,NA,NA,1
RAI2,2,0,0,0.999956762877917,NA,NA,NA,1
RALGPS2,2,0,0,0.999956762877917,NA,NA,NA,1
RALY,3,0,0,0.999956762877917,NA,NA,NA,1
RANBP1,4,0,0,0.999956762877917,NA,NA,NA,1
RANGAP1,3,0,0,0.999956762877917,NA,NA,NA,1
RAP1B,2,0,0,0.999956762877917,NA,NA,NA,1
RAP1GDS1,2,0,0,0.999956762877917,NA,NA,NA,1
RAPGEF2,2,0,0,0.999956762877917,NA,NA,NA,1
RASGRF2,2,0,0,0.999956762877917,NA,NA,NA,1
RASIP1,2,0,0,0.999956762877917,NA,NA,NA,1
RBCK1,2,0,0,0.999956762877917,NA,NA,NA,1
RBIS,2,0,0,0.999956762877917,NA,NA,NA,1
RBM17,3,0,0,0.999956762877917,NA,NA,NA,1
RBPMS,2,0,0,0.999956762877917,NA,NA,NA,1
RBX1,2,0,0,0.999956762877917,NA,NA,NA,1
RCAN1,2,0,0,0.999956762877917,NA,NA,NA,1
RDH11,4,0,0,0.999956762877917,NA,NA,NA,1
RDX,2,0,0,0.999956762877917,NA,NA,NA,1
REXO2,2,0,0,0.999956762877917,NA,NA,NA,1
RFC1,3,0,0,0.999956762877917,NA,NA,NA,1
RFFL,2,0,0,0.999956762877917,NA,NA,NA,1
RFK,3,0,0,0.999956762877917,NA,NA,NA,1
RFX5,2,0,0,0.999956762877917,NA,NA,NA,1
RHBDF1,2,0,0,0.999956762877917,NA,NA,NA,1
RHEB,2,0,0,0.999956762877917,NA,NA,NA,1
RHOA,4,0,0,0.999956762877917,NA,NA,NA,1
RHOB,4,0,0,0.999956762877917,NA,NA,NA,1
RHOBTB2,2,0,0,0.999956762877917,NA,NA,NA,1
RHOBTB3,3,0,0,0.999956762877917,NA,NA,NA,1
RIN2,2,0,0,0.999956762877917,NA,NA,NA,1
RIOK3,3,0,0,0.999956762877917,NA,NA,NA,1
RNASE4,2,0,0,0.999956762877917,NA,NA,NA,1
RNASEH2A,2,0,0,0.999956762877917,NA,NA,NA,1
RNF10,3,0,0,0.999956762877917,NA,NA,NA,1
RNF103-CHMP3,2,0,0,0.999956762877917,NA,NA,NA,1
RNF11,8,0,0,0.999956762877917,NA,NA,NA,1
RNF121,3,0,0,0.999956762877917,NA,NA,NA,1
RNF126,3,0,0,0.999956762877917,NA,NA,NA,1
RNF214,3,0,0,0.999956762877917,NA,NA,NA,1
RNF40,3,0,0,0.999956762877917,NA,NA,NA,1
RPGRIP1L,2,0,0,0.999956762877917,NA,NA,NA,1
RPL19,2,0,0,0.999956762877917,NA,NA,NA,1
RPL22,5,0,0,0.999956762877917,NA,NA,NA,1
RPL23A,2,0,0,0.999956762877917,NA,NA,NA,1
RPL7L1,5,0,0,0.999956762877917,NA,NA,NA,1
RPN1,2,0,0,0.999956762877917,NA,NA,NA,1
RPP25,2,0,0,0.999956762877917,NA,NA,NA,1
RPRD1A,2,0,0,0.999956762877917,NA,NA,NA,1
RPS19,3,0,0,0.999956762877917,NA,NA,NA,1
RPS27A,2,0,0,0.999956762877917,NA,NA,NA,1
RPS6KA3,5,0,0,0.999956762877917,NA,NA,NA,1
RPS6KA4,2,0,0,0.999956762877917,NA,NA,NA,1
RPSA,2,0,0,0.999956762877917,NA,NA,NA,1
RPUSD4,2,0,0,0.999956762877917,NA,NA,NA,1
RRAGA,2,0,0,0.999956762877917,NA,NA,NA,1
RSL1D1,4,0,0,0.999956762877917,NA,NA,NA,1
RTCA,3,0,0,0.999956762877917,NA,NA,NA,1
RTN4,4,0,0,0.999956762877917,NA,NA,NA,1
RUNDC3B,2,0,0,0.999956762877917,NA,NA,NA,1
S1PR1,2,0,0,0.999956762877917,NA,NA,NA,1
SAFB2,2,0,0,0.999956762877917,NA,NA,NA,1
SAMD4A,4,0,0,0.999956762877917,NA,NA,NA,1
SAPCD2,2,0,0,0.999956762877917,NA,NA,NA,1
SARS1,2,0,0,0.999956762877917,NA,NA,NA,1
SASH1,3,0,0,0.999956762877917,NA,NA,NA,1
SAT1,4,0,0,0.999956762877917,NA,NA,NA,1
SC5D,4,0,0,0.999956762877917,NA,NA,NA,1
SCAF11,8,0,0,0.999956762877917,NA,NA,NA,1
SCAF4,2,0,0,0.999956762877917,NA,NA,NA,1
SCARB2,3,0,0,0.999956762877917,NA,NA,NA,1
SCFD2,2,0,0,0.999956762877917,NA,NA,NA,1
SCO1,5,0,0,0.999956762877917,NA,NA,NA,1
SDHAF2,2,0,0,0.999956762877917,NA,NA,NA,1
SEC11A,2,0,0,0.999956762877917,NA,NA,NA,1
SEC14L1,4,0,0,0.999956762877917,NA,NA,NA,1
SEC31A,3,0,0,0.999956762877917,NA,NA,NA,1
SEC61A2,2,0,0,0.999956762877917,NA,NA,NA,1
SEL1L3,3,0,0,0.999956762877917,NA,NA,NA,1
SELENOF,3,0,0,0.999956762877917,NA,NA,NA,1
SELENOT,7,0,0,0.999956762877917,NA,NA,NA,1
SEMA4F,2,0,0,0.999956762877917,NA,NA,NA,1
SEMA6C,2,0,0,0.999956762877917,NA,NA,NA,1
SEPTIN10,3,0,0,0.999956762877917,NA,NA,NA,1
SERPINB8,2,0,0,0.999956762877917,NA,NA,NA,1
SERPINE1,7,0,0,0.999956762877917,NA,NA,NA,1
SETD4,2,0,0,0.999956762877917,NA,NA,NA,1
SETD5,3,0,0,0.999956762877917,NA,NA,NA,1
SETX,4,0,0,0.999956762877917,NA,NA,NA,1
SF1,2,0,0,0.999956762877917,NA,NA,NA,1
SF3B3,4,0,0,0.999956762877917,NA,NA,NA,1
SH3BGRL3,2,0,0,0.999956762877917,NA,NA,NA,1
SH3BP4,3,0,0,0.999956762877917,NA,NA,NA,1
SH3BP5,3,0,0,0.999956762877917,NA,NA,NA,1
SH3RF1,3,0,0,0.999956762877917,NA,NA,NA,1
SHCBP1,4,0,0,0.999956762877917,NA,NA,NA,1
SHMT2,3,0,0,0.999956762877917,NA,NA,NA,1
SHROOM1,2,0,0,0.999956762877917,NA,NA,NA,1
SIRT3,2,0,0,0.999956762877917,NA,NA,NA,1
SKAP2,5,0,0,0.999956762877917,NA,NA,NA,1
SKIC3,3,0,0,0.999956762877917,NA,NA,NA,1
SLC16A7,3,0,0,0.999956762877917,NA,NA,NA,1
SLC1A1,2,0,0,0.999956762877917,NA,NA,NA,1
SLC25A3,4,0,0,0.999956762877917,NA,NA,NA,1
SLC25A37,2,0,0,0.999956762877917,NA,NA,NA,1
SLC2A8,2,0,0,0.999956762877917,NA,NA,NA,1
SLC35A1,3,0,0,0.999956762877917,NA,NA,NA,1
SLC35C1,2,0,0,0.999956762877917,NA,NA,NA,1
SLC37A2,2,0,0,0.999956762877917,NA,NA,NA,1
SLC38A7,3,0,0,0.999956762877917,NA,NA,NA,1
SLC44A1,3,0,0,0.999956762877917,NA,NA,NA,1
SLC44A2,2,0,0,0.999956762877917,NA,NA,NA,1
SLC47A1,2,0,0,0.999956762877917,NA,NA,NA,1
SLC48A1,2,0,0,0.999956762877917,NA,NA,NA,1
SLC5A3,3,0,0,0.999956762877917,NA,NA,NA,1
SLC7A1,5,0,0,0.999956762877917,NA,NA,NA,1
SLC8B1,2,0,0,0.999956762877917,NA,NA,NA,1
SLIT2,4,0,0,0.999956762877917,NA,NA,NA,1
SLTM,2,0,0,0.999956762877917,NA,NA,NA,1
SLU7,2,0,0,0.999956762877917,NA,NA,NA,1
SMAD1,2,0,0,0.999956762877917,NA,NA,NA,1
SMAD3,2,0,0,0.999956762877917,NA,NA,NA,1
SMAD4,6,0,0,0.999956762877917,NA,NA,NA,1
SMAP1,2,0,0,0.999956762877917,NA,NA,NA,1
SMARCA4,3,0,0,0.999956762877917,NA,NA,NA,1
SMARCE1,4,0,0,0.999956762877917,NA,NA,NA,1
SMC1A,5,0,0,0.999956762877917,NA,NA,NA,1
SMC6,3,0,0,0.999956762877917,NA,NA,NA,1
SMCO4,2,0,0,0.999956762877917,NA,NA,NA,1
SMIM15,3,0,0,0.999956762877917,NA,NA,NA,1
SNCA,6,0,0,0.999956762877917,NA,NA,NA,1
SNRNP27,4,0,0,0.999956762877917,NA,NA,NA,1
SNU13,2,0,0,0.999956762877917,NA,NA,NA,1
SNX1,2,0,0,0.999956762877917,NA,NA,NA,1
SNX25,2,0,0,0.999956762877917,NA,NA,NA,1
SNX3,3,0,0,0.999956762877917,NA,NA,NA,1
SNX5,3,0,0,0.999956762877917,NA,NA,NA,1
SNX8,2,0,0,0.999956762877917,NA,NA,NA,1
SOCS5,3,0,0,0.999956762877917,NA,NA,NA,1
SOWAHC,2,0,0,0.999956762877917,NA,NA,NA,1
SOX4,4,0,0,0.999956762877917,NA,NA,NA,1
SOX7,4,0,0,0.999956762877917,NA,NA,NA,1
SPATS2,3,0,0,0.999956762877917,NA,NA,NA,1
SPATS2L,4,0,0,0.999956762877917,NA,NA,NA,1
SPCS2,3,0,0,0.999956762877917,NA,NA,NA,1
SPIDR,2,0,0,0.999956762877917,NA,NA,NA,1
SPOP,4,0,0,0.999956762877917,NA,NA,NA,1
SPOUT1,2,0,0,0.999956762877917,NA,NA,NA,1
SQSTM1,4,0,0,0.999956762877917,NA,NA,NA,1
SRBD1,2,0,0,0.999956762877917,NA,NA,NA,1
SRD5A3,3,0,0,0.999956762877917,NA,NA,NA,1
SREBF1,2,0,0,0.999956762877917,NA,NA,NA,1
SRGN,3,0,0,0.999956762877917,NA,NA,NA,1
SRM,2,0,0,0.999956762877917,NA,NA,NA,1
SRP14,3,0,0,0.999956762877917,NA,NA,NA,1
SRP68,3,0,0,0.999956762877917,NA,NA,NA,1
SRSF2,3,0,0,0.999956762877917,NA,NA,NA,1
SRSF4,2,0,0,0.999956762877917,NA,NA,NA,1
ST3GAL1,4,0,0,0.999956762877917,NA,NA,NA,1
ST7,2,0,0,0.999956762877917,NA,NA,NA,1
STAT6,3,0,0,0.999956762877917,NA,NA,NA,1
STING1,2,0,0,0.999956762877917,NA,NA,NA,1
STK40,3,0,0,0.999956762877917,NA,NA,NA,1
STPG1,2,0,0,0.999956762877917,NA,NA,NA,1
STX11,2,0,0,0.999956762877917,NA,NA,NA,1
STX12,5,0,0,0.999956762877917,NA,NA,NA,1
SUB1,5,0,0,0.999956762877917,NA,NA,NA,1
SUCLG1,2,0,0,0.999956762877917,NA,NA,NA,1
SUGP1,2,0,0,0.999956762877917,NA,NA,NA,1
SUMO1,4,0,0,0.999956762877917,NA,NA,NA,1
SUPT20H,2,0,0,0.999956762877917,NA,NA,NA,1
SUPT4H1,3,0,0,0.999956762877917,NA,NA,NA,1
SURF4,4,0,0,0.999956762877917,NA,NA,NA,1
SUSD5,2,0,0,0.999956762877917,NA,NA,NA,1
SYPL1,2,0,0,0.999956762877917,NA,NA,NA,1
TACC1,7,0,0,0.999956762877917,NA,NA,NA,1
TAF1C,3,0,0,0.999956762877917,NA,NA,NA,1
TAOK3,4,0,0,0.999956762877917,NA,NA,NA,1
TASOR,2,0,0,0.999956762877917,NA,NA,NA,1
TASOR2,3,0,0,0.999956762877917,NA,NA,NA,1
TBC1D1,3,0,0,0.999956762877917,NA,NA,NA,1
TBC1D24,4,0,0,0.999956762877917,NA,NA,NA,1
TBC1D5,3,0,0,0.999956762877917,NA,NA,NA,1
TBCC,2,0,0,0.999956762877917,NA,NA,NA,1
TBCK,3,0,0,0.999956762877917,NA,NA,NA,1
TBL3,2,0,0,0.999956762877917,NA,NA,NA,1
TBRG1,4,0,0,0.999956762877917,NA,NA,NA,1
TBX18,6,0,0,0.999956762877917,NA,NA,NA,1
TCAF2,3,0,0,0.999956762877917,NA,NA,NA,1
TCEAL4,2,0,0,0.999956762877917,NA,NA,NA,1
TCEAL9,2,0,0,0.999956762877917,NA,NA,NA,1
TCP1,2,0,0,0.999956762877917,NA,NA,NA,1
TCTN3,2,0,0,0.999956762877917,NA,NA,NA,1
TENM3,2,0,0,0.999956762877917,NA,NA,NA,1
TENT4B,4,0,0,0.999956762877917,NA,NA,NA,1
TEX2,2,0,0,0.999956762877917,NA,NA,NA,1
TGFBR2,2,0,0,0.999956762877917,NA,NA,NA,1
TGIF2,2,0,0,0.999956762877917,NA,NA,NA,1
THAP5,2,0,0,0.999956762877917,NA,NA,NA,1
THSD7A,3,0,0,0.999956762877917,NA,NA,NA,1
TIGD6,2,0,0,0.999956762877917,NA,NA,NA,1
TIMM10B,2,0,0,0.999956762877917,NA,NA,NA,1
TIMM13,2,0,0,0.999956762877917,NA,NA,NA,1
TIMM17A,5,0,0,0.999956762877917,NA,NA,NA,1
TIMM21,4,0,0,0.999956762877917,NA,NA,NA,1
TIMM8A,2,0,0,0.999956762877917,NA,NA,NA,1
TIMMDC1,2,0,0,0.999956762877917,NA,NA,NA,1
TIMP2,4,0,0,0.999956762877917,NA,NA,NA,1
TIPRL,3,0,0,0.999956762877917,NA,NA,NA,1
TJP2,2,0,0,0.999956762877917,NA,NA,NA,1
TLE5,2,0,0,0.999956762877917,NA,NA,NA,1
TLN1,2,0,0,0.999956762877917,NA,NA,NA,1
TLNRD1,3,0,0,0.999956762877917,NA,NA,NA,1
TMBIM6,4,0,0,0.999956762877917,NA,NA,NA,1
TMED10,3,0,0,0.999956762877917,NA,NA,NA,1
TMED9,3,0,0,0.999956762877917,NA,NA,NA,1
TMEM104,2,0,0,0.999956762877917,NA,NA,NA,1
TMEM109,2,0,0,0.999956762877917,NA,NA,NA,1
TMEM131L,2,0,0,0.999956762877917,NA,NA,NA,1
TMEM14A,2,0,0,0.999956762877917,NA,NA,NA,1
TMEM179B,2,0,0,0.999956762877917,NA,NA,NA,1
TMEM248,3,0,0,0.999956762877917,NA,NA,NA,1
TMEM267,4,0,0,0.999956762877917,NA,NA,NA,1
TMEM47,2,0,0,0.999956762877917,NA,NA,NA,1
TMEM69,2,0,0,0.999956762877917,NA,NA,NA,1
TMEM70,3,0,0,0.999956762877917,NA,NA,NA,1
TMEM87A,4,0,0,0.999956762877917,NA,NA,NA,1
TMTC1,4,0,0,0.999956762877917,NA,NA,NA,1
TNFAIP1,3,0,0,0.999956762877917,NA,NA,NA,1
TNFRSF1B,2,0,0,0.999956762877917,NA,NA,NA,1
TNFSF4,3,0,0,0.999956762877917,NA,NA,NA,1
TNKS,3,0,0,0.999956762877917,NA,NA,NA,1
TNPO2,2,0,0,0.999956762877917,NA,NA,NA,1
TNPO3,2,0,0,0.999956762877917,NA,NA,NA,1
TOMM34,2,0,0,0.999956762877917,NA,NA,NA,1
TOMM5,4,0,0,0.999956762877917,NA,NA,NA,1
TOP1,3,0,0,0.999956762877917,NA,NA,NA,1
TPI1,2,0,0,0.999956762877917,NA,NA,NA,1
TPP1,6,0,0,0.999956762877917,NA,NA,NA,1
TPT1,5,0,0,0.999956762877917,NA,NA,NA,1
TRABD,2,0,0,0.999956762877917,NA,NA,NA,1
TRAF5,3,0,0,0.999956762877917,NA,NA,NA,1
TRAM2,3,0,0,0.999956762877917,NA,NA,NA,1
TRAPPC3,2,0,0,0.999956762877917,NA,NA,NA,1
TRAPPC6B,2,0,0,0.999956762877917,NA,NA,NA,1
TRIM2,2,0,0,0.999956762877917,NA,NA,NA,1
TRIM33,3,0,0,0.999956762877917,NA,NA,NA,1
TRIM65,2,0,0,0.999956762877917,NA,NA,NA,1
TRIM8,2,0,0,0.999956762877917,NA,NA,NA,1
TRIOBP,4,0,0,0.999956762877917,NA,NA,NA,1
TRNT1,3,0,0,0.999956762877917,NA,NA,NA,1
TRPC4,2,0,0,0.999956762877917,NA,NA,NA,1
TSHZ1,2,0,0,0.999956762877917,NA,NA,NA,1
TSPAN11,2,0,0,0.999956762877917,NA,NA,NA,1
TSR1,6,0,0,0.999956762877917,NA,NA,NA,1
TSR2,3,0,0,0.999956762877917,NA,NA,NA,1
TTC1,2,0,0,0.999956762877917,NA,NA,NA,1
TTC19,5,0,0,0.999956762877917,NA,NA,NA,1
TTC23,3,0,0,0.999956762877917,NA,NA,NA,1
TTC3,3,0,0,0.999956762877917,NA,NA,NA,1
TTLL11,4,0,0,0.999956762877917,NA,NA,NA,1
TTPAL,4,0,0,0.999956762877917,NA,NA,NA,1
TTYH3,3,0,0,0.999956762877917,NA,NA,NA,1
TUBB2B,2,0,0,0.999956762877917,NA,NA,NA,1
TUFM,2,0,0,0.999956762877917,NA,NA,NA,1
TUSC2,3,0,0,0.999956762877917,NA,NA,NA,1
TWSG1,5,0,0,0.999956762877917,NA,NA,NA,1
TXLNG,2,0,0,0.999956762877917,NA,NA,NA,1
TXN2,2,0,0,0.999956762877917,NA,NA,NA,1
TXNDC17,4,0,0,0.999956762877917,NA,NA,NA,1
TXNRD1,4,0,0,0.999956762877917,NA,NA,NA,1
UBALD2,2,0,0,0.999956762877917,NA,NA,NA,1
UBE2A,2,0,0,0.999956762877917,NA,NA,NA,1
UBE2K,8,0,0,0.999956762877917,NA,NA,NA,1
UBE2Q1,2,0,0,0.999956762877917,NA,NA,NA,1
UBE2Q2,3,0,0,0.999956762877917,NA,NA,NA,1
UBE2R2,5,0,0,0.999956762877917,NA,NA,NA,1
UBE2T,2,0,0,0.999956762877917,NA,NA,NA,1
UBOX5,2,0,0,0.999956762877917,NA,NA,NA,1
UBQLN1,4,0,0,0.999956762877917,NA,NA,NA,1
UBXN6,2,0,0,0.999956762877917,NA,NA,NA,1
UFSP2,2,0,0,0.999956762877917,NA,NA,NA,1
UHMK1,4,0,0,0.999956762877917,NA,NA,NA,1
UPP1,2,0,0,0.999956762877917,NA,NA,NA,1
UQCRC2,2,0,0,0.999956762877917,NA,NA,NA,1
UQCRFS1,2,0,0,0.999956762877917,NA,NA,NA,1
USP11,3,0,0,0.999956762877917,NA,NA,NA,1
USP19,2,0,0,0.999956762877917,NA,NA,NA,1
USP22,3,0,0,0.999956762877917,NA,NA,NA,1
USP38,5,0,0,0.999956762877917,NA,NA,NA,1
USP42,2,0,0,0.999956762877917,NA,NA,NA,1
USP48,3,0,0,0.999956762877917,NA,NA,NA,1
UTP11,2,0,0,0.999956762877917,NA,NA,NA,1
UTP6,4,0,0,0.999956762877917,NA,NA,NA,1
VAMP2,3,0,0,0.999956762877917,NA,NA,NA,1
VAPA,5,0,0,0.999956762877917,NA,NA,NA,1
VAPB,5,0,0,0.999956762877917,NA,NA,NA,1
VBP1,3,0,0,0.999956762877917,NA,NA,NA,1
VDAC2,2,0,0,0.999956762877917,NA,NA,NA,1
VMA21,2,0,0,0.999956762877917,NA,NA,NA,1
VPS26C,5,0,0,0.999956762877917,NA,NA,NA,1
VPS39,3,0,0,0.999956762877917,NA,NA,NA,1
WBP2,2,0,0,0.999956762877917,NA,NA,NA,1
WBP4,2,0,0,0.999956762877917,NA,NA,NA,1
WDFY4,2,0,0,0.999956762877917,NA,NA,NA,1
WDR1,4,0,0,0.999956762877917,NA,NA,NA,1
WDR77,6,0,0,0.999956762877917,NA,NA,NA,1
WDR91,3,0,0,0.999956762877917,NA,NA,NA,1
WIZ,3,0,0,0.999956762877917,NA,NA,NA,1
WLS,5,0,0,0.999956762877917,NA,NA,NA,1
WWTR1,6,0,0,0.999956762877917,NA,NA,NA,1
XIAP,5,0,0,0.999956762877917,NA,NA,NA,1
XPO1,2,0,0,0.999956762877917,NA,NA,NA,1
XPO5,3,0,0,0.999956762877917,NA,NA,NA,1
XPO7,4,0,0,0.999956762877917,NA,NA,NA,1
XXYLT1,2,0,0,0.999956762877917,NA,NA,NA,1
YBX3,2,0,0,0.999956762877917,NA,NA,NA,1
YIPF5,5,0,0,0.999956762877917,NA,NA,NA,1
YRDC,2,0,0,0.999956762877917,NA,NA,NA,1
YTHDF1,2,0,0,0.999956762877917,NA,NA,NA,1
YTHDF2,2,0,0,0.999956762877917,NA,NA,NA,1
ZBTB33,2,0,0,0.999956762877917,NA,NA,NA,1
ZBTB43,2,0,0,0.999956762877917,NA,NA,NA,1
ZBTB7A,6,0,0,0.999956762877917,NA,NA,NA,1
ZBTB8OS,2,0,0,0.999956762877917,NA,NA,NA,1
ZC3HAV1,2,0,0,0.999956762877917,NA,NA,NA,1
ZC4H2,2,0,0,0.999956762877917,NA,NA,NA,1
ZCCHC2,2,0,0,0.999956762877917,NA,NA,NA,1
ZCCHC24,2,0,0,0.999956762877917,NA,NA,NA,1
ZDHHC5,2,0,0,0.999956762877917,NA,NA,NA,1
ZDHHC7,2,0,0,0.999956762877917,NA,NA,NA,1
ZFP36L2,4,0,0,0.999956762877917,NA,NA,NA,1
ZFPM2,2,0,0,0.999956762877917,NA,NA,NA,1
ZKSCAN4,2,0,0,0.999956762877917,NA,NA,NA,1
ZMAT3,4,0,0,0.999956762877917,NA,NA,NA,1
ZMPSTE24,4,0,0,0.999956762877917,NA,NA,NA,1
ZMYM2,3,0,0,0.999956762877917,NA,NA,NA,1
ZMYND11,3,0,0,0.999956762877917,NA,NA,NA,1
ZNF106,4,0,0,0.999956762877917,NA,NA,NA,1
ZNF121,2,0,0,0.999956762877917,NA,NA,NA,1
ZNF131,2,0,0,0.999956762877917,NA,NA,NA,1
ZNF136,2,0,0,0.999956762877917,NA,NA,NA,1
ZNF175,4,0,0,0.999956762877917,NA,NA,NA,1
ZNF184,2,0,0,0.999956762877917,NA,NA,NA,1
ZNF250,3,0,0,0.999956762877917,NA,NA,NA,1
ZNF254,4,0,0,0.999956762877917,NA,NA,NA,1
ZNF302,2,0,0,0.999956762877917,NA,NA,NA,1
ZNF367,2,0,0,0.999956762877917,NA,NA,NA,1
ZNF431,3,0,0,0.999956762877917,NA,NA,NA,1
ZNF438,2,0,0,0.999956762877917,NA,NA,NA,1
ZNF48,3,0,0,0.999956762877917,NA,NA,NA,1
ZNF507,2,0,0,0.999956762877917,NA,NA,NA,1
ZNF618,3,0,0,0.999956762877917,NA,NA,NA,1
ZNF7,3,0,0,0.999956762877917,NA,NA,NA,1
ZNF721,3,0,0,0.999956762877917,NA,NA,NA,1
ZNF740,2,0,0,0.999956762877917,NA,NA,NA,1
ZNF770,4,0,0,0.999956762877917,NA,NA,NA,1
ZNF829,2,0,0,0.999956762877917,NA,NA,NA,1
ZNF830,2,0,0,0.999956762877917,NA,NA,NA,1
ZNF845,2,0,0,0.999956762877917,NA,NA,NA,1
ZNRF1,5,0,0,0.999956762877917,NA,NA,NA,1
ZSCAN29,3,0,0,0.999956762877917,NA,NA,NA,1
ZSCAN30,2,0,0,0.999956762877917,NA,NA,NA,1
ZYG11B,3,0,0,0.999956762877917,NA,NA,NA,1
ACCS,2,0,0,NA,NA,NA,NA,NA
ADAL,3,0,0,NA,NA,NA,NA,NA
ADRB1,2,0,0,NA,NA,NA,NA,NA
ALDH3B1,2,0,0,NA,NA,NA,NA,NA
ARHGEF39,2,0,0,NA,NA,NA,NA,NA
ARMC10,2,0,0,NA,NA,NA,NA,NA
ARPC4-TTLL3,2,0,0,NA,NA,NA,NA,NA
BCLAF3,3,0,0,NA,NA,NA,NA,NA
BHLHE41,2,0,0,NA,NA,NA,NA,NA
BMPR1A,2,0,0,NA,NA,NA,NA,NA
C14orf93,3,0,0,NA,NA,NA,NA,NA
C17orf100,3,0,0,NA,NA,NA,NA,NA
C19orf44,2,0,0,NA,NA,NA,NA,NA
C6orf132,3,0,0,NA,NA,NA,NA,NA
CCDC96,2,0,0,NA,NA,NA,NA,NA
CDC14B,2,0,0,NA,NA,NA,NA,NA
CEACAM19,2,0,0,NA,NA,NA,NA,NA
CEP78,2,0,0,NA,NA,NA,NA,NA
CFAP418,2,0,0,NA,NA,NA,NA,NA
CHD9NB,2,0,0,NA,NA,NA,NA,NA
CIP2A,2,0,0,NA,NA,NA,NA,NA
CNNM2,3,0,0,NA,NA,NA,NA,NA
COLEC12,4,0,0,NA,NA,NA,NA,NA
CREBRF,2,0,0,NA,NA,NA,NA,NA
CSKMT,2,0,0,NA,NA,NA,NA,NA
CXCL11,2,0,0,NA,NA,NA,NA,NA
CYB5RL,2,0,0,NA,NA,NA,NA,NA
DGAT2,2,0,0,NA,NA,NA,NA,NA
DGKE,4,0,0,NA,NA,NA,NA,NA
DHFR2,2,0,0,NA,NA,NA,NA,NA
DMRTA1,2,0,0,NA,NA,NA,NA,NA
DOP1A,2,0,0,NA,NA,NA,NA,NA
DRP2,2,0,0,NA,NA,NA,NA,NA
EIF4E3,4,0,0,NA,NA,NA,NA,NA
ENOX1,2,0,0,NA,NA,NA,NA,NA
ENPP1,2,0,0,NA,NA,NA,NA,NA
ENTPD1,2,0,0,NA,NA,NA,NA,NA
ESCO2,2,0,0,NA,NA,NA,NA,NA
FAM13A,2,0,0,NA,NA,NA,NA,NA
FAM185A,2,0,0,NA,NA,NA,NA,NA
FAM78A,2,0,0,NA,NA,NA,NA,NA
FANCM,3,0,0,NA,NA,NA,NA,NA
FBLN2,2,0,0,NA,NA,NA,NA,NA
FZD1,2,0,0,NA,NA,NA,NA,NA
GALNT12,2,0,0,NA,NA,NA,NA,NA
HACE1,3,0,0,NA,NA,NA,NA,NA
HDX,2,0,0,NA,NA,NA,NA,NA
HEYL,2,0,0,NA,NA,NA,NA,NA
HTR1D,3,0,0,NA,NA,NA,NA,NA
IGSF3,2,0,0,NA,NA,NA,NA,NA
ITGA1,2,0,0,NA,NA,NA,NA,NA
JRKL,2,0,0,NA,NA,NA,NA,NA
KCNK1,2,0,0,NA,NA,NA,NA,NA
KIAA1958,2,0,0,NA,NA,NA,NA,NA
KLF5,2,0,0,NA,NA,NA,NA,NA
LACTB2,2,0,0,NA,NA,NA,NA,NA
LAMA3,2,0,0,NA,NA,NA,NA,NA
LCORL,3,0,0,NA,NA,NA,NA,NA
LIAS,2,0,0,NA,NA,NA,NA,NA
LOC124905135,2,0,0,NA,NA,NA,NA,NA
LOC728743,2,0,0,NA,NA,NA,NA,NA
LOXL4,2,0,0,NA,NA,NA,NA,NA
LRRC27,2,0,0,NA,NA,NA,NA,NA
LRRC51,2,0,0,NA,NA,NA,NA,NA
LRRC75A,2,0,0,NA,NA,NA,NA,NA
MARK1,2,0,0,NA,NA,NA,NA,NA
MMACHC,2,0,0,NA,NA,NA,NA,NA
MORN3,3,0,0,NA,NA,NA,NA,NA
MPP2,2,0,0,NA,NA,NA,NA,NA
MTHFSD,2,0,0,NA,NA,NA,NA,NA
MTO1,3,0,0,NA,NA,NA,NA,NA
NEK8,3,0,0,NA,NA,NA,NA,NA
NPHP1,2,0,0,NA,NA,NA,NA,NA
OTULINL,2,0,0,NA,NA,NA,NA,NA
PECR,2,0,0,NA,NA,NA,NA,NA
PGBD2,2,0,0,NA,NA,NA,NA,NA
PHEX,2,0,0,NA,NA,NA,NA,NA
PHKA2,3,0,0,NA,NA,NA,NA,NA
PHYKPL,2,0,0,NA,NA,NA,NA,NA
PITX1,2,0,0,NA,NA,NA,NA,NA
POC1B-GALNT4,2,0,0,NA,NA,NA,NA,NA
POU2F2,3,0,0,NA,NA,NA,NA,NA
POU6F1,3,0,0,NA,NA,NA,NA,NA
PRDM1,2,0,0,NA,NA,NA,NA,NA
PTPN22,2,0,0,NA,NA,NA,NA,NA
RAD52,2,0,0,NA,NA,NA,NA,NA
RASGRP3,2,0,0,NA,NA,NA,NA,NA
RBBP8,2,0,0,NA,NA,NA,NA,NA
REPS2,2,0,0,NA,NA,NA,NA,NA
RNF144A,2,0,0,NA,NA,NA,NA,NA
RNF180,2,0,0,NA,NA,NA,NA,NA
RNFT2,2,0,0,NA,NA,NA,NA,NA
RSKR,2,0,0,NA,NA,NA,NA,NA
SEMA5A,2,0,0,NA,NA,NA,NA,NA
SEMA6D,2,0,0,NA,NA,NA,NA,NA
SETDB2,3,0,0,NA,NA,NA,NA,NA
SLCO3A1,2,0,0,NA,NA,NA,NA,NA
SLIT3,2,0,0,NA,NA,NA,NA,NA
SNX16,2,0,0,NA,NA,NA,NA,NA
SPATA6,3,0,0,NA,NA,NA,NA,NA
SSPN,3,0,0,NA,NA,NA,NA,NA
SUCLA2,2,0,0,NA,NA,NA,NA,NA
SULT1E1,2,0,0,NA,NA,NA,NA,NA
TAF1B,3,0,0,NA,NA,NA,NA,NA
TCF7,2,0,0,NA,NA,NA,NA,NA
TDRD9,2,0,0,NA,NA,NA,NA,NA
TMA7B,2,0,0,NA,NA,NA,NA,NA
TMEM163,2,0,0,NA,NA,NA,NA,NA
TMOD1,3,0,0,NA,NA,NA,NA,NA
TNFRSF10C,2,0,0,NA,NA,NA,NA,NA
TONSL,2,0,0,NA,NA,NA,NA,NA
TTC39B,3,0,0,NA,NA,NA,NA,NA
TTLL7,4,0,0,NA,NA,NA,NA,NA
VDR,3,0,0,NA,NA,NA,NA,NA
VSIG10L,3,0,0,NA,NA,NA,NA,NA
WDR4,2,0,0,NA,NA,NA,NA,NA
YPEL1,3,0,0,NA,NA,NA,NA,NA
ZBTB25,2,0,0,NA,NA,NA,NA,NA
ZC3H6,2,0,0,NA,NA,NA,NA,NA
ZCCHC4,2,0,0,NA,NA,NA,NA,NA
ZNF107,2,0,0,NA,NA,NA,NA,NA
ZNF17,2,0,0,NA,NA,NA,NA,NA
ZNF225,2,0,0,NA,NA,NA,NA,NA
ZNF383,3,0,0,NA,NA,NA,NA,NA
ZNF397,2,0,0,NA,NA,NA,NA,NA
ZNF429,2,0,0,NA,NA,NA,NA,NA
ZNF470,2,0,0,NA,NA,NA,NA,NA
ZNF484,2,0,0,NA,NA,NA,NA,NA
ZNF585A,2,0,0,NA,NA,NA,NA,NA
ZNF585B,2,0,0,NA,NA,NA,NA,NA
ZNF596,2,0,0,NA,NA,NA,NA,NA
ZNF607,2,0,0,NA,NA,NA,NA,NA
ZNF626,2,0,0,NA,NA,NA,NA,NA
ZNF649,4,0,0,NA,NA,NA,NA,NA
ZNF714,2,0,0,NA,NA,NA,NA,NA
ZNF790,2,0,0,NA,NA,NA,NA,NA
ZNF8,4,0,0,NA,NA,NA,NA,NA
ZNF813,2,0,0,NA,NA,NA,NA,NA
ZNF844,3,0,0,NA,NA,NA,NA,NA
ZSCAN20,2,0,0,NA,NA,NA,NA,NA
